{"ts":1771263638,"year":"2015","mode":"movie","candidates":[{"type":"movie","tmdb_id":76341},{"type":"movie","tmdb_id":99861},{"type":"movie","tmdb_id":216015},{"type":"movie","tmdb_id":1280875},{"type":"movie","tmdb_id":257344},{"type":"movie","tmdb_id":168259},{"type":"movie","tmdb_id":150540},{"type":"movie","tmdb_id":102899},{"type":"movie","tmdb_id":206647},{"type":"movie","tmdb_id":286217},{"type":"movie","tmdb_id":207703},{"type":"movie","tmdb_id":385012},{"type":"movie","tmdb_id":150689},{"type":"movie","tmdb_id":273481},{"type":"movie","tmdb_id":281957},{"type":"movie","tmdb_id":135397},{"type":"movie","tmdb_id":273248},{"type":"movie","tmdb_id":270303},{"type":"movie","tmdb_id":140607},{"type":"movie","tmdb_id":87101},{"type":"movie","tmdb_id":198184},{"type":"movie","tmdb_id":264660},{"type":"movie","tmdb_id":273477},{"type":"movie","tmdb_id":265208},{"type":"movie","tmdb_id":158852},{"type":"movie","tmdb_id":312221},{"type":"movie","tmdb_id":214756},{"type":"movie","tmdb_id":105864},{"type":"movie","tmdb_id":257211},{"type":"movie","tmdb_id":307081},{"type":"movie","tmdb_id":166424},{"type":"movie","tmdb_id":360784},{"type":"movie","tmdb_id":387824},{"type":"movie","tmdb_id":254128},{"type":"movie","tmdb_id":131634},{"type":"movie","tmdb_id":276907},{"type":"movie","tmdb_id":303857},{"type":"movie","tmdb_id":263472},{"type":"movie","tmdb_id":318846},{"type":"movie","tmdb_id":238615},{"type":"movie","tmdb_id":262500},{"type":"movie","tmdb_id":228161},{"type":"movie","tmdb_id":387848},{"type":"movie","tmdb_id":241554},{"type":"movie","tmdb_id":228165},{"type":"movie","tmdb_id":203801},{"type":"movie","tmdb_id":256591},{"type":"movie","tmdb_id":76757},{"type":"movie","tmdb_id":307344},{"type":"movie","tmdb_id":354110},{"type":"movie","tmdb_id":308403},{"type":"movie","tmdb_id":294254},{"type":"movie","tmdb_id":254320},{"type":"movie","tmdb_id":274167},{"type":"movie","tmdb_id":338803},{"type":"movie","tmdb_id":318256},{"type":"movie","tmdb_id":258509},{"type":"movie","tmdb_id":211672},{"type":"movie","tmdb_id":263109},{"type":"movie","tmdb_id":257445},{"type":"movie","tmdb_id":277217},{"type":"movie","tmdb_id":277216},{"type":"movie","tmdb_id":294963},{"type":"movie","tmdb_id":342434},{"type":"movie","tmdb_id":271718},{"type":"movie","tmdb_id":238713},{"type":"movie","tmdb_id":241554},{"type":"movie","tmdb_id":296099},{"type":"movie","tmdb_id":203801},{"type":"movie","tmdb_id":295886},{"type":"movie","tmdb_id":387834},{"type":"movie","tmdb_id":321487},{"type":"movie","tmdb_id":201085},{"type":"movie","tmdb_id":365045},{"type":"movie","tmdb_id":348327},{"type":"movie","tmdb_id":308084},{"type":"movie","tmdb_id":254470},{"type":"movie","tmdb_id":307663},{"type":"movie","tmdb_id":325358},{"type":"movie","tmdb_id":349006},{"type":"movie","tmdb_id":316002},{"type":"movie","tmdb_id":334074},{"type":"movie","tmdb_id":295886},{"type":"movie","tmdb_id":296099},{"type":"movie","tmdb_id":348327},{"type":"movie","tmdb_id":374970},{"type":"movie","tmdb_id":350499},{"type":"movie","tmdb_id":268920},{"type":"movie","tmdb_id":375846},{"type":"movie","tmdb_id":340382},{"type":"movie","tmdb_id":277558},{"type":"movie","tmdb_id":256961},{"type":"movie","tmdb_id":264644},{"type":"movie","tmdb_id":309809},{"type":"movie","tmdb_id":309304},{"type":"movie","tmdb_id":380109},{"type":"movie","tmdb_id":287948},{"type":"movie","tmdb_id":325358},{"type":"movie","tmdb_id":377600},{"type":"movie","tmdb_id":1086778},{"type":"movie","tmdb_id":192141},{"type":"movie","tmdb_id":256924},{"type":"movie","tmdb_id":309304},{"type":"movie","tmdb_id":227365},{"type":"movie","tmdb_id":226458},{"type":"movie","tmdb_id":293863},{"type":"movie","tmdb_id":399905},{"type":"movie","tmdb_id":331985},{"type":"movie","tmdb_id":354251},{"type":"movie","tmdb_id":357096},{"type":"movie","tmdb_id":353257},{"type":"movie","tmdb_id":167073},{"type":"movie","tmdb_id":287948},{"type":"movie","tmdb_id":673166},{"type":"movie","tmdb_id":334074},{"type":"movie","tmdb_id":372921},{"type":"movie","tmdb_id":377600},{"type":"movie","tmdb_id":309299},{"type":"movie","tmdb_id":272548},{"type":"movie","tmdb_id":249070},{"type":"movie","tmdb_id":373879},{"type":"movie","tmdb_id":399905},{"type":"movie","tmdb_id":317942},{"type":"movie","tmdb_id":315112},{"type":"movie","tmdb_id":371250},{"type":"movie","tmdb_id":295830},{"type":"movie","tmdb_id":312804},{"type":"movie","tmdb_id":293863},{"type":"movie","tmdb_id":357096},{"type":"movie","tmdb_id":301325},{"type":"movie","tmdb_id":357397},{"type":"movie","tmdb_id":574815},{"type":"movie","tmdb_id":362057},{"type":"movie","tmdb_id":249070},{"type":"movie","tmdb_id":258480},{"type":"movie","tmdb_id":308504},{"type":"movie","tmdb_id":305638},{"type":"movie","tmdb_id":350839},{"type":"movie","tmdb_id":324277},{"type":"movie","tmdb_id":256040},{"type":"movie","tmdb_id":387626},{"type":"movie","tmdb_id":374908},{"type":"movie","tmdb_id":359364},{"type":"movie","tmdb_id":366142},{"type":"movie","tmdb_id":305638},{"type":"movie","tmdb_id":326057},{"type":"movie","tmdb_id":362579},{"type":"movie","tmdb_id":256040},{"type":"movie","tmdb_id":369069},{"type":"movie","tmdb_id":336253},{"type":"movie","tmdb_id":333665},{"type":"movie","tmdb_id":325348},{"type":"movie","tmdb_id":301228},{"type":"movie","tmdb_id":371250},{"type":"movie","tmdb_id":292431},{"type":"movie","tmdb_id":350839},{"type":"movie","tmdb_id":339140},{"type":"movie","tmdb_id":252838},{"type":"movie","tmdb_id":323967},{"type":"movie","tmdb_id":228973},{"type":"movie","tmdb_id":312804},{"type":"movie","tmdb_id":258480},{"type":"movie","tmdb_id":315112},{"type":"movie","tmdb_id":362057},{"type":"movie","tmdb_id":344277},{"type":"movie","tmdb_id":421987},{"type":"movie","tmdb_id":352364},{"type":"movie","tmdb_id":330388},{"type":"movie","tmdb_id":386465},{"type":"movie","tmdb_id":378961},{"type":"movie","tmdb_id":321697},{"type":"movie","tmdb_id":370097},{"type":"movie","tmdb_id":398222},{"type":"movie","tmdb_id":373723},{"type":"movie","tmdb_id":362998},{"type":"movie","tmdb_id":181283},{"type":"movie","tmdb_id":330112},{"type":"movie","tmdb_id":350779},{"type":"movie","tmdb_id":308504},{"type":"movie","tmdb_id":310593},{"type":"movie","tmdb_id":367732},{"type":"movie","tmdb_id":323260},{"type":"movie","tmdb_id":322061},{"type":"movie","tmdb_id":257088},{"type":"movie","tmdb_id":574815},{"type":"movie","tmdb_id":333968},{"type":"movie","tmdb_id":471519},{"type":"movie","tmdb_id":372453},{"type":"movie","tmdb_id":296918},{"type":"movie","tmdb_id":312797},{"type":"movie","tmdb_id":395883},{"type":"movie","tmdb_id":343807},{"type":"movie","tmdb_id":352161},{"type":"movie","tmdb_id":920226},{"type":"movie","tmdb_id":373758},{"type":"movie","tmdb_id":362876},{"type":"movie","tmdb_id":344120},{"type":"movie","tmdb_id":358910},{"type":"movie","tmdb_id":349795},{"type":"movie","tmdb_id":324277},{"type":"movie","tmdb_id":324558},{"type":"movie","tmdb_id":286372},{"type":"movie","tmdb_id":356218},{"type":"movie","tmdb_id":371176},{"type":"movie","tmdb_id":362587},{"type":"movie","tmdb_id":298714},{"type":"movie","tmdb_id":339527},{"type":"movie","tmdb_id":332739},{"type":"movie","tmdb_id":227973},{"type":"movie","tmdb_id":184002},{"type":"movie","tmdb_id":360635},{"type":"movie","tmdb_id":362583},{"type":"movie","tmdb_id":340684},{"type":"movie","tmdb_id":337083},{"type":"movie","tmdb_id":322922},{"type":"movie","tmdb_id":366755},{"type":"movie","tmdb_id":382487},{"type":"movie","tmdb_id":264999},{"type":"movie","tmdb_id":358353},{"type":"movie","tmdb_id":418709},{"type":"movie","tmdb_id":390845},{"type":"movie","tmdb_id":352094},{"type":"movie","tmdb_id":328425},{"type":"movie","tmdb_id":360605},{"type":"movie","tmdb_id":353629},{"type":"movie","tmdb_id":444100},{"type":"movie","tmdb_id":322766},{"type":"movie","tmdb_id":370902},{"type":"movie","tmdb_id":362102},{"type":"movie","tmdb_id":412099},{"type":"movie","tmdb_id":228205},{"type":"movie","tmdb_id":347969},{"type":"movie","tmdb_id":323271},{"type":"movie","tmdb_id":385452},{"type":"movie","tmdb_id":356905},{"type":"movie","tmdb_id":572687},{"type":"movie","tmdb_id":337085},{"type":"movie","tmdb_id":245168},{"type":"movie","tmdb_id":363476},{"type":"movie","tmdb_id":300666},{"type":"movie","tmdb_id":325758},{"type":"movie","tmdb_id":366450},{"type":"movie","tmdb_id":296726},{"type":"movie","tmdb_id":344434},{"type":"movie","tmdb_id":333112},{"type":"movie","tmdb_id":317903},{"type":"movie","tmdb_id":353686},{"type":"movie","tmdb_id":486443},{"type":"movie","tmdb_id":360321},{"type":"movie","tmdb_id":210860},{"type":"movie","tmdb_id":243688},{"type":"movie","tmdb_id":365222},{"type":"movie","tmdb_id":340189},{"type":"movie","tmdb_id":326736},{"type":"movie","tmdb_id":402339},{"type":"movie","tmdb_id":226268},{"type":"movie","tmdb_id":379648},{"type":"movie","tmdb_id":336660},{"type":"movie","tmdb_id":449073},{"type":"movie","tmdb_id":375745},{"type":"movie","tmdb_id":460054},{"type":"movie","tmdb_id":366092},{"type":"movie","tmdb_id":333985},{"type":"movie","tmdb_id":188222},{"type":"movie","tmdb_id":250400},{"type":"movie","tmdb_id":414207},{"type":"movie","tmdb_id":343981},{"type":"movie","tmdb_id":367976},{"type":"movie","tmdb_id":352582},{"type":"movie","tmdb_id":57876},{"type":"movie","tmdb_id":355499},{"type":"movie","tmdb_id":333381},{"type":"movie","tmdb_id":359029},{"type":"movie","tmdb_id":300803},{"type":"movie","tmdb_id":323020},{"type":"movie","tmdb_id":354382},{"type":"movie","tmdb_id":348674},{"type":"movie","tmdb_id":306819},{"type":"movie","tmdb_id":319069},{"type":"movie","tmdb_id":318093},{"type":"movie","tmdb_id":280092},{"type":"movie","tmdb_id":333352},{"type":"movie","tmdb_id":400328},{"type":"movie","tmdb_id":336199},{"type":"movie","tmdb_id":1267203},{"type":"movie","tmdb_id":456464},{"type":"movie","tmdb_id":355252},{"type":"movie","tmdb_id":343662},{"type":"movie","tmdb_id":353983},{"type":"movie","tmdb_id":356531},{"type":"movie","tmdb_id":333091},{"type":"movie","tmdb_id":301351},{"type":"movie","tmdb_id":453664},{"type":"movie","tmdb_id":333678},{"type":"movie","tmdb_id":346641},{"type":"movie","tmdb_id":345881},{"type":"movie","tmdb_id":339845},{"type":"movie","tmdb_id":409564},{"type":"movie","tmdb_id":410639},{"type":"movie","tmdb_id":365465},{"type":"movie","tmdb_id":369588},{"type":"movie","tmdb_id":370787},{"type":"movie","tmdb_id":335582},{"type":"movie","tmdb_id":320147},{"type":"movie","tmdb_id":540217},{"type":"movie","tmdb_id":935464},{"type":"movie","tmdb_id":1191038},{"type":"movie","tmdb_id":916697},{"type":"movie","tmdb_id":347203},{"type":"movie","tmdb_id":375256},{"type":"movie","tmdb_id":359790},{"type":"movie","tmdb_id":571890},{"type":"movie","tmdb_id":387862},{"type":"movie","tmdb_id":330171},{"type":"movie","tmdb_id":361327},{"type":"movie","tmdb_id":347548},{"type":"movie","tmdb_id":356021},{"type":"movie","tmdb_id":365024},{"type":"movie","tmdb_id":1469043},{"type":"movie","tmdb_id":365728},{"type":"movie","tmdb_id":382651},{"type":"movie","tmdb_id":246133},{"type":"movie","tmdb_id":94365},{"type":"movie","tmdb_id":336884},{"type":"movie","tmdb_id":285783},{"type":"movie","tmdb_id":296025},{"type":"movie","tmdb_id":266647},{"type":"movie","tmdb_id":287424},{"type":"movie","tmdb_id":367421},{"type":"movie","tmdb_id":298382},{"type":"movie","tmdb_id":661321},{"type":"movie","tmdb_id":299553},{"type":"movie","tmdb_id":744274},{"type":"movie","tmdb_id":359152},{"type":"movie","tmdb_id":348746},{"type":"movie","tmdb_id":314389},{"type":"movie","tmdb_id":274479},{"type":"movie","tmdb_id":378146},{"type":"movie","tmdb_id":1417223},{"type":"movie","tmdb_id":364540},{"type":"movie","tmdb_id":227719},{"type":"movie","tmdb_id":420767},{"type":"movie","tmdb_id":478855},{"type":"movie","tmdb_id":241257},{"type":"movie","tmdb_id":361395},{"type":"movie","tmdb_id":321530},{"type":"movie","tmdb_id":317144},{"type":"movie","tmdb_id":365134},{"type":"movie","tmdb_id":321507},{"type":"movie","tmdb_id":322506},{"type":"movie","tmdb_id":332280},{"type":"movie","tmdb_id":257091},{"type":"movie","tmdb_id":336769},{"type":"movie","tmdb_id":362699},{"type":"movie","tmdb_id":308187},{"type":"movie","tmdb_id":324631},{"type":"movie","tmdb_id":294132},{"type":"movie","tmdb_id":403318},{"type":"movie","tmdb_id":328070},{"type":"movie","tmdb_id":258363},{"type":"movie","tmdb_id":335080},{"type":"movie","tmdb_id":351147},{"type":"movie","tmdb_id":714260},{"type":"movie","tmdb_id":315465},{"type":"movie","tmdb_id":1418783},{"type":"movie","tmdb_id":508237},{"type":"movie","tmdb_id":457338},{"type":"movie","tmdb_id":751345},{"type":"movie","tmdb_id":106845},{"type":"movie","tmdb_id":335393},{"type":"movie","tmdb_id":648281},{"type":"movie","tmdb_id":355600},{"type":"movie","tmdb_id":596503},{"type":"movie","tmdb_id":253288},{"type":"movie","tmdb_id":468515},{"type":"movie","tmdb_id":1174533},{"type":"movie","tmdb_id":362617},{"type":"movie","tmdb_id":386716},{"type":"movie","tmdb_id":324283},{"type":"movie","tmdb_id":369056},{"type":"movie","tmdb_id":513818},{"type":"movie","tmdb_id":1174533},{"type":"movie","tmdb_id":365024},{"type":"movie","tmdb_id":308187},{"type":"movie","tmdb_id":661321},{"type":"movie","tmdb_id":375739},{"type":"movie","tmdb_id":298382},{"type":"movie","tmdb_id":373878},{"type":"movie","tmdb_id":684105},{"type":"movie","tmdb_id":323373},{"type":"movie","tmdb_id":347203},{"type":"movie","tmdb_id":478855},{"type":"movie","tmdb_id":355600},{"type":"movie","tmdb_id":321507},{"type":"movie","tmdb_id":248574},{"type":"movie","tmdb_id":325220},{"type":"movie","tmdb_id":571890},{"type":"movie","tmdb_id":308674},{"type":"movie","tmdb_id":362617},{"type":"movie","tmdb_id":353332},{"type":"movie","tmdb_id":1007132},{"type":"movie","tmdb_id":345881},{"type":"movie","tmdb_id":335117},{"type":"movie","tmdb_id":328737},{"type":"movie","tmdb_id":322163},{"type":"movie","tmdb_id":790579},{"type":"movie","tmdb_id":351523},{"type":"movie","tmdb_id":403318},{"type":"movie","tmdb_id":373081},{"type":"movie","tmdb_id":1417223},{"type":"movie","tmdb_id":225728},{"type":"movie","tmdb_id":367429},{"type":"movie","tmdb_id":648281},{"type":"movie","tmdb_id":241765},{"type":"movie","tmdb_id":364540},{"type":"movie","tmdb_id":751345},{"type":"movie","tmdb_id":366141},{"type":"movie","tmdb_id":333348},{"type":"movie","tmdb_id":315196},{"type":"movie","tmdb_id":377080},{"type":"movie","tmdb_id":470119},{"type":"movie","tmdb_id":1455813},{"type":"movie","tmdb_id":382651},{"type":"movie","tmdb_id":333985},{"type":"movie","tmdb_id":370479},{"type":"movie","tmdb_id":272693},{"type":"movie","tmdb_id":361395},{"type":"movie","tmdb_id":858844},{"type":"movie","tmdb_id":369637},{"type":"movie","tmdb_id":354550},{"type":"movie","tmdb_id":338098},{"type":"movie","tmdb_id":391960},{"type":"movie","tmdb_id":312056},{"type":"movie","tmdb_id":347609},{"type":"movie","tmdb_id":808064},{"type":"movie","tmdb_id":341744},{"type":"movie","tmdb_id":900983},{"type":"movie","tmdb_id":266294},{"type":"movie","tmdb_id":363290},{"type":"movie","tmdb_id":475298},{"type":"movie","tmdb_id":418752},{"type":"movie","tmdb_id":341066},{"type":"movie","tmdb_id":365728},{"type":"movie","tmdb_id":266208},{"type":"movie","tmdb_id":374919},{"type":"movie","tmdb_id":407522},{"type":"movie","tmdb_id":409564},{"type":"movie","tmdb_id":562085},{"type":"movie","tmdb_id":325759},{"type":"movie","tmdb_id":366895},{"type":"movie","tmdb_id":1513001},{"type":"movie","tmdb_id":295964},{"type":"movie","tmdb_id":536008},{"type":"movie","tmdb_id":355401},{"type":"movie","tmdb_id":323272},{"type":"movie","tmdb_id":439976},{"type":"movie","tmdb_id":419284},{"type":"movie","tmdb_id":387862},{"type":"movie","tmdb_id":287903},{"type":"movie","tmdb_id":435813},{"type":"movie","tmdb_id":366481},{"type":"movie","tmdb_id":343701},{"type":"movie","tmdb_id":1488600},{"type":"movie","tmdb_id":808064},{"type":"movie","tmdb_id":377080},{"type":"movie","tmdb_id":401027},{"type":"movie","tmdb_id":295964},{"type":"movie","tmdb_id":418752},{"type":"movie","tmdb_id":421772},{"type":"movie","tmdb_id":319979},{"type":"movie","tmdb_id":338098},{"type":"movie","tmdb_id":340176},{"type":"movie","tmdb_id":321741},{"type":"movie","tmdb_id":382517},{"type":"movie","tmdb_id":337114},{"type":"movie","tmdb_id":310133},{"type":"movie","tmdb_id":347201},{"type":"movie","tmdb_id":362373},{"type":"movie","tmdb_id":341066},{"type":"movie","tmdb_id":370479},{"type":"movie","tmdb_id":716099},{"type":"movie","tmdb_id":461360},{"type":"movie","tmdb_id":362891},{"type":"movie","tmdb_id":308674},{"type":"movie","tmdb_id":586580},{"type":"movie","tmdb_id":429850},{"type":"movie","tmdb_id":248574},{"type":"movie","tmdb_id":353332},{"type":"movie","tmdb_id":1007132},{"type":"movie","tmdb_id":366247},{"type":"movie","tmdb_id":515408},{"type":"movie","tmdb_id":290751},{"type":"movie","tmdb_id":247734},{"type":"movie","tmdb_id":326359},{"type":"movie","tmdb_id":537977},{"type":"movie","tmdb_id":267970},{"type":"movie","tmdb_id":86828},{"type":"movie","tmdb_id":475298},{"type":"movie","tmdb_id":434051},{"type":"movie","tmdb_id":536008},{"type":"movie","tmdb_id":361930},{"type":"movie","tmdb_id":247734},{"type":"movie","tmdb_id":319979},{"type":"movie","tmdb_id":273610},{"type":"movie","tmdb_id":332083},{"type":"movie","tmdb_id":337114},{"type":"movie","tmdb_id":578180},{"type":"movie","tmdb_id":420130},{"type":"movie","tmdb_id":382517},{"type":"movie","tmdb_id":362373},{"type":"movie","tmdb_id":363721},{"type":"movie","tmdb_id":506669},{"type":"movie","tmdb_id":461360},{"type":"movie","tmdb_id":401027},{"type":"movie","tmdb_id":515842},{"type":"movie","tmdb_id":339536},{"type":"movie","tmdb_id":330065},{"type":"movie","tmdb_id":797132},{"type":"movie","tmdb_id":329785},{"type":"movie","tmdb_id":447230},{"type":"movie","tmdb_id":283445},{"type":"movie","tmdb_id":266396},{"type":"movie","tmdb_id":354980},{"type":"movie","tmdb_id":708724},{"type":"movie","tmdb_id":333696},{"type":"movie","tmdb_id":284269},{"type":"movie","tmdb_id":365178},{"type":"movie","tmdb_id":358511},{"type":"movie","tmdb_id":366247},{"type":"movie","tmdb_id":529295},{"type":"movie","tmdb_id":375784},{"type":"movie","tmdb_id":847697},{"type":"movie","tmdb_id":371710},{"type":"movie","tmdb_id":357028},{"type":"movie","tmdb_id":342125},{"type":"movie","tmdb_id":320296},{"type":"movie","tmdb_id":353743},{"type":"movie","tmdb_id":324764},{"type":"movie","tmdb_id":1300949},{"type":"movie","tmdb_id":319342},{"type":"movie","tmdb_id":367422},{"type":"movie","tmdb_id":537977},{"type":"movie","tmdb_id":355191},{"type":"movie","tmdb_id":244117},{"type":"movie","tmdb_id":322039},{"type":"movie","tmdb_id":421772},{"type":"movie","tmdb_id":280996},{"type":"movie","tmdb_id":334299},{"type":"movie","tmdb_id":337424},{"type":"movie","tmdb_id":349522},{"type":"movie","tmdb_id":567578},{"type":"movie","tmdb_id":608812},{"type":"movie","tmdb_id":1012198},{"type":"movie","tmdb_id":364324},{"type":"movie","tmdb_id":1452158},{"type":"movie","tmdb_id":339241},{"type":"movie","tmdb_id":321741},{"type":"movie","tmdb_id":427822},{"type":"movie","tmdb_id":373352},{"type":"movie","tmdb_id":336050},{"type":"movie","tmdb_id":336560},{"type":"movie","tmdb_id":367237},{"type":"movie","tmdb_id":1374127},{"type":"movie","tmdb_id":349522},{"type":"movie","tmdb_id":439976},{"type":"movie","tmdb_id":568281},{"type":"movie","tmdb_id":595666},{"type":"movie","tmdb_id":365754},{"type":"movie","tmdb_id":643334},{"type":"movie","tmdb_id":329785},{"type":"movie","tmdb_id":714475},{"type":"movie","tmdb_id":578180},{"type":"movie","tmdb_id":354170},{"type":"movie","tmdb_id":845341},{"type":"movie","tmdb_id":820905},{"type":"movie","tmdb_id":352998},{"type":"movie","tmdb_id":319373},{"type":"movie","tmdb_id":294127},{"type":"movie","tmdb_id":1099627},{"type":"movie","tmdb_id":358087},{"type":"movie","tmdb_id":964006},{"type":"movie","tmdb_id":409540},{"type":"movie","tmdb_id":331637},{"type":"movie","tmdb_id":402436},{"type":"movie","tmdb_id":333123},{"type":"movie","tmdb_id":1012198},{"type":"movie","tmdb_id":350549},{"type":"movie","tmdb_id":550953},{"type":"movie","tmdb_id":448293},{"type":"movie","tmdb_id":319342},{"type":"movie","tmdb_id":656732},{"type":"movie","tmdb_id":333696},{"type":"movie","tmdb_id":367422},{"type":"movie","tmdb_id":363721},{"type":"movie","tmdb_id":344789},{"type":"movie","tmdb_id":339536},{"type":"movie","tmdb_id":396340},{"type":"movie","tmdb_id":447230},{"type":"movie","tmdb_id":618072},{"type":"movie","tmdb_id":301748}]}