{"ts":1771222317,"year":"2007","mode":"movie","candidates":[{"type":"movie","tmdb_id":675},{"type":"movie","tmdb_id":2062},{"type":"movie","tmdb_id":559},{"type":"movie","tmdb_id":285},{"type":"movie","tmdb_id":582417},{"type":"movie","tmdb_id":30112},{"type":"movie","tmdb_id":1949},{"type":"movie","tmdb_id":6977},{"type":"movie","tmdb_id":6479},{"type":"movie","tmdb_id":9757},{"type":"movie","tmdb_id":8363},{"type":"movie","tmdb_id":810},{"type":"movie","tmdb_id":7485},{"type":"movie","tmdb_id":1265},{"type":"movie","tmdb_id":1571},{"type":"movie","tmdb_id":1271},{"type":"movie","tmdb_id":35},{"type":"movie","tmdb_id":4982},{"type":"movie","tmdb_id":5559},{"type":"movie","tmdb_id":5876},{"type":"movie","tmdb_id":440},{"type":"movie","tmdb_id":1250},{"type":"movie","tmdb_id":4347},{"type":"movie","tmdb_id":1562},{"type":"movie","tmdb_id":7345},{"type":"movie","tmdb_id":2503},{"type":"movie","tmdb_id":6477},{"type":"movie","tmdb_id":5915},{"type":"movie","tmdb_id":20982},{"type":"movie","tmdb_id":4638},{"type":"movie","tmdb_id":13186},{"type":"movie","tmdb_id":298},{"type":"movie","tmdb_id":1267},{"type":"movie","tmdb_id":1979},{"type":"movie","tmdb_id":1991},{"type":"movie","tmdb_id":14943},{"type":"movie","tmdb_id":1272},{"type":"movie","tmdb_id":4588},{"type":"movie","tmdb_id":3021},{"type":"movie","tmdb_id":13483},{"type":"movie","tmdb_id":10074},{"type":"movie","tmdb_id":6145},{"type":"movie","tmdb_id":4538},{"type":"movie","tmdb_id":2270},{"type":"movie","tmdb_id":41177},{"type":"movie","tmdb_id":79909},{"type":"movie","tmdb_id":5723},{"type":"movie","tmdb_id":14001},{"type":"movie","tmdb_id":15356},{"type":"movie","tmdb_id":6637},{"type":"movie","tmdb_id":10030},{"type":"movie","tmdb_id":9408},{"type":"movie","tmdb_id":7326},{"type":"movie","tmdb_id":663},{"type":"movie","tmdb_id":38051},{"type":"movie","tmdb_id":51482},{"type":"movie","tmdb_id":7985},{"type":"movie","tmdb_id":2268},{"type":"movie","tmdb_id":4141},{"type":"movie","tmdb_id":11600},{"type":"movie","tmdb_id":13252},{"type":"movie","tmdb_id":18633},{"type":"movie","tmdb_id":23827},{"type":"movie","tmdb_id":5125},{"type":"movie","tmdb_id":2359},{"type":"movie","tmdb_id":6309},{"type":"movie","tmdb_id":1620},{"type":"movie","tmdb_id":4964},{"type":"movie","tmdb_id":1992},{"type":"movie","tmdb_id":16143},{"type":"movie","tmdb_id":14324},{"type":"movie","tmdb_id":10431},{"type":"movie","tmdb_id":5174},{"type":"movie","tmdb_id":1149494},{"type":"movie","tmdb_id":44588},{"type":"movie","tmdb_id":13257},{"type":"movie","tmdb_id":9760},{"type":"movie","tmdb_id":13492},{"type":"movie","tmdb_id":524279},{"type":"movie","tmdb_id":4523},{"type":"movie","tmdb_id":4964},{"type":"movie","tmdb_id":25218},{"type":"movie","tmdb_id":9783},{"type":"movie","tmdb_id":51550},{"type":"movie","tmdb_id":11910},{"type":"movie","tmdb_id":3489},{"type":"movie","tmdb_id":2698},{"type":"movie","tmdb_id":13614},{"type":"movie","tmdb_id":13168},{"type":"movie","tmdb_id":3432},{"type":"movie","tmdb_id":2252},{"type":"movie","tmdb_id":24499},{"type":"movie","tmdb_id":9955},{"type":"movie","tmdb_id":86762},{"type":"movie","tmdb_id":1080919},{"type":"movie","tmdb_id":14687},{"type":"movie","tmdb_id":4858},{"type":"movie","tmdb_id":15017},{"type":"movie","tmdb_id":44738},{"type":"movie","tmdb_id":15654},{"type":"movie","tmdb_id":5176},{"type":"movie","tmdb_id":260648},{"type":"movie","tmdb_id":7508},{"type":"movie","tmdb_id":17106},{"type":"movie","tmdb_id":14125},{"type":"movie","tmdb_id":425623},{"type":"movie","tmdb_id":2310},{"type":"movie","tmdb_id":15661},{"type":"movie","tmdb_id":12225},{"type":"movie","tmdb_id":228280},{"type":"movie","tmdb_id":373234},{"type":"movie","tmdb_id":46899},{"type":"movie","tmdb_id":32343},{"type":"movie","tmdb_id":13363},{"type":"movie","tmdb_id":1157372},{"type":"movie","tmdb_id":28945},{"type":"movie","tmdb_id":8329},{"type":"movie","tmdb_id":374328},{"type":"movie","tmdb_id":38142},{"type":"movie","tmdb_id":13650},{"type":"movie","tmdb_id":667312},{"type":"movie","tmdb_id":1464029},{"type":"movie","tmdb_id":89249},{"type":"movie","tmdb_id":376121},{"type":"movie","tmdb_id":5123},{"type":"movie","tmdb_id":9911},{"type":"movie","tmdb_id":6076},{"type":"movie","tmdb_id":14704},{"type":"movie","tmdb_id":41141},{"type":"movie","tmdb_id":23202},{"type":"movie","tmdb_id":4512},{"type":"movie","tmdb_id":373466},{"type":"movie","tmdb_id":555022},{"type":"movie","tmdb_id":19203},{"type":"movie","tmdb_id":6023},{"type":"movie","tmdb_id":13161},{"type":"movie","tmdb_id":1273},{"type":"movie","tmdb_id":1374460},{"type":"movie","tmdb_id":4771},{"type":"movie","tmdb_id":94503},{"type":"movie","tmdb_id":1268},{"type":"movie","tmdb_id":117209},{"type":"movie","tmdb_id":329103},{"type":"movie","tmdb_id":688241},{"type":"movie","tmdb_id":4283},{"type":"movie","tmdb_id":355797},{"type":"movie","tmdb_id":1022017},{"type":"movie","tmdb_id":1738},{"type":"movie","tmdb_id":41555},{"type":"movie","tmdb_id":474766},{"type":"movie","tmdb_id":13474},{"type":"movie","tmdb_id":3594},{"type":"movie","tmdb_id":2082},{"type":"movie","tmdb_id":4566},{"type":"movie","tmdb_id":59346},{"type":"movie","tmdb_id":16576},{"type":"movie","tmdb_id":336590},{"type":"movie","tmdb_id":1646},{"type":"movie","tmdb_id":335304},{"type":"movie","tmdb_id":109911},{"type":"movie","tmdb_id":13022},{"type":"movie","tmdb_id":31080},{"type":"movie","tmdb_id":4656},{"type":"movie","tmdb_id":51847},{"type":"movie","tmdb_id":15595},{"type":"movie","tmdb_id":30389},{"type":"movie","tmdb_id":14624},{"type":"movie","tmdb_id":244821},{"type":"movie","tmdb_id":154122},{"type":"movie","tmdb_id":14830},{"type":"movie","tmdb_id":81383},{"type":"movie","tmdb_id":7861},{"type":"movie","tmdb_id":13538},{"type":"movie","tmdb_id":15137},{"type":"movie","tmdb_id":21501},{"type":"movie","tmdb_id":81930},{"type":"movie","tmdb_id":239860},{"type":"movie","tmdb_id":179288},{"type":"movie","tmdb_id":241685},{"type":"movie","tmdb_id":178548},{"type":"movie","tmdb_id":102331},{"type":"movie","tmdb_id":200438},{"type":"movie","tmdb_id":26700},{"type":"movie","tmdb_id":74950},{"type":"movie","tmdb_id":286533},{"type":"movie","tmdb_id":192339},{"type":"movie","tmdb_id":7350},{"type":"movie","tmdb_id":562691},{"type":"movie","tmdb_id":4250},{"type":"movie","tmdb_id":23764},{"type":"movie","tmdb_id":505981},{"type":"movie","tmdb_id":46883},{"type":"movie","tmdb_id":4556},{"type":"movie","tmdb_id":8271},{"type":"movie","tmdb_id":12994},{"type":"movie","tmdb_id":457106},{"type":"movie","tmdb_id":25795},{"type":"movie","tmdb_id":31197},{"type":"movie","tmdb_id":1486227},{"type":"movie","tmdb_id":12526},{"type":"movie","tmdb_id":997877},{"type":"movie","tmdb_id":4513},{"type":"movie","tmdb_id":36393},{"type":"movie","tmdb_id":8277},{"type":"movie","tmdb_id":7347},{"type":"movie","tmdb_id":117316},{"type":"movie","tmdb_id":4349},{"type":"movie","tmdb_id":16119},{"type":"movie","tmdb_id":16517},{"type":"movie","tmdb_id":529893},{"type":"movie","tmdb_id":309539},{"type":"movie","tmdb_id":17158},{"type":"movie","tmdb_id":71592},{"type":"movie","tmdb_id":16516},{"type":"movie","tmdb_id":58078},{"type":"movie","tmdb_id":17097},{"type":"movie","tmdb_id":86758},{"type":"movie","tmdb_id":352673},{"type":"movie","tmdb_id":21833},{"type":"movie","tmdb_id":1310088},{"type":"movie","tmdb_id":499901},{"type":"movie","tmdb_id":27896},{"type":"movie","tmdb_id":324004},{"type":"movie","tmdb_id":62111},{"type":"movie","tmdb_id":2976},{"type":"movie","tmdb_id":1100976},{"type":"movie","tmdb_id":1275346},{"type":"movie","tmdb_id":450744},{"type":"movie","tmdb_id":862115},{"type":"movie","tmdb_id":26641},{"type":"movie","tmdb_id":18040},{"type":"movie","tmdb_id":43640},{"type":"movie","tmdb_id":13680},{"type":"movie","tmdb_id":57085},{"type":"movie","tmdb_id":130983},{"type":"movie","tmdb_id":276653},{"type":"movie","tmdb_id":1922},{"type":"movie","tmdb_id":46169},{"type":"movie","tmdb_id":24277},{"type":"movie","tmdb_id":79526},{"type":"movie","tmdb_id":117226},{"type":"movie","tmdb_id":42624},{"type":"movie","tmdb_id":1531481},{"type":"movie","tmdb_id":72654},{"type":"movie","tmdb_id":6537},{"type":"movie","tmdb_id":1131358},{"type":"movie","tmdb_id":7183},{"type":"movie","tmdb_id":7972},{"type":"movie","tmdb_id":1511207},{"type":"movie","tmdb_id":452168},{"type":"movie","tmdb_id":639032},{"type":"movie","tmdb_id":564433},{"type":"movie","tmdb_id":59258},{"type":"movie","tmdb_id":69335},{"type":"movie","tmdb_id":521376},{"type":"movie","tmdb_id":41926},{"type":"movie","tmdb_id":312883},{"type":"movie","tmdb_id":4723},{"type":"movie","tmdb_id":116538},{"type":"movie","tmdb_id":253471},{"type":"movie","tmdb_id":659121},{"type":"movie","tmdb_id":4290},{"type":"movie","tmdb_id":35063},{"type":"movie","tmdb_id":3563},{"type":"movie","tmdb_id":9793},{"type":"movie","tmdb_id":337574},{"type":"movie","tmdb_id":14414},{"type":"movie","tmdb_id":14139},{"type":"movie","tmdb_id":4517},{"type":"movie","tmdb_id":521212},{"type":"movie","tmdb_id":12912},{"type":"movie","tmdb_id":1858},{"type":"movie","tmdb_id":618262},{"type":"movie","tmdb_id":15568},{"type":"movie","tmdb_id":112059},{"type":"movie","tmdb_id":16236},{"type":"movie","tmdb_id":39903},{"type":"movie","tmdb_id":1275383},{"type":"movie","tmdb_id":13394},{"type":"movie","tmdb_id":542486},{"type":"movie","tmdb_id":4413},{"type":"movie","tmdb_id":38834},{"type":"movie","tmdb_id":77130},{"type":"movie","tmdb_id":14666},{"type":"movie","tmdb_id":305701},{"type":"movie","tmdb_id":809422},{"type":"movie","tmdb_id":437973},{"type":"movie","tmdb_id":299156},{"type":"movie","tmdb_id":60772},{"type":"movie","tmdb_id":4688},{"type":"movie","tmdb_id":1148943},{"type":"movie","tmdb_id":186418},{"type":"movie","tmdb_id":330813},{"type":"movie","tmdb_id":865455},{"type":"movie","tmdb_id":45718},{"type":"movie","tmdb_id":2728},{"type":"movie","tmdb_id":51575},{"type":"movie","tmdb_id":72805},{"type":"movie","tmdb_id":45204},{"type":"movie","tmdb_id":21877},{"type":"movie","tmdb_id":19814},{"type":"movie","tmdb_id":46645},{"type":"movie","tmdb_id":47470},{"type":"movie","tmdb_id":1329595},{"type":"movie","tmdb_id":72653},{"type":"movie","tmdb_id":56730},{"type":"movie","tmdb_id":13525},{"type":"movie","tmdb_id":134428},{"type":"movie","tmdb_id":97903},{"type":"movie","tmdb_id":989899},{"type":"movie","tmdb_id":664274},{"type":"movie","tmdb_id":66107},{"type":"movie","tmdb_id":18290},{"type":"movie","tmdb_id":6615},{"type":"movie","tmdb_id":40521},{"type":"movie","tmdb_id":331742},{"type":"movie","tmdb_id":14636},{"type":"movie","tmdb_id":732845},{"type":"movie","tmdb_id":63110},{"type":"movie","tmdb_id":16177},{"type":"movie","tmdb_id":536660},{"type":"movie","tmdb_id":98456},{"type":"movie","tmdb_id":1068219},{"type":"movie","tmdb_id":1166634},{"type":"movie","tmdb_id":947995},{"type":"movie","tmdb_id":126610},{"type":"movie","tmdb_id":20541},{"type":"movie","tmdb_id":348273},{"type":"movie","tmdb_id":39383},{"type":"movie","tmdb_id":691310},{"type":"movie","tmdb_id":22672},{"type":"movie","tmdb_id":7249},{"type":"movie","tmdb_id":30132},{"type":"movie","tmdb_id":32134},{"type":"movie","tmdb_id":561767},{"type":"movie","tmdb_id":21343},{"type":"movie","tmdb_id":11199},{"type":"movie","tmdb_id":328880},{"type":"movie","tmdb_id":222023},{"type":"movie","tmdb_id":96329},{"type":"movie","tmdb_id":59549},{"type":"movie","tmdb_id":690485},{"type":"movie","tmdb_id":369375},{"type":"movie","tmdb_id":17439},{"type":"movie","tmdb_id":628984},{"type":"movie","tmdb_id":155939},{"type":"movie","tmdb_id":2001},{"type":"movie","tmdb_id":348582},{"type":"movie","tmdb_id":279602},{"type":"movie","tmdb_id":65047},{"type":"movie","tmdb_id":29232},{"type":"movie","tmdb_id":573211},{"type":"movie","tmdb_id":20158},{"type":"movie","tmdb_id":9038},{"type":"movie","tmdb_id":308887},{"type":"movie","tmdb_id":20223},{"type":"movie","tmdb_id":6575},{"type":"movie","tmdb_id":13025},{"type":"movie","tmdb_id":1290139},{"type":"movie","tmdb_id":54318},{"type":"movie","tmdb_id":144287},{"type":"movie","tmdb_id":13249},{"type":"movie","tmdb_id":38410},{"type":"movie","tmdb_id":83284},{"type":"movie","tmdb_id":27953},{"type":"movie","tmdb_id":276212},{"type":"movie","tmdb_id":22116},{"type":"movie","tmdb_id":19550},{"type":"movie","tmdb_id":593728},{"type":"movie","tmdb_id":261395},{"type":"movie","tmdb_id":410604},{"type":"movie","tmdb_id":6589},{"type":"movie","tmdb_id":18436},{"type":"movie","tmdb_id":105516},{"type":"movie","tmdb_id":20294},{"type":"movie","tmdb_id":24035},{"type":"movie","tmdb_id":253758},{"type":"movie","tmdb_id":165188},{"type":"movie","tmdb_id":121112},{"type":"movie","tmdb_id":7862},{"type":"movie","tmdb_id":575308},{"type":"movie","tmdb_id":1085088},{"type":"movie","tmdb_id":771041},{"type":"movie","tmdb_id":13019},{"type":"movie","tmdb_id":11835},{"type":"movie","tmdb_id":188226},{"type":"movie","tmdb_id":8272},{"type":"movie","tmdb_id":1405463},{"type":"movie","tmdb_id":3562},{"type":"movie","tmdb_id":69409},{"type":"movie","tmdb_id":113448},{"type":"movie","tmdb_id":270676},{"type":"movie","tmdb_id":25961},{"type":"movie","tmdb_id":6973},{"type":"movie","tmdb_id":290620},{"type":"movie","tmdb_id":670173},{"type":"movie","tmdb_id":54554},{"type":"movie","tmdb_id":758785},{"type":"movie","tmdb_id":257176},{"type":"movie","tmdb_id":377310},{"type":"movie","tmdb_id":11172},{"type":"movie","tmdb_id":187945},{"type":"movie","tmdb_id":6418},{"type":"movie","tmdb_id":293223},{"type":"movie","tmdb_id":28161},{"type":"movie","tmdb_id":73610},{"type":"movie","tmdb_id":111838},{"type":"movie","tmdb_id":850046},{"type":"movie","tmdb_id":492545},{"type":"movie","tmdb_id":42663},{"type":"movie","tmdb_id":111837},{"type":"movie","tmdb_id":79983},{"type":"movie","tmdb_id":27671},{"type":"movie","tmdb_id":58802},{"type":"movie","tmdb_id":489738},{"type":"movie","tmdb_id":221972},{"type":"movie","tmdb_id":25143},{"type":"movie","tmdb_id":1050342},{"type":"movie","tmdb_id":355261},{"type":"movie","tmdb_id":9952},{"type":"movie","tmdb_id":3984},{"type":"movie","tmdb_id":80926},{"type":"movie","tmdb_id":264424},{"type":"movie","tmdb_id":4996},{"type":"movie","tmdb_id":1691},{"type":"movie","tmdb_id":412048},{"type":"movie","tmdb_id":239515},{"type":"movie","tmdb_id":482212},{"type":"movie","tmdb_id":124040},{"type":"movie","tmdb_id":52795},{"type":"movie","tmdb_id":89295},{"type":"movie","tmdb_id":363106},{"type":"movie","tmdb_id":1479883},{"type":"movie","tmdb_id":298890},{"type":"movie","tmdb_id":336355},{"type":"movie","tmdb_id":547370},{"type":"movie","tmdb_id":5724},{"type":"movie","tmdb_id":451176},{"type":"movie","tmdb_id":144854},{"type":"movie","tmdb_id":13687},{"type":"movie","tmdb_id":2312},{"type":"movie","tmdb_id":687953},{"type":"movie","tmdb_id":566415},{"type":"movie","tmdb_id":10748},{"type":"movie","tmdb_id":1329461},{"type":"movie","tmdb_id":807515},{"type":"movie","tmdb_id":162426},{"type":"movie","tmdb_id":1001820},{"type":"movie","tmdb_id":59876},{"type":"movie","tmdb_id":60850},{"type":"movie","tmdb_id":853961},{"type":"movie","tmdb_id":25214},{"type":"movie","tmdb_id":83992},{"type":"movie","tmdb_id":1469596},{"type":"movie","tmdb_id":98322},{"type":"movie","tmdb_id":69315},{"type":"movie","tmdb_id":10760},{"type":"movie","tmdb_id":13283},{"type":"movie","tmdb_id":9703},{"type":"movie","tmdb_id":256298},{"type":"movie","tmdb_id":10251},{"type":"movie","tmdb_id":13202},{"type":"movie","tmdb_id":117058},{"type":"movie","tmdb_id":197377},{"type":"movie","tmdb_id":14793},{"type":"movie","tmdb_id":778613},{"type":"movie","tmdb_id":869618},{"type":"movie","tmdb_id":15212},{"type":"movie","tmdb_id":1080498},{"type":"movie","tmdb_id":21012},{"type":"movie","tmdb_id":213655},{"type":"movie","tmdb_id":336898},{"type":"movie","tmdb_id":284454},{"type":"movie","tmdb_id":45392},{"type":"movie","tmdb_id":257196},{"type":"movie","tmdb_id":13016},{"type":"movie","tmdb_id":68603},{"type":"movie","tmdb_id":789784},{"type":"movie","tmdb_id":13195},{"type":"movie","tmdb_id":13167},{"type":"movie","tmdb_id":14047},{"type":"movie","tmdb_id":12246},{"type":"movie","tmdb_id":13649},{"type":"movie","tmdb_id":6538},{"type":"movie","tmdb_id":306904},{"type":"movie","tmdb_id":35854},{"type":"movie","tmdb_id":13312},{"type":"movie","tmdb_id":9963},{"type":"movie","tmdb_id":1391232},{"type":"movie","tmdb_id":548492},{"type":"movie","tmdb_id":70239},{"type":"movie","tmdb_id":84504},{"type":"movie","tmdb_id":2284},{"type":"movie","tmdb_id":240875},{"type":"movie","tmdb_id":25827},{"type":"movie","tmdb_id":55703},{"type":"movie","tmdb_id":389645},{"type":"movie","tmdb_id":13747},{"type":"movie","tmdb_id":278663},{"type":"movie","tmdb_id":39206},{"type":"movie","tmdb_id":13640},{"type":"movie","tmdb_id":352279},{"type":"movie","tmdb_id":423150},{"type":"movie","tmdb_id":7942},{"type":"movie","tmdb_id":97440},{"type":"movie","tmdb_id":340923},{"type":"movie","tmdb_id":3902},{"type":"movie","tmdb_id":257953},{"type":"movie","tmdb_id":72849},{"type":"movie","tmdb_id":280558},{"type":"movie","tmdb_id":168230},{"type":"movie","tmdb_id":19279},{"type":"movie","tmdb_id":428641},{"type":"movie","tmdb_id":76621},{"type":"movie","tmdb_id":1373210},{"type":"movie","tmdb_id":201770},{"type":"movie","tmdb_id":12435},{"type":"movie","tmdb_id":168177},{"type":"movie","tmdb_id":396621},{"type":"movie","tmdb_id":258097},{"type":"movie","tmdb_id":1420245},{"type":"movie","tmdb_id":184987},{"type":"movie","tmdb_id":17202},{"type":"movie","tmdb_id":13008},{"type":"movie","tmdb_id":939473},{"type":"movie","tmdb_id":107580},{"type":"movie","tmdb_id":10294},{"type":"movie","tmdb_id":18865},{"type":"movie","tmdb_id":3638},{"type":"movie","tmdb_id":566041},{"type":"movie","tmdb_id":2239},{"type":"movie","tmdb_id":312521},{"type":"movie","tmdb_id":13959},{"type":"movie","tmdb_id":1091146},{"type":"movie","tmdb_id":5375},{"type":"movie","tmdb_id":344451},{"type":"movie","tmdb_id":114505},{"type":"movie","tmdb_id":112403},{"type":"movie","tmdb_id":91622},{"type":"movie","tmdb_id":811436},{"type":"movie","tmdb_id":920950},{"type":"movie","tmdb_id":187405},{"type":"movie","tmdb_id":61180},{"type":"movie","tmdb_id":17181},{"type":"movie","tmdb_id":14600},{"type":"movie","tmdb_id":618777},{"type":"movie","tmdb_id":27947},{"type":"movie","tmdb_id":33060},{"type":"movie","tmdb_id":9966},{"type":"movie","tmdb_id":49231},{"type":"movie","tmdb_id":1419543},{"type":"movie","tmdb_id":439417},{"type":"movie","tmdb_id":366768},{"type":"movie","tmdb_id":1204123},{"type":"movie","tmdb_id":70039},{"type":"movie","tmdb_id":624486},{"type":"movie","tmdb_id":32209},{"type":"movie","tmdb_id":671668},{"type":"movie","tmdb_id":63423},{"type":"movie","tmdb_id":9577},{"type":"movie","tmdb_id":38057},{"type":"movie","tmdb_id":455821},{"type":"movie","tmdb_id":40727},{"type":"movie","tmdb_id":8079},{"type":"movie","tmdb_id":25278},{"type":"movie","tmdb_id":29110},{"type":"movie","tmdb_id":550337},{"type":"movie","tmdb_id":49951},{"type":"movie","tmdb_id":268680},{"type":"movie","tmdb_id":979944},{"type":"movie","tmdb_id":13491},{"type":"movie","tmdb_id":52023},{"type":"movie","tmdb_id":70167},{"type":"movie","tmdb_id":78115},{"type":"movie","tmdb_id":13250},{"type":"movie","tmdb_id":1683},{"type":"movie","tmdb_id":126436},{"type":"movie","tmdb_id":1419},{"type":"movie","tmdb_id":1012408},{"type":"movie","tmdb_id":575512},{"type":"movie","tmdb_id":957980},{"type":"movie","tmdb_id":179249},{"type":"movie","tmdb_id":2013},{"type":"movie","tmdb_id":70162},{"type":"movie","tmdb_id":14392},{"type":"movie","tmdb_id":245266},{"type":"movie","tmdb_id":97316},{"type":"movie","tmdb_id":414599},{"type":"movie","tmdb_id":260180},{"type":"movie","tmdb_id":296389},{"type":"movie","tmdb_id":382485},{"type":"movie","tmdb_id":40419},{"type":"movie","tmdb_id":58727},{"type":"movie","tmdb_id":428863},{"type":"movie","tmdb_id":2011},{"type":"movie","tmdb_id":7979},{"type":"movie","tmdb_id":6384},{"type":"movie","tmdb_id":140720},{"type":"movie","tmdb_id":51059},{"type":"movie","tmdb_id":67941}]}