{"ts":1771263371,"year":"2013","mode":"movie","candidates":[{"type":"movie","tmdb_id":106646},{"type":"movie","tmdb_id":109445},{"type":"movie","tmdb_id":68721},{"type":"movie","tmdb_id":152601},{"type":"movie","tmdb_id":49521},{"type":"movie","tmdb_id":57158},{"type":"movie","tmdb_id":75656},{"type":"movie","tmdb_id":72190},{"type":"movie","tmdb_id":110415},{"type":"movie","tmdb_id":68726},{"type":"movie","tmdb_id":138843},{"type":"movie","tmdb_id":122906},{"type":"movie","tmdb_id":76338},{"type":"movie","tmdb_id":146233},{"type":"movie","tmdb_id":101299},{"type":"movie","tmdb_id":75612},{"type":"movie","tmdb_id":249397},{"type":"movie","tmdb_id":204082},{"type":"movie","tmdb_id":93456},{"type":"movie","tmdb_id":62211},{"type":"movie","tmdb_id":64682},{"type":"movie","tmdb_id":116745},{"type":"movie","tmdb_id":109418},{"type":"movie","tmdb_id":76203},{"type":"movie","tmdb_id":195757},{"type":"movie","tmdb_id":49047},{"type":"movie","tmdb_id":85889},{"type":"movie","tmdb_id":77663},{"type":"movie","tmdb_id":68724},{"type":"movie","tmdb_id":76617},{"type":"movie","tmdb_id":49519},{"type":"movie","tmdb_id":54138},{"type":"movie","tmdb_id":107846},{"type":"movie","tmdb_id":96721},{"type":"movie","tmdb_id":193756},{"type":"movie","tmdb_id":138832},{"type":"movie","tmdb_id":109424},{"type":"movie","tmdb_id":117263},{"type":"movie","tmdb_id":77805},{"type":"movie","tmdb_id":168672},{"type":"movie","tmdb_id":59859},{"type":"movie","tmdb_id":72559},{"type":"movie","tmdb_id":109414},{"type":"movie","tmdb_id":87516},{"type":"movie","tmdb_id":158015},{"type":"movie","tmdb_id":173185},{"type":"movie","tmdb_id":117251},{"type":"movie","tmdb_id":132232},{"type":"movie","tmdb_id":129670},{"type":"movie","tmdb_id":174678},{"type":"movie","tmdb_id":286687},{"type":"movie","tmdb_id":209251},{"type":"movie","tmdb_id":60304},{"type":"movie","tmdb_id":107985},{"type":"movie","tmdb_id":109439},{"type":"movie","tmdb_id":81005},{"type":"movie","tmdb_id":109428},{"type":"movie","tmdb_id":205601},{"type":"movie","tmdb_id":149870},{"type":"movie","tmdb_id":87421},{"type":"movie","tmdb_id":129734},{"type":"movie","tmdb_id":107985},{"type":"movie","tmdb_id":156711},{"type":"movie","tmdb_id":57201},{"type":"movie","tmdb_id":233639},{"type":"movie","tmdb_id":47964},{"type":"movie","tmdb_id":146216},{"type":"movie","tmdb_id":175574},{"type":"movie","tmdb_id":68728},{"type":"movie","tmdb_id":126963},{"type":"movie","tmdb_id":610947},{"type":"movie","tmdb_id":205601},{"type":"movie","tmdb_id":227700},{"type":"movie","tmdb_id":158445},{"type":"movie","tmdb_id":138697},{"type":"movie","tmdb_id":80274},{"type":"movie","tmdb_id":111190},{"type":"movie","tmdb_id":214722},{"type":"movie","tmdb_id":207768},{"type":"movie","tmdb_id":109451},{"type":"movie","tmdb_id":123553},{"type":"movie","tmdb_id":166271},{"type":"movie","tmdb_id":209361},{"type":"movie","tmdb_id":180853},{"type":"movie","tmdb_id":109091},{"type":"movie","tmdb_id":207768},{"type":"movie","tmdb_id":64686},{"type":"movie","tmdb_id":80274},{"type":"movie","tmdb_id":111190},{"type":"movie","tmdb_id":220286},{"type":"movie","tmdb_id":87818},{"type":"movie","tmdb_id":167032},{"type":"movie","tmdb_id":257527},{"type":"movie","tmdb_id":227071},{"type":"movie","tmdb_id":350662},{"type":"movie","tmdb_id":721741},{"type":"movie","tmdb_id":186982},{"type":"movie","tmdb_id":242033},{"type":"movie","tmdb_id":193722},{"type":"movie","tmdb_id":138697},{"type":"movie","tmdb_id":345839},{"type":"movie","tmdb_id":207691},{"type":"movie","tmdb_id":64686},{"type":"movie","tmdb_id":4258},{"type":"movie","tmdb_id":186982},{"type":"movie","tmdb_id":119283},{"type":"movie","tmdb_id":257527},{"type":"movie","tmdb_id":82654},{"type":"movie","tmdb_id":49524},{"type":"movie","tmdb_id":97367},{"type":"movie","tmdb_id":166271},{"type":"movie","tmdb_id":325676},{"type":"movie","tmdb_id":180853},{"type":"movie","tmdb_id":140823},{"type":"movie","tmdb_id":152532},{"type":"movie","tmdb_id":76640},{"type":"movie","tmdb_id":210913},{"type":"movie","tmdb_id":403341},{"type":"movie","tmdb_id":249059},{"type":"movie","tmdb_id":122081},{"type":"movie","tmdb_id":77931},{"type":"movie","tmdb_id":350662},{"type":"movie","tmdb_id":177838},{"type":"movie","tmdb_id":216919},{"type":"movie","tmdb_id":296989},{"type":"movie","tmdb_id":207766},{"type":"movie","tmdb_id":185474},{"type":"movie","tmdb_id":168508},{"type":"movie","tmdb_id":171944},{"type":"movie","tmdb_id":220861},{"type":"movie","tmdb_id":205321},{"type":"movie","tmdb_id":220286},{"type":"movie","tmdb_id":228064},{"type":"movie","tmdb_id":109431},{"type":"movie","tmdb_id":130150},{"type":"movie","tmdb_id":64807},{"type":"movie","tmdb_id":132363},{"type":"movie","tmdb_id":225405},{"type":"movie","tmdb_id":313685},{"type":"movie","tmdb_id":133805},{"type":"movie","tmdb_id":275580},{"type":"movie","tmdb_id":573010},{"type":"movie","tmdb_id":278079},{"type":"movie","tmdb_id":186929},{"type":"movie","tmdb_id":369868},{"type":"movie","tmdb_id":76285},{"type":"movie","tmdb_id":44865},{"type":"movie","tmdb_id":345466},{"type":"movie","tmdb_id":226074},{"type":"movie","tmdb_id":460941},{"type":"movie","tmdb_id":218329},{"type":"movie","tmdb_id":248460},{"type":"movie","tmdb_id":460275},{"type":"movie","tmdb_id":136400},{"type":"movie","tmdb_id":547514},{"type":"movie","tmdb_id":123107},{"type":"movie","tmdb_id":257439},{"type":"movie","tmdb_id":190967},{"type":"movie","tmdb_id":151960},{"type":"movie","tmdb_id":169881},{"type":"movie","tmdb_id":86829},{"type":"movie","tmdb_id":96936},{"type":"movie","tmdb_id":763717},{"type":"movie","tmdb_id":1204813},{"type":"movie","tmdb_id":182545},{"type":"movie","tmdb_id":214418},{"type":"movie","tmdb_id":159344},{"type":"movie","tmdb_id":247819},{"type":"movie","tmdb_id":91745},{"type":"movie","tmdb_id":216440},{"type":"movie","tmdb_id":201018},{"type":"movie","tmdb_id":381156},{"type":"movie","tmdb_id":152584},{"type":"movie","tmdb_id":136795},{"type":"movie","tmdb_id":168903},{"type":"movie","tmdb_id":227195},{"type":"movie","tmdb_id":72710},{"type":"movie","tmdb_id":134411},{"type":"movie","tmdb_id":223015},{"type":"movie","tmdb_id":210052},{"type":"movie","tmdb_id":133805},{"type":"movie","tmdb_id":44865},{"type":"movie","tmdb_id":169881},{"type":"movie","tmdb_id":168508},{"type":"movie","tmdb_id":257439},{"type":"movie","tmdb_id":227195},{"type":"movie","tmdb_id":573010},{"type":"movie","tmdb_id":170657},{"type":"movie","tmdb_id":734462},{"type":"movie","tmdb_id":96936},{"type":"movie","tmdb_id":72710},{"type":"movie","tmdb_id":216440},{"type":"movie","tmdb_id":106747},{"type":"movie","tmdb_id":217919},{"type":"movie","tmdb_id":178476},{"type":"movie","tmdb_id":159344},{"type":"movie","tmdb_id":240206},{"type":"movie","tmdb_id":482917},{"type":"movie","tmdb_id":214096},{"type":"movie","tmdb_id":225281},{"type":"movie","tmdb_id":253889},{"type":"movie","tmdb_id":160697},{"type":"movie","tmdb_id":515537},{"type":"movie","tmdb_id":473004},{"type":"movie","tmdb_id":400976},{"type":"movie","tmdb_id":1385771},{"type":"movie","tmdb_id":228666},{"type":"movie","tmdb_id":307156},{"type":"movie","tmdb_id":734462},{"type":"movie","tmdb_id":192623},{"type":"movie","tmdb_id":253699},{"type":"movie","tmdb_id":202960},{"type":"movie","tmdb_id":158949},{"type":"movie","tmdb_id":240206},{"type":"movie","tmdb_id":214096},{"type":"movie","tmdb_id":205277},{"type":"movie","tmdb_id":1503721},{"type":"movie","tmdb_id":281727},{"type":"movie","tmdb_id":158916},{"type":"movie","tmdb_id":1247417},{"type":"movie","tmdb_id":396644},{"type":"movie","tmdb_id":97051},{"type":"movie","tmdb_id":115782},{"type":"movie","tmdb_id":1503721},{"type":"movie","tmdb_id":192623},{"type":"movie","tmdb_id":400976},{"type":"movie","tmdb_id":253699},{"type":"movie","tmdb_id":1098948},{"type":"movie","tmdb_id":57210},{"type":"movie","tmdb_id":1151609},{"type":"movie","tmdb_id":183011},{"type":"movie","tmdb_id":249809},{"type":"movie","tmdb_id":158011},{"type":"movie","tmdb_id":68727},{"type":"movie","tmdb_id":211233},{"type":"movie","tmdb_id":1132985},{"type":"movie","tmdb_id":192574},{"type":"movie","tmdb_id":168319},{"type":"movie","tmdb_id":1385771},{"type":"movie","tmdb_id":177888},{"type":"movie","tmdb_id":189800},{"type":"movie","tmdb_id":236425},{"type":"movie","tmdb_id":178809},{"type":"movie","tmdb_id":194883},{"type":"movie","tmdb_id":1098948},{"type":"movie","tmdb_id":249116},{"type":"movie","tmdb_id":218898},{"type":"movie","tmdb_id":163431},{"type":"movie","tmdb_id":457170},{"type":"movie","tmdb_id":243831},{"type":"movie","tmdb_id":282594},{"type":"movie","tmdb_id":1218083},{"type":"movie","tmdb_id":158011},{"type":"movie","tmdb_id":1142399},{"type":"movie","tmdb_id":205466},{"type":"movie","tmdb_id":247771},{"type":"movie","tmdb_id":213684},{"type":"movie","tmdb_id":176715},{"type":"movie","tmdb_id":168246},{"type":"movie","tmdb_id":222890},{"type":"movie","tmdb_id":176715},{"type":"movie","tmdb_id":139038},{"type":"movie","tmdb_id":270857},{"type":"movie","tmdb_id":191824},{"type":"movie","tmdb_id":188761},{"type":"movie","tmdb_id":168022},{"type":"movie","tmdb_id":247771},{"type":"movie","tmdb_id":1409536},{"type":"movie","tmdb_id":1218083},{"type":"movie","tmdb_id":647741},{"type":"movie","tmdb_id":552658},{"type":"movie","tmdb_id":206419},{"type":"movie","tmdb_id":273707},{"type":"movie","tmdb_id":242926},{"type":"movie","tmdb_id":188972},{"type":"movie","tmdb_id":171709},{"type":"movie","tmdb_id":158445},{"type":"movie","tmdb_id":222724},{"type":"movie","tmdb_id":349784},{"type":"movie","tmdb_id":246524},{"type":"movie","tmdb_id":184314},{"type":"movie","tmdb_id":243831},{"type":"movie","tmdb_id":255946},{"type":"movie","tmdb_id":189800},{"type":"movie","tmdb_id":194883},{"type":"movie","tmdb_id":242575},{"type":"movie","tmdb_id":1108491},{"type":"movie","tmdb_id":362895},{"type":"movie","tmdb_id":179805},{"type":"movie","tmdb_id":217664},{"type":"movie","tmdb_id":109443},{"type":"movie","tmdb_id":83890},{"type":"movie","tmdb_id":260809},{"type":"movie","tmdb_id":209282},{"type":"movie","tmdb_id":168117},{"type":"movie","tmdb_id":218425},{"type":"movie","tmdb_id":245739},{"type":"movie","tmdb_id":228242},{"type":"movie","tmdb_id":174783},{"type":"movie","tmdb_id":312978},{"type":"movie","tmdb_id":221129},{"type":"movie","tmdb_id":296571},{"type":"movie","tmdb_id":296137},{"type":"movie","tmdb_id":442958},{"type":"movie","tmdb_id":177545},{"type":"movie","tmdb_id":218898},{"type":"movie","tmdb_id":247150},{"type":"movie","tmdb_id":218220},{"type":"movie","tmdb_id":153158},{"type":"movie","tmdb_id":215634},{"type":"movie","tmdb_id":177264},{"type":"movie","tmdb_id":246790},{"type":"movie","tmdb_id":178862},{"type":"movie","tmdb_id":83899},{"type":"movie","tmdb_id":156965},{"type":"movie","tmdb_id":204456},{"type":"movie","tmdb_id":166624},{"type":"movie","tmdb_id":157420},{"type":"movie","tmdb_id":1357350},{"type":"movie","tmdb_id":195761},{"type":"movie","tmdb_id":241119},{"type":"movie","tmdb_id":258456},{"type":"movie","tmdb_id":178809},{"type":"movie","tmdb_id":1412533},{"type":"movie","tmdb_id":77951},{"type":"movie","tmdb_id":673390},{"type":"movie","tmdb_id":731520},{"type":"movie","tmdb_id":1523603},{"type":"movie","tmdb_id":419708},{"type":"movie","tmdb_id":152742},{"type":"movie","tmdb_id":296767},{"type":"movie","tmdb_id":296752},{"type":"movie","tmdb_id":164457},{"type":"movie","tmdb_id":219051},{"type":"movie","tmdb_id":209780},{"type":"movie","tmdb_id":138977},{"type":"movie","tmdb_id":1142399},{"type":"movie","tmdb_id":182972},{"type":"movie","tmdb_id":307918},{"type":"movie","tmdb_id":228355},{"type":"movie","tmdb_id":180894},{"type":"movie","tmdb_id":178603},{"type":"movie","tmdb_id":203833},{"type":"movie","tmdb_id":191579},{"type":"movie","tmdb_id":329486},{"type":"movie","tmdb_id":188972},{"type":"movie","tmdb_id":345620},{"type":"movie","tmdb_id":141732},{"type":"movie","tmdb_id":332109},{"type":"movie","tmdb_id":522648},{"type":"movie","tmdb_id":271779},{"type":"movie","tmdb_id":866561},{"type":"movie","tmdb_id":270857},{"type":"movie","tmdb_id":209598},{"type":"movie","tmdb_id":191502},{"type":"movie","tmdb_id":199851},{"type":"movie","tmdb_id":152742},{"type":"movie","tmdb_id":620889},{"type":"movie","tmdb_id":737820},{"type":"movie","tmdb_id":168117},{"type":"movie","tmdb_id":142061},{"type":"movie","tmdb_id":434677},{"type":"movie","tmdb_id":225945},{"type":"movie","tmdb_id":207780},{"type":"movie","tmdb_id":242926},{"type":"movie","tmdb_id":174783},{"type":"movie","tmdb_id":109443},{"type":"movie","tmdb_id":331868},{"type":"movie","tmdb_id":260809},{"type":"movie","tmdb_id":249809},{"type":"movie","tmdb_id":138977},{"type":"movie","tmdb_id":156965},{"type":"movie","tmdb_id":288995},{"type":"movie","tmdb_id":731800},{"type":"movie","tmdb_id":211755},{"type":"movie","tmdb_id":255298},{"type":"movie","tmdb_id":221760},{"type":"movie","tmdb_id":200085},{"type":"movie","tmdb_id":188204},{"type":"movie","tmdb_id":1141121},{"type":"movie","tmdb_id":229408},{"type":"movie","tmdb_id":72359},{"type":"movie","tmdb_id":1523603},{"type":"movie","tmdb_id":270696},{"type":"movie","tmdb_id":270846},{"type":"movie","tmdb_id":185001},{"type":"movie","tmdb_id":241188},{"type":"movie","tmdb_id":1357350},{"type":"movie","tmdb_id":547207},{"type":"movie","tmdb_id":254725},{"type":"movie","tmdb_id":177264},{"type":"movie","tmdb_id":1427722},{"type":"movie","tmdb_id":172714},{"type":"movie","tmdb_id":1108491},{"type":"movie","tmdb_id":470199},{"type":"movie","tmdb_id":240260},{"type":"movie","tmdb_id":219051},{"type":"movie","tmdb_id":226702},{"type":"movie","tmdb_id":227266},{"type":"movie","tmdb_id":192499},{"type":"movie","tmdb_id":102362},{"type":"movie","tmdb_id":657815},{"type":"movie","tmdb_id":244453},{"type":"movie","tmdb_id":184323},{"type":"movie","tmdb_id":259817},{"type":"movie","tmdb_id":182972},{"type":"movie","tmdb_id":93394},{"type":"movie","tmdb_id":246218},{"type":"movie","tmdb_id":228242},{"type":"movie","tmdb_id":184440},{"type":"movie","tmdb_id":168055},{"type":"movie","tmdb_id":217708},{"type":"movie","tmdb_id":299926},{"type":"movie","tmdb_id":209557},{"type":"movie","tmdb_id":267025},{"type":"movie","tmdb_id":266797},{"type":"movie","tmdb_id":226576},{"type":"movie","tmdb_id":653414},{"type":"movie","tmdb_id":288911},{"type":"movie","tmdb_id":233208},{"type":"movie","tmdb_id":344149},{"type":"movie","tmdb_id":189021},{"type":"movie","tmdb_id":200713},{"type":"movie","tmdb_id":1206266},{"type":"movie","tmdb_id":530269},{"type":"movie","tmdb_id":77951},{"type":"movie","tmdb_id":419708},{"type":"movie","tmdb_id":157386},{"type":"movie","tmdb_id":156277},{"type":"movie","tmdb_id":374602},{"type":"movie","tmdb_id":186445},{"type":"movie","tmdb_id":505802},{"type":"movie","tmdb_id":199373},{"type":"movie","tmdb_id":257837},{"type":"movie","tmdb_id":129139},{"type":"movie","tmdb_id":721874},{"type":"movie","tmdb_id":145135},{"type":"movie","tmdb_id":508073},{"type":"movie","tmdb_id":166624},{"type":"movie","tmdb_id":702979},{"type":"movie","tmdb_id":571509},{"type":"movie","tmdb_id":473636},{"type":"movie","tmdb_id":768697},{"type":"movie","tmdb_id":226979},{"type":"movie","tmdb_id":977756},{"type":"movie","tmdb_id":140818},{"type":"movie","tmdb_id":466943},{"type":"movie","tmdb_id":109410},{"type":"movie","tmdb_id":296571},{"type":"movie","tmdb_id":273935},{"type":"movie","tmdb_id":257208},{"type":"movie","tmdb_id":228805},{"type":"movie","tmdb_id":378383},{"type":"movie","tmdb_id":239600},{"type":"movie","tmdb_id":152603},{"type":"movie","tmdb_id":653557},{"type":"movie","tmdb_id":172457},{"type":"movie","tmdb_id":155391},{"type":"movie","tmdb_id":86825},{"type":"movie","tmdb_id":137093},{"type":"movie","tmdb_id":200085},{"type":"movie","tmdb_id":547207},{"type":"movie","tmdb_id":271779},{"type":"movie","tmdb_id":805224},{"type":"movie","tmdb_id":231205},{"type":"movie","tmdb_id":1501082},{"type":"movie","tmdb_id":378383},{"type":"movie","tmdb_id":199584},{"type":"movie","tmdb_id":344149},{"type":"movie","tmdb_id":702979},{"type":"movie","tmdb_id":140818},{"type":"movie","tmdb_id":243520},{"type":"movie","tmdb_id":340669},{"type":"movie","tmdb_id":224509},{"type":"movie","tmdb_id":687294},{"type":"movie","tmdb_id":1101830},{"type":"movie","tmdb_id":211755},{"type":"movie","tmdb_id":307624},{"type":"movie","tmdb_id":952856},{"type":"movie","tmdb_id":1152035},{"type":"movie","tmdb_id":233208},{"type":"movie","tmdb_id":186254},{"type":"movie","tmdb_id":338713},{"type":"movie","tmdb_id":500289},{"type":"movie","tmdb_id":144288},{"type":"movie","tmdb_id":172631},{"type":"movie","tmdb_id":253045},{"type":"movie","tmdb_id":313106},{"type":"movie","tmdb_id":224892},{"type":"movie","tmdb_id":274286},{"type":"movie","tmdb_id":307642},{"type":"movie","tmdb_id":715783},{"type":"movie","tmdb_id":551517},{"type":"movie","tmdb_id":225745},{"type":"movie","tmdb_id":244453},{"type":"movie","tmdb_id":293002},{"type":"movie","tmdb_id":190824},{"type":"movie","tmdb_id":970605},{"type":"movie","tmdb_id":183836},{"type":"movie","tmdb_id":288911},{"type":"movie","tmdb_id":378029},{"type":"movie","tmdb_id":1387083},{"type":"movie","tmdb_id":257152},{"type":"movie","tmdb_id":239600},{"type":"movie","tmdb_id":257837},{"type":"movie","tmdb_id":768697},{"type":"movie","tmdb_id":174366},{"type":"movie","tmdb_id":177945},{"type":"movie","tmdb_id":482570},{"type":"movie","tmdb_id":271954},{"type":"movie","tmdb_id":172106},{"type":"movie","tmdb_id":657815},{"type":"movie","tmdb_id":246218},{"type":"movie","tmdb_id":653557},{"type":"movie","tmdb_id":157354},{"type":"movie","tmdb_id":836651},{"type":"movie","tmdb_id":284481},{"type":"movie","tmdb_id":571509},{"type":"movie","tmdb_id":442136},{"type":"movie","tmdb_id":335871},{"type":"movie","tmdb_id":228805},{"type":"movie","tmdb_id":1309257},{"type":"movie","tmdb_id":1003034},{"type":"movie","tmdb_id":68179},{"type":"movie","tmdb_id":217452},{"type":"movie","tmdb_id":169209},{"type":"movie","tmdb_id":421280},{"type":"movie","tmdb_id":190940},{"type":"movie","tmdb_id":184183},{"type":"movie","tmdb_id":172391},{"type":"movie","tmdb_id":93828},{"type":"movie","tmdb_id":438959},{"type":"movie","tmdb_id":184125},{"type":"movie","tmdb_id":137093},{"type":"movie","tmdb_id":971363},{"type":"movie","tmdb_id":251266},{"type":"movie","tmdb_id":217471},{"type":"movie","tmdb_id":190870},{"type":"movie","tmdb_id":273935},{"type":"movie","tmdb_id":218736},{"type":"movie","tmdb_id":186970},{"type":"movie","tmdb_id":530269},{"type":"movie","tmdb_id":173779},{"type":"movie","tmdb_id":192558},{"type":"movie","tmdb_id":185284},{"type":"movie","tmdb_id":466943},{"type":"movie","tmdb_id":205022},{"type":"movie","tmdb_id":192520},{"type":"movie","tmdb_id":389614},{"type":"movie","tmdb_id":191714},{"type":"movie","tmdb_id":1104291},{"type":"movie","tmdb_id":478014},{"type":"movie","tmdb_id":231861},{"type":"movie","tmdb_id":209944},{"type":"movie","tmdb_id":571909},{"type":"movie","tmdb_id":380527},{"type":"movie","tmdb_id":270846},{"type":"movie","tmdb_id":162215},{"type":"movie","tmdb_id":156700},{"type":"movie","tmdb_id":171648},{"type":"movie","tmdb_id":220139},{"type":"movie","tmdb_id":780645},{"type":"movie","tmdb_id":979190},{"type":"movie","tmdb_id":209153},{"type":"movie","tmdb_id":167513},{"type":"movie","tmdb_id":241824},{"type":"movie","tmdb_id":1038024},{"type":"movie","tmdb_id":177843},{"type":"movie","tmdb_id":172819},{"type":"movie","tmdb_id":174077},{"type":"movie","tmdb_id":205605},{"type":"movie","tmdb_id":1180303},{"type":"movie","tmdb_id":1179436},{"type":"movie","tmdb_id":188758},{"type":"movie","tmdb_id":235919},{"type":"movie","tmdb_id":254252},{"type":"movie","tmdb_id":215926},{"type":"movie","tmdb_id":192499},{"type":"movie","tmdb_id":380123},{"type":"movie","tmdb_id":315826},{"type":"movie","tmdb_id":227350},{"type":"movie","tmdb_id":233330},{"type":"movie","tmdb_id":1311456},{"type":"movie","tmdb_id":609564},{"type":"movie","tmdb_id":209418},{"type":"movie","tmdb_id":455559},{"type":"movie","tmdb_id":236028},{"type":"movie","tmdb_id":431907},{"type":"movie","tmdb_id":362397},{"type":"movie","tmdb_id":229407},{"type":"movie","tmdb_id":363348},{"type":"movie","tmdb_id":753165},{"type":"movie","tmdb_id":191997},{"type":"movie","tmdb_id":1438752},{"type":"movie","tmdb_id":260497},{"type":"movie","tmdb_id":1001979},{"type":"movie","tmdb_id":191118},{"type":"movie","tmdb_id":326062},{"type":"movie","tmdb_id":769892},{"type":"movie","tmdb_id":1424865}]}