{"ts":1771272085,"year":"2024","mode":"movie","candidates":[{"type":"movie","tmdb_id":1194388},{"type":"movie","tmdb_id":1266990},{"type":"movie","tmdb_id":1326878},{"type":"movie","tmdb_id":1033462},{"type":"movie","tmdb_id":1241742},{"type":"movie","tmdb_id":533535},{"type":"movie","tmdb_id":693134},{"type":"movie","tmdb_id":1116465},{"type":"movie","tmdb_id":1302017},{"type":"movie","tmdb_id":933260},{"type":"movie","tmdb_id":912649},{"type":"movie","tmdb_id":1241982},{"type":"movie","tmdb_id":519182},{"type":"movie","tmdb_id":1022789},{"type":"movie","tmdb_id":402431},{"type":"movie","tmdb_id":939243},{"type":"movie","tmdb_id":558449},{"type":"movie","tmdb_id":945961},{"type":"movie","tmdb_id":1252428},{"type":"movie","tmdb_id":756397},{"type":"movie","tmdb_id":823464},{"type":"movie","tmdb_id":762509},{"type":"movie","tmdb_id":1156593},{"type":"movie","tmdb_id":823219},{"type":"movie","tmdb_id":1208284},{"type":"movie","tmdb_id":866398},{"type":"movie","tmdb_id":756397},{"type":"movie","tmdb_id":1252309},{"type":"movie","tmdb_id":539972},{"type":"movie","tmdb_id":845781},{"type":"movie","tmdb_id":653346},{"type":"movie","tmdb_id":786892},{"type":"movie","tmdb_id":426063},{"type":"movie","tmdb_id":1181765},{"type":"movie","tmdb_id":746036},{"type":"movie","tmdb_id":1011985},{"type":"movie","tmdb_id":1301122},{"type":"movie","tmdb_id":1064213},{"type":"movie","tmdb_id":1357633},{"type":"movie","tmdb_id":359410},{"type":"movie","tmdb_id":1241752},{"type":"movie","tmdb_id":1064213},{"type":"movie","tmdb_id":1357633},{"type":"movie","tmdb_id":661539},{"type":"movie","tmdb_id":1025527},{"type":"movie","tmdb_id":1084736},{"type":"movie","tmdb_id":1357886},{"type":"movie","tmdb_id":1138194},{"type":"movie","tmdb_id":762441},{"type":"movie","tmdb_id":1382406},{"type":"movie","tmdb_id":1128650},{"type":"movie","tmdb_id":1232449},{"type":"movie","tmdb_id":929590},{"type":"movie","tmdb_id":605722},{"type":"movie","tmdb_id":877817},{"type":"movie","tmdb_id":634492},{"type":"movie","tmdb_id":763215},{"type":"movie","tmdb_id":889737},{"type":"movie","tmdb_id":1186350},{"type":"movie","tmdb_id":748783},{"type":"movie","tmdb_id":1147266},{"type":"movie","tmdb_id":949709},{"type":"movie","tmdb_id":1208561},{"type":"movie","tmdb_id":1064028},{"type":"movie","tmdb_id":516729},{"type":"movie","tmdb_id":698687},{"type":"movie","tmdb_id":1266992},{"type":"movie","tmdb_id":1209770},{"type":"movie","tmdb_id":1154215},{"type":"movie","tmdb_id":974663},{"type":"movie","tmdb_id":1097549},{"type":"movie","tmdb_id":974576},{"type":"movie","tmdb_id":1202863},{"type":"movie","tmdb_id":1032823},{"type":"movie","tmdb_id":1182387},{"type":"movie","tmdb_id":1035048},{"type":"movie","tmdb_id":1034541},{"type":"movie","tmdb_id":957452},{"type":"movie","tmdb_id":1160956},{"type":"movie","tmdb_id":861451},{"type":"movie","tmdb_id":1226578},{"type":"movie","tmdb_id":1241894},{"type":"movie","tmdb_id":843527},{"type":"movie","tmdb_id":840705},{"type":"movie","tmdb_id":718821},{"type":"movie","tmdb_id":1337395},{"type":"movie","tmdb_id":917496},{"type":"movie","tmdb_id":1118031},{"type":"movie","tmdb_id":1196470},{"type":"movie","tmdb_id":1217690},{"type":"movie","tmdb_id":639720},{"type":"movie","tmdb_id":1100782},{"type":"movie","tmdb_id":799583},{"type":"movie","tmdb_id":1015539},{"type":"movie","tmdb_id":1096342},{"type":"movie","tmdb_id":1154304},{"type":"movie","tmdb_id":1114513},{"type":"movie","tmdb_id":839033},{"type":"movie","tmdb_id":967847},{"type":"movie","tmdb_id":1102493},{"type":"movie","tmdb_id":673593},{"type":"movie","tmdb_id":1005331},{"type":"movie","tmdb_id":1130276},{"type":"movie","tmdb_id":1400224},{"type":"movie","tmdb_id":1302011},{"type":"movie","tmdb_id":974635},{"type":"movie","tmdb_id":507241},{"type":"movie","tmdb_id":1371789},{"type":"movie","tmdb_id":1438030},{"type":"movie","tmdb_id":1111873},{"type":"movie","tmdb_id":1084222},{"type":"movie","tmdb_id":974950},{"type":"movie","tmdb_id":969492},{"type":"movie","tmdb_id":588648},{"type":"movie","tmdb_id":1208808},{"type":"movie","tmdb_id":937287},{"type":"movie","tmdb_id":1017163},{"type":"movie","tmdb_id":614933},{"type":"movie","tmdb_id":365177},{"type":"movie","tmdb_id":1166133},{"type":"movie","tmdb_id":1041613},{"type":"movie","tmdb_id":974453},{"type":"movie","tmdb_id":1291559},{"type":"movie","tmdb_id":974250},{"type":"movie","tmdb_id":1017163},{"type":"movie","tmdb_id":844185},{"type":"movie","tmdb_id":1159311},{"type":"movie","tmdb_id":1381067},{"type":"movie","tmdb_id":549509},{"type":"movie","tmdb_id":1082900},{"type":"movie","tmdb_id":870360},{"type":"movie","tmdb_id":1014590},{"type":"movie","tmdb_id":1147416},{"type":"movie","tmdb_id":848538},{"type":"movie","tmdb_id":936245},{"type":"movie","tmdb_id":1166133},{"type":"movie","tmdb_id":832964},{"type":"movie","tmdb_id":1008409},{"type":"movie","tmdb_id":838209},{"type":"movie","tmdb_id":1262983},{"type":"movie","tmdb_id":1129598},{"type":"movie","tmdb_id":1087822},{"type":"movie","tmdb_id":1100998},{"type":"movie","tmdb_id":1082195},{"type":"movie","tmdb_id":1106739},{"type":"movie","tmdb_id":848538},{"type":"movie","tmdb_id":1079346},{"type":"movie","tmdb_id":974262},{"type":"movie","tmdb_id":844185},{"type":"movie","tmdb_id":1010600},{"type":"movie","tmdb_id":1152619},{"type":"movie","tmdb_id":1272890},{"type":"movie","tmdb_id":1217379},{"type":"movie","tmdb_id":1278101},{"type":"movie","tmdb_id":1064307},{"type":"movie","tmdb_id":719221},{"type":"movie","tmdb_id":1302001},{"type":"movie","tmdb_id":1282138},{"type":"movie","tmdb_id":1072890},{"type":"movie","tmdb_id":1313330},{"type":"movie","tmdb_id":1114738},{"type":"movie","tmdb_id":1103835},{"type":"movie","tmdb_id":936245},{"type":"movie","tmdb_id":811941},{"type":"movie","tmdb_id":1313330},{"type":"movie","tmdb_id":1241750},{"type":"movie","tmdb_id":1179521},{"type":"movie","tmdb_id":1082195},{"type":"movie","tmdb_id":1043905},{"type":"movie","tmdb_id":938614},{"type":"movie","tmdb_id":1079091},{"type":"movie","tmdb_id":1260004},{"type":"movie","tmdb_id":1072890},{"type":"movie","tmdb_id":1086725},{"type":"movie","tmdb_id":1100099},{"type":"movie","tmdb_id":1096197},{"type":"movie","tmdb_id":1087388},{"type":"movie","tmdb_id":1276086},{"type":"movie","tmdb_id":1152619},{"type":"movie","tmdb_id":1144911},{"type":"movie","tmdb_id":1058537},{"type":"movie","tmdb_id":1052280},{"type":"movie","tmdb_id":1299046},{"type":"movie","tmdb_id":1160981},{"type":"movie","tmdb_id":1244492},{"type":"movie","tmdb_id":940139},{"type":"movie","tmdb_id":1226299},{"type":"movie","tmdb_id":1144911},{"type":"movie","tmdb_id":1164355},{"type":"movie","tmdb_id":832964},{"type":"movie","tmdb_id":1100099},{"type":"movie","tmdb_id":1094274},{"type":"movie","tmdb_id":1086725},{"type":"movie","tmdb_id":1333100},{"type":"movie","tmdb_id":843617},{"type":"movie","tmdb_id":1276086},{"type":"movie","tmdb_id":1325425},{"type":"movie","tmdb_id":1063875},{"type":"movie","tmdb_id":280180},{"type":"movie","tmdb_id":1201262},{"type":"movie","tmdb_id":1048241},{"type":"movie","tmdb_id":1290547},{"type":"movie","tmdb_id":1002155},{"type":"movie","tmdb_id":955916},{"type":"movie","tmdb_id":1337395},{"type":"movie","tmdb_id":1094274},{"type":"movie","tmdb_id":1151244},{"type":"movie","tmdb_id":1244872},{"type":"movie","tmdb_id":858017},{"type":"movie","tmdb_id":1387421},{"type":"movie","tmdb_id":1125510},{"type":"movie","tmdb_id":1094473},{"type":"movie","tmdb_id":1288194},{"type":"movie","tmdb_id":1261333},{"type":"movie","tmdb_id":1257407},{"type":"movie","tmdb_id":1226299},{"type":"movie","tmdb_id":1299046},{"type":"movie","tmdb_id":437342},{"type":"movie","tmdb_id":1000837},{"type":"movie","tmdb_id":1008953},{"type":"movie","tmdb_id":1372059},{"type":"movie","tmdb_id":991754},{"type":"movie","tmdb_id":1280468},{"type":"movie","tmdb_id":934632},{"type":"movie","tmdb_id":1013850},{"type":"movie","tmdb_id":1245827},{"type":"movie","tmdb_id":976734},{"type":"movie","tmdb_id":1125510},{"type":"movie","tmdb_id":1356070},{"type":"movie","tmdb_id":1023922},{"type":"movie","tmdb_id":1026821},{"type":"movie","tmdb_id":1124641},{"type":"movie","tmdb_id":1387421},{"type":"movie","tmdb_id":1321902},{"type":"movie","tmdb_id":1116490},{"type":"movie","tmdb_id":1113583},{"type":"movie","tmdb_id":437342},{"type":"movie","tmdb_id":971468},{"type":"movie","tmdb_id":1032472},{"type":"movie","tmdb_id":1236295},{"type":"movie","tmdb_id":1317218},{"type":"movie","tmdb_id":706693},{"type":"movie","tmdb_id":1261333},{"type":"movie","tmdb_id":1069945},{"type":"movie","tmdb_id":1094138},{"type":"movie","tmdb_id":1269021},{"type":"movie","tmdb_id":965222},{"type":"movie","tmdb_id":955916},{"type":"movie","tmdb_id":1252552},{"type":"movie","tmdb_id":1151244},{"type":"movie","tmdb_id":1167351},{"type":"movie","tmdb_id":947674},{"type":"movie","tmdb_id":1014505},{"type":"movie","tmdb_id":1139937},{"type":"movie","tmdb_id":1002155},{"type":"movie","tmdb_id":1331375},{"type":"movie","tmdb_id":1051486},{"type":"movie","tmdb_id":1000837},{"type":"movie","tmdb_id":858017},{"type":"movie","tmdb_id":1312646},{"type":"movie","tmdb_id":395817},{"type":"movie","tmdb_id":1029955},{"type":"movie","tmdb_id":1132634},{"type":"movie","tmdb_id":1115830},{"type":"movie","tmdb_id":1198426},{"type":"movie","tmdb_id":948549},{"type":"movie","tmdb_id":984324},{"type":"movie","tmdb_id":882059},{"type":"movie","tmdb_id":762769},{"type":"movie","tmdb_id":646097},{"type":"movie","tmdb_id":953713},{"type":"movie","tmdb_id":1188258},{"type":"movie","tmdb_id":1267248},{"type":"movie","tmdb_id":760147},{"type":"movie","tmdb_id":749116},{"type":"movie","tmdb_id":1090874},{"type":"movie","tmdb_id":1216191},{"type":"movie","tmdb_id":1270384},{"type":"movie","tmdb_id":1104844},{"type":"movie","tmdb_id":1256604},{"type":"movie","tmdb_id":1217048},{"type":"movie","tmdb_id":1094556},{"type":"movie","tmdb_id":970347},{"type":"movie","tmdb_id":1219158},{"type":"movie","tmdb_id":1078249},{"type":"movie","tmdb_id":826510},{"type":"movie","tmdb_id":947674},{"type":"movie","tmdb_id":1221677},{"type":"movie","tmdb_id":1166589},{"type":"movie","tmdb_id":1115830},{"type":"movie","tmdb_id":1312646},{"type":"movie","tmdb_id":1214469},{"type":"movie","tmdb_id":965222},{"type":"movie","tmdb_id":999582},{"type":"movie","tmdb_id":1148677},{"type":"movie","tmdb_id":1029955},{"type":"movie","tmdb_id":1267248},{"type":"movie","tmdb_id":748230},{"type":"movie","tmdb_id":762769},{"type":"movie","tmdb_id":927342},{"type":"movie","tmdb_id":1081680},{"type":"movie","tmdb_id":1221677},{"type":"movie","tmdb_id":953928},{"type":"movie","tmdb_id":959604},{"type":"movie","tmdb_id":1072876},{"type":"movie","tmdb_id":1214469},{"type":"movie","tmdb_id":1278263},{"type":"movie","tmdb_id":1142101},{"type":"movie","tmdb_id":1094556},{"type":"movie","tmdb_id":1214138},{"type":"movie","tmdb_id":1131279},{"type":"movie","tmdb_id":592983},{"type":"movie","tmdb_id":1411460},{"type":"movie","tmdb_id":1142493},{"type":"movie","tmdb_id":1395724},{"type":"movie","tmdb_id":1356236},{"type":"movie","tmdb_id":1290287},{"type":"movie","tmdb_id":1139829},{"type":"movie","tmdb_id":1072342},{"type":"movie","tmdb_id":1280518},{"type":"movie","tmdb_id":1214489},{"type":"movie","tmdb_id":1356236},{"type":"movie","tmdb_id":1278263},{"type":"movie","tmdb_id":1094556},{"type":"movie","tmdb_id":1242886},{"type":"movie","tmdb_id":1404948},{"type":"movie","tmdb_id":1139937},{"type":"movie","tmdb_id":1526789},{"type":"movie","tmdb_id":916588},{"type":"movie","tmdb_id":971968},{"type":"movie","tmdb_id":1352757},{"type":"movie","tmdb_id":1374584},{"type":"movie","tmdb_id":1201387},{"type":"movie","tmdb_id":1230085},{"type":"movie","tmdb_id":1411460},{"type":"movie","tmdb_id":998846},{"type":"movie","tmdb_id":1014505},{"type":"movie","tmdb_id":1290287},{"type":"movie","tmdb_id":1147598},{"type":"movie","tmdb_id":1369965},{"type":"movie","tmdb_id":1012201},{"type":"movie","tmdb_id":947478},{"type":"movie","tmdb_id":1228682},{"type":"movie","tmdb_id":1148677},{"type":"movie","tmdb_id":618588},{"type":"movie","tmdb_id":1332994},{"type":"movie","tmdb_id":1402269},{"type":"movie","tmdb_id":1309769},{"type":"movie","tmdb_id":1299652},{"type":"movie","tmdb_id":1018317},{"type":"movie","tmdb_id":1263421},{"type":"movie","tmdb_id":849509},{"type":"movie","tmdb_id":1337397},{"type":"movie","tmdb_id":1301994},{"type":"movie","tmdb_id":932086},{"type":"movie","tmdb_id":1217048},{"type":"movie","tmdb_id":567811},{"type":"movie","tmdb_id":995926},{"type":"movie","tmdb_id":1370702},{"type":"movie","tmdb_id":1122715},{"type":"movie","tmdb_id":1228682},{"type":"movie","tmdb_id":567811},{"type":"movie","tmdb_id":395817},{"type":"movie","tmdb_id":1223460},{"type":"movie","tmdb_id":1209217},{"type":"movie","tmdb_id":989730},{"type":"movie","tmdb_id":953928},{"type":"movie","tmdb_id":1059064},{"type":"movie","tmdb_id":1332994},{"type":"movie","tmdb_id":1142101},{"type":"movie","tmdb_id":1256604},{"type":"movie","tmdb_id":1383557},{"type":"movie","tmdb_id":947478},{"type":"movie","tmdb_id":1311844},{"type":"movie","tmdb_id":1252896},{"type":"movie","tmdb_id":1081680},{"type":"movie","tmdb_id":1360304},{"type":"movie","tmdb_id":1321818},{"type":"movie","tmdb_id":1025463},{"type":"movie","tmdb_id":1018317},{"type":"movie","tmdb_id":1280483},{"type":"movie","tmdb_id":1243124},{"type":"movie","tmdb_id":1120911},{"type":"movie","tmdb_id":1236295},{"type":"movie","tmdb_id":1285834},{"type":"movie","tmdb_id":1266356},{"type":"movie","tmdb_id":1123282},{"type":"movie","tmdb_id":1026821},{"type":"movie","tmdb_id":1048923},{"type":"movie","tmdb_id":1253371},{"type":"movie","tmdb_id":1059128},{"type":"movie","tmdb_id":1341770},{"type":"movie","tmdb_id":1385363},{"type":"movie","tmdb_id":1179231},{"type":"movie","tmdb_id":1367922},{"type":"movie","tmdb_id":1263868},{"type":"movie","tmdb_id":1094138},{"type":"movie","tmdb_id":1105407},{"type":"movie","tmdb_id":1362008},{"type":"movie","tmdb_id":835113},{"type":"movie","tmdb_id":1352757},{"type":"movie","tmdb_id":1253371},{"type":"movie","tmdb_id":1404948},{"type":"movie","tmdb_id":1272948},{"type":"movie","tmdb_id":1403213},{"type":"movie","tmdb_id":1383557},{"type":"movie","tmdb_id":1276050},{"type":"movie","tmdb_id":1047373},{"type":"movie","tmdb_id":1059064},{"type":"movie","tmdb_id":616446},{"type":"movie","tmdb_id":803690},{"type":"movie","tmdb_id":1361232},{"type":"movie","tmdb_id":1067341},{"type":"movie","tmdb_id":1072097},{"type":"movie","tmdb_id":1201387},{"type":"movie","tmdb_id":1123050},{"type":"movie","tmdb_id":1283819},{"type":"movie","tmdb_id":1077782},{"type":"movie","tmdb_id":983521},{"type":"movie","tmdb_id":1151949},{"type":"movie","tmdb_id":1285660},{"type":"movie","tmdb_id":1396794},{"type":"movie","tmdb_id":1211233},{"type":"movie","tmdb_id":1250786},{"type":"movie","tmdb_id":1380003},{"type":"movie","tmdb_id":848439},{"type":"movie","tmdb_id":1266528},{"type":"movie","tmdb_id":1001323},{"type":"movie","tmdb_id":1179231},{"type":"movie","tmdb_id":1215162},{"type":"movie","tmdb_id":1082942},{"type":"movie","tmdb_id":1235623},{"type":"movie","tmdb_id":1155058},{"type":"movie","tmdb_id":1262310},{"type":"movie","tmdb_id":1005972},{"type":"movie","tmdb_id":1167271},{"type":"movie","tmdb_id":1109406},{"type":"movie","tmdb_id":1079485},{"type":"movie","tmdb_id":1084066},{"type":"movie","tmdb_id":1165466},{"type":"movie","tmdb_id":1318096},{"type":"movie","tmdb_id":1059073},{"type":"movie","tmdb_id":1310906},{"type":"movie","tmdb_id":848439},{"type":"movie","tmdb_id":1396794},{"type":"movie","tmdb_id":1283819},{"type":"movie","tmdb_id":1152442},{"type":"movie","tmdb_id":1079485},{"type":"movie","tmdb_id":1202372},{"type":"movie","tmdb_id":1396888},{"type":"movie","tmdb_id":1066262},{"type":"movie","tmdb_id":1292252},{"type":"movie","tmdb_id":1082942},{"type":"movie","tmdb_id":1353467},{"type":"movie","tmdb_id":1301994},{"type":"movie","tmdb_id":1081077},{"type":"movie","tmdb_id":1234905},{"type":"movie","tmdb_id":1393375},{"type":"movie","tmdb_id":975511},{"type":"movie","tmdb_id":1018728},{"type":"movie","tmdb_id":1202372},{"type":"movie","tmdb_id":1374584},{"type":"movie","tmdb_id":1214489},{"type":"movie","tmdb_id":1086867},{"type":"movie","tmdb_id":1059643},{"type":"movie","tmdb_id":1175094},{"type":"movie","tmdb_id":1155089},{"type":"movie","tmdb_id":1241405},{"type":"movie","tmdb_id":1369907},{"type":"movie","tmdb_id":1026436},{"type":"movie","tmdb_id":1045931},{"type":"movie","tmdb_id":975511},{"type":"movie","tmdb_id":1059073},{"type":"movie","tmdb_id":1062276},{"type":"movie","tmdb_id":1287875},{"type":"movie","tmdb_id":1247597},{"type":"movie","tmdb_id":959098},{"type":"movie","tmdb_id":1424478},{"type":"movie","tmdb_id":787174},{"type":"movie","tmdb_id":1002398},{"type":"movie","tmdb_id":1215162},{"type":"movie","tmdb_id":1287875},{"type":"movie","tmdb_id":959098},{"type":"movie","tmdb_id":1424478},{"type":"movie","tmdb_id":1232827},{"type":"movie","tmdb_id":787174},{"type":"movie","tmdb_id":1002398},{"type":"movie","tmdb_id":879972},{"type":"movie","tmdb_id":1318096},{"type":"movie","tmdb_id":1155090},{"type":"movie","tmdb_id":947891},{"type":"movie","tmdb_id":472221},{"type":"movie","tmdb_id":1286824},{"type":"movie","tmdb_id":1377505},{"type":"movie","tmdb_id":1163953},{"type":"movie","tmdb_id":1393375},{"type":"movie","tmdb_id":715949},{"type":"movie","tmdb_id":1305009},{"type":"movie","tmdb_id":1396159},{"type":"movie","tmdb_id":1298727},{"type":"movie","tmdb_id":1044741},{"type":"movie","tmdb_id":1283096},{"type":"movie","tmdb_id":957304},{"type":"movie","tmdb_id":1034658},{"type":"movie","tmdb_id":1285834},{"type":"movie","tmdb_id":1312297},{"type":"movie","tmdb_id":1273680},{"type":"movie","tmdb_id":1274146},{"type":"movie","tmdb_id":1319614},{"type":"movie","tmdb_id":1307300},{"type":"movie","tmdb_id":1292252},{"type":"movie","tmdb_id":1424783},{"type":"movie","tmdb_id":1264854},{"type":"movie","tmdb_id":1369630},{"type":"movie","tmdb_id":1301988},{"type":"movie","tmdb_id":1046183},{"type":"movie","tmdb_id":1301494},{"type":"movie","tmdb_id":1295759},{"type":"movie","tmdb_id":1270342},{"type":"movie","tmdb_id":988361},{"type":"movie","tmdb_id":1378238},{"type":"movie","tmdb_id":1373687},{"type":"movie","tmdb_id":1442776},{"type":"movie","tmdb_id":1243124},{"type":"movie","tmdb_id":989730},{"type":"movie","tmdb_id":1208900},{"type":"movie","tmdb_id":1357609},{"type":"movie","tmdb_id":1298176},{"type":"movie","tmdb_id":1432899},{"type":"movie","tmdb_id":1284363},{"type":"movie","tmdb_id":1026819},{"type":"movie","tmdb_id":999621},{"type":"movie","tmdb_id":1150366},{"type":"movie","tmdb_id":1241933},{"type":"movie","tmdb_id":1470051},{"type":"movie","tmdb_id":1093974},{"type":"movie","tmdb_id":1315726},{"type":"movie","tmdb_id":1361975},{"type":"movie","tmdb_id":1083129},{"type":"movie","tmdb_id":1287757},{"type":"movie","tmdb_id":1239119},{"type":"movie","tmdb_id":1278335},{"type":"movie","tmdb_id":1260594},{"type":"movie","tmdb_id":1177076},{"type":"movie","tmdb_id":1457779},{"type":"movie","tmdb_id":1363767},{"type":"movie","tmdb_id":1365196},{"type":"movie","tmdb_id":1247538},{"type":"movie","tmdb_id":998846},{"type":"movie","tmdb_id":1120911},{"type":"movie","tmdb_id":1310502},{"type":"movie","tmdb_id":1379587},{"type":"movie","tmdb_id":1081077},{"type":"movie","tmdb_id":1249385},{"type":"movie","tmdb_id":1245087},{"type":"movie","tmdb_id":1380486},{"type":"movie","tmdb_id":1271954},{"type":"movie","tmdb_id":1310672},{"type":"movie","tmdb_id":955424},{"type":"movie","tmdb_id":1013247},{"type":"movie","tmdb_id":1233269},{"type":"movie","tmdb_id":1310502},{"type":"movie","tmdb_id":1379587},{"type":"movie","tmdb_id":1081077},{"type":"movie","tmdb_id":829402},{"type":"movie","tmdb_id":1249385},{"type":"movie","tmdb_id":1380486},{"type":"movie","tmdb_id":1271954},{"type":"movie","tmdb_id":1310672},{"type":"movie","tmdb_id":955424},{"type":"movie","tmdb_id":1241320},{"type":"movie","tmdb_id":1177076},{"type":"movie","tmdb_id":1193120},{"type":"movie","tmdb_id":974036},{"type":"movie","tmdb_id":1286594},{"type":"movie","tmdb_id":1096531},{"type":"movie","tmdb_id":1097870},{"type":"movie","tmdb_id":1235770},{"type":"movie","tmdb_id":1318456},{"type":"movie","tmdb_id":607338},{"type":"movie","tmdb_id":1244568},{"type":"movie","tmdb_id":1233269},{"type":"movie","tmdb_id":626412},{"type":"movie","tmdb_id":1303259},{"type":"movie","tmdb_id":1219556},{"type":"movie","tmdb_id":1252849},{"type":"movie","tmdb_id":1126357},{"type":"movie","tmdb_id":1535997},{"type":"movie","tmdb_id":1242590},{"type":"movie","tmdb_id":1376977},{"type":"movie","tmdb_id":1356246},{"type":"movie","tmdb_id":976576},{"type":"movie","tmdb_id":1304039},{"type":"movie","tmdb_id":1114137},{"type":"movie","tmdb_id":1276169},{"type":"movie","tmdb_id":1382135},{"type":"movie","tmdb_id":1379030},{"type":"movie","tmdb_id":1302846},{"type":"movie","tmdb_id":1214478},{"type":"movie","tmdb_id":1105407}]}