{"ts":1771263546,"year":"2014","mode":"movie","candidates":[{"type":"movie","tmdb_id":157336},{"type":"movie","tmdb_id":156022},{"type":"movie","tmdb_id":1280869},{"type":"movie","tmdb_id":122917},{"type":"movie","tmdb_id":177572},{"type":"movie","tmdb_id":210577},{"type":"movie","tmdb_id":244786},{"type":"movie","tmdb_id":242582},{"type":"movie","tmdb_id":198663},{"type":"movie","tmdb_id":102651},{"type":"movie","tmdb_id":228150},{"type":"movie","tmdb_id":120467},{"type":"movie","tmdb_id":127585},{"type":"movie","tmdb_id":102382},{"type":"movie","tmdb_id":448441},{"type":"movie","tmdb_id":98566},{"type":"movie","tmdb_id":269955},{"type":"movie","tmdb_id":131631},{"type":"movie","tmdb_id":82702},{"type":"movie","tmdb_id":181533},{"type":"movie","tmdb_id":260346},{"type":"movie","tmdb_id":119450},{"type":"movie","tmdb_id":240832},{"type":"movie","tmdb_id":262543},{"type":"movie","tmdb_id":184315},{"type":"movie","tmdb_id":118340},{"type":"movie","tmdb_id":225886},{"type":"movie","tmdb_id":91314},{"type":"movie","tmdb_id":270946},{"type":"movie","tmdb_id":245891},{"type":"movie","tmdb_id":269955},{"type":"movie","tmdb_id":194662},{"type":"movie","tmdb_id":181533},{"type":"movie","tmdb_id":190859},{"type":"movie","tmdb_id":265195},{"type":"movie","tmdb_id":238636},{"type":"movie","tmdb_id":263132},{"type":"movie","tmdb_id":228967},{"type":"movie","tmdb_id":276126},{"type":"movie","tmdb_id":53182},{"type":"movie","tmdb_id":194662},{"type":"movie","tmdb_id":137106},{"type":"movie","tmdb_id":100402},{"type":"movie","tmdb_id":212778},{"type":"movie","tmdb_id":86834},{"type":"movie","tmdb_id":238636},{"type":"movie","tmdb_id":97020},{"type":"movie","tmdb_id":53182},{"type":"movie","tmdb_id":289720},{"type":"movie","tmdb_id":147441},{"type":"movie","tmdb_id":169917},{"type":"movie","tmdb_id":196867},{"type":"movie","tmdb_id":279661},{"type":"movie","tmdb_id":242042},{"type":"movie","tmdb_id":232672},{"type":"movie","tmdb_id":228326},{"type":"movie","tmdb_id":138103},{"type":"movie","tmdb_id":246403},{"type":"movie","tmdb_id":250546},{"type":"movie","tmdb_id":187017},{"type":"movie","tmdb_id":278540},{"type":"movie","tmdb_id":246403},{"type":"movie","tmdb_id":242042},{"type":"movie","tmdb_id":206563},{"type":"movie","tmdb_id":189},{"type":"movie","tmdb_id":230179},{"type":"movie","tmdb_id":97370},{"type":"movie","tmdb_id":276908},{"type":"movie","tmdb_id":200727},{"type":"movie","tmdb_id":116149},{"type":"movie","tmdb_id":235271},{"type":"movie","tmdb_id":205587},{"type":"movie","tmdb_id":262840},{"type":"movie","tmdb_id":225574},{"type":"movie","tmdb_id":184345},{"type":"movie","tmdb_id":171274},{"type":"movie","tmdb_id":218043},{"type":"movie","tmdb_id":136797},{"type":"movie","tmdb_id":172385},{"type":"movie","tmdb_id":206487},{"type":"movie","tmdb_id":227159},{"type":"movie","tmdb_id":172226},{"type":"movie","tmdb_id":222935},{"type":"movie","tmdb_id":157845},{"type":"movie","tmdb_id":263855},{"type":"movie","tmdb_id":82703},{"type":"movie","tmdb_id":511082},{"type":"movie","tmdb_id":112454},{"type":"movie","tmdb_id":143049},{"type":"movie","tmdb_id":252102},{"type":"movie","tmdb_id":279550},{"type":"movie","tmdb_id":681771},{"type":"movie","tmdb_id":279988},{"type":"movie","tmdb_id":259611},{"type":"movie","tmdb_id":181886},{"type":"movie","tmdb_id":926746},{"type":"movie","tmdb_id":154400},{"type":"movie","tmdb_id":254191},{"type":"movie","tmdb_id":157353},{"type":"movie","tmdb_id":267999},{"type":"movie","tmdb_id":256274},{"type":"movie","tmdb_id":241848},{"type":"movie","tmdb_id":68737},{"type":"movie","tmdb_id":241855},{"type":"movie","tmdb_id":100042},{"type":"movie","tmdb_id":248212},{"type":"movie","tmdb_id":264450},{"type":"movie","tmdb_id":241843},{"type":"movie","tmdb_id":471988},{"type":"movie","tmdb_id":297222},{"type":"movie","tmdb_id":234200},{"type":"movie","tmdb_id":270400},{"type":"movie","tmdb_id":297090},{"type":"movie","tmdb_id":362609},{"type":"movie","tmdb_id":312791},{"type":"movie","tmdb_id":253310},{"type":"movie","tmdb_id":287486},{"type":"movie","tmdb_id":49017},{"type":"movie","tmdb_id":307231},{"type":"movie","tmdb_id":192102},{"type":"movie","tmdb_id":49017},{"type":"movie","tmdb_id":287486},{"type":"movie","tmdb_id":241855},{"type":"movie","tmdb_id":455219},{"type":"movie","tmdb_id":892837},{"type":"movie","tmdb_id":277190},{"type":"movie","tmdb_id":244506},{"type":"movie","tmdb_id":312791},{"type":"movie","tmdb_id":220289},{"type":"movie","tmdb_id":307231},{"type":"movie","tmdb_id":234200},{"type":"movie","tmdb_id":470808},{"type":"movie","tmdb_id":254323},{"type":"movie","tmdb_id":266856},{"type":"movie","tmdb_id":157547},{"type":"movie","tmdb_id":192102},{"type":"movie","tmdb_id":137094},{"type":"movie","tmdb_id":207933},{"type":"movie","tmdb_id":249699},{"type":"movie","tmdb_id":170687},{"type":"movie","tmdb_id":372962},{"type":"movie","tmdb_id":581117},{"type":"movie","tmdb_id":266040},{"type":"movie","tmdb_id":316762},{"type":"movie","tmdb_id":85350},{"type":"movie","tmdb_id":280511},{"type":"movie","tmdb_id":271331},{"type":"movie","tmdb_id":249699},{"type":"movie","tmdb_id":303903},{"type":"movie","tmdb_id":270313},{"type":"movie","tmdb_id":265177},{"type":"movie","tmdb_id":329496},{"type":"movie","tmdb_id":244534},{"type":"movie","tmdb_id":309008},{"type":"movie","tmdb_id":546726},{"type":"movie","tmdb_id":256835},{"type":"movie","tmdb_id":227306},{"type":"movie","tmdb_id":323592},{"type":"movie","tmdb_id":262551},{"type":"movie","tmdb_id":256311},{"type":"movie","tmdb_id":244534},{"type":"movie","tmdb_id":256311},{"type":"movie","tmdb_id":297090},{"type":"movie","tmdb_id":52653},{"type":"movie","tmdb_id":85350},{"type":"movie","tmdb_id":193893},{"type":"movie","tmdb_id":323592},{"type":"movie","tmdb_id":417455},{"type":"movie","tmdb_id":267458},{"type":"movie","tmdb_id":76649},{"type":"movie","tmdb_id":277702},{"type":"movie","tmdb_id":266040},{"type":"movie","tmdb_id":330117},{"type":"movie","tmdb_id":100042},{"type":"movie","tmdb_id":137321},{"type":"movie","tmdb_id":271331},{"type":"movie","tmdb_id":152760},{"type":"movie","tmdb_id":254473},{"type":"movie","tmdb_id":290477},{"type":"movie","tmdb_id":265964},{"type":"movie","tmdb_id":266856},{"type":"movie","tmdb_id":313055},{"type":"movie","tmdb_id":283330},{"type":"movie","tmdb_id":175112},{"type":"movie","tmdb_id":238215},{"type":"movie","tmdb_id":301633},{"type":"movie","tmdb_id":254473},{"type":"movie","tmdb_id":254323},{"type":"movie","tmdb_id":267458},{"type":"movie","tmdb_id":157416},{"type":"movie","tmdb_id":224141},{"type":"movie","tmdb_id":218836},{"type":"movie","tmdb_id":184346},{"type":"movie","tmdb_id":237793},{"type":"movie","tmdb_id":330117},{"type":"movie","tmdb_id":277597},{"type":"movie","tmdb_id":236751},{"type":"movie","tmdb_id":331326},{"type":"movie","tmdb_id":216580},{"type":"movie","tmdb_id":254420},{"type":"movie","tmdb_id":239571},{"type":"movie","tmdb_id":218836},{"type":"movie","tmdb_id":283330},{"type":"movie","tmdb_id":761211},{"type":"movie","tmdb_id":278774},{"type":"movie","tmdb_id":216580},{"type":"movie","tmdb_id":237793},{"type":"movie","tmdb_id":250538},{"type":"movie","tmdb_id":197796},{"type":"movie","tmdb_id":252403},{"type":"movie","tmdb_id":289712},{"type":"movie","tmdb_id":175112},{"type":"movie","tmdb_id":277597},{"type":"movie","tmdb_id":358702},{"type":"movie","tmdb_id":298093},{"type":"movie","tmdb_id":303601},{"type":"movie","tmdb_id":532675},{"type":"movie","tmdb_id":157416},{"type":"movie","tmdb_id":325583},{"type":"movie","tmdb_id":133790},{"type":"movie","tmdb_id":238215},{"type":"movie","tmdb_id":266036},{"type":"movie","tmdb_id":652242},{"type":"movie","tmdb_id":287322},{"type":"movie","tmdb_id":254420},{"type":"movie","tmdb_id":304336},{"type":"movie","tmdb_id":239541},{"type":"movie","tmdb_id":348552},{"type":"movie","tmdb_id":224141},{"type":"movie","tmdb_id":681771},{"type":"movie","tmdb_id":184346},{"type":"movie","tmdb_id":293828},{"type":"movie","tmdb_id":290271},{"type":"movie","tmdb_id":239563},{"type":"movie","tmdb_id":307699},{"type":"movie","tmdb_id":248543},{"type":"movie","tmdb_id":292992},{"type":"movie","tmdb_id":502655},{"type":"movie","tmdb_id":157851},{"type":"movie","tmdb_id":216769},{"type":"movie","tmdb_id":180299},{"type":"movie","tmdb_id":242512},{"type":"movie","tmdb_id":365962},{"type":"movie","tmdb_id":258651},{"type":"movie","tmdb_id":521812},{"type":"movie","tmdb_id":1439026},{"type":"movie","tmdb_id":243684},{"type":"movie","tmdb_id":301633},{"type":"movie","tmdb_id":456330},{"type":"movie","tmdb_id":250551},{"type":"movie","tmdb_id":299939},{"type":"movie","tmdb_id":279229},{"type":"movie","tmdb_id":270920},{"type":"movie","tmdb_id":276466},{"type":"movie","tmdb_id":288889},{"type":"movie","tmdb_id":1530684},{"type":"movie","tmdb_id":244761},{"type":"movie","tmdb_id":80920},{"type":"movie","tmdb_id":731829},{"type":"movie","tmdb_id":330587},{"type":"movie","tmdb_id":344113},{"type":"movie","tmdb_id":278086},{"type":"movie","tmdb_id":325157},{"type":"movie","tmdb_id":278296},{"type":"movie","tmdb_id":295884},{"type":"movie","tmdb_id":625632},{"type":"movie","tmdb_id":415666},{"type":"movie","tmdb_id":542136},{"type":"movie","tmdb_id":481159},{"type":"movie","tmdb_id":258152},{"type":"movie","tmdb_id":301005},{"type":"movie","tmdb_id":214075},{"type":"movie","tmdb_id":244267},{"type":"movie","tmdb_id":282353},{"type":"movie","tmdb_id":499462},{"type":"movie","tmdb_id":271382},{"type":"movie","tmdb_id":279147},{"type":"movie","tmdb_id":302624},{"type":"movie","tmdb_id":290797},{"type":"movie","tmdb_id":278695},{"type":"movie","tmdb_id":258255},{"type":"movie","tmdb_id":542136},{"type":"movie","tmdb_id":245916},{"type":"movie","tmdb_id":214140},{"type":"movie","tmdb_id":1530684},{"type":"movie","tmdb_id":267692},{"type":"movie","tmdb_id":282353},{"type":"movie","tmdb_id":259072},{"type":"movie","tmdb_id":216769},{"type":"movie","tmdb_id":250574},{"type":"movie","tmdb_id":256917},{"type":"movie","tmdb_id":264656},{"type":"movie","tmdb_id":188207},{"type":"movie","tmdb_id":214075},{"type":"movie","tmdb_id":170522},{"type":"movie","tmdb_id":200511},{"type":"movie","tmdb_id":352986},{"type":"movie","tmdb_id":328820},{"type":"movie","tmdb_id":253331},{"type":"movie","tmdb_id":380020},{"type":"movie","tmdb_id":256911},{"type":"movie","tmdb_id":241239},{"type":"movie","tmdb_id":253306},{"type":"movie","tmdb_id":334364},{"type":"movie","tmdb_id":227306},{"type":"movie","tmdb_id":285013},{"type":"movie","tmdb_id":543000},{"type":"movie","tmdb_id":209271},{"type":"movie","tmdb_id":328820},{"type":"movie","tmdb_id":331893},{"type":"movie","tmdb_id":255718},{"type":"movie","tmdb_id":259072},{"type":"movie","tmdb_id":228970},{"type":"movie","tmdb_id":293485},{"type":"movie","tmdb_id":256913},{"type":"movie","tmdb_id":256108},{"type":"movie","tmdb_id":286052},{"type":"movie","tmdb_id":1043302},{"type":"movie","tmdb_id":298400},{"type":"movie","tmdb_id":936340},{"type":"movie","tmdb_id":274626},{"type":"movie","tmdb_id":345517},{"type":"movie","tmdb_id":280640},{"type":"movie","tmdb_id":241239},{"type":"movie","tmdb_id":448802},{"type":"movie","tmdb_id":256509},{"type":"movie","tmdb_id":366817},{"type":"movie","tmdb_id":119892},{"type":"movie","tmdb_id":290797},{"type":"movie","tmdb_id":253239},{"type":"movie","tmdb_id":295144},{"type":"movie","tmdb_id":285844},{"type":"movie","tmdb_id":256911},{"type":"movie","tmdb_id":226857},{"type":"movie","tmdb_id":282672},{"type":"movie","tmdb_id":1043302},{"type":"movie","tmdb_id":228970},{"type":"movie","tmdb_id":934152},{"type":"movie","tmdb_id":499462},{"type":"movie","tmdb_id":1456920},{"type":"movie","tmdb_id":354127},{"type":"movie","tmdb_id":495204},{"type":"movie","tmdb_id":246741},{"type":"movie","tmdb_id":382275},{"type":"movie","tmdb_id":543000},{"type":"movie","tmdb_id":314127},{"type":"movie","tmdb_id":299922},{"type":"movie","tmdb_id":214219},{"type":"movie","tmdb_id":298968},{"type":"movie","tmdb_id":285403},{"type":"movie","tmdb_id":323478},{"type":"movie","tmdb_id":293758},{"type":"movie","tmdb_id":279147},{"type":"movie","tmdb_id":293633},{"type":"movie","tmdb_id":334364},{"type":"movie","tmdb_id":294800},{"type":"movie","tmdb_id":265712},{"type":"movie","tmdb_id":301431},{"type":"movie","tmdb_id":263614},{"type":"movie","tmdb_id":267366},{"type":"movie","tmdb_id":519332},{"type":"movie","tmdb_id":277812},{"type":"movie","tmdb_id":249164},{"type":"movie","tmdb_id":216282},{"type":"movie","tmdb_id":284293},{"type":"movie","tmdb_id":261861},{"type":"movie","tmdb_id":335729},{"type":"movie","tmdb_id":248507},{"type":"movie","tmdb_id":100241},{"type":"movie","tmdb_id":273895},{"type":"movie","tmdb_id":253046},{"type":"movie","tmdb_id":981594},{"type":"movie","tmdb_id":287505},{"type":"movie","tmdb_id":315140},{"type":"movie","tmdb_id":434993},{"type":"movie","tmdb_id":299593},{"type":"movie","tmdb_id":255491},{"type":"movie","tmdb_id":415909},{"type":"movie","tmdb_id":300900},{"type":"movie","tmdb_id":177494},{"type":"movie","tmdb_id":314127},{"type":"movie","tmdb_id":267692},{"type":"movie","tmdb_id":168530},{"type":"movie","tmdb_id":354127},{"type":"movie","tmdb_id":155084},{"type":"movie","tmdb_id":934152},{"type":"movie","tmdb_id":335729},{"type":"movie","tmdb_id":382275},{"type":"movie","tmdb_id":342319},{"type":"movie","tmdb_id":1174866},{"type":"movie","tmdb_id":280640},{"type":"movie","tmdb_id":238781},{"type":"movie","tmdb_id":282631},{"type":"movie","tmdb_id":653310},{"type":"movie","tmdb_id":214219},{"type":"movie","tmdb_id":297608},{"type":"movie","tmdb_id":478368},{"type":"movie","tmdb_id":448802},{"type":"movie","tmdb_id":273895},{"type":"movie","tmdb_id":282672},{"type":"movie","tmdb_id":227783},{"type":"movie","tmdb_id":345711},{"type":"movie","tmdb_id":280851},{"type":"movie","tmdb_id":326947},{"type":"movie","tmdb_id":253702},{"type":"movie","tmdb_id":545501},{"type":"movie","tmdb_id":256509},{"type":"movie","tmdb_id":252171},{"type":"movie","tmdb_id":1456920},{"type":"movie","tmdb_id":293633},{"type":"movie","tmdb_id":276935},{"type":"movie","tmdb_id":265712},{"type":"movie","tmdb_id":298095},{"type":"movie","tmdb_id":296315},{"type":"movie","tmdb_id":296121},{"type":"movie","tmdb_id":1360856},{"type":"movie","tmdb_id":519332},{"type":"movie","tmdb_id":294652},{"type":"movie","tmdb_id":300900},{"type":"movie","tmdb_id":586368},{"type":"movie","tmdb_id":307914},{"type":"movie","tmdb_id":342396},{"type":"movie","tmdb_id":418897},{"type":"movie","tmdb_id":299833},{"type":"movie","tmdb_id":283701},{"type":"movie","tmdb_id":574882},{"type":"movie","tmdb_id":261824},{"type":"movie","tmdb_id":275028},{"type":"movie","tmdb_id":285013},{"type":"movie","tmdb_id":257512},{"type":"movie","tmdb_id":236399},{"type":"movie","tmdb_id":387843},{"type":"movie","tmdb_id":1182095},{"type":"movie","tmdb_id":227783},{"type":"movie","tmdb_id":345711},{"type":"movie","tmdb_id":277685},{"type":"movie","tmdb_id":333475},{"type":"movie","tmdb_id":1211627},{"type":"movie","tmdb_id":293271},{"type":"movie","tmdb_id":256544},{"type":"movie","tmdb_id":366724},{"type":"movie","tmdb_id":265851},{"type":"movie","tmdb_id":586368},{"type":"movie","tmdb_id":521369},{"type":"movie","tmdb_id":537653},{"type":"movie","tmdb_id":749266},{"type":"movie","tmdb_id":294222},{"type":"movie","tmdb_id":298400},{"type":"movie","tmdb_id":289198},{"type":"movie","tmdb_id":342248},{"type":"movie","tmdb_id":264572},{"type":"movie","tmdb_id":365076},{"type":"movie","tmdb_id":653310},{"type":"movie","tmdb_id":342319},{"type":"movie","tmdb_id":1408558},{"type":"movie","tmdb_id":276935},{"type":"movie","tmdb_id":656053},{"type":"movie","tmdb_id":744741},{"type":"movie","tmdb_id":293485},{"type":"movie","tmdb_id":305581},{"type":"movie","tmdb_id":1014006},{"type":"movie","tmdb_id":351740},{"type":"movie","tmdb_id":1360856},{"type":"movie","tmdb_id":255718},{"type":"movie","tmdb_id":769154},{"type":"movie","tmdb_id":253702},{"type":"movie","tmdb_id":242310},{"type":"movie","tmdb_id":242095},{"type":"movie","tmdb_id":284279},{"type":"movie","tmdb_id":296315},{"type":"movie","tmdb_id":614281},{"type":"movie","tmdb_id":279977},{"type":"movie","tmdb_id":280002},{"type":"movie","tmdb_id":293458},{"type":"movie","tmdb_id":835342},{"type":"movie","tmdb_id":304785},{"type":"movie","tmdb_id":989155},{"type":"movie","tmdb_id":221731},{"type":"movie","tmdb_id":296121},{"type":"movie","tmdb_id":583819},{"type":"movie","tmdb_id":782126},{"type":"movie","tmdb_id":252171},{"type":"movie","tmdb_id":372084},{"type":"movie","tmdb_id":285549},{"type":"movie","tmdb_id":360309},{"type":"movie","tmdb_id":813594},{"type":"movie","tmdb_id":260947},{"type":"movie","tmdb_id":817414},{"type":"movie","tmdb_id":352459},{"type":"movie","tmdb_id":256690},{"type":"movie","tmdb_id":1317305},{"type":"movie","tmdb_id":239678},{"type":"movie","tmdb_id":280860},{"type":"movie","tmdb_id":478368},{"type":"movie","tmdb_id":289035},{"type":"movie","tmdb_id":1164109},{"type":"movie","tmdb_id":344260},{"type":"movie","tmdb_id":287504},{"type":"movie","tmdb_id":284270},{"type":"movie","tmdb_id":280851},{"type":"movie","tmdb_id":231576},{"type":"movie","tmdb_id":262866},{"type":"movie","tmdb_id":246080},{"type":"movie","tmdb_id":742579},{"type":"movie","tmdb_id":185317},{"type":"movie","tmdb_id":769530},{"type":"movie","tmdb_id":242643},{"type":"movie","tmdb_id":448285},{"type":"movie","tmdb_id":371951},{"type":"movie","tmdb_id":409542},{"type":"movie","tmdb_id":366209},{"type":"movie","tmdb_id":297608},{"type":"movie","tmdb_id":87492},{"type":"movie","tmdb_id":351709},{"type":"movie","tmdb_id":271382},{"type":"movie","tmdb_id":429531},{"type":"movie","tmdb_id":316409},{"type":"movie","tmdb_id":473298},{"type":"movie","tmdb_id":242661},{"type":"movie","tmdb_id":928863},{"type":"movie","tmdb_id":221732},{"type":"movie","tmdb_id":1214133},{"type":"movie","tmdb_id":496995},{"type":"movie","tmdb_id":302859},{"type":"movie","tmdb_id":314635},{"type":"movie","tmdb_id":280894},{"type":"movie","tmdb_id":292188},{"type":"movie","tmdb_id":897681},{"type":"movie","tmdb_id":302496},{"type":"movie","tmdb_id":257448},{"type":"movie","tmdb_id":894165},{"type":"movie","tmdb_id":421835},{"type":"movie","tmdb_id":227348},{"type":"movie","tmdb_id":283707},{"type":"movie","tmdb_id":285900},{"type":"movie","tmdb_id":1144979},{"type":"movie","tmdb_id":372374},{"type":"movie","tmdb_id":545501},{"type":"movie","tmdb_id":283979},{"type":"movie","tmdb_id":298575},{"type":"movie","tmdb_id":452743},{"type":"movie","tmdb_id":297275},{"type":"movie","tmdb_id":1128885},{"type":"movie","tmdb_id":217993},{"type":"movie","tmdb_id":571508},{"type":"movie","tmdb_id":257259},{"type":"movie","tmdb_id":291467},{"type":"movie","tmdb_id":144336},{"type":"movie","tmdb_id":1522962},{"type":"movie","tmdb_id":776495},{"type":"movie","tmdb_id":1204780},{"type":"movie","tmdb_id":209439},{"type":"movie","tmdb_id":372396},{"type":"movie","tmdb_id":256559},{"type":"movie","tmdb_id":643173},{"type":"movie","tmdb_id":313965},{"type":"movie","tmdb_id":312824},{"type":"movie","tmdb_id":332215},{"type":"movie","tmdb_id":314361},{"type":"movie","tmdb_id":386585},{"type":"movie","tmdb_id":292188},{"type":"movie","tmdb_id":314583},{"type":"movie","tmdb_id":1029779},{"type":"movie","tmdb_id":265289},{"type":"movie","tmdb_id":314361},{"type":"movie","tmdb_id":351709},{"type":"movie","tmdb_id":372374},{"type":"movie","tmdb_id":1144979},{"type":"movie","tmdb_id":701056},{"type":"movie","tmdb_id":283979},{"type":"movie","tmdb_id":280525},{"type":"movie","tmdb_id":352459},{"type":"movie","tmdb_id":398823},{"type":"movie","tmdb_id":262391},{"type":"movie","tmdb_id":256559},{"type":"movie","tmdb_id":284050},{"type":"movie","tmdb_id":300106},{"type":"movie","tmdb_id":241975},{"type":"movie","tmdb_id":256882},{"type":"movie","tmdb_id":302859},{"type":"movie","tmdb_id":231505},{"type":"movie","tmdb_id":151368},{"type":"movie","tmdb_id":375446},{"type":"movie","tmdb_id":145220},{"type":"movie","tmdb_id":1020767},{"type":"movie","tmdb_id":278129},{"type":"movie","tmdb_id":282631},{"type":"movie","tmdb_id":475968},{"type":"movie","tmdb_id":300106},{"type":"movie","tmdb_id":331337},{"type":"movie","tmdb_id":307450},{"type":"movie","tmdb_id":274483},{"type":"movie","tmdb_id":326947},{"type":"movie","tmdb_id":298095},{"type":"movie","tmdb_id":351735},{"type":"movie","tmdb_id":320573},{"type":"movie","tmdb_id":385141},{"type":"movie","tmdb_id":254644},{"type":"movie","tmdb_id":333395},{"type":"movie","tmdb_id":257346}]}