{"ts":1771084510,"year":"2014","mode":"tv","candidates":[{"type":"tv","tmdb_id":60735},{"type":"tv","tmdb_id":59941},{"type":"tv","tmdb_id":58841},{"type":"tv","tmdb_id":61818},{"type":"tv","tmdb_id":60622},{"type":"tv","tmdb_id":48866},{"type":"tv","tmdb_id":60708},{"type":"tv","tmdb_id":46648},{"type":"tv","tmdb_id":60797},{"type":"tv","tmdb_id":56570},{"type":"tv","tmdb_id":61222},{"type":"tv","tmdb_id":60694},{"type":"tv","tmdb_id":60554},{"type":"tv","tmdb_id":61056},{"type":"tv","tmdb_id":61381},{"type":"tv","tmdb_id":61418},{"type":"tv","tmdb_id":61852},{"type":"tv","tmdb_id":82172},{"type":"tv","tmdb_id":61378},{"type":"tv","tmdb_id":61387},{"type":"tv","tmdb_id":98031},{"type":"tv","tmdb_id":71026},{"type":"tv","tmdb_id":60573},{"type":"tv","tmdb_id":67460},{"type":"tv","tmdb_id":60802},{"type":"tv","tmdb_id":60863},{"type":"tv","tmdb_id":47480},{"type":"tv","tmdb_id":47640},{"type":"tv","tmdb_id":54344},{"type":"tv","tmdb_id":54650},{"type":"tv","tmdb_id":61865},{"type":"tv","tmdb_id":61345},{"type":"tv","tmdb_id":61374},{"type":"tv","tmdb_id":61746},{"type":"tv","tmdb_id":208344},{"type":"tv","tmdb_id":64492},{"type":"tv","tmdb_id":105197},{"type":"tv","tmdb_id":61599},{"type":"tv","tmdb_id":50035},{"type":"tv","tmdb_id":121876},{"type":"tv","tmdb_id":47665},{"type":"tv","tmdb_id":60833},{"type":"tv","tmdb_id":108112},{"type":"tv","tmdb_id":61457},{"type":"tv","tmdb_id":61988},{"type":"tv","tmdb_id":61565},{"type":"tv","tmdb_id":61068},{"type":"tv","tmdb_id":60888},{"type":"tv","tmdb_id":60603},{"type":"tv","tmdb_id":74280},{"type":"tv","tmdb_id":58474},{"type":"tv","tmdb_id":61663},{"type":"tv","tmdb_id":61459},{"type":"tv","tmdb_id":102758},{"type":"tv","tmdb_id":59659},{"type":"tv","tmdb_id":61339},{"type":"tv","tmdb_id":64198},{"type":"tv","tmdb_id":63764},{"type":"tv","tmdb_id":64710},{"type":"tv","tmdb_id":60743},{"type":"tv","tmdb_id":61463},{"type":"tv","tmdb_id":61415},{"type":"tv","tmdb_id":54671},{"type":"tv","tmdb_id":73036},{"type":"tv","tmdb_id":61751},{"type":"tv","tmdb_id":61628},{"type":"tv","tmdb_id":61223},{"type":"tv","tmdb_id":46028},{"type":"tv","tmdb_id":58111},{"type":"tv","tmdb_id":61529},{"type":"tv","tmdb_id":81887},{"type":"tv","tmdb_id":83463},{"type":"tv","tmdb_id":61422},{"type":"tv","tmdb_id":72237},{"type":"tv","tmdb_id":57736},{"type":"tv","tmdb_id":61445},{"type":"tv","tmdb_id":69501},{"type":"tv","tmdb_id":61014},{"type":"tv","tmdb_id":60839},{"type":"tv","tmdb_id":60726},{"type":"tv","tmdb_id":73036},{"type":"tv","tmdb_id":61461},{"type":"tv","tmdb_id":61014},{"type":"tv","tmdb_id":60808},{"type":"tv","tmdb_id":75117},{"type":"tv","tmdb_id":60726},{"type":"tv","tmdb_id":60843},{"type":"tv","tmdb_id":61422},{"type":"tv","tmdb_id":60831},{"type":"tv","tmdb_id":81887},{"type":"tv","tmdb_id":61617},{"type":"tv","tmdb_id":61406},{"type":"tv","tmdb_id":61119},{"type":"tv","tmdb_id":60844},{"type":"tv","tmdb_id":60804},{"type":"tv","tmdb_id":60699},{"type":"tv","tmdb_id":71493},{"type":"tv","tmdb_id":93550},{"type":"tv","tmdb_id":60626},{"type":"tv","tmdb_id":60874},{"type":"tv","tmdb_id":61259},{"type":"tv","tmdb_id":61427},{"type":"tv","tmdb_id":51388},{"type":"tv","tmdb_id":272608},{"type":"tv","tmdb_id":61244},{"type":"tv","tmdb_id":61112},{"type":"tv","tmdb_id":61260},{"type":"tv","tmdb_id":61118},{"type":"tv","tmdb_id":61367},{"type":"tv","tmdb_id":68680},{"type":"tv","tmdb_id":62640},{"type":"tv","tmdb_id":71919},{"type":"tv","tmdb_id":57276},{"type":"tv","tmdb_id":62211},{"type":"tv","tmdb_id":103927},{"type":"tv","tmdb_id":60989},{"type":"tv","tmdb_id":61379},{"type":"tv","tmdb_id":78646},{"type":"tv","tmdb_id":61398},{"type":"tv","tmdb_id":64273},{"type":"tv","tmdb_id":61398},{"type":"tv","tmdb_id":61112},{"type":"tv","tmdb_id":195736},{"type":"tv","tmdb_id":54327},{"type":"tv","tmdb_id":61828},{"type":"tv","tmdb_id":103927},{"type":"tv","tmdb_id":63407},{"type":"tv","tmdb_id":155660},{"type":"tv","tmdb_id":156712},{"type":"tv","tmdb_id":105468},{"type":"tv","tmdb_id":66562},{"type":"tv","tmdb_id":61575},{"type":"tv","tmdb_id":272608},{"type":"tv","tmdb_id":61379},{"type":"tv","tmdb_id":60811},{"type":"tv","tmdb_id":61434},{"type":"tv","tmdb_id":61555},{"type":"tv","tmdb_id":61263},{"type":"tv","tmdb_id":58811},{"type":"tv","tmdb_id":60796},{"type":"tv","tmdb_id":61425},{"type":"tv","tmdb_id":70952},{"type":"tv","tmdb_id":61263},{"type":"tv","tmdb_id":61174},{"type":"tv","tmdb_id":61828},{"type":"tv","tmdb_id":71668},{"type":"tv","tmdb_id":61120},{"type":"tv","tmdb_id":60905},{"type":"tv","tmdb_id":65332},{"type":"tv","tmdb_id":81425},{"type":"tv","tmdb_id":90533},{"type":"tv","tmdb_id":60834},{"type":"tv","tmdb_id":61593},{"type":"tv","tmdb_id":155660},{"type":"tv","tmdb_id":61135},{"type":"tv","tmdb_id":213372},{"type":"tv","tmdb_id":58811},{"type":"tv","tmdb_id":65614},{"type":"tv","tmdb_id":61460},{"type":"tv","tmdb_id":61575},{"type":"tv","tmdb_id":51370},{"type":"tv","tmdb_id":61718},{"type":"tv","tmdb_id":72874},{"type":"tv","tmdb_id":63453},{"type":"tv","tmdb_id":124827},{"type":"tv","tmdb_id":66006},{"type":"tv","tmdb_id":62602},{"type":"tv","tmdb_id":60705},{"type":"tv","tmdb_id":67627},{"type":"tv","tmdb_id":86068},{"type":"tv","tmdb_id":66514},{"type":"tv","tmdb_id":61854},{"type":"tv","tmdb_id":64957},{"type":"tv","tmdb_id":49050},{"type":"tv","tmdb_id":27318},{"type":"tv","tmdb_id":68696},{"type":"tv","tmdb_id":81238},{"type":"tv","tmdb_id":61585},{"type":"tv","tmdb_id":61421},{"type":"tv","tmdb_id":70938},{"type":"tv","tmdb_id":61555},{"type":"tv","tmdb_id":76645},{"type":"tv","tmdb_id":61499},{"type":"tv","tmdb_id":67048},{"type":"tv","tmdb_id":96121},{"type":"tv","tmdb_id":49157},{"type":"tv","tmdb_id":60611},{"type":"tv","tmdb_id":121037},{"type":"tv","tmdb_id":51345},{"type":"tv","tmdb_id":61928},{"type":"tv","tmdb_id":74724},{"type":"tv","tmdb_id":65123},{"type":"tv","tmdb_id":119367},{"type":"tv","tmdb_id":156712},{"type":"tv","tmdb_id":62495},{"type":"tv","tmdb_id":50628},{"type":"tv","tmdb_id":61462},{"type":"tv","tmdb_id":65322},{"type":"tv","tmdb_id":66762},{"type":"tv","tmdb_id":71908},{"type":"tv","tmdb_id":60129},{"type":"tv","tmdb_id":62424},{"type":"tv","tmdb_id":61517},{"type":"tv","tmdb_id":60951},{"type":"tv","tmdb_id":68083},{"type":"tv","tmdb_id":82708},{"type":"tv","tmdb_id":75480},{"type":"tv","tmdb_id":70036},{"type":"tv","tmdb_id":62251},{"type":"tv","tmdb_id":64401},{"type":"tv","tmdb_id":63407},{"type":"tv","tmdb_id":60741},{"type":"tv","tmdb_id":60783},{"type":"tv","tmdb_id":133160},{"type":"tv","tmdb_id":73038},{"type":"tv","tmdb_id":73679},{"type":"tv","tmdb_id":60998},{"type":"tv","tmdb_id":94327},{"type":"tv","tmdb_id":60672},{"type":"tv","tmdb_id":115585},{"type":"tv","tmdb_id":63130},{"type":"tv","tmdb_id":86198},{"type":"tv","tmdb_id":61465},{"type":"tv","tmdb_id":61870},{"type":"tv","tmdb_id":58838},{"type":"tv","tmdb_id":220331},{"type":"tv","tmdb_id":64241},{"type":"tv","tmdb_id":60929},{"type":"tv","tmdb_id":65851},{"type":"tv","tmdb_id":64838},{"type":"tv","tmdb_id":73549},{"type":"tv","tmdb_id":80480},{"type":"tv","tmdb_id":60825},{"type":"tv","tmdb_id":60816},{"type":"tv","tmdb_id":60972},{"type":"tv","tmdb_id":86306},{"type":"tv","tmdb_id":61433},{"type":"tv","tmdb_id":126152},{"type":"tv","tmdb_id":50558},{"type":"tv","tmdb_id":77629},{"type":"tv","tmdb_id":61485},{"type":"tv","tmdb_id":61474},{"type":"tv","tmdb_id":61670},{"type":"tv","tmdb_id":65813},{"type":"tv","tmdb_id":99465},{"type":"tv","tmdb_id":82072},{"type":"tv","tmdb_id":61762},{"type":"tv","tmdb_id":60766},{"type":"tv","tmdb_id":157572},{"type":"tv","tmdb_id":60814},{"type":"tv","tmdb_id":95462},{"type":"tv","tmdb_id":61880},{"type":"tv","tmdb_id":68871},{"type":"tv","tmdb_id":91143},{"type":"tv","tmdb_id":60904},{"type":"tv","tmdb_id":62073},{"type":"tv","tmdb_id":68573},{"type":"tv","tmdb_id":61054},{"type":"tv","tmdb_id":62112},{"type":"tv","tmdb_id":62187},{"type":"tv","tmdb_id":68156},{"type":"tv","tmdb_id":62911},{"type":"tv","tmdb_id":61611},{"type":"tv","tmdb_id":61546},{"type":"tv","tmdb_id":54864},{"type":"tv","tmdb_id":61423},{"type":"tv","tmdb_id":71152},{"type":"tv","tmdb_id":58823},{"type":"tv","tmdb_id":49929},{"type":"tv","tmdb_id":93363},{"type":"tv","tmdb_id":114224},{"type":"tv","tmdb_id":61606},{"type":"tv","tmdb_id":227456},{"type":"tv","tmdb_id":68936},{"type":"tv","tmdb_id":61528},{"type":"tv","tmdb_id":60956},{"type":"tv","tmdb_id":106963},{"type":"tv","tmdb_id":74606},{"type":"tv","tmdb_id":81091},{"type":"tv","tmdb_id":61469},{"type":"tv","tmdb_id":216338},{"type":"tv","tmdb_id":51675},{"type":"tv","tmdb_id":57273},{"type":"tv","tmdb_id":50844},{"type":"tv","tmdb_id":88921},{"type":"tv","tmdb_id":72486},{"type":"tv","tmdb_id":60901},{"type":"tv","tmdb_id":57774},{"type":"tv","tmdb_id":50864},{"type":"tv","tmdb_id":70176},{"type":"tv","tmdb_id":61534},{"type":"tv","tmdb_id":63038},{"type":"tv","tmdb_id":51823},{"type":"tv","tmdb_id":61287},{"type":"tv","tmdb_id":71734},{"type":"tv","tmdb_id":106587},{"type":"tv","tmdb_id":62813},{"type":"tv","tmdb_id":65353},{"type":"tv","tmdb_id":61916},{"type":"tv","tmdb_id":70801},{"type":"tv","tmdb_id":51168},{"type":"tv","tmdb_id":63826},{"type":"tv","tmdb_id":60793},{"type":"tv","tmdb_id":61268},{"type":"tv","tmdb_id":60818},{"type":"tv","tmdb_id":91021},{"type":"tv","tmdb_id":68960},{"type":"tv","tmdb_id":61221},{"type":"tv","tmdb_id":69238},{"type":"tv","tmdb_id":62104},{"type":"tv","tmdb_id":64914},{"type":"tv","tmdb_id":64500},{"type":"tv","tmdb_id":58564},{"type":"tv","tmdb_id":61678},{"type":"tv","tmdb_id":63951},{"type":"tv","tmdb_id":73860},{"type":"tv","tmdb_id":61949},{"type":"tv","tmdb_id":61894},{"type":"tv","tmdb_id":60810},{"type":"tv","tmdb_id":90230},{"type":"tv","tmdb_id":62668},{"type":"tv","tmdb_id":65616},{"type":"tv","tmdb_id":94739},{"type":"tv","tmdb_id":66084},{"type":"tv","tmdb_id":67143},{"type":"tv","tmdb_id":61399},{"type":"tv","tmdb_id":61192},{"type":"tv","tmdb_id":60806},{"type":"tv","tmdb_id":302685},{"type":"tv","tmdb_id":65157},{"type":"tv","tmdb_id":70805},{"type":"tv","tmdb_id":89268},{"type":"tv","tmdb_id":208303},{"type":"tv","tmdb_id":124433},{"type":"tv","tmdb_id":60871},{"type":"tv","tmdb_id":50846},{"type":"tv","tmdb_id":60610},{"type":"tv","tmdb_id":221608},{"type":"tv","tmdb_id":68876},{"type":"tv","tmdb_id":63217},{"type":"tv","tmdb_id":69217},{"type":"tv","tmdb_id":100363},{"type":"tv","tmdb_id":60941},{"type":"tv","tmdb_id":44163},{"type":"tv","tmdb_id":62416},{"type":"tv","tmdb_id":61700},{"type":"tv","tmdb_id":61488},{"type":"tv","tmdb_id":64031},{"type":"tv","tmdb_id":62217},{"type":"tv","tmdb_id":62611},{"type":"tv","tmdb_id":69355},{"type":"tv","tmdb_id":68143},{"type":"tv","tmdb_id":65068},{"type":"tv","tmdb_id":75468},{"type":"tv","tmdb_id":60805},{"type":"tv","tmdb_id":67615},{"type":"tv","tmdb_id":70525},{"type":"tv","tmdb_id":67340},{"type":"tv","tmdb_id":61815},{"type":"tv","tmdb_id":73516},{"type":"tv","tmdb_id":65067},{"type":"tv","tmdb_id":72031},{"type":"tv","tmdb_id":61742},{"type":"tv","tmdb_id":61789},{"type":"tv","tmdb_id":61407},{"type":"tv","tmdb_id":71781},{"type":"tv","tmdb_id":219538},{"type":"tv","tmdb_id":65646},{"type":"tv","tmdb_id":62317},{"type":"tv","tmdb_id":61173},{"type":"tv","tmdb_id":96784},{"type":"tv","tmdb_id":62348},{"type":"tv","tmdb_id":67492},{"type":"tv","tmdb_id":65200},{"type":"tv","tmdb_id":61953},{"type":"tv","tmdb_id":60817},{"type":"tv","tmdb_id":62479},{"type":"tv","tmdb_id":203296},{"type":"tv","tmdb_id":64410},{"type":"tv","tmdb_id":56761},{"type":"tv","tmdb_id":60827},{"type":"tv","tmdb_id":61669},{"type":"tv","tmdb_id":107560},{"type":"tv","tmdb_id":64376},{"type":"tv","tmdb_id":91075},{"type":"tv","tmdb_id":60993},{"type":"tv","tmdb_id":206170},{"type":"tv","tmdb_id":62284},{"type":"tv","tmdb_id":62296},{"type":"tv","tmdb_id":58951},{"type":"tv","tmdb_id":77175},{"type":"tv","tmdb_id":62690},{"type":"tv","tmdb_id":232463},{"type":"tv","tmdb_id":60842},{"type":"tv","tmdb_id":57389},{"type":"tv","tmdb_id":62234},{"type":"tv","tmdb_id":64884},{"type":"tv","tmdb_id":109918},{"type":"tv","tmdb_id":61785},{"type":"tv","tmdb_id":218276},{"type":"tv","tmdb_id":115576},{"type":"tv","tmdb_id":74191},{"type":"tv","tmdb_id":76495},{"type":"tv","tmdb_id":62185},{"type":"tv","tmdb_id":61543},{"type":"tv","tmdb_id":79208},{"type":"tv","tmdb_id":60748},{"type":"tv","tmdb_id":108965},{"type":"tv","tmdb_id":61256},{"type":"tv","tmdb_id":62553},{"type":"tv","tmdb_id":102414},{"type":"tv","tmdb_id":84390},{"type":"tv","tmdb_id":89049},{"type":"tv","tmdb_id":61202},{"type":"tv","tmdb_id":62923},{"type":"tv","tmdb_id":64909},{"type":"tv","tmdb_id":69441},{"type":"tv","tmdb_id":61123},{"type":"tv","tmdb_id":61231},{"type":"tv","tmdb_id":88389},{"type":"tv","tmdb_id":67877},{"type":"tv","tmdb_id":74537},{"type":"tv","tmdb_id":100942},{"type":"tv","tmdb_id":60845},{"type":"tv","tmdb_id":62072},{"type":"tv","tmdb_id":61190},{"type":"tv","tmdb_id":51402},{"type":"tv","tmdb_id":77727},{"type":"tv","tmdb_id":65968},{"type":"tv","tmdb_id":61498},{"type":"tv","tmdb_id":87645},{"type":"tv","tmdb_id":50132},{"type":"tv","tmdb_id":61140},{"type":"tv","tmdb_id":39564},{"type":"tv","tmdb_id":103039},{"type":"tv","tmdb_id":61380},{"type":"tv","tmdb_id":79468},{"type":"tv","tmdb_id":124285},{"type":"tv","tmdb_id":62763},{"type":"tv","tmdb_id":96583},{"type":"tv","tmdb_id":58810},{"type":"tv","tmdb_id":60828},{"type":"tv","tmdb_id":62572},{"type":"tv","tmdb_id":67503},{"type":"tv","tmdb_id":169583},{"type":"tv","tmdb_id":47699},{"type":"tv","tmdb_id":60909},{"type":"tv","tmdb_id":85157},{"type":"tv","tmdb_id":72806},{"type":"tv","tmdb_id":94189},{"type":"tv","tmdb_id":77294},{"type":"tv","tmdb_id":67468},{"type":"tv","tmdb_id":75992},{"type":"tv","tmdb_id":37850},{"type":"tv","tmdb_id":62807},{"type":"tv","tmdb_id":85784},{"type":"tv","tmdb_id":64203},{"type":"tv","tmdb_id":84734},{"type":"tv","tmdb_id":70929},{"type":"tv","tmdb_id":102825},{"type":"tv","tmdb_id":100942},{"type":"tv","tmdb_id":95887},{"type":"tv","tmdb_id":64884},{"type":"tv","tmdb_id":39564},{"type":"tv","tmdb_id":66824},{"type":"tv","tmdb_id":95390},{"type":"tv","tmdb_id":61123},{"type":"tv","tmdb_id":84612},{"type":"tv","tmdb_id":66856},{"type":"tv","tmdb_id":79924},{"type":"tv","tmdb_id":60819},{"type":"tv","tmdb_id":76102},{"type":"tv","tmdb_id":90662},{"type":"tv","tmdb_id":70718},{"type":"tv","tmdb_id":62234},{"type":"tv","tmdb_id":60867},{"type":"tv","tmdb_id":63951},{"type":"tv","tmdb_id":70929},{"type":"tv","tmdb_id":157564},{"type":"tv","tmdb_id":78850},{"type":"tv","tmdb_id":103039},{"type":"tv","tmdb_id":96583},{"type":"tv","tmdb_id":61380},{"type":"tv","tmdb_id":60602},{"type":"tv","tmdb_id":57277},{"type":"tv","tmdb_id":61245},{"type":"tv","tmdb_id":61146},{"type":"tv","tmdb_id":87150},{"type":"tv","tmdb_id":60632},{"type":"tv","tmdb_id":61791},{"type":"tv","tmdb_id":156331},{"type":"tv","tmdb_id":60649},{"type":"tv","tmdb_id":79006},{"type":"tv","tmdb_id":200985},{"type":"tv","tmdb_id":81989},{"type":"tv","tmdb_id":76835},{"type":"tv","tmdb_id":51046},{"type":"tv","tmdb_id":61231},{"type":"tv","tmdb_id":63217},{"type":"tv","tmdb_id":153985},{"type":"tv","tmdb_id":70014},{"type":"tv","tmdb_id":77294},{"type":"tv","tmdb_id":85421},{"type":"tv","tmdb_id":68143},{"type":"tv","tmdb_id":61543},{"type":"tv","tmdb_id":114224},{"type":"tv","tmdb_id":82652},{"type":"tv","tmdb_id":61873},{"type":"tv","tmdb_id":61059},{"type":"tv","tmdb_id":50841},{"type":"tv","tmdb_id":62572},{"type":"tv","tmdb_id":62865},{"type":"tv","tmdb_id":77727},{"type":"tv","tmdb_id":61508},{"type":"tv","tmdb_id":62072},{"type":"tv","tmdb_id":156465},{"type":"tv","tmdb_id":51212},{"type":"tv","tmdb_id":66229},{"type":"tv","tmdb_id":62111},{"type":"tv","tmdb_id":64542},{"type":"tv","tmdb_id":72699},{"type":"tv","tmdb_id":68183},{"type":"tv","tmdb_id":87150},{"type":"tv","tmdb_id":62496},{"type":"tv","tmdb_id":65558},{"type":"tv","tmdb_id":61506},{"type":"tv","tmdb_id":68786},{"type":"tv","tmdb_id":66716},{"type":"tv","tmdb_id":61225},{"type":"tv","tmdb_id":137216},{"type":"tv","tmdb_id":70306},{"type":"tv","tmdb_id":57277},{"type":"tv","tmdb_id":60819},{"type":"tv","tmdb_id":136983},{"type":"tv","tmdb_id":61689},{"type":"tv","tmdb_id":61831},{"type":"tv","tmdb_id":80761},{"type":"tv","tmdb_id":61404},{"type":"tv","tmdb_id":60649},{"type":"tv","tmdb_id":69607},{"type":"tv","tmdb_id":68598},{"type":"tv","tmdb_id":61009},{"type":"tv","tmdb_id":66578},{"type":"tv","tmdb_id":77706},{"type":"tv","tmdb_id":65238},{"type":"tv","tmdb_id":22938},{"type":"tv","tmdb_id":111014},{"type":"tv","tmdb_id":61157},{"type":"tv","tmdb_id":61429},{"type":"tv","tmdb_id":61739},{"type":"tv","tmdb_id":101091},{"type":"tv","tmdb_id":60829},{"type":"tv","tmdb_id":125360},{"type":"tv","tmdb_id":101758},{"type":"tv","tmdb_id":101358},{"type":"tv","tmdb_id":65147},{"type":"tv","tmdb_id":123340},{"type":"tv","tmdb_id":95390},{"type":"tv","tmdb_id":61393},{"type":"tv","tmdb_id":61251},{"type":"tv","tmdb_id":61424},{"type":"tv","tmdb_id":62637},{"type":"tv","tmdb_id":89268},{"type":"tv","tmdb_id":61405},{"type":"tv","tmdb_id":90437},{"type":"tv","tmdb_id":61635},{"type":"tv","tmdb_id":72903},{"type":"tv","tmdb_id":61187},{"type":"tv","tmdb_id":153910},{"type":"tv","tmdb_id":71307},{"type":"tv","tmdb_id":277757},{"type":"tv","tmdb_id":85969},{"type":"tv","tmdb_id":64965},{"type":"tv","tmdb_id":27755},{"type":"tv","tmdb_id":61432},{"type":"tv","tmdb_id":83166},{"type":"tv","tmdb_id":65528},{"type":"tv","tmdb_id":290059},{"type":"tv","tmdb_id":61450},{"type":"tv","tmdb_id":153286},{"type":"tv","tmdb_id":70722},{"type":"tv","tmdb_id":65525},{"type":"tv","tmdb_id":63416},{"type":"tv","tmdb_id":232463},{"type":"tv","tmdb_id":83018},{"type":"tv","tmdb_id":61314},{"type":"tv","tmdb_id":93530},{"type":"tv","tmdb_id":131623},{"type":"tv","tmdb_id":61435},{"type":"tv","tmdb_id":302685},{"type":"tv","tmdb_id":118740},{"type":"tv","tmdb_id":69552},{"type":"tv","tmdb_id":60869},{"type":"tv","tmdb_id":65722},{"type":"tv","tmdb_id":85421},{"type":"tv","tmdb_id":62296},{"type":"tv","tmdb_id":61130},{"type":"tv","tmdb_id":77234},{"type":"tv","tmdb_id":90713},{"type":"tv","tmdb_id":115204}]}