{"ts":1771218569,"year":"2003","mode":"movie","candidates":[{"type":"movie","tmdb_id":122},{"type":"movie","tmdb_id":22},{"type":"movie","tmdb_id":12},{"type":"movie","tmdb_id":670},{"type":"movie","tmdb_id":24},{"type":"movie","tmdb_id":604},{"type":"movie","tmdb_id":1927},{"type":"movie","tmdb_id":605},{"type":"movie","tmdb_id":11635},{"type":"movie","tmdb_id":9902},{"type":"movie","tmdb_id":296},{"type":"movie","tmdb_id":616},{"type":"movie","tmdb_id":10009},{"type":"movie","tmdb_id":310},{"type":"movie","tmdb_id":508},{"type":"movie","tmdb_id":6466},{"type":"movie","tmdb_id":11423},{"type":"movie","tmdb_id":9358},{"type":"movie","tmdb_id":322},{"type":"movie","tmdb_id":10028},{"type":"movie","tmdb_id":277},{"type":"movie","tmdb_id":4256},{"type":"movie","tmdb_id":2832},{"type":"movie","tmdb_id":9654},{"type":"movie","tmdb_id":9480},{"type":"movie","tmdb_id":1584},{"type":"movie","tmdb_id":587},{"type":"movie","tmdb_id":5653},{"type":"movie","tmdb_id":9919},{"type":"movie","tmdb_id":10330},{"type":"movie","tmdb_id":8961},{"type":"movie","tmdb_id":2116},{"type":"movie","tmdb_id":9373},{"type":"movie","tmdb_id":21542},{"type":"movie","tmdb_id":153},{"type":"movie","tmdb_id":13920},{"type":"movie","tmdb_id":55179},{"type":"movie","tmdb_id":14310},{"type":"movie","tmdb_id":8273},{"type":"movie","tmdb_id":10629},{"type":"movie","tmdb_id":9567},{"type":"movie","tmdb_id":7288},{"type":"movie","tmdb_id":111485},{"type":"movie","tmdb_id":55534},{"type":"movie","tmdb_id":168760},{"type":"movie","tmdb_id":52036},{"type":"movie","tmdb_id":36911},{"type":"movie","tmdb_id":10719},{"type":"movie","tmdb_id":410685},{"type":"movie","tmdb_id":11023},{"type":"movie","tmdb_id":746112},{"type":"movie","tmdb_id":20164},{"type":"movie","tmdb_id":8698},{"type":"movie","tmdb_id":558422},{"type":"movie","tmdb_id":9471},{"type":"movie","tmdb_id":27090},{"type":"movie","tmdb_id":10226},{"type":"movie","tmdb_id":14576},{"type":"movie","tmdb_id":44881},{"type":"movie","tmdb_id":55931},{"type":"movie","tmdb_id":7229},{"type":"movie","tmdb_id":10588},{"type":"movie","tmdb_id":20210},{"type":"movie","tmdb_id":61492},{"type":"movie","tmdb_id":9316},{"type":"movie","tmdb_id":112039},{"type":"movie","tmdb_id":59212},{"type":"movie","tmdb_id":29556},{"type":"movie","tmdb_id":250102},{"type":"movie","tmdb_id":9616},{"type":"movie","tmdb_id":10544},{"type":"movie","tmdb_id":12090},{"type":"movie","tmdb_id":33308},{"type":"movie","tmdb_id":54390},{"type":"movie","tmdb_id":8619},{"type":"movie","tmdb_id":36484},{"type":"movie","tmdb_id":10327},{"type":"movie","tmdb_id":669858},{"type":"movie","tmdb_id":9562},{"type":"movie","tmdb_id":20375},{"type":"movie","tmdb_id":25426},{"type":"movie","tmdb_id":58912},{"type":"movie","tmdb_id":1278},{"type":"movie","tmdb_id":11007},{"type":"movie","tmdb_id":273223},{"type":"movie","tmdb_id":2289},{"type":"movie","tmdb_id":14411},{"type":"movie","tmdb_id":11351},{"type":"movie","tmdb_id":7270},{"type":"movie","tmdb_id":543955},{"type":"movie","tmdb_id":117086},{"type":"movie","tmdb_id":58813},{"type":"movie","tmdb_id":18941},{"type":"movie","tmdb_id":761820},{"type":"movie","tmdb_id":12279},{"type":"movie","tmdb_id":21765},{"type":"movie","tmdb_id":9620},{"type":"movie","tmdb_id":10623},{"type":"movie","tmdb_id":8440},{"type":"movie","tmdb_id":18461},{"type":"movie","tmdb_id":10601},{"type":"movie","tmdb_id":6171},{"type":"movie","tmdb_id":235107},{"type":"movie","tmdb_id":121754},{"type":"movie","tmdb_id":1428},{"type":"movie","tmdb_id":9341},{"type":"movie","tmdb_id":359768},{"type":"movie","tmdb_id":34036},{"type":"movie","tmdb_id":22623},{"type":"movie","tmdb_id":11019},{"type":"movie","tmdb_id":949252},{"type":"movie","tmdb_id":49886},{"type":"movie","tmdb_id":1243063},{"type":"movie","tmdb_id":15394},{"type":"movie","tmdb_id":126003},{"type":"movie","tmdb_id":10735},{"type":"movie","tmdb_id":48244},{"type":"movie","tmdb_id":48391},{"type":"movie","tmdb_id":568629},{"type":"movie","tmdb_id":13654},{"type":"movie","tmdb_id":4613},{"type":"movie","tmdb_id":8326},{"type":"movie","tmdb_id":1415},{"type":"movie","tmdb_id":34606},{"type":"movie","tmdb_id":27468},{"type":"movie","tmdb_id":30246},{"type":"movie","tmdb_id":32235},{"type":"movie","tmdb_id":329518},{"type":"movie","tmdb_id":302},{"type":"movie","tmdb_id":46025},{"type":"movie","tmdb_id":1088},{"type":"movie","tmdb_id":321},{"type":"movie","tmdb_id":10159},{"type":"movie","tmdb_id":244540},{"type":"movie","tmdb_id":31956},{"type":"movie","tmdb_id":36122},{"type":"movie","tmdb_id":553},{"type":"movie","tmdb_id":14942},{"type":"movie","tmdb_id":14759},{"type":"movie","tmdb_id":693356},{"type":"movie","tmdb_id":69661},{"type":"movie","tmdb_id":9256},{"type":"movie","tmdb_id":78630},{"type":"movie","tmdb_id":68929},{"type":"movie","tmdb_id":9486},{"type":"movie","tmdb_id":33339},{"type":"movie","tmdb_id":1513797},{"type":"movie","tmdb_id":67809},{"type":"movie","tmdb_id":45288},{"type":"movie","tmdb_id":12079},{"type":"movie","tmdb_id":654937},{"type":"movie","tmdb_id":73886},{"type":"movie","tmdb_id":102533},{"type":"movie","tmdb_id":15443},{"type":"movie","tmdb_id":433447},{"type":"movie","tmdb_id":437313},{"type":"movie","tmdb_id":71920},{"type":"movie","tmdb_id":14873},{"type":"movie","tmdb_id":71769},{"type":"movie","tmdb_id":168647},{"type":"movie","tmdb_id":340145},{"type":"movie","tmdb_id":151733},{"type":"movie","tmdb_id":729248},{"type":"movie","tmdb_id":69299},{"type":"movie","tmdb_id":2662},{"type":"movie","tmdb_id":353045},{"type":"movie","tmdb_id":48598},{"type":"movie","tmdb_id":1082173},{"type":"movie","tmdb_id":10923},{"type":"movie","tmdb_id":1162768},{"type":"movie","tmdb_id":104161},{"type":"movie","tmdb_id":4552},{"type":"movie","tmdb_id":6964},{"type":"movie","tmdb_id":4326},{"type":"movie","tmdb_id":481406},{"type":"movie","tmdb_id":55496},{"type":"movie","tmdb_id":17473},{"type":"movie","tmdb_id":39198},{"type":"movie","tmdb_id":498563},{"type":"movie","tmdb_id":128866},{"type":"movie","tmdb_id":504},{"type":"movie","tmdb_id":446},{"type":"movie","tmdb_id":153104},{"type":"movie","tmdb_id":24950},{"type":"movie","tmdb_id":40432},{"type":"movie","tmdb_id":97888},{"type":"movie","tmdb_id":230840},{"type":"movie","tmdb_id":99953},{"type":"movie","tmdb_id":531688},{"type":"movie","tmdb_id":60003},{"type":"movie","tmdb_id":73237},{"type":"movie","tmdb_id":27079},{"type":"movie","tmdb_id":9506},{"type":"movie","tmdb_id":401465},{"type":"movie","tmdb_id":376472},{"type":"movie","tmdb_id":176122},{"type":"movie","tmdb_id":45767},{"type":"movie","tmdb_id":14926},{"type":"movie","tmdb_id":8965},{"type":"movie","tmdb_id":506275},{"type":"movie","tmdb_id":348152},{"type":"movie","tmdb_id":50476},{"type":"movie","tmdb_id":1121140},{"type":"movie","tmdb_id":163220},{"type":"movie","tmdb_id":38209},{"type":"movie","tmdb_id":10708},{"type":"movie","tmdb_id":387728},{"type":"movie","tmdb_id":39202},{"type":"movie","tmdb_id":11078},{"type":"movie","tmdb_id":1509441},{"type":"movie","tmdb_id":281394},{"type":"movie","tmdb_id":61043},{"type":"movie","tmdb_id":69630},{"type":"movie","tmdb_id":2577},{"type":"movie","tmdb_id":9257},{"type":"movie","tmdb_id":80516},{"type":"movie","tmdb_id":380001},{"type":"movie","tmdb_id":10147},{"type":"movie","tmdb_id":60582},{"type":"movie","tmdb_id":178516},{"type":"movie","tmdb_id":254947},{"type":"movie","tmdb_id":48585},{"type":"movie","tmdb_id":73256},{"type":"movie","tmdb_id":277181},{"type":"movie","tmdb_id":462944},{"type":"movie","tmdb_id":677925},{"type":"movie","tmdb_id":12768},{"type":"movie","tmdb_id":10782},{"type":"movie","tmdb_id":95140},{"type":"movie","tmdb_id":425886},{"type":"movie","tmdb_id":15016},{"type":"movie","tmdb_id":852201},{"type":"movie","tmdb_id":4970},{"type":"movie","tmdb_id":1435},{"type":"movie","tmdb_id":1323407},{"type":"movie","tmdb_id":59842},{"type":"movie","tmdb_id":10715},{"type":"movie","tmdb_id":288922},{"type":"movie","tmdb_id":67236},{"type":"movie","tmdb_id":169352},{"type":"movie","tmdb_id":346640},{"type":"movie","tmdb_id":6236},{"type":"movie","tmdb_id":309667},{"type":"movie","tmdb_id":287822},{"type":"movie","tmdb_id":71579},{"type":"movie","tmdb_id":581092},{"type":"movie","tmdb_id":532960},{"type":"movie","tmdb_id":266742},{"type":"movie","tmdb_id":342606},{"type":"movie","tmdb_id":2334},{"type":"movie","tmdb_id":11647},{"type":"movie","tmdb_id":1127917},{"type":"movie","tmdb_id":15603},{"type":"movie","tmdb_id":112857},{"type":"movie","tmdb_id":303792},{"type":"movie","tmdb_id":11615},{"type":"movie","tmdb_id":470},{"type":"movie","tmdb_id":762949},{"type":"movie","tmdb_id":51176},{"type":"movie","tmdb_id":69415},{"type":"movie","tmdb_id":311459},{"type":"movie","tmdb_id":348835},{"type":"movie","tmdb_id":705156},{"type":"movie","tmdb_id":246862},{"type":"movie","tmdb_id":168512},{"type":"movie","tmdb_id":1508089},{"type":"movie","tmdb_id":62959},{"type":"movie","tmdb_id":311343},{"type":"movie","tmdb_id":13607},{"type":"movie","tmdb_id":283094},{"type":"movie","tmdb_id":1093992},{"type":"movie","tmdb_id":62991},{"type":"movie","tmdb_id":757449},{"type":"movie","tmdb_id":82040},{"type":"movie","tmdb_id":21683},{"type":"movie","tmdb_id":10610},{"type":"movie","tmdb_id":292593},{"type":"movie","tmdb_id":10572},{"type":"movie","tmdb_id":13156},{"type":"movie","tmdb_id":31069},{"type":"movie","tmdb_id":1133655},{"type":"movie","tmdb_id":325548},{"type":"movie","tmdb_id":352888},{"type":"movie","tmdb_id":59210},{"type":"movie","tmdb_id":411068},{"type":"movie","tmdb_id":1225654},{"type":"movie","tmdb_id":4464},{"type":"movie","tmdb_id":1996},{"type":"movie","tmdb_id":45862},{"type":"movie","tmdb_id":2055},{"type":"movie","tmdb_id":13537},{"type":"movie","tmdb_id":306466},{"type":"movie","tmdb_id":44472},{"type":"movie","tmdb_id":1087188},{"type":"movie","tmdb_id":76656},{"type":"movie","tmdb_id":218669},{"type":"movie","tmdb_id":604306},{"type":"movie","tmdb_id":28385},{"type":"movie","tmdb_id":78954},{"type":"movie","tmdb_id":247029},{"type":"movie","tmdb_id":459898},{"type":"movie","tmdb_id":854464},{"type":"movie","tmdb_id":199765},{"type":"movie","tmdb_id":15567},{"type":"movie","tmdb_id":34737},{"type":"movie","tmdb_id":955736},{"type":"movie","tmdb_id":7090},{"type":"movie","tmdb_id":13433},{"type":"movie","tmdb_id":11189},{"type":"movie","tmdb_id":69059},{"type":"movie","tmdb_id":1268766},{"type":"movie","tmdb_id":67758},{"type":"movie","tmdb_id":352892},{"type":"movie","tmdb_id":40520},{"type":"movie","tmdb_id":936170},{"type":"movie","tmdb_id":11820},{"type":"movie","tmdb_id":10756},{"type":"movie","tmdb_id":185347},{"type":"movie","tmdb_id":11547},{"type":"movie","tmdb_id":1352689},{"type":"movie","tmdb_id":784408},{"type":"movie","tmdb_id":145594},{"type":"movie","tmdb_id":10632},{"type":"movie","tmdb_id":21289},{"type":"movie","tmdb_id":1167846},{"type":"movie","tmdb_id":261608},{"type":"movie","tmdb_id":6038},{"type":"movie","tmdb_id":305685},{"type":"movie","tmdb_id":36401},{"type":"movie","tmdb_id":550301},{"type":"movie","tmdb_id":5591},{"type":"movie","tmdb_id":11775},{"type":"movie","tmdb_id":11329},{"type":"movie","tmdb_id":68374},{"type":"movie","tmdb_id":176223},{"type":"movie","tmdb_id":723244},{"type":"movie","tmdb_id":539532},{"type":"movie","tmdb_id":25536},{"type":"movie","tmdb_id":89511},{"type":"movie","tmdb_id":37791},{"type":"movie","tmdb_id":676338},{"type":"movie","tmdb_id":1155701},{"type":"movie","tmdb_id":11817},{"type":"movie","tmdb_id":109563},{"type":"movie","tmdb_id":10628},{"type":"movie","tmdb_id":25665},{"type":"movie","tmdb_id":218611},{"type":"movie","tmdb_id":708902},{"type":"movie","tmdb_id":10934},{"type":"movie","tmdb_id":308237},{"type":"movie","tmdb_id":645288},{"type":"movie","tmdb_id":14190},{"type":"movie","tmdb_id":20222},{"type":"movie","tmdb_id":1359152},{"type":"movie","tmdb_id":127831},{"type":"movie","tmdb_id":708839},{"type":"movie","tmdb_id":631273},{"type":"movie","tmdb_id":1275934},{"type":"movie","tmdb_id":61570},{"type":"movie","tmdb_id":61652},{"type":"movie","tmdb_id":124248},{"type":"movie","tmdb_id":12696},{"type":"movie","tmdb_id":33598},{"type":"movie","tmdb_id":16250},{"type":"movie","tmdb_id":415224},{"type":"movie","tmdb_id":15824},{"type":"movie","tmdb_id":2358},{"type":"movie","tmdb_id":1346588},{"type":"movie","tmdb_id":467219},{"type":"movie","tmdb_id":323336},{"type":"movie","tmdb_id":126950},{"type":"movie","tmdb_id":436040},{"type":"movie","tmdb_id":228991},{"type":"movie","tmdb_id":19766},{"type":"movie","tmdb_id":41757},{"type":"movie","tmdb_id":9662},{"type":"movie","tmdb_id":41885},{"type":"movie","tmdb_id":835562},{"type":"movie","tmdb_id":1054852},{"type":"movie","tmdb_id":98309},{"type":"movie","tmdb_id":328875},{"type":"movie","tmdb_id":1133666},{"type":"movie","tmdb_id":4997},{"type":"movie","tmdb_id":13398},{"type":"movie","tmdb_id":942509},{"type":"movie","tmdb_id":416671},{"type":"movie","tmdb_id":95993},{"type":"movie","tmdb_id":220590},{"type":"movie","tmdb_id":303042},{"type":"movie","tmdb_id":271124},{"type":"movie","tmdb_id":525491},{"type":"movie","tmdb_id":406310},{"type":"movie","tmdb_id":25988},{"type":"movie","tmdb_id":1456447},{"type":"movie","tmdb_id":1535170},{"type":"movie","tmdb_id":158428},{"type":"movie","tmdb_id":89472},{"type":"movie","tmdb_id":1469926},{"type":"movie","tmdb_id":19277},{"type":"movie","tmdb_id":20791},{"type":"movie","tmdb_id":2056},{"type":"movie","tmdb_id":162336},{"type":"movie","tmdb_id":8991},{"type":"movie","tmdb_id":687716},{"type":"movie","tmdb_id":979988},{"type":"movie","tmdb_id":30349},{"type":"movie","tmdb_id":1549019},{"type":"movie","tmdb_id":1647},{"type":"movie","tmdb_id":96125},{"type":"movie","tmdb_id":295650},{"type":"movie","tmdb_id":200388},{"type":"movie","tmdb_id":1228142},{"type":"movie","tmdb_id":155562},{"type":"movie","tmdb_id":18538},{"type":"movie","tmdb_id":27562},{"type":"movie","tmdb_id":44727},{"type":"movie","tmdb_id":401883},{"type":"movie","tmdb_id":948823},{"type":"movie","tmdb_id":450678},{"type":"movie","tmdb_id":214691},{"type":"movie","tmdb_id":496356},{"type":"movie","tmdb_id":18736},{"type":"movie","tmdb_id":573954},{"type":"movie","tmdb_id":130715},{"type":"movie","tmdb_id":338},{"type":"movie","tmdb_id":40669},{"type":"movie","tmdb_id":10944},{"type":"movie","tmdb_id":1156958},{"type":"movie","tmdb_id":1481167},{"type":"movie","tmdb_id":376226},{"type":"movie","tmdb_id":12146},{"type":"movie","tmdb_id":279681},{"type":"movie","tmdb_id":1166198},{"type":"movie","tmdb_id":325596},{"type":"movie","tmdb_id":13691},{"type":"movie","tmdb_id":499117},{"type":"movie","tmdb_id":520833},{"type":"movie","tmdb_id":155761},{"type":"movie","tmdb_id":430658},{"type":"movie","tmdb_id":621164},{"type":"movie","tmdb_id":815693},{"type":"movie","tmdb_id":1817},{"type":"movie","tmdb_id":1255591},{"type":"movie","tmdb_id":353530},{"type":"movie","tmdb_id":17684},{"type":"movie","tmdb_id":328368},{"type":"movie","tmdb_id":113},{"type":"movie","tmdb_id":11197},{"type":"movie","tmdb_id":145327},{"type":"movie","tmdb_id":594204},{"type":"movie","tmdb_id":27474},{"type":"movie","tmdb_id":260539},{"type":"movie","tmdb_id":995838},{"type":"movie","tmdb_id":246224},{"type":"movie","tmdb_id":51707},{"type":"movie","tmdb_id":401781},{"type":"movie","tmdb_id":271604},{"type":"movie","tmdb_id":246},{"type":"movie","tmdb_id":1273999},{"type":"movie","tmdb_id":8409},{"type":"movie","tmdb_id":12253},{"type":"movie","tmdb_id":46288},{"type":"movie","tmdb_id":107652},{"type":"movie","tmdb_id":807633},{"type":"movie","tmdb_id":53891},{"type":"movie","tmdb_id":460694},{"type":"movie","tmdb_id":12703},{"type":"movie","tmdb_id":347563},{"type":"movie","tmdb_id":317748},{"type":"movie","tmdb_id":16941},{"type":"movie","tmdb_id":163985},{"type":"movie","tmdb_id":321985},{"type":"movie","tmdb_id":497661},{"type":"movie","tmdb_id":4254},{"type":"movie","tmdb_id":117003},{"type":"movie","tmdb_id":1792},{"type":"movie","tmdb_id":11166},{"type":"movie","tmdb_id":1210551},{"type":"movie","tmdb_id":73571},{"type":"movie","tmdb_id":211746},{"type":"movie","tmdb_id":38018},{"type":"movie","tmdb_id":12728},{"type":"movie","tmdb_id":44880},{"type":"movie","tmdb_id":328326},{"type":"movie","tmdb_id":58387},{"type":"movie","tmdb_id":503936},{"type":"movie","tmdb_id":20694},{"type":"movie","tmdb_id":29738},{"type":"movie","tmdb_id":22309},{"type":"movie","tmdb_id":383753},{"type":"movie","tmdb_id":1022263},{"type":"movie","tmdb_id":690643},{"type":"movie","tmdb_id":270158},{"type":"movie","tmdb_id":398788},{"type":"movie","tmdb_id":273066},{"type":"movie","tmdb_id":13411},{"type":"movie","tmdb_id":13370},{"type":"movie","tmdb_id":421693},{"type":"movie","tmdb_id":59122},{"type":"movie","tmdb_id":300170},{"type":"movie","tmdb_id":903967},{"type":"movie","tmdb_id":219808},{"type":"movie","tmdb_id":13630},{"type":"movie","tmdb_id":1807},{"type":"movie","tmdb_id":393642},{"type":"movie","tmdb_id":880822},{"type":"movie","tmdb_id":22082},{"type":"movie","tmdb_id":1302384},{"type":"movie","tmdb_id":591776},{"type":"movie","tmdb_id":164797},{"type":"movie","tmdb_id":71319},{"type":"movie","tmdb_id":439232},{"type":"movie","tmdb_id":286432},{"type":"movie","tmdb_id":18248},{"type":"movie","tmdb_id":1197838},{"type":"movie","tmdb_id":330258},{"type":"movie","tmdb_id":309557},{"type":"movie","tmdb_id":975567},{"type":"movie","tmdb_id":222955},{"type":"movie","tmdb_id":98613},{"type":"movie","tmdb_id":20},{"type":"movie","tmdb_id":16072},{"type":"movie","tmdb_id":85580},{"type":"movie","tmdb_id":516999},{"type":"movie","tmdb_id":457417},{"type":"movie","tmdb_id":438207},{"type":"movie","tmdb_id":1073938},{"type":"movie","tmdb_id":10922},{"type":"movie","tmdb_id":40768},{"type":"movie","tmdb_id":32293},{"type":"movie","tmdb_id":761687},{"type":"movie","tmdb_id":800716},{"type":"movie","tmdb_id":470880},{"type":"movie","tmdb_id":70050},{"type":"movie","tmdb_id":257740},{"type":"movie","tmdb_id":347549},{"type":"movie","tmdb_id":25523},{"type":"movie","tmdb_id":1018034},{"type":"movie","tmdb_id":886655},{"type":"movie","tmdb_id":9839},{"type":"movie","tmdb_id":79867},{"type":"movie","tmdb_id":9666},{"type":"movie","tmdb_id":10720},{"type":"movie","tmdb_id":8046},{"type":"movie","tmdb_id":27007},{"type":"movie","tmdb_id":98230},{"type":"movie","tmdb_id":11093},{"type":"movie","tmdb_id":45382},{"type":"movie","tmdb_id":244967},{"type":"movie","tmdb_id":444463},{"type":"movie","tmdb_id":10932},{"type":"movie","tmdb_id":254319},{"type":"movie","tmdb_id":17457},{"type":"movie","tmdb_id":399085},{"type":"movie","tmdb_id":58807},{"type":"movie","tmdb_id":306474},{"type":"movie","tmdb_id":26264},{"type":"movie","tmdb_id":1040389},{"type":"movie","tmdb_id":107059},{"type":"movie","tmdb_id":406232},{"type":"movie","tmdb_id":47159},{"type":"movie","tmdb_id":28103},{"type":"movie","tmdb_id":922480},{"type":"movie","tmdb_id":93884},{"type":"movie","tmdb_id":369174},{"type":"movie","tmdb_id":140452},{"type":"movie","tmdb_id":9694},{"type":"movie","tmdb_id":1455197},{"type":"movie","tmdb_id":1422483},{"type":"movie","tmdb_id":56969},{"type":"movie","tmdb_id":1103087},{"type":"movie","tmdb_id":588540},{"type":"movie","tmdb_id":14258},{"type":"movie","tmdb_id":262445},{"type":"movie","tmdb_id":403159},{"type":"movie","tmdb_id":253074},{"type":"movie","tmdb_id":3177},{"type":"movie","tmdb_id":684959},{"type":"movie","tmdb_id":242900},{"type":"movie","tmdb_id":969604},{"type":"movie","tmdb_id":689216},{"type":"movie","tmdb_id":84697},{"type":"movie","tmdb_id":453579},{"type":"movie","tmdb_id":371183},{"type":"movie","tmdb_id":246355},{"type":"movie","tmdb_id":12767},{"type":"movie","tmdb_id":257947},{"type":"movie","tmdb_id":348037},{"type":"movie","tmdb_id":8696},{"type":"movie","tmdb_id":190362},{"type":"movie","tmdb_id":573291},{"type":"movie","tmdb_id":24554},{"type":"movie","tmdb_id":1486359},{"type":"movie","tmdb_id":318878},{"type":"movie","tmdb_id":10152},{"type":"movie","tmdb_id":339320},{"type":"movie","tmdb_id":864040},{"type":"movie","tmdb_id":977216},{"type":"movie","tmdb_id":784210},{"type":"movie","tmdb_id":25516}]}