{"ts":1771219780,"year":"2005","mode":"movie","candidates":[{"type":"movie","tmdb_id":411},{"type":"movie","tmdb_id":272},{"type":"movie","tmdb_id":674},{"type":"movie","tmdb_id":4348},{"type":"movie","tmdb_id":118},{"type":"movie","tmdb_id":953},{"type":"movie","tmdb_id":1495},{"type":"movie","tmdb_id":244998},{"type":"movie","tmdb_id":3933},{"type":"movie","tmdb_id":787},{"type":"movie","tmdb_id":9928},{"type":"movie","tmdb_id":142},{"type":"movie","tmdb_id":561},{"type":"movie","tmdb_id":9738},{"type":"movie","tmdb_id":1895},{"type":"movie","tmdb_id":254},{"type":"movie","tmdb_id":1635},{"type":"movie","tmdb_id":74},{"type":"movie","tmdb_id":9982},{"type":"movie","tmdb_id":5289},{"type":"movie","tmdb_id":16411},{"type":"movie","tmdb_id":16320},{"type":"movie","tmdb_id":10066},{"type":"movie","tmdb_id":187},{"type":"movie","tmdb_id":9291},{"type":"movie","tmdb_id":10022},{"type":"movie","tmdb_id":9335},{"type":"movie","tmdb_id":55504},{"type":"movie","tmdb_id":44729},{"type":"movie","tmdb_id":10982},{"type":"movie","tmdb_id":27902},{"type":"movie","tmdb_id":6439},{"type":"movie","tmdb_id":11171},{"type":"movie","tmdb_id":533},{"type":"movie","tmdb_id":9885},{"type":"movie","tmdb_id":231},{"type":"movie","tmdb_id":58646},{"type":"movie","tmdb_id":215},{"type":"movie","tmdb_id":612},{"type":"movie","tmdb_id":58531},{"type":"movie","tmdb_id":14147},{"type":"movie","tmdb_id":2313},{"type":"movie","tmdb_id":299438},{"type":"movie","tmdb_id":97361},{"type":"movie","tmdb_id":9392},{"type":"movie","tmdb_id":21481},{"type":"movie","tmdb_id":10064},{"type":"movie","tmdb_id":6795},{"type":"movie","tmdb_id":2610},{"type":"movie","tmdb_id":64942},{"type":"movie","tmdb_id":25},{"type":"movie","tmdb_id":7553},{"type":"movie","tmdb_id":1444},{"type":"movie","tmdb_id":9522},{"type":"movie","tmdb_id":38567},{"type":"movie","tmdb_id":7453},{"type":"movie","tmdb_id":57251},{"type":"movie","tmdb_id":6957},{"type":"movie","tmdb_id":1640},{"type":"movie","tmdb_id":11679},{"type":"movie","tmdb_id":10116},{"type":"movie","tmdb_id":30238},{"type":"movie","tmdb_id":24123},{"type":"movie","tmdb_id":17455},{"type":"movie","tmdb_id":15907},{"type":"movie","tmdb_id":14597},{"type":"movie","tmdb_id":115368},{"type":"movie","tmdb_id":9947},{"type":"movie","tmdb_id":8202},{"type":"movie","tmdb_id":11451},{"type":"movie","tmdb_id":272220},{"type":"movie","tmdb_id":45118},{"type":"movie","tmdb_id":14922},{"type":"movie","tmdb_id":8292},{"type":"movie","tmdb_id":47488},{"type":"movie","tmdb_id":1830},{"type":"movie","tmdb_id":16910},{"type":"movie","tmdb_id":13417},{"type":"movie","tmdb_id":11459},{"type":"movie","tmdb_id":74078},{"type":"movie","tmdb_id":1497328},{"type":"movie","tmdb_id":17186},{"type":"movie","tmdb_id":72538},{"type":"movie","tmdb_id":1656},{"type":"movie","tmdb_id":15258},{"type":"movie","tmdb_id":8488},{"type":"movie","tmdb_id":1904},{"type":"movie","tmdb_id":20760},{"type":"movie","tmdb_id":374004},{"type":"movie","tmdb_id":33712},{"type":"movie","tmdb_id":7214},{"type":"movie","tmdb_id":42246},{"type":"movie","tmdb_id":179091},{"type":"movie","tmdb_id":14199},{"type":"movie","tmdb_id":10065},{"type":"movie","tmdb_id":5236},{"type":"movie","tmdb_id":127711},{"type":"movie","tmdb_id":14174},{"type":"movie","tmdb_id":9753},{"type":"movie","tmdb_id":91908},{"type":"movie","tmdb_id":90840},{"type":"movie","tmdb_id":13430},{"type":"movie","tmdb_id":63334},{"type":"movie","tmdb_id":43625},{"type":"movie","tmdb_id":11638},{"type":"movie","tmdb_id":42348},{"type":"movie","tmdb_id":26541},{"type":"movie","tmdb_id":14166},{"type":"movie","tmdb_id":47645},{"type":"movie","tmdb_id":1951},{"type":"movie","tmdb_id":106222},{"type":"movie","tmdb_id":26168},{"type":"movie","tmdb_id":11683},{"type":"movie","tmdb_id":20941},{"type":"movie","tmdb_id":9315},{"type":"movie","tmdb_id":70955},{"type":"movie","tmdb_id":8643},{"type":"movie","tmdb_id":540},{"type":"movie","tmdb_id":67},{"type":"movie","tmdb_id":180526},{"type":"movie","tmdb_id":279534},{"type":"movie","tmdb_id":252345},{"type":"movie","tmdb_id":8814},{"type":"movie","tmdb_id":409674},{"type":"movie","tmdb_id":19629},{"type":"movie","tmdb_id":10263},{"type":"movie","tmdb_id":11453},{"type":"movie","tmdb_id":8923},{"type":"movie","tmdb_id":30548},{"type":"movie","tmdb_id":386813},{"type":"movie","tmdb_id":14407},{"type":"movie","tmdb_id":44935},{"type":"movie","tmdb_id":10598},{"type":"movie","tmdb_id":45824},{"type":"movie","tmdb_id":62135},{"type":"movie","tmdb_id":84140},{"type":"movie","tmdb_id":89453},{"type":"movie","tmdb_id":4550},{"type":"movie","tmdb_id":16367},{"type":"movie","tmdb_id":784068},{"type":"movie","tmdb_id":547064},{"type":"movie","tmdb_id":8982},{"type":"movie","tmdb_id":22817},{"type":"movie","tmdb_id":10214},{"type":"movie","tmdb_id":33446},{"type":"movie","tmdb_id":18279},{"type":"movie","tmdb_id":15978},{"type":"movie","tmdb_id":9667},{"type":"movie","tmdb_id":31277},{"type":"movie","tmdb_id":58302},{"type":"movie","tmdb_id":28976},{"type":"movie","tmdb_id":11283},{"type":"movie","tmdb_id":69},{"type":"movie","tmdb_id":10060},{"type":"movie","tmdb_id":16186},{"type":"movie","tmdb_id":8274},{"type":"movie","tmdb_id":10252},{"type":"movie","tmdb_id":5413},{"type":"movie","tmdb_id":9042},{"type":"movie","tmdb_id":59},{"type":"movie","tmdb_id":1503960},{"type":"movie","tmdb_id":12221},{"type":"movie","tmdb_id":7552},{"type":"movie","tmdb_id":10810},{"type":"movie","tmdb_id":26041},{"type":"movie","tmdb_id":281011},{"type":"movie","tmdb_id":13461},{"type":"movie","tmdb_id":12517},{"type":"movie","tmdb_id":333932},{"type":"movie","tmdb_id":898506},{"type":"movie","tmdb_id":791},{"type":"movie","tmdb_id":68297},{"type":"movie","tmdb_id":10851},{"type":"movie","tmdb_id":360836},{"type":"movie","tmdb_id":75025},{"type":"movie","tmdb_id":25312},{"type":"movie","tmdb_id":378389},{"type":"movie","tmdb_id":1252106},{"type":"movie","tmdb_id":583102},{"type":"movie","tmdb_id":7233},{"type":"movie","tmdb_id":1371714},{"type":"movie","tmdb_id":89016},{"type":"movie","tmdb_id":14177},{"type":"movie","tmdb_id":2026},{"type":"movie","tmdb_id":25799},{"type":"movie","tmdb_id":4442},{"type":"movie","tmdb_id":48431},{"type":"movie","tmdb_id":223746},{"type":"movie","tmdb_id":15657},{"type":"movie","tmdb_id":241092},{"type":"movie","tmdb_id":61393},{"type":"movie","tmdb_id":7364},{"type":"movie","tmdb_id":1546},{"type":"movie","tmdb_id":10418},{"type":"movie","tmdb_id":612727},{"type":"movie","tmdb_id":372731},{"type":"movie","tmdb_id":5070},{"type":"movie","tmdb_id":116},{"type":"movie","tmdb_id":112627},{"type":"movie","tmdb_id":104508},{"type":"movie","tmdb_id":22619},{"type":"movie","tmdb_id":8066},{"type":"movie","tmdb_id":290997},{"type":"movie","tmdb_id":1398407},{"type":"movie","tmdb_id":68270},{"type":"movie","tmdb_id":65763},{"type":"movie","tmdb_id":9899},{"type":"movie","tmdb_id":333928},{"type":"movie","tmdb_id":9007},{"type":"movie","tmdb_id":1005938},{"type":"movie","tmdb_id":15906},{"type":"movie","tmdb_id":833141},{"type":"movie","tmdb_id":78228},{"type":"movie","tmdb_id":1127},{"type":"movie","tmdb_id":129518},{"type":"movie","tmdb_id":6519},{"type":"movie","tmdb_id":77289},{"type":"movie","tmdb_id":20436},{"type":"movie","tmdb_id":189429},{"type":"movie","tmdb_id":19965},{"type":"movie","tmdb_id":52405},{"type":"movie","tmdb_id":155245},{"type":"movie","tmdb_id":65108},{"type":"movie","tmdb_id":305374},{"type":"movie","tmdb_id":388568},{"type":"movie","tmdb_id":88082},{"type":"movie","tmdb_id":257371},{"type":"movie","tmdb_id":15821},{"type":"movie","tmdb_id":363720},{"type":"movie","tmdb_id":1115},{"type":"movie","tmdb_id":277486},{"type":"movie","tmdb_id":352652},{"type":"movie","tmdb_id":4379},{"type":"movie","tmdb_id":11344},{"type":"movie","tmdb_id":783355},{"type":"movie","tmdb_id":9388},{"type":"movie","tmdb_id":9722},{"type":"movie","tmdb_id":76716},{"type":"movie","tmdb_id":11968},{"type":"movie","tmdb_id":24523},{"type":"movie","tmdb_id":9641},{"type":"movie","tmdb_id":682250},{"type":"movie","tmdb_id":37035},{"type":"movie","tmdb_id":10040},{"type":"movie","tmdb_id":20651},{"type":"movie","tmdb_id":330387},{"type":"movie","tmdb_id":1083649},{"type":"movie","tmdb_id":497887},{"type":"movie","tmdb_id":680751},{"type":"movie","tmdb_id":237427},{"type":"movie","tmdb_id":673875},{"type":"movie","tmdb_id":655243},{"type":"movie","tmdb_id":227534},{"type":"movie","tmdb_id":626489},{"type":"movie","tmdb_id":11460},{"type":"movie","tmdb_id":4551},{"type":"movie","tmdb_id":9681},{"type":"movie","tmdb_id":13374},{"type":"movie","tmdb_id":541368},{"type":"movie","tmdb_id":527137},{"type":"movie","tmdb_id":527137},{"type":"movie","tmdb_id":65109},{"type":"movie","tmdb_id":936973},{"type":"movie","tmdb_id":58462},{"type":"movie","tmdb_id":170085},{"type":"movie","tmdb_id":921},{"type":"movie","tmdb_id":600056},{"type":"movie","tmdb_id":10048},{"type":"movie","tmdb_id":141601},{"type":"movie","tmdb_id":9912},{"type":"movie","tmdb_id":160322},{"type":"movie","tmdb_id":1209353},{"type":"movie","tmdb_id":70280},{"type":"movie","tmdb_id":331068},{"type":"movie","tmdb_id":775351},{"type":"movie","tmdb_id":1530040},{"type":"movie","tmdb_id":9923},{"type":"movie","tmdb_id":289329},{"type":"movie","tmdb_id":848805},{"type":"movie","tmdb_id":31021},{"type":"movie","tmdb_id":24615},{"type":"movie","tmdb_id":159192},{"type":"movie","tmdb_id":9763},{"type":"movie","tmdb_id":20994},{"type":"movie","tmdb_id":179},{"type":"movie","tmdb_id":271135},{"type":"movie","tmdb_id":11653},{"type":"movie","tmdb_id":539995},{"type":"movie","tmdb_id":2652},{"type":"movie","tmdb_id":265947},{"type":"movie","tmdb_id":9987},{"type":"movie","tmdb_id":260156},{"type":"movie","tmdb_id":10320},{"type":"movie","tmdb_id":194938},{"type":"movie","tmdb_id":262084},{"type":"movie","tmdb_id":72720},{"type":"movie","tmdb_id":25107},{"type":"movie","tmdb_id":230680},{"type":"movie","tmdb_id":30178},{"type":"movie","tmdb_id":5890},{"type":"movie","tmdb_id":451104},{"type":"movie","tmdb_id":18428},{"type":"movie","tmdb_id":56030},{"type":"movie","tmdb_id":121813},{"type":"movie","tmdb_id":30633},{"type":"movie","tmdb_id":9787},{"type":"movie","tmdb_id":113381},{"type":"movie","tmdb_id":11637},{"type":"movie","tmdb_id":21136},{"type":"movie","tmdb_id":282030},{"type":"movie","tmdb_id":74055},{"type":"movie","tmdb_id":1064101},{"type":"movie","tmdb_id":210524},{"type":"movie","tmdb_id":196536},{"type":"movie","tmdb_id":206714},{"type":"movie","tmdb_id":126292},{"type":"movie","tmdb_id":685993},{"type":"movie","tmdb_id":47525},{"type":"movie","tmdb_id":4913},{"type":"movie","tmdb_id":203887},{"type":"movie","tmdb_id":1515379},{"type":"movie","tmdb_id":606055},{"type":"movie","tmdb_id":132445},{"type":"movie","tmdb_id":543080},{"type":"movie","tmdb_id":100507},{"type":"movie","tmdb_id":14228},{"type":"movie","tmdb_id":24618},{"type":"movie","tmdb_id":200560},{"type":"movie","tmdb_id":1047038},{"type":"movie","tmdb_id":156960},{"type":"movie","tmdb_id":55170},{"type":"movie","tmdb_id":948283},{"type":"movie","tmdb_id":28036},{"type":"movie","tmdb_id":41825},{"type":"movie","tmdb_id":428103},{"type":"movie","tmdb_id":14003},{"type":"movie","tmdb_id":1213881},{"type":"movie","tmdb_id":230528},{"type":"movie","tmdb_id":10076},{"type":"movie","tmdb_id":61460},{"type":"movie","tmdb_id":46333},{"type":"movie","tmdb_id":1405845},{"type":"movie","tmdb_id":9913},{"type":"movie","tmdb_id":175832},{"type":"movie","tmdb_id":10509},{"type":"movie","tmdb_id":410425},{"type":"movie","tmdb_id":61819},{"type":"movie","tmdb_id":72305},{"type":"movie","tmdb_id":481},{"type":"movie","tmdb_id":63616},{"type":"movie","tmdb_id":52125},{"type":"movie","tmdb_id":72676},{"type":"movie","tmdb_id":14175},{"type":"movie","tmdb_id":305940},{"type":"movie","tmdb_id":9009},{"type":"movie","tmdb_id":135130},{"type":"movie","tmdb_id":403951},{"type":"movie","tmdb_id":14734},{"type":"movie","tmdb_id":38815},{"type":"movie","tmdb_id":794957},{"type":"movie","tmdb_id":7873},{"type":"movie","tmdb_id":37846},{"type":"movie","tmdb_id":1454953},{"type":"movie","tmdb_id":1370497},{"type":"movie","tmdb_id":46661},{"type":"movie","tmdb_id":438340},{"type":"movie","tmdb_id":13499},{"type":"movie","tmdb_id":1833},{"type":"movie","tmdb_id":1028603},{"type":"movie","tmdb_id":1985},{"type":"movie","tmdb_id":1085406},{"type":"movie","tmdb_id":794591},{"type":"movie","tmdb_id":500339},{"type":"movie","tmdb_id":11227},{"type":"movie","tmdb_id":46113},{"type":"movie","tmdb_id":122702},{"type":"movie","tmdb_id":333771},{"type":"movie","tmdb_id":238579},{"type":"movie","tmdb_id":15022},{"type":"movie","tmdb_id":439851},{"type":"movie","tmdb_id":10703},{"type":"movie","tmdb_id":18606},{"type":"movie","tmdb_id":40746},{"type":"movie","tmdb_id":507751},{"type":"movie","tmdb_id":555},{"type":"movie","tmdb_id":32444},{"type":"movie","tmdb_id":249343},{"type":"movie","tmdb_id":39344},{"type":"movie","tmdb_id":10033},{"type":"movie","tmdb_id":76826},{"type":"movie","tmdb_id":1485765},{"type":"movie","tmdb_id":400849},{"type":"movie","tmdb_id":34067},{"type":"movie","tmdb_id":364566},{"type":"movie","tmdb_id":11096},{"type":"movie","tmdb_id":817334},{"type":"movie","tmdb_id":571874},{"type":"movie","tmdb_id":80703},{"type":"movie","tmdb_id":28512},{"type":"movie","tmdb_id":1296339},{"type":"movie","tmdb_id":358305},{"type":"movie","tmdb_id":42968},{"type":"movie","tmdb_id":129433},{"type":"movie","tmdb_id":877006},{"type":"movie","tmdb_id":142093},{"type":"movie","tmdb_id":1319698},{"type":"movie","tmdb_id":41396},{"type":"movie","tmdb_id":387262},{"type":"movie","tmdb_id":15839},{"type":"movie","tmdb_id":19659},{"type":"movie","tmdb_id":841330},{"type":"movie","tmdb_id":356604},{"type":"movie","tmdb_id":426630},{"type":"movie","tmdb_id":926524},{"type":"movie","tmdb_id":1180581},{"type":"movie","tmdb_id":112360},{"type":"movie","tmdb_id":1261995},{"type":"movie","tmdb_id":289771},{"type":"movie","tmdb_id":96641},{"type":"movie","tmdb_id":189433},{"type":"movie","tmdb_id":11661},{"type":"movie","tmdb_id":10027},{"type":"movie","tmdb_id":55460},{"type":"movie","tmdb_id":974209},{"type":"movie","tmdb_id":269375},{"type":"movie","tmdb_id":9052},{"type":"movie","tmdb_id":168891},{"type":"movie","tmdb_id":1215509},{"type":"movie","tmdb_id":41140},{"type":"movie","tmdb_id":569342},{"type":"movie","tmdb_id":202511},{"type":"movie","tmdb_id":647},{"type":"movie","tmdb_id":565855},{"type":"movie","tmdb_id":61945},{"type":"movie","tmdb_id":627529},{"type":"movie","tmdb_id":239043},{"type":"movie","tmdb_id":1312597},{"type":"movie","tmdb_id":68217},{"type":"movie","tmdb_id":1208728},{"type":"movie","tmdb_id":1246968},{"type":"movie","tmdb_id":267947},{"type":"movie","tmdb_id":1420240},{"type":"movie","tmdb_id":20771},{"type":"movie","tmdb_id":317426},{"type":"movie","tmdb_id":13682},{"type":"movie","tmdb_id":295794},{"type":"movie","tmdb_id":147241},{"type":"movie","tmdb_id":348945},{"type":"movie","tmdb_id":26147},{"type":"movie","tmdb_id":11400},{"type":"movie","tmdb_id":484232},{"type":"movie","tmdb_id":360915},{"type":"movie","tmdb_id":976190},{"type":"movie","tmdb_id":11931},{"type":"movie","tmdb_id":58953},{"type":"movie","tmdb_id":460938},{"type":"movie","tmdb_id":34175},{"type":"movie","tmdb_id":61661},{"type":"movie","tmdb_id":872511},{"type":"movie","tmdb_id":262601},{"type":"movie","tmdb_id":1177247},{"type":"movie","tmdb_id":452594},{"type":"movie","tmdb_id":1023},{"type":"movie","tmdb_id":21506},{"type":"movie","tmdb_id":1696},{"type":"movie","tmdb_id":13994},{"type":"movie","tmdb_id":574520},{"type":"movie","tmdb_id":21791},{"type":"movie","tmdb_id":702660},{"type":"movie","tmdb_id":1445239},{"type":"movie","tmdb_id":717597},{"type":"movie","tmdb_id":655804},{"type":"movie","tmdb_id":55023},{"type":"movie","tmdb_id":807533},{"type":"movie","tmdb_id":40986},{"type":"movie","tmdb_id":9701},{"type":"movie","tmdb_id":2800},{"type":"movie","tmdb_id":31822},{"type":"movie","tmdb_id":12700},{"type":"movie","tmdb_id":10012},{"type":"movie","tmdb_id":954389},{"type":"movie","tmdb_id":976908},{"type":"movie","tmdb_id":99410},{"type":"movie","tmdb_id":225298},{"type":"movie","tmdb_id":39204},{"type":"movie","tmdb_id":506967},{"type":"movie","tmdb_id":14695},{"type":"movie","tmdb_id":145398},{"type":"movie","tmdb_id":1396125},{"type":"movie","tmdb_id":215969},{"type":"movie","tmdb_id":63036},{"type":"movie","tmdb_id":841230},{"type":"movie","tmdb_id":352630},{"type":"movie","tmdb_id":61861},{"type":"movie","tmdb_id":524574},{"type":"movie","tmdb_id":93407},{"type":"movie","tmdb_id":1266503},{"type":"movie","tmdb_id":398},{"type":"movie","tmdb_id":791370},{"type":"movie","tmdb_id":456114},{"type":"movie","tmdb_id":390834},{"type":"movie","tmdb_id":12228},{"type":"movie","tmdb_id":1622},{"type":"movie","tmdb_id":12699},{"type":"movie","tmdb_id":257},{"type":"movie","tmdb_id":940844},{"type":"movie","tmdb_id":50724},{"type":"movie","tmdb_id":148817},{"type":"movie","tmdb_id":966826},{"type":"movie","tmdb_id":215784},{"type":"movie","tmdb_id":312547},{"type":"movie","tmdb_id":353374},{"type":"movie","tmdb_id":155418},{"type":"movie","tmdb_id":443141},{"type":"movie","tmdb_id":1033837},{"type":"movie","tmdb_id":1436666},{"type":"movie","tmdb_id":1399271},{"type":"movie","tmdb_id":5177},{"type":"movie","tmdb_id":144570},{"type":"movie","tmdb_id":445},{"type":"movie","tmdb_id":1043556},{"type":"movie","tmdb_id":76614},{"type":"movie","tmdb_id":1182953},{"type":"movie","tmdb_id":68534},{"type":"movie","tmdb_id":35631},{"type":"movie","tmdb_id":10070},{"type":"movie","tmdb_id":9043},{"type":"movie","tmdb_id":940733},{"type":"movie","tmdb_id":20077},{"type":"movie","tmdb_id":898766},{"type":"movie","tmdb_id":392526},{"type":"movie","tmdb_id":8978},{"type":"movie","tmdb_id":9621},{"type":"movie","tmdb_id":62297},{"type":"movie","tmdb_id":32990},{"type":"movie","tmdb_id":165534},{"type":"movie","tmdb_id":20388},{"type":"movie","tmdb_id":205637},{"type":"movie","tmdb_id":450432},{"type":"movie","tmdb_id":1171655},{"type":"movie","tmdb_id":339585},{"type":"movie","tmdb_id":40003},{"type":"movie","tmdb_id":56803},{"type":"movie","tmdb_id":40769},{"type":"movie","tmdb_id":875632},{"type":"movie","tmdb_id":1248724},{"type":"movie","tmdb_id":1164844},{"type":"movie","tmdb_id":20910},{"type":"movie","tmdb_id":163624},{"type":"movie","tmdb_id":1406770},{"type":"movie","tmdb_id":547298},{"type":"movie","tmdb_id":6621},{"type":"movie","tmdb_id":29508},{"type":"movie","tmdb_id":341715},{"type":"movie","tmdb_id":64339},{"type":"movie","tmdb_id":416215},{"type":"movie","tmdb_id":16040},{"type":"movie","tmdb_id":403218},{"type":"movie","tmdb_id":1200975},{"type":"movie","tmdb_id":85252},{"type":"movie","tmdb_id":605587},{"type":"movie","tmdb_id":120767},{"type":"movie","tmdb_id":74982},{"type":"movie","tmdb_id":39190},{"type":"movie","tmdb_id":16608},{"type":"movie","tmdb_id":1208734},{"type":"movie","tmdb_id":324769},{"type":"movie","tmdb_id":3291},{"type":"movie","tmdb_id":573831},{"type":"movie","tmdb_id":848995},{"type":"movie","tmdb_id":932747},{"type":"movie","tmdb_id":221973},{"type":"movie","tmdb_id":384662},{"type":"movie","tmdb_id":14375},{"type":"movie","tmdb_id":112417},{"type":"movie","tmdb_id":591543},{"type":"movie","tmdb_id":58788},{"type":"movie","tmdb_id":99312},{"type":"movie","tmdb_id":13127},{"type":"movie","tmdb_id":509843},{"type":"movie","tmdb_id":138113},{"type":"movie","tmdb_id":21751},{"type":"movie","tmdb_id":2008},{"type":"movie","tmdb_id":17124},{"type":"movie","tmdb_id":330716},{"type":"movie","tmdb_id":31046},{"type":"movie","tmdb_id":1443542},{"type":"movie","tmdb_id":80002},{"type":"movie","tmdb_id":65215},{"type":"movie","tmdb_id":373375},{"type":"movie","tmdb_id":13498},{"type":"movie","tmdb_id":67805},{"type":"movie","tmdb_id":83824},{"type":"movie","tmdb_id":244741},{"type":"movie","tmdb_id":86783},{"type":"movie","tmdb_id":13802},{"type":"movie","tmdb_id":1553212},{"type":"movie","tmdb_id":266242},{"type":"movie","tmdb_id":115508},{"type":"movie","tmdb_id":38534}]}