{"ts":1771272446,"year":"2025","mode":"movie","candidates":[{"type":"movie","tmdb_id":434853},{"type":"movie","tmdb_id":1084242},{"type":"movie","tmdb_id":1368166},{"type":"movie","tmdb_id":1242898},{"type":"movie","tmdb_id":1419406},{"type":"movie","tmdb_id":1317288},{"type":"movie","tmdb_id":83533},{"type":"movie","tmdb_id":755898},{"type":"movie","tmdb_id":1503900},{"type":"movie","tmdb_id":1271895},{"type":"movie","tmdb_id":1310568},{"type":"movie","tmdb_id":1234731},{"type":"movie","tmdb_id":1043197},{"type":"movie","tmdb_id":858024},{"type":"movie","tmdb_id":1311031},{"type":"movie","tmdb_id":1167307},{"type":"movie","tmdb_id":1528660},{"type":"movie","tmdb_id":1511417},{"type":"movie","tmdb_id":425274},{"type":"movie","tmdb_id":1242501},{"type":"movie","tmdb_id":991494},{"type":"movie","tmdb_id":1563506},{"type":"movie","tmdb_id":1252037},{"type":"movie","tmdb_id":1254754},{"type":"movie","tmdb_id":1408208},{"type":"movie","tmdb_id":1246049},{"type":"movie","tmdb_id":587370},{"type":"movie","tmdb_id":803796},{"type":"movie","tmdb_id":1364904},{"type":"movie","tmdb_id":628847},{"type":"movie","tmdb_id":1054867},{"type":"movie","tmdb_id":575265},{"type":"movie","tmdb_id":1433680},{"type":"movie","tmdb_id":1223601},{"type":"movie","tmdb_id":1196067},{"type":"movie","tmdb_id":1062722},{"type":"movie","tmdb_id":982843},{"type":"movie","tmdb_id":1212742},{"type":"movie","tmdb_id":1600028},{"type":"movie","tmdb_id":533533},{"type":"movie","tmdb_id":1131759},{"type":"movie","tmdb_id":1228246},{"type":"movie","tmdb_id":1448560},{"type":"movie","tmdb_id":1061474},{"type":"movie","tmdb_id":911430},{"type":"movie","tmdb_id":1387382},{"type":"movie","tmdb_id":1475637},{"type":"movie","tmdb_id":1491902},{"type":"movie","tmdb_id":1234821},{"type":"movie","tmdb_id":1439112},{"type":"movie","tmdb_id":1218925},{"type":"movie","tmdb_id":980477},{"type":"movie","tmdb_id":617126},{"type":"movie","tmdb_id":1539104},{"type":"movie","tmdb_id":1233413},{"type":"movie","tmdb_id":1466115},{"type":"movie","tmdb_id":639988},{"type":"movie","tmdb_id":1087192},{"type":"movie","tmdb_id":1247002},{"type":"movie","tmdb_id":1083637},{"type":"movie","tmdb_id":1147411},{"type":"movie","tmdb_id":1214931},{"type":"movie","tmdb_id":1259102},{"type":"movie","tmdb_id":1137179},{"type":"movie","tmdb_id":1600028},{"type":"movie","tmdb_id":1590097},{"type":"movie","tmdb_id":1370814},{"type":"movie","tmdb_id":1035259},{"type":"movie","tmdb_id":1247002},{"type":"movie","tmdb_id":950387},{"type":"movie","tmdb_id":1195518},{"type":"movie","tmdb_id":587370},{"type":"movie","tmdb_id":1200320},{"type":"movie","tmdb_id":1363123},{"type":"movie","tmdb_id":801937},{"type":"movie","tmdb_id":957119},{"type":"movie","tmdb_id":1206008},{"type":"movie","tmdb_id":701387},{"type":"movie","tmdb_id":541671},{"type":"movie","tmdb_id":986056},{"type":"movie","tmdb_id":957119},{"type":"movie","tmdb_id":1208348},{"type":"movie","tmdb_id":1197137},{"type":"movie","tmdb_id":1200320},{"type":"movie","tmdb_id":1370814},{"type":"movie","tmdb_id":1242419},{"type":"movie","tmdb_id":1241470},{"type":"movie","tmdb_id":950396},{"type":"movie","tmdb_id":1038392},{"type":"movie","tmdb_id":1309012},{"type":"movie","tmdb_id":1248226},{"type":"movie","tmdb_id":822119},{"type":"movie","tmdb_id":1403735},{"type":"movie","tmdb_id":574475},{"type":"movie","tmdb_id":552524},{"type":"movie","tmdb_id":1220564},{"type":"movie","tmdb_id":1078605},{"type":"movie","tmdb_id":1149167},{"type":"movie","tmdb_id":1422096},{"type":"movie","tmdb_id":1327862},{"type":"movie","tmdb_id":1175942},{"type":"movie","tmdb_id":1248226},{"type":"movie","tmdb_id":1140498},{"type":"movie","tmdb_id":1149167},{"type":"movie","tmdb_id":1327862},{"type":"movie","tmdb_id":1530875},{"type":"movie","tmdb_id":1205229},{"type":"movie","tmdb_id":1512623},{"type":"movie","tmdb_id":1007734},{"type":"movie","tmdb_id":1288072},{"type":"movie","tmdb_id":1284120},{"type":"movie","tmdb_id":1084199},{"type":"movie","tmdb_id":812583},{"type":"movie","tmdb_id":447273},{"type":"movie","tmdb_id":1071585},{"type":"movie","tmdb_id":1511789},{"type":"movie","tmdb_id":1124620},{"type":"movie","tmdb_id":1257009},{"type":"movie","tmdb_id":1336189},{"type":"movie","tmdb_id":1022787},{"type":"movie","tmdb_id":1217602},{"type":"movie","tmdb_id":447273},{"type":"movie","tmdb_id":338969},{"type":"movie","tmdb_id":1033148},{"type":"movie","tmdb_id":604079},{"type":"movie","tmdb_id":1124566},{"type":"movie","tmdb_id":1371347},{"type":"movie","tmdb_id":1124620},{"type":"movie","tmdb_id":749170},{"type":"movie","tmdb_id":1241983},{"type":"movie","tmdb_id":772462},{"type":"movie","tmdb_id":1469354},{"type":"movie","tmdb_id":1589891},{"type":"movie","tmdb_id":13494},{"type":"movie","tmdb_id":1011477},{"type":"movie","tmdb_id":1242011},{"type":"movie","tmdb_id":1286185},{"type":"movie","tmdb_id":1193128},{"type":"movie","tmdb_id":1371185},{"type":"movie","tmdb_id":941109},{"type":"movie","tmdb_id":1429520},{"type":"movie","tmdb_id":1151272},{"type":"movie","tmdb_id":1119878},{"type":"movie","tmdb_id":1090983},{"type":"movie","tmdb_id":1376434},{"type":"movie","tmdb_id":1438973},{"type":"movie","tmdb_id":1379963},{"type":"movie","tmdb_id":793387},{"type":"movie","tmdb_id":1426776},{"type":"movie","tmdb_id":1103437},{"type":"movie","tmdb_id":1196573},{"type":"movie","tmdb_id":1127110},{"type":"movie","tmdb_id":1354700},{"type":"movie","tmdb_id":1215106},{"type":"movie","tmdb_id":1151031},{"type":"movie","tmdb_id":937941},{"type":"movie","tmdb_id":1468417},{"type":"movie","tmdb_id":1241436},{"type":"movie","tmdb_id":1255674},{"type":"movie","tmdb_id":1279229},{"type":"movie","tmdb_id":1541356},{"type":"movie","tmdb_id":1442908},{"type":"movie","tmdb_id":1194963},{"type":"movie","tmdb_id":870028},{"type":"movie","tmdb_id":1561955},{"type":"movie","tmdb_id":1087891},{"type":"movie","tmdb_id":650524},{"type":"movie","tmdb_id":1010756},{"type":"movie","tmdb_id":1161617},{"type":"movie","tmdb_id":1294203},{"type":"movie","tmdb_id":1366745},{"type":"movie","tmdb_id":1287141},{"type":"movie","tmdb_id":696506},{"type":"movie","tmdb_id":1073112},{"type":"movie","tmdb_id":1267319},{"type":"movie","tmdb_id":1359607},{"type":"movie","tmdb_id":1433719},{"type":"movie","tmdb_id":1125899},{"type":"movie","tmdb_id":1588835},{"type":"movie","tmdb_id":986097},{"type":"movie","tmdb_id":936108},{"type":"movie","tmdb_id":1009640},{"type":"movie","tmdb_id":1086260},{"type":"movie","tmdb_id":1328803},{"type":"movie","tmdb_id":1160360},{"type":"movie","tmdb_id":1155281},{"type":"movie","tmdb_id":1196995},{"type":"movie","tmdb_id":1305717},{"type":"movie","tmdb_id":1072699},{"type":"movie","tmdb_id":1330421},{"type":"movie","tmdb_id":507244},{"type":"movie","tmdb_id":1495694},{"type":"movie","tmdb_id":1119090},{"type":"movie","tmdb_id":1337985},{"type":"movie","tmdb_id":1205515},{"type":"movie","tmdb_id":1367125},{"type":"movie","tmdb_id":1241624},{"type":"movie","tmdb_id":1280450},{"type":"movie","tmdb_id":1296504},{"type":"movie","tmdb_id":1364608},{"type":"movie","tmdb_id":1522377},{"type":"movie","tmdb_id":648878},{"type":"movie","tmdb_id":842924},{"type":"movie","tmdb_id":846422},{"type":"movie","tmdb_id":1530875},{"type":"movie","tmdb_id":1106289},{"type":"movie","tmdb_id":1339658},{"type":"movie","tmdb_id":1280282},{"type":"movie","tmdb_id":1313003},{"type":"movie","tmdb_id":1290432},{"type":"movie","tmdb_id":324544},{"type":"movie","tmdb_id":1290182},{"type":"movie","tmdb_id":1471345},{"type":"movie","tmdb_id":1124619},{"type":"movie","tmdb_id":1299655},{"type":"movie","tmdb_id":1206083},{"type":"movie","tmdb_id":1374686},{"type":"movie","tmdb_id":1195506},{"type":"movie","tmdb_id":760329},{"type":"movie","tmdb_id":1489187},{"type":"movie","tmdb_id":1126166},{"type":"movie","tmdb_id":1083433},{"type":"movie","tmdb_id":1229910},{"type":"movie","tmdb_id":1042834},{"type":"movie","tmdb_id":1571470},{"type":"movie","tmdb_id":1297953},{"type":"movie","tmdb_id":1443762},{"type":"movie","tmdb_id":1162858},{"type":"movie","tmdb_id":1238188},{"type":"movie","tmdb_id":1185528},{"type":"movie","tmdb_id":1480382},{"type":"movie","tmdb_id":1263256},{"type":"movie","tmdb_id":744653},{"type":"movie","tmdb_id":1235746},{"type":"movie","tmdb_id":1245993},{"type":"movie","tmdb_id":1591822},{"type":"movie","tmdb_id":1214140},{"type":"movie","tmdb_id":1319895},{"type":"movie","tmdb_id":993708},{"type":"movie","tmdb_id":1088166},{"type":"movie","tmdb_id":1098006},{"type":"movie","tmdb_id":1267905},{"type":"movie","tmdb_id":1406657},{"type":"movie","tmdb_id":1287322},{"type":"movie","tmdb_id":1255788},{"type":"movie","tmdb_id":1338799},{"type":"movie","tmdb_id":1107216},{"type":"movie","tmdb_id":986206},{"type":"movie","tmdb_id":1241921},{"type":"movie","tmdb_id":766520},{"type":"movie","tmdb_id":1295026},{"type":"movie","tmdb_id":1374534},{"type":"movie","tmdb_id":1445698},{"type":"movie","tmdb_id":1181107},{"type":"movie","tmdb_id":1302916},{"type":"movie","tmdb_id":1253000},{"type":"movie","tmdb_id":1125257},{"type":"movie","tmdb_id":1588846},{"type":"movie","tmdb_id":1114967},{"type":"movie","tmdb_id":1423983},{"type":"movie","tmdb_id":668489},{"type":"movie","tmdb_id":1426968},{"type":"movie","tmdb_id":666154},{"type":"movie","tmdb_id":1127767},{"type":"movie","tmdb_id":891644},{"type":"movie","tmdb_id":1233506},{"type":"movie","tmdb_id":1315988},{"type":"movie","tmdb_id":1309129},{"type":"movie","tmdb_id":1284496},{"type":"movie","tmdb_id":1300116},{"type":"movie","tmdb_id":1151334},{"type":"movie","tmdb_id":1266798},{"type":"movie","tmdb_id":1265063},{"type":"movie","tmdb_id":1356039},{"type":"movie","tmdb_id":1262815},{"type":"movie","tmdb_id":1083968},{"type":"movie","tmdb_id":1504156},{"type":"movie","tmdb_id":1287571},{"type":"movie","tmdb_id":774370},{"type":"movie","tmdb_id":1450599},{"type":"movie","tmdb_id":1309129},{"type":"movie","tmdb_id":1188423},{"type":"movie","tmdb_id":1233575},{"type":"movie","tmdb_id":1154725},{"type":"movie","tmdb_id":1285479},{"type":"movie","tmdb_id":1356039},{"type":"movie","tmdb_id":1304434},{"type":"movie","tmdb_id":1450599},{"type":"movie","tmdb_id":1356670},{"type":"movie","tmdb_id":1126336},{"type":"movie","tmdb_id":666154},{"type":"movie","tmdb_id":1151334},{"type":"movie","tmdb_id":1253000},{"type":"movie","tmdb_id":1109086},{"type":"movie","tmdb_id":1287571},{"type":"movie","tmdb_id":1223690},{"type":"movie","tmdb_id":1374462},{"type":"movie","tmdb_id":1285965},{"type":"movie","tmdb_id":1145221},{"type":"movie","tmdb_id":524635},{"type":"movie","tmdb_id":1153714},{"type":"movie","tmdb_id":1136867},{"type":"movie","tmdb_id":1254808},{"type":"movie","tmdb_id":1289888},{"type":"movie","tmdb_id":1293286},{"type":"movie","tmdb_id":1283671},{"type":"movie","tmdb_id":1326106},{"type":"movie","tmdb_id":1322752},{"type":"movie","tmdb_id":1287536},{"type":"movie","tmdb_id":713364},{"type":"movie","tmdb_id":1337562},{"type":"movie","tmdb_id":1182861},{"type":"movie","tmdb_id":1236470},{"type":"movie","tmdb_id":1355126},{"type":"movie","tmdb_id":1290159},{"type":"movie","tmdb_id":1159206},{"type":"movie","tmdb_id":974573},{"type":"movie","tmdb_id":1195631},{"type":"movie","tmdb_id":1244531},{"type":"movie","tmdb_id":987400},{"type":"movie","tmdb_id":604685},{"type":"movie","tmdb_id":1340355},{"type":"movie","tmdb_id":1137350},{"type":"movie","tmdb_id":1304625},{"type":"movie","tmdb_id":556574},{"type":"movie","tmdb_id":1175174},{"type":"movie","tmdb_id":524635},{"type":"movie","tmdb_id":1519168},{"type":"movie","tmdb_id":1134463},{"type":"movie","tmdb_id":1126336},{"type":"movie","tmdb_id":1374462},{"type":"movie","tmdb_id":848334},{"type":"movie","tmdb_id":1483088},{"type":"movie","tmdb_id":1277988},{"type":"movie","tmdb_id":993710},{"type":"movie","tmdb_id":713364},{"type":"movie","tmdb_id":1285965},{"type":"movie","tmdb_id":616846},{"type":"movie","tmdb_id":1169210},{"type":"movie","tmdb_id":1479178},{"type":"movie","tmdb_id":1353328},{"type":"movie","tmdb_id":1303613},{"type":"movie","tmdb_id":1086910},{"type":"movie","tmdb_id":1169210},{"type":"movie","tmdb_id":1284460},{"type":"movie","tmdb_id":1522496},{"type":"movie","tmdb_id":710295},{"type":"movie","tmdb_id":1249213},{"type":"movie","tmdb_id":1127767},{"type":"movie","tmdb_id":1316147},{"type":"movie","tmdb_id":1429738},{"type":"movie","tmdb_id":1144107},{"type":"movie","tmdb_id":1049082},{"type":"movie","tmdb_id":1404791},{"type":"movie","tmdb_id":1104845},{"type":"movie","tmdb_id":757725},{"type":"movie","tmdb_id":848334},{"type":"movie","tmdb_id":1249289},{"type":"movie","tmdb_id":556574},{"type":"movie","tmdb_id":1278950},{"type":"movie","tmdb_id":974573},{"type":"movie","tmdb_id":977168},{"type":"movie","tmdb_id":1396965},{"type":"movie","tmdb_id":757725},{"type":"movie","tmdb_id":1353328},{"type":"movie","tmdb_id":896536},{"type":"movie","tmdb_id":1249289},{"type":"movie","tmdb_id":1159206},{"type":"movie","tmdb_id":1225572},{"type":"movie","tmdb_id":1438229},{"type":"movie","tmdb_id":997955},{"type":"movie","tmdb_id":1325678},{"type":"movie","tmdb_id":1151766},{"type":"movie","tmdb_id":1383247},{"type":"movie","tmdb_id":1450529},{"type":"movie","tmdb_id":1283671},{"type":"movie","tmdb_id":1284460},{"type":"movie","tmdb_id":1249213},{"type":"movie","tmdb_id":710258},{"type":"movie","tmdb_id":1245347},{"type":"movie","tmdb_id":1236470},{"type":"movie","tmdb_id":1297028},{"type":"movie","tmdb_id":1144577},{"type":"movie","tmdb_id":1314452},{"type":"movie","tmdb_id":1212855},{"type":"movie","tmdb_id":1230368},{"type":"movie","tmdb_id":1199869},{"type":"movie","tmdb_id":881415},{"type":"movie","tmdb_id":1315986},{"type":"movie","tmdb_id":1233069},{"type":"movie","tmdb_id":1355666},{"type":"movie","tmdb_id":1351046},{"type":"movie","tmdb_id":1001414},{"type":"movie","tmdb_id":1214130},{"type":"movie","tmdb_id":1278950},{"type":"movie","tmdb_id":1049082},{"type":"movie","tmdb_id":1181540},{"type":"movie","tmdb_id":1251717},{"type":"movie","tmdb_id":1426792},{"type":"movie","tmdb_id":1450379},{"type":"movie","tmdb_id":1318917},{"type":"movie","tmdb_id":1140535},{"type":"movie","tmdb_id":1392796},{"type":"movie","tmdb_id":1215532},{"type":"movie","tmdb_id":804370},{"type":"movie","tmdb_id":1294457},{"type":"movie","tmdb_id":1293167},{"type":"movie","tmdb_id":1263012},{"type":"movie","tmdb_id":1421355},{"type":"movie","tmdb_id":1597646},{"type":"movie","tmdb_id":1400768},{"type":"movie","tmdb_id":1492113},{"type":"movie","tmdb_id":1389255},{"type":"movie","tmdb_id":1318691},{"type":"movie","tmdb_id":1172265},{"type":"movie","tmdb_id":1237601},{"type":"movie","tmdb_id":1059007},{"type":"movie","tmdb_id":662707},{"type":"movie","tmdb_id":676843},{"type":"movie","tmdb_id":1362315},{"type":"movie","tmdb_id":1370124},{"type":"movie","tmdb_id":1069905},{"type":"movie","tmdb_id":1526650},{"type":"movie","tmdb_id":1443260},{"type":"movie","tmdb_id":1261543},{"type":"movie","tmdb_id":1526519},{"type":"movie","tmdb_id":1243341},{"type":"movie","tmdb_id":1301844},{"type":"movie","tmdb_id":1378756},{"type":"movie","tmdb_id":1217585},{"type":"movie","tmdb_id":1239193},{"type":"movie","tmdb_id":1417059},{"type":"movie","tmdb_id":1210732},{"type":"movie","tmdb_id":1045938},{"type":"movie","tmdb_id":1401161},{"type":"movie","tmdb_id":977294},{"type":"movie","tmdb_id":1404404},{"type":"movie","tmdb_id":1083420},{"type":"movie","tmdb_id":1255775},{"type":"movie","tmdb_id":1251717},{"type":"movie","tmdb_id":1295400},{"type":"movie","tmdb_id":1370124},{"type":"movie","tmdb_id":1294457},{"type":"movie","tmdb_id":977294},{"type":"movie","tmdb_id":1389255},{"type":"movie","tmdb_id":1419826},{"type":"movie","tmdb_id":1410082},{"type":"movie","tmdb_id":1555112},{"type":"movie","tmdb_id":1290183},{"type":"movie","tmdb_id":1262426},{"type":"movie","tmdb_id":1261543},{"type":"movie","tmdb_id":1523662},{"type":"movie","tmdb_id":1002161},{"type":"movie","tmdb_id":1113951},{"type":"movie","tmdb_id":1488223},{"type":"movie","tmdb_id":1266839},{"type":"movie","tmdb_id":1293848},{"type":"movie","tmdb_id":1083420},{"type":"movie","tmdb_id":1315245},{"type":"movie","tmdb_id":1217585},{"type":"movie","tmdb_id":1552473},{"type":"movie","tmdb_id":1013482},{"type":"movie","tmdb_id":1258151},{"type":"movie","tmdb_id":1312946},{"type":"movie","tmdb_id":1392117},{"type":"movie","tmdb_id":1393382},{"type":"movie","tmdb_id":1226406},{"type":"movie","tmdb_id":1526519},{"type":"movie","tmdb_id":1318691},{"type":"movie","tmdb_id":1352624},{"type":"movie","tmdb_id":1472638},{"type":"movie","tmdb_id":1465726},{"type":"movie","tmdb_id":1479679},{"type":"movie","tmdb_id":1134048},{"type":"movie","tmdb_id":972533},{"type":"movie","tmdb_id":1316070},{"type":"movie","tmdb_id":1421642},{"type":"movie","tmdb_id":803208},{"type":"movie","tmdb_id":1401281},{"type":"movie","tmdb_id":1290183},{"type":"movie","tmdb_id":1178464},{"type":"movie","tmdb_id":1355140},{"type":"movie","tmdb_id":1488223},{"type":"movie","tmdb_id":1458894},{"type":"movie","tmdb_id":1266839},{"type":"movie","tmdb_id":1106243},{"type":"movie","tmdb_id":1496147},{"type":"movie","tmdb_id":1552473},{"type":"movie","tmdb_id":1272149},{"type":"movie","tmdb_id":1379458},{"type":"movie","tmdb_id":1401281},{"type":"movie","tmdb_id":1258112},{"type":"movie","tmdb_id":1312946},{"type":"movie","tmdb_id":1103857},{"type":"movie","tmdb_id":1269644},{"type":"movie","tmdb_id":1468057},{"type":"movie","tmdb_id":1319951},{"type":"movie","tmdb_id":1315245},{"type":"movie","tmdb_id":1289936},{"type":"movie","tmdb_id":1241634},{"type":"movie","tmdb_id":1380895},{"type":"movie","tmdb_id":1205021},{"type":"movie","tmdb_id":1421642},{"type":"movie","tmdb_id":1319482},{"type":"movie","tmdb_id":1400244},{"type":"movie","tmdb_id":798580},{"type":"movie","tmdb_id":876118},{"type":"movie","tmdb_id":1479679},{"type":"movie","tmdb_id":1445276},{"type":"movie","tmdb_id":1306284},{"type":"movie","tmdb_id":1425252},{"type":"movie","tmdb_id":1552819},{"type":"movie","tmdb_id":1254135},{"type":"movie","tmdb_id":1110121},{"type":"movie","tmdb_id":1507044},{"type":"movie","tmdb_id":1226406},{"type":"movie","tmdb_id":1255718},{"type":"movie","tmdb_id":1244806},{"type":"movie","tmdb_id":1419027},{"type":"movie","tmdb_id":1144443},{"type":"movie","tmdb_id":1425045},{"type":"movie","tmdb_id":1497970},{"type":"movie","tmdb_id":1134048},{"type":"movie","tmdb_id":1352624},{"type":"movie","tmdb_id":1313226},{"type":"movie","tmdb_id":1380651},{"type":"movie","tmdb_id":873797},{"type":"movie","tmdb_id":1483631},{"type":"movie","tmdb_id":1555112},{"type":"movie","tmdb_id":1527163},{"type":"movie","tmdb_id":1504268},{"type":"movie","tmdb_id":1313001},{"type":"movie","tmdb_id":1400782},{"type":"movie","tmdb_id":1476292},{"type":"movie","tmdb_id":1474280},{"type":"movie","tmdb_id":1219555},{"type":"movie","tmdb_id":1261501},{"type":"movie","tmdb_id":1223422},{"type":"movie","tmdb_id":1419826},{"type":"movie","tmdb_id":1114894},{"type":"movie","tmdb_id":1456526},{"type":"movie","tmdb_id":1464883},{"type":"movie","tmdb_id":1235610},{"type":"movie","tmdb_id":992403},{"type":"movie","tmdb_id":1013601},{"type":"movie","tmdb_id":1310830},{"type":"movie","tmdb_id":1410082},{"type":"movie","tmdb_id":1473354},{"type":"movie","tmdb_id":1422294},{"type":"movie","tmdb_id":682012},{"type":"movie","tmdb_id":1448938},{"type":"movie","tmdb_id":883954},{"type":"movie","tmdb_id":1523662},{"type":"movie","tmdb_id":1242454},{"type":"movie","tmdb_id":1285669},{"type":"movie","tmdb_id":972533},{"type":"movie","tmdb_id":997113},{"type":"movie","tmdb_id":1371202},{"type":"movie","tmdb_id":1417681},{"type":"movie","tmdb_id":1457080},{"type":"movie","tmdb_id":1295400},{"type":"movie","tmdb_id":1466120},{"type":"movie","tmdb_id":1364977},{"type":"movie","tmdb_id":1229730},{"type":"movie","tmdb_id":1422227},{"type":"movie","tmdb_id":1151039},{"type":"movie","tmdb_id":1079115},{"type":"movie","tmdb_id":1406354},{"type":"movie","tmdb_id":1126699},{"type":"movie","tmdb_id":1496735},{"type":"movie","tmdb_id":1360829},{"type":"movie","tmdb_id":1385185},{"type":"movie","tmdb_id":1381634},{"type":"movie","tmdb_id":1489510},{"type":"movie","tmdb_id":1271064},{"type":"movie","tmdb_id":1519486},{"type":"movie","tmdb_id":1084153},{"type":"movie","tmdb_id":1516391},{"type":"movie","tmdb_id":1063307},{"type":"movie","tmdb_id":1500536},{"type":"movie","tmdb_id":1522547},{"type":"movie","tmdb_id":1208022},{"type":"movie","tmdb_id":1516527},{"type":"movie","tmdb_id":1422179},{"type":"movie","tmdb_id":1174128},{"type":"movie","tmdb_id":1257425},{"type":"movie","tmdb_id":1360111},{"type":"movie","tmdb_id":645105},{"type":"movie","tmdb_id":846579},{"type":"movie","tmdb_id":1397375},{"type":"movie","tmdb_id":1318933},{"type":"movie","tmdb_id":420074},{"type":"movie","tmdb_id":1129573},{"type":"movie","tmdb_id":1319969},{"type":"movie","tmdb_id":1465726},{"type":"movie","tmdb_id":1469180},{"type":"movie","tmdb_id":1426674},{"type":"movie","tmdb_id":1412113},{"type":"movie","tmdb_id":1398655}]}