{"ts":1771083329,"year":"2013","mode":"tv","candidates":[{"type":"tv","tmdb_id":46952},{"type":"tv","tmdb_id":57532},{"type":"tv","tmdb_id":60625},{"type":"tv","tmdb_id":44217},{"type":"tv","tmdb_id":1403},{"type":"tv","tmdb_id":60574},{"type":"tv","tmdb_id":48891},{"type":"tv","tmdb_id":1424},{"type":"tv","tmdb_id":45140},{"type":"tv","tmdb_id":49011},{"type":"tv","tmdb_id":49009},{"type":"tv","tmdb_id":65282},{"type":"tv","tmdb_id":46533},{"type":"tv","tmdb_id":46896},{"type":"tv","tmdb_id":112191},{"type":"tv","tmdb_id":1425},{"type":"tv","tmdb_id":61511},{"type":"tv","tmdb_id":45094},{"type":"tv","tmdb_id":41727},{"type":"tv","tmdb_id":61440},{"type":"tv","tmdb_id":1423},{"type":"tv","tmdb_id":40008},{"type":"tv","tmdb_id":50825},{"type":"tv","tmdb_id":64356},{"type":"tv","tmdb_id":112191},{"type":"tv","tmdb_id":61440},{"type":"tv","tmdb_id":46786},{"type":"tv","tmdb_id":44264},{"type":"tv","tmdb_id":60761},{"type":"tv","tmdb_id":1429},{"type":"tv","tmdb_id":46923},{"type":"tv","tmdb_id":46004},{"type":"tv","tmdb_id":56296},{"type":"tv","tmdb_id":44953},{"type":"tv","tmdb_id":46879},{"type":"tv","tmdb_id":58981},{"type":"tv","tmdb_id":46928},{"type":"tv","tmdb_id":47035},{"type":"tv","tmdb_id":62481},{"type":"tv","tmdb_id":62474},{"type":"tv","tmdb_id":58981},{"type":"tv","tmdb_id":66627},{"type":"tv","tmdb_id":62481},{"type":"tv","tmdb_id":48865},{"type":"tv","tmdb_id":107467},{"type":"tv","tmdb_id":46316},{"type":"tv","tmdb_id":1427},{"type":"tv","tmdb_id":60728},{"type":"tv","tmdb_id":46331},{"type":"tv","tmdb_id":62474},{"type":"tv","tmdb_id":64347},{"type":"tv","tmdb_id":58937},{"type":"tv","tmdb_id":45844},{"type":"tv","tmdb_id":44856},{"type":"tv","tmdb_id":75086},{"type":"tv","tmdb_id":50137},{"type":"tv","tmdb_id":65676},{"type":"tv","tmdb_id":62974},{"type":"tv","tmdb_id":56559},{"type":"tv","tmdb_id":66875},{"type":"tv","tmdb_id":64347},{"type":"tv","tmdb_id":62404},{"type":"tv","tmdb_id":45844},{"type":"tv","tmdb_id":49471},{"type":"tv","tmdb_id":64978},{"type":"tv","tmdb_id":51704},{"type":"tv","tmdb_id":58832},{"type":"tv","tmdb_id":66875},{"type":"tv","tmdb_id":60118},{"type":"tv","tmdb_id":45666},{"type":"tv","tmdb_id":59375},{"type":"tv","tmdb_id":61025},{"type":"tv","tmdb_id":75086},{"type":"tv","tmdb_id":303996},{"type":"tv","tmdb_id":57109},{"type":"tv","tmdb_id":67378},{"type":"tv","tmdb_id":51384},{"type":"tv","tmdb_id":42295},{"type":"tv","tmdb_id":46975},{"type":"tv","tmdb_id":63576},{"type":"tv","tmdb_id":63576},{"type":"tv","tmdb_id":42295},{"type":"tv","tmdb_id":136075},{"type":"tv","tmdb_id":46619},{"type":"tv","tmdb_id":60846},{"type":"tv","tmdb_id":63157},{"type":"tv","tmdb_id":60580},{"type":"tv","tmdb_id":45997},{"type":"tv","tmdb_id":49010},{"type":"tv","tmdb_id":60118},{"type":"tv","tmdb_id":83319},{"type":"tv","tmdb_id":115587},{"type":"tv","tmdb_id":62201},{"type":"tv","tmdb_id":53296},{"type":"tv","tmdb_id":55866},{"type":"tv","tmdb_id":95503},{"type":"tv","tmdb_id":61148},{"type":"tv","tmdb_id":45013},{"type":"tv","tmdb_id":303996},{"type":"tv","tmdb_id":55925},{"type":"tv","tmdb_id":58566},{"type":"tv","tmdb_id":79917},{"type":"tv","tmdb_id":57406},{"type":"tv","tmdb_id":47141},{"type":"tv","tmdb_id":47054},{"type":"tv","tmdb_id":126392},{"type":"tv","tmdb_id":51320},{"type":"tv","tmdb_id":67389},{"type":"tv","tmdb_id":68791},{"type":"tv","tmdb_id":61408},{"type":"tv","tmdb_id":61527},{"type":"tv","tmdb_id":60851},{"type":"tv","tmdb_id":96069},{"type":"tv","tmdb_id":61695},{"type":"tv","tmdb_id":58539},{"type":"tv","tmdb_id":66038},{"type":"tv","tmdb_id":63893},{"type":"tv","tmdb_id":40293},{"type":"tv","tmdb_id":39497},{"type":"tv","tmdb_id":83275},{"type":"tv","tmdb_id":58932},{"type":"tv","tmdb_id":60550},{"type":"tv","tmdb_id":56336},{"type":"tv","tmdb_id":66379},{"type":"tv","tmdb_id":105660},{"type":"tv","tmdb_id":59268},{"type":"tv","tmdb_id":85051},{"type":"tv","tmdb_id":48462},{"type":"tv","tmdb_id":48561},{"type":"tv","tmdb_id":61512},{"type":"tv","tmdb_id":57756},{"type":"tv","tmdb_id":53918},{"type":"tv","tmdb_id":47600},{"type":"tv","tmdb_id":60698},{"type":"tv","tmdb_id":46511},{"type":"tv","tmdb_id":56305},{"type":"tv","tmdb_id":60910},{"type":"tv","tmdb_id":53809},{"type":"tv","tmdb_id":55076},{"type":"tv","tmdb_id":43899},{"type":"tv","tmdb_id":48860},{"type":"tv","tmdb_id":67559},{"type":"tv","tmdb_id":60719},{"type":"tv","tmdb_id":41676},{"type":"tv","tmdb_id":58957},{"type":"tv","tmdb_id":42025},{"type":"tv","tmdb_id":51890},{"type":"tv","tmdb_id":49847},{"type":"tv","tmdb_id":52896},{"type":"tv","tmdb_id":54511},{"type":"tv","tmdb_id":50042},{"type":"tv","tmdb_id":57961},{"type":"tv","tmdb_id":133554},{"type":"tv","tmdb_id":48435},{"type":"tv","tmdb_id":46638},{"type":"tv","tmdb_id":46065},{"type":"tv","tmdb_id":64770},{"type":"tv","tmdb_id":51502},{"type":"tv","tmdb_id":59134},{"type":"tv","tmdb_id":84690},{"type":"tv","tmdb_id":60957},{"type":"tv","tmdb_id":225532},{"type":"tv","tmdb_id":61520},{"type":"tv","tmdb_id":58380},{"type":"tv","tmdb_id":48457},{"type":"tv","tmdb_id":53128},{"type":"tv","tmdb_id":47039},{"type":"tv","tmdb_id":57092},{"type":"tv","tmdb_id":48139},{"type":"tv","tmdb_id":51019},{"type":"tv","tmdb_id":58942},{"type":"tv","tmdb_id":61581},{"type":"tv","tmdb_id":85590},{"type":"tv","tmdb_id":47318},{"type":"tv","tmdb_id":46643},{"type":"tv","tmdb_id":67395},{"type":"tv","tmdb_id":68981},{"type":"tv","tmdb_id":62490},{"type":"tv","tmdb_id":46077},{"type":"tv","tmdb_id":64503},{"type":"tv","tmdb_id":57476},{"type":"tv","tmdb_id":64614},{"type":"tv","tmdb_id":49461},{"type":"tv","tmdb_id":43856},{"type":"tv","tmdb_id":99407},{"type":"tv","tmdb_id":57754},{"type":"tv","tmdb_id":58457},{"type":"tv","tmdb_id":60663},{"type":"tv","tmdb_id":53808},{"type":"tv","tmdb_id":54393},{"type":"tv","tmdb_id":61413},{"type":"tv","tmdb_id":107682},{"type":"tv","tmdb_id":208599},{"type":"tv","tmdb_id":64300},{"type":"tv","tmdb_id":46849},{"type":"tv","tmdb_id":61867},{"type":"tv","tmdb_id":60642},{"type":"tv","tmdb_id":46839},{"type":"tv","tmdb_id":63525},{"type":"tv","tmdb_id":55011},{"type":"tv","tmdb_id":53097},{"type":"tv","tmdb_id":61755},{"type":"tv","tmdb_id":46878},{"type":"tv","tmdb_id":61513},{"type":"tv","tmdb_id":46302},{"type":"tv","tmdb_id":47320},{"type":"tv","tmdb_id":58852},{"type":"tv","tmdb_id":104164},{"type":"tv","tmdb_id":59599},{"type":"tv","tmdb_id":53438},{"type":"tv","tmdb_id":76721},{"type":"tv","tmdb_id":62119},{"type":"tv","tmdb_id":54553},{"type":"tv","tmdb_id":46157},{"type":"tv","tmdb_id":46866},{"type":"tv","tmdb_id":58928},{"type":"tv","tmdb_id":61338},{"type":"tv","tmdb_id":61330},{"type":"tv","tmdb_id":53347},{"type":"tv","tmdb_id":46733},{"type":"tv","tmdb_id":58381},{"type":"tv","tmdb_id":55065},{"type":"tv","tmdb_id":64570},{"type":"tv","tmdb_id":64257},{"type":"tv","tmdb_id":124054},{"type":"tv","tmdb_id":57407},{"type":"tv","tmdb_id":58237},{"type":"tv","tmdb_id":109703},{"type":"tv","tmdb_id":48623},{"type":"tv","tmdb_id":58578},{"type":"tv","tmdb_id":46694},{"type":"tv","tmdb_id":58450},{"type":"tv","tmdb_id":157660},{"type":"tv","tmdb_id":63252},{"type":"tv","tmdb_id":64793},{"type":"tv","tmdb_id":61352},{"type":"tv","tmdb_id":46973},{"type":"tv","tmdb_id":43964},{"type":"tv","tmdb_id":54477},{"type":"tv","tmdb_id":44810},{"type":"tv","tmdb_id":61350},{"type":"tv","tmdb_id":90544},{"type":"tv","tmdb_id":71441},{"type":"tv","tmdb_id":58561},{"type":"tv","tmdb_id":57778},{"type":"tv","tmdb_id":62082},{"type":"tv","tmdb_id":258487},{"type":"tv","tmdb_id":57577},{"type":"tv","tmdb_id":72798},{"type":"tv","tmdb_id":96816},{"type":"tv","tmdb_id":40044},{"type":"tv","tmdb_id":71388},{"type":"tv","tmdb_id":73884},{"type":"tv","tmdb_id":62470},{"type":"tv","tmdb_id":47335},{"type":"tv","tmdb_id":43721},{"type":"tv","tmdb_id":57755},{"type":"tv","tmdb_id":50832},{"type":"tv","tmdb_id":62595},{"type":"tv","tmdb_id":66483},{"type":"tv","tmdb_id":126684},{"type":"tv","tmdb_id":61775},{"type":"tv","tmdb_id":56017},{"type":"tv","tmdb_id":57022},{"type":"tv","tmdb_id":54866},{"type":"tv","tmdb_id":46974},{"type":"tv","tmdb_id":68726},{"type":"tv","tmdb_id":59960},{"type":"tv","tmdb_id":55006},{"type":"tv","tmdb_id":115480},{"type":"tv","tmdb_id":62674},{"type":"tv","tmdb_id":46700},{"type":"tv","tmdb_id":44593},{"type":"tv","tmdb_id":80500},{"type":"tv","tmdb_id":68564},{"type":"tv","tmdb_id":49007},{"type":"tv","tmdb_id":67581},{"type":"tv","tmdb_id":60868},{"type":"tv","tmdb_id":68693},{"type":"tv","tmdb_id":82913},{"type":"tv","tmdb_id":111843},{"type":"tv","tmdb_id":158532},{"type":"tv","tmdb_id":48552},{"type":"tv","tmdb_id":58909},{"type":"tv","tmdb_id":51828},{"type":"tv","tmdb_id":72291},{"type":"tv","tmdb_id":46657},{"type":"tv","tmdb_id":58287},{"type":"tv","tmdb_id":97367},{"type":"tv","tmdb_id":59081},{"type":"tv","tmdb_id":198064},{"type":"tv","tmdb_id":58188},{"type":"tv","tmdb_id":69395},{"type":"tv","tmdb_id":46661},{"type":"tv","tmdb_id":137792},{"type":"tv","tmdb_id":200883},{"type":"tv","tmdb_id":57556},{"type":"tv","tmdb_id":58818},{"type":"tv","tmdb_id":105315},{"type":"tv","tmdb_id":47091},{"type":"tv","tmdb_id":56994},{"type":"tv","tmdb_id":56556},{"type":"tv","tmdb_id":55016},{"type":"tv","tmdb_id":63485},{"type":"tv","tmdb_id":214723},{"type":"tv","tmdb_id":46956},{"type":"tv","tmdb_id":53300},{"type":"tv","tmdb_id":60605},{"type":"tv","tmdb_id":46746},{"type":"tv","tmdb_id":71811},{"type":"tv","tmdb_id":55878},{"type":"tv","tmdb_id":80510},{"type":"tv","tmdb_id":53135},{"type":"tv","tmdb_id":60655},{"type":"tv","tmdb_id":64499},{"type":"tv","tmdb_id":57616},{"type":"tv","tmdb_id":46848},{"type":"tv","tmdb_id":85065},{"type":"tv","tmdb_id":44811},{"type":"tv","tmdb_id":66374},{"type":"tv","tmdb_id":53724},{"type":"tv","tmdb_id":50093},{"type":"tv","tmdb_id":137373},{"type":"tv","tmdb_id":48433},{"type":"tv","tmdb_id":47323},{"type":"tv","tmdb_id":49051},{"type":"tv","tmdb_id":46405},{"type":"tv","tmdb_id":61349},{"type":"tv","tmdb_id":72911},{"type":"tv","tmdb_id":66725},{"type":"tv","tmdb_id":70072},{"type":"tv","tmdb_id":71635},{"type":"tv","tmdb_id":61740},{"type":"tv","tmdb_id":283284},{"type":"tv","tmdb_id":59440},{"type":"tv","tmdb_id":60089},{"type":"tv","tmdb_id":58211},{"type":"tv","tmdb_id":55924},{"type":"tv","tmdb_id":57788},{"type":"tv","tmdb_id":46664},{"type":"tv","tmdb_id":55083},{"type":"tv","tmdb_id":44194},{"type":"tv","tmdb_id":50111},{"type":"tv","tmdb_id":51384},{"type":"tv","tmdb_id":103085},{"type":"tv","tmdb_id":65819},{"type":"tv","tmdb_id":61363},{"type":"tv","tmdb_id":62576},{"type":"tv","tmdb_id":44235},{"type":"tv","tmdb_id":61324},{"type":"tv","tmdb_id":62691},{"type":"tv","tmdb_id":62694},{"type":"tv","tmdb_id":53460},{"type":"tv","tmdb_id":62411},{"type":"tv","tmdb_id":239396},{"type":"tv","tmdb_id":46958},{"type":"tv","tmdb_id":47144},{"type":"tv","tmdb_id":62760},{"type":"tv","tmdb_id":56517},{"type":"tv","tmdb_id":46235},{"type":"tv","tmdb_id":99041},{"type":"tv","tmdb_id":64368},{"type":"tv","tmdb_id":45630},{"type":"tv","tmdb_id":44914},{"type":"tv","tmdb_id":70266},{"type":"tv","tmdb_id":61963},{"type":"tv","tmdb_id":50114},{"type":"tv","tmdb_id":57557},{"type":"tv","tmdb_id":56090},{"type":"tv","tmdb_id":50236},{"type":"tv","tmdb_id":56840},{"type":"tv","tmdb_id":57857},{"type":"tv","tmdb_id":90325},{"type":"tv","tmdb_id":46943},{"type":"tv","tmdb_id":63236},{"type":"tv","tmdb_id":51503},{"type":"tv","tmdb_id":47034},{"type":"tv","tmdb_id":60182},{"type":"tv","tmdb_id":54933},{"type":"tv","tmdb_id":47084},{"type":"tv","tmdb_id":47322},{"type":"tv","tmdb_id":52268},{"type":"tv","tmdb_id":90887},{"type":"tv","tmdb_id":50071},{"type":"tv","tmdb_id":60789},{"type":"tv","tmdb_id":202654},{"type":"tv","tmdb_id":60616},{"type":"tv","tmdb_id":57008},{"type":"tv","tmdb_id":251848},{"type":"tv","tmdb_id":99708},{"type":"tv","tmdb_id":67417},{"type":"tv","tmdb_id":48705},{"type":"tv","tmdb_id":56048},{"type":"tv","tmdb_id":77095},{"type":"tv","tmdb_id":257203},{"type":"tv","tmdb_id":60742},{"type":"tv","tmdb_id":64098},{"type":"tv","tmdb_id":85791},{"type":"tv","tmdb_id":44570},{"type":"tv","tmdb_id":153527},{"type":"tv","tmdb_id":93580},{"type":"tv","tmdb_id":49982},{"type":"tv","tmdb_id":53095},{"type":"tv","tmdb_id":57757},{"type":"tv","tmdb_id":46636},{"type":"tv","tmdb_id":56550},{"type":"tv","tmdb_id":87610},{"type":"tv","tmdb_id":57647},{"type":"tv","tmdb_id":80386},{"type":"tv","tmdb_id":48628},{"type":"tv","tmdb_id":50719},{"type":"tv","tmdb_id":64969},{"type":"tv","tmdb_id":86149},{"type":"tv","tmdb_id":52883},{"type":"tv","tmdb_id":47085},{"type":"tv","tmdb_id":51425},{"type":"tv","tmdb_id":50475},{"type":"tv","tmdb_id":98960},{"type":"tv","tmdb_id":65377},{"type":"tv","tmdb_id":57646},{"type":"tv","tmdb_id":97825},{"type":"tv","tmdb_id":61851},{"type":"tv","tmdb_id":60437},{"type":"tv","tmdb_id":70228},{"type":"tv","tmdb_id":65166},{"type":"tv","tmdb_id":44824},{"type":"tv","tmdb_id":59603},{"type":"tv","tmdb_id":59690},{"type":"tv","tmdb_id":59366},{"type":"tv","tmdb_id":92600},{"type":"tv","tmdb_id":204826},{"type":"tv","tmdb_id":44265},{"type":"tv","tmdb_id":58761},{"type":"tv","tmdb_id":109688},{"type":"tv","tmdb_id":62045},{"type":"tv","tmdb_id":46290},{"type":"tv","tmdb_id":42147},{"type":"tv","tmdb_id":57606},{"type":"tv","tmdb_id":57780},{"type":"tv","tmdb_id":89811},{"type":"tv","tmdb_id":94600},{"type":"tv","tmdb_id":120763},{"type":"tv","tmdb_id":88419},{"type":"tv","tmdb_id":78589},{"type":"tv","tmdb_id":48152},{"type":"tv","tmdb_id":58420},{"type":"tv","tmdb_id":47179},{"type":"tv","tmdb_id":48731},{"type":"tv","tmdb_id":46850},{"type":"tv","tmdb_id":95967},{"type":"tv","tmdb_id":67638},{"type":"tv","tmdb_id":73236},{"type":"tv","tmdb_id":198988},{"type":"tv","tmdb_id":56964},{"type":"tv","tmdb_id":81733},{"type":"tv","tmdb_id":57815},{"type":"tv","tmdb_id":82222},{"type":"tv","tmdb_id":84406},{"type":"tv","tmdb_id":59181},{"type":"tv","tmdb_id":56081},{"type":"tv","tmdb_id":50087},{"type":"tv","tmdb_id":81527},{"type":"tv","tmdb_id":44636},{"type":"tv","tmdb_id":62609},{"type":"tv","tmdb_id":57284},{"type":"tv","tmdb_id":61309},{"type":"tv","tmdb_id":133521},{"type":"tv","tmdb_id":76219},{"type":"tv","tmdb_id":80139},{"type":"tv","tmdb_id":91610},{"type":"tv","tmdb_id":49129},{"type":"tv","tmdb_id":64325},{"type":"tv","tmdb_id":57790},{"type":"tv","tmdb_id":116492},{"type":"tv","tmdb_id":86060},{"type":"tv","tmdb_id":61307},{"type":"tv","tmdb_id":80122},{"type":"tv","tmdb_id":50961},{"type":"tv","tmdb_id":218216},{"type":"tv","tmdb_id":61019},{"type":"tv","tmdb_id":48152},{"type":"tv","tmdb_id":257203},{"type":"tv","tmdb_id":72120},{"type":"tv","tmdb_id":50961},{"type":"tv","tmdb_id":66910},{"type":"tv","tmdb_id":84406},{"type":"tv","tmdb_id":92256},{"type":"tv","tmdb_id":70427},{"type":"tv","tmdb_id":157696},{"type":"tv","tmdb_id":204939},{"type":"tv","tmdb_id":246153},{"type":"tv","tmdb_id":86060},{"type":"tv","tmdb_id":61602},{"type":"tv","tmdb_id":44493},{"type":"tv","tmdb_id":44636},{"type":"tv","tmdb_id":44432},{"type":"tv","tmdb_id":76899},{"type":"tv","tmdb_id":26777},{"type":"tv","tmdb_id":103085},{"type":"tv","tmdb_id":153713},{"type":"tv","tmdb_id":61136},{"type":"tv","tmdb_id":61178},{"type":"tv","tmdb_id":79293},{"type":"tv","tmdb_id":58362},{"type":"tv","tmdb_id":44493},{"type":"tv","tmdb_id":53594},{"type":"tv","tmdb_id":201021},{"type":"tv","tmdb_id":26777},{"type":"tv","tmdb_id":46620},{"type":"tv","tmdb_id":73047},{"type":"tv","tmdb_id":78889},{"type":"tv","tmdb_id":72120},{"type":"tv","tmdb_id":63822},{"type":"tv","tmdb_id":47343},{"type":"tv","tmdb_id":61295},{"type":"tv","tmdb_id":68963},{"type":"tv","tmdb_id":46836},{"type":"tv","tmdb_id":156425},{"type":"tv","tmdb_id":52850},{"type":"tv","tmdb_id":58146},{"type":"tv","tmdb_id":94379},{"type":"tv","tmdb_id":58479},{"type":"tv","tmdb_id":90591},{"type":"tv","tmdb_id":97940},{"type":"tv","tmdb_id":48000},{"type":"tv","tmdb_id":60566},{"type":"tv","tmdb_id":66910},{"type":"tv","tmdb_id":58851},{"type":"tv","tmdb_id":109562},{"type":"tv","tmdb_id":58854},{"type":"tv","tmdb_id":110668},{"type":"tv","tmdb_id":67375},{"type":"tv","tmdb_id":59149},{"type":"tv","tmdb_id":107931},{"type":"tv","tmdb_id":56401},{"type":"tv","tmdb_id":49854},{"type":"tv","tmdb_id":92256},{"type":"tv","tmdb_id":63395},{"type":"tv","tmdb_id":65018},{"type":"tv","tmdb_id":126286},{"type":"tv","tmdb_id":46406},{"type":"tv","tmdb_id":46594},{"type":"tv","tmdb_id":60673},{"type":"tv","tmdb_id":51239},{"type":"tv","tmdb_id":44840},{"type":"tv","tmdb_id":60306},{"type":"tv","tmdb_id":75986},{"type":"tv","tmdb_id":58541},{"type":"tv","tmdb_id":96623},{"type":"tv","tmdb_id":68177},{"type":"tv","tmdb_id":61879},{"type":"tv","tmdb_id":91154},{"type":"tv","tmdb_id":45046},{"type":"tv","tmdb_id":60245},{"type":"tv","tmdb_id":57263},{"type":"tv","tmdb_id":45042},{"type":"tv","tmdb_id":88755},{"type":"tv","tmdb_id":86153},{"type":"tv","tmdb_id":46844},{"type":"tv","tmdb_id":53725},{"type":"tv","tmdb_id":58010},{"type":"tv","tmdb_id":46550},{"type":"tv","tmdb_id":64293},{"type":"tv","tmdb_id":246153},{"type":"tv","tmdb_id":132360},{"type":"tv","tmdb_id":47562},{"type":"tv","tmdb_id":61602},{"type":"tv","tmdb_id":72157},{"type":"tv","tmdb_id":158199},{"type":"tv","tmdb_id":56549},{"type":"tv","tmdb_id":52132},{"type":"tv","tmdb_id":65047},{"type":"tv","tmdb_id":51564},{"type":"tv","tmdb_id":49248},{"type":"tv","tmdb_id":93646},{"type":"tv","tmdb_id":43544},{"type":"tv","tmdb_id":137178},{"type":"tv","tmdb_id":59878},{"type":"tv","tmdb_id":130794},{"type":"tv","tmdb_id":28104},{"type":"tv","tmdb_id":61807},{"type":"tv","tmdb_id":94396},{"type":"tv","tmdb_id":64125},{"type":"tv","tmdb_id":63556},{"type":"tv","tmdb_id":47089},{"type":"tv","tmdb_id":51550},{"type":"tv","tmdb_id":46653},{"type":"tv","tmdb_id":88345},{"type":"tv","tmdb_id":62182},{"type":"tv","tmdb_id":253326},{"type":"tv","tmdb_id":54950},{"type":"tv","tmdb_id":47550},{"type":"tv","tmdb_id":204939},{"type":"tv","tmdb_id":77260},{"type":"tv","tmdb_id":64004},{"type":"tv","tmdb_id":74573},{"type":"tv","tmdb_id":108072},{"type":"tv","tmdb_id":62514},{"type":"tv","tmdb_id":97028},{"type":"tv","tmdb_id":57954}]}