{"ts":1771172306,"year":"2024","mode":"tv","candidates":[{"type":"tv","tmdb_id":106379},{"type":"tv","tmdb_id":226637},{"type":"tv","tmdb_id":127532},{"type":"tv","tmdb_id":157741},{"type":"tv","tmdb_id":213306},{"type":"tv","tmdb_id":211288},{"type":"tv","tmdb_id":274556},{"type":"tv","tmdb_id":139060},{"type":"tv","tmdb_id":246621},{"type":"tv","tmdb_id":239770},{"type":"tv","tmdb_id":241002},{"type":"tv","tmdb_id":242874},{"type":"tv","tmdb_id":94954},{"type":"tv","tmdb_id":259812},{"type":"tv","tmdb_id":126308},{"type":"tv","tmdb_id":222766},{"type":"tv","tmdb_id":207468},{"type":"tv","tmdb_id":271548},{"type":"tv","tmdb_id":242965},{"type":"tv","tmdb_id":239526},{"type":"tv","tmdb_id":223500},{"type":"tv","tmdb_id":108545},{"type":"tv","tmdb_id":257161},{"type":"tv","tmdb_id":240411},{"type":"tv","tmdb_id":259140},{"type":"tv","tmdb_id":225634},{"type":"tv","tmdb_id":236994},{"type":"tv","tmdb_id":245914},{"type":"tv","tmdb_id":229858},{"type":"tv","tmdb_id":226285},{"type":"tv","tmdb_id":249522},{"type":"tv","tmdb_id":138502},{"type":"tv","tmdb_id":243875},{"type":"tv","tmdb_id":194764},{"type":"tv","tmdb_id":248947},{"type":"tv","tmdb_id":219937},{"type":"tv","tmdb_id":236534},{"type":"tv","tmdb_id":274378},{"type":"tv","tmdb_id":271048},{"type":"tv","tmdb_id":244557},{"type":"tv","tmdb_id":216467},{"type":"tv","tmdb_id":226174},{"type":"tv","tmdb_id":256783},{"type":"tv","tmdb_id":82452},{"type":"tv","tmdb_id":230059},{"type":"tv","tmdb_id":201834},{"type":"tv","tmdb_id":207784},{"type":"tv","tmdb_id":213249},{"type":"tv","tmdb_id":125909},{"type":"tv","tmdb_id":249695},{"type":"tv","tmdb_id":138501},{"type":"tv","tmdb_id":215720},{"type":"tv","tmdb_id":242722},{"type":"tv","tmdb_id":196322},{"type":"tv","tmdb_id":237512},{"type":"tv","tmdb_id":242551},{"type":"tv","tmdb_id":245215},{"type":"tv","tmdb_id":46518},{"type":"tv","tmdb_id":245026},{"type":"tv","tmdb_id":94028},{"type":"tv","tmdb_id":241138},{"type":"tv","tmdb_id":242551},{"type":"tv","tmdb_id":219543},{"type":"tv","tmdb_id":261579},{"type":"tv","tmdb_id":248064},{"type":"tv","tmdb_id":259537},{"type":"tv","tmdb_id":236235},{"type":"tv","tmdb_id":215799},{"type":"tv","tmdb_id":241535},{"type":"tv","tmdb_id":94028},{"type":"tv","tmdb_id":245684},{"type":"tv","tmdb_id":203744},{"type":"tv","tmdb_id":90228},{"type":"tv","tmdb_id":207347},{"type":"tv","tmdb_id":114924},{"type":"tv","tmdb_id":114479},{"type":"tv","tmdb_id":228026},{"type":"tv","tmdb_id":237748},{"type":"tv","tmdb_id":219971},{"type":"tv","tmdb_id":202284},{"type":"tv","tmdb_id":234667},{"type":"tv","tmdb_id":206586},{"type":"tv","tmdb_id":236338},{"type":"tv","tmdb_id":204635},{"type":"tv","tmdb_id":249891},{"type":"tv","tmdb_id":202879},{"type":"tv","tmdb_id":114924},{"type":"tv","tmdb_id":262469},{"type":"tv","tmdb_id":202284},{"type":"tv","tmdb_id":261471},{"type":"tv","tmdb_id":221851},{"type":"tv","tmdb_id":271014},{"type":"tv","tmdb_id":234910},{"type":"tv","tmdb_id":237748},{"type":"tv","tmdb_id":258044},{"type":"tv","tmdb_id":234995},{"type":"tv","tmdb_id":213830},{"type":"tv","tmdb_id":230923},{"type":"tv","tmdb_id":245312},{"type":"tv","tmdb_id":237565},{"type":"tv","tmdb_id":235758},{"type":"tv","tmdb_id":243140},{"type":"tv","tmdb_id":271014},{"type":"tv","tmdb_id":220801},{"type":"tv","tmdb_id":250670},{"type":"tv","tmdb_id":262469},{"type":"tv","tmdb_id":216272},{"type":"tv","tmdb_id":240932},{"type":"tv","tmdb_id":230923},{"type":"tv","tmdb_id":235351},{"type":"tv","tmdb_id":156933},{"type":"tv","tmdb_id":197125},{"type":"tv","tmdb_id":158300},{"type":"tv","tmdb_id":258044},{"type":"tv","tmdb_id":261471},{"type":"tv","tmdb_id":233912},{"type":"tv","tmdb_id":247518},{"type":"tv","tmdb_id":122226},{"type":"tv","tmdb_id":229202},{"type":"tv","tmdb_id":236033},{"type":"tv","tmdb_id":250923},{"type":"tv","tmdb_id":118642},{"type":"tv","tmdb_id":245842},{"type":"tv","tmdb_id":235577},{"type":"tv","tmdb_id":237565},{"type":"tv","tmdb_id":237150},{"type":"tv","tmdb_id":243501},{"type":"tv","tmdb_id":241811},{"type":"tv","tmdb_id":222233},{"type":"tv","tmdb_id":247769},{"type":"tv","tmdb_id":247704},{"type":"tv","tmdb_id":218589},{"type":"tv","tmdb_id":218833},{"type":"tv","tmdb_id":229443},{"type":"tv","tmdb_id":247246},{"type":"tv","tmdb_id":234776},{"type":"tv","tmdb_id":251941},{"type":"tv","tmdb_id":241549},{"type":"tv","tmdb_id":117830},{"type":"tv","tmdb_id":132750},{"type":"tv","tmdb_id":218833},{"type":"tv","tmdb_id":252373},{"type":"tv","tmdb_id":253905},{"type":"tv","tmdb_id":241549},{"type":"tv","tmdb_id":251941},{"type":"tv","tmdb_id":212246},{"type":"tv","tmdb_id":230448},{"type":"tv","tmdb_id":252635},{"type":"tv","tmdb_id":206916},{"type":"tv","tmdb_id":246246},{"type":"tv","tmdb_id":218493},{"type":"tv","tmdb_id":245292},{"type":"tv","tmdb_id":239389},{"type":"tv","tmdb_id":243501},{"type":"tv","tmdb_id":258540},{"type":"tv","tmdb_id":132750},{"type":"tv","tmdb_id":228414},{"type":"tv","tmdb_id":215072},{"type":"tv","tmdb_id":220286},{"type":"tv","tmdb_id":224030},{"type":"tv","tmdb_id":235635},{"type":"tv","tmdb_id":117830},{"type":"tv","tmdb_id":258579},{"type":"tv","tmdb_id":247246},{"type":"tv","tmdb_id":213181},{"type":"tv","tmdb_id":130853},{"type":"tv","tmdb_id":239214},{"type":"tv","tmdb_id":252372},{"type":"tv","tmdb_id":244643},{"type":"tv","tmdb_id":254671},{"type":"tv","tmdb_id":240437},{"type":"tv","tmdb_id":240253},{"type":"tv","tmdb_id":251091},{"type":"tv","tmdb_id":222623},{"type":"tv","tmdb_id":254474},{"type":"tv","tmdb_id":236385},{"type":"tv","tmdb_id":227192},{"type":"tv","tmdb_id":239287},{"type":"tv","tmdb_id":261791},{"type":"tv","tmdb_id":263311},{"type":"tv","tmdb_id":236533},{"type":"tv","tmdb_id":243743},{"type":"tv","tmdb_id":237233},{"type":"tv","tmdb_id":243141},{"type":"tv","tmdb_id":157367},{"type":"tv","tmdb_id":244617},{"type":"tv","tmdb_id":239158},{"type":"tv","tmdb_id":243084},{"type":"tv","tmdb_id":274149},{"type":"tv","tmdb_id":250308},{"type":"tv","tmdb_id":232616},{"type":"tv","tmdb_id":252617},{"type":"tv","tmdb_id":259831},{"type":"tv","tmdb_id":211079},{"type":"tv","tmdb_id":220056},{"type":"tv","tmdb_id":147050},{"type":"tv","tmdb_id":247805},{"type":"tv","tmdb_id":237882},{"type":"tv","tmdb_id":227004},{"type":"tv","tmdb_id":259558},{"type":"tv","tmdb_id":241628},{"type":"tv","tmdb_id":222923},{"type":"tv","tmdb_id":245240},{"type":"tv","tmdb_id":273415},{"type":"tv","tmdb_id":218347},{"type":"tv","tmdb_id":223447},{"type":"tv","tmdb_id":239631},{"type":"tv","tmdb_id":157226},{"type":"tv","tmdb_id":245194},{"type":"tv","tmdb_id":228272},{"type":"tv","tmdb_id":238892},{"type":"tv","tmdb_id":225385},{"type":"tv","tmdb_id":209809},{"type":"tv","tmdb_id":226529},{"type":"tv","tmdb_id":244592},{"type":"tv","tmdb_id":221310},{"type":"tv","tmdb_id":218342},{"type":"tv","tmdb_id":237478},{"type":"tv","tmdb_id":226527},{"type":"tv","tmdb_id":202224},{"type":"tv","tmdb_id":213181},{"type":"tv","tmdb_id":254039},{"type":"tv","tmdb_id":155533},{"type":"tv","tmdb_id":214587},{"type":"tv","tmdb_id":131835},{"type":"tv","tmdb_id":259831},{"type":"tv","tmdb_id":242535},{"type":"tv","tmdb_id":240440},{"type":"tv","tmdb_id":133813},{"type":"tv","tmdb_id":232018},{"type":"tv","tmdb_id":252617},{"type":"tv","tmdb_id":273415},{"type":"tv","tmdb_id":236533},{"type":"tv","tmdb_id":238892},{"type":"tv","tmdb_id":232252},{"type":"tv","tmdb_id":232926},{"type":"tv","tmdb_id":204490},{"type":"tv","tmdb_id":225385},{"type":"tv","tmdb_id":200753},{"type":"tv","tmdb_id":256953},{"type":"tv","tmdb_id":259524},{"type":"tv","tmdb_id":211079},{"type":"tv","tmdb_id":234538},{"type":"tv","tmdb_id":226527},{"type":"tv","tmdb_id":237333},{"type":"tv","tmdb_id":231357},{"type":"tv","tmdb_id":230424},{"type":"tv","tmdb_id":241928},{"type":"tv","tmdb_id":222787},{"type":"tv","tmdb_id":237478},{"type":"tv","tmdb_id":251104},{"type":"tv","tmdb_id":243754},{"type":"tv","tmdb_id":250162},{"type":"tv","tmdb_id":102621},{"type":"tv","tmdb_id":228477},{"type":"tv","tmdb_id":239761},{"type":"tv","tmdb_id":277520},{"type":"tv","tmdb_id":238848},{"type":"tv","tmdb_id":259730},{"type":"tv","tmdb_id":131365},{"type":"tv","tmdb_id":258280},{"type":"tv","tmdb_id":157226},{"type":"tv","tmdb_id":243360},{"type":"tv","tmdb_id":120549},{"type":"tv","tmdb_id":131141},{"type":"tv","tmdb_id":250061},{"type":"tv","tmdb_id":216619},{"type":"tv","tmdb_id":234586},{"type":"tv","tmdb_id":200908},{"type":"tv","tmdb_id":222289},{"type":"tv","tmdb_id":210875},{"type":"tv","tmdb_id":29135},{"type":"tv","tmdb_id":240682},{"type":"tv","tmdb_id":202667},{"type":"tv","tmdb_id":246029},{"type":"tv","tmdb_id":256400},{"type":"tv","tmdb_id":247522},{"type":"tv","tmdb_id":227837},{"type":"tv","tmdb_id":248818},{"type":"tv","tmdb_id":202282},{"type":"tv","tmdb_id":157569},{"type":"tv","tmdb_id":228669},{"type":"tv","tmdb_id":218146},{"type":"tv","tmdb_id":253896},{"type":"tv","tmdb_id":254039},{"type":"tv","tmdb_id":238848},{"type":"tv","tmdb_id":258580},{"type":"tv","tmdb_id":250162},{"type":"tv","tmdb_id":242977},{"type":"tv","tmdb_id":102621},{"type":"tv","tmdb_id":155533},{"type":"tv","tmdb_id":245739},{"type":"tv","tmdb_id":240441},{"type":"tv","tmdb_id":241257},{"type":"tv","tmdb_id":261391},{"type":"tv","tmdb_id":259789},{"type":"tv","tmdb_id":224753},{"type":"tv","tmdb_id":258902},{"type":"tv","tmdb_id":257762},{"type":"tv","tmdb_id":253335},{"type":"tv","tmdb_id":241259},{"type":"tv","tmdb_id":222787},{"type":"tv","tmdb_id":228079},{"type":"tv","tmdb_id":237853},{"type":"tv","tmdb_id":240641},{"type":"tv","tmdb_id":227689},{"type":"tv","tmdb_id":248086},{"type":"tv","tmdb_id":277520},{"type":"tv","tmdb_id":233205},{"type":"tv","tmdb_id":212553},{"type":"tv","tmdb_id":237952},{"type":"tv","tmdb_id":210875},{"type":"tv","tmdb_id":240798},{"type":"tv","tmdb_id":246029},{"type":"tv","tmdb_id":206829},{"type":"tv","tmdb_id":244672},{"type":"tv","tmdb_id":200908},{"type":"tv","tmdb_id":202667},{"type":"tv","tmdb_id":212462},{"type":"tv","tmdb_id":222405},{"type":"tv","tmdb_id":254993},{"type":"tv","tmdb_id":139547},{"type":"tv","tmdb_id":243117},{"type":"tv","tmdb_id":240667},{"type":"tv","tmdb_id":256220},{"type":"tv","tmdb_id":202282},{"type":"tv","tmdb_id":272104},{"type":"tv","tmdb_id":208445},{"type":"tv","tmdb_id":259786},{"type":"tv","tmdb_id":239779},{"type":"tv","tmdb_id":256400},{"type":"tv","tmdb_id":243403},{"type":"tv","tmdb_id":218631},{"type":"tv","tmdb_id":250598},{"type":"tv","tmdb_id":219652},{"type":"tv","tmdb_id":207668},{"type":"tv","tmdb_id":254483},{"type":"tv","tmdb_id":259787},{"type":"tv","tmdb_id":259231},{"type":"tv","tmdb_id":138492},{"type":"tv","tmdb_id":247453},{"type":"tv","tmdb_id":207668},{"type":"tv","tmdb_id":253335},{"type":"tv","tmdb_id":239779},{"type":"tv","tmdb_id":248817},{"type":"tv","tmdb_id":138492},{"type":"tv","tmdb_id":250598},{"type":"tv","tmdb_id":241269},{"type":"tv","tmdb_id":245325},{"type":"tv","tmdb_id":239161},{"type":"tv","tmdb_id":97333},{"type":"tv","tmdb_id":260689},{"type":"tv","tmdb_id":240798},{"type":"tv","tmdb_id":237964},{"type":"tv","tmdb_id":227854},{"type":"tv","tmdb_id":251005},{"type":"tv","tmdb_id":241548},{"type":"tv","tmdb_id":256429},{"type":"tv","tmdb_id":203413},{"type":"tv","tmdb_id":248557},{"type":"tv","tmdb_id":208921},{"type":"tv","tmdb_id":249906},{"type":"tv","tmdb_id":274260},{"type":"tv","tmdb_id":254532},{"type":"tv","tmdb_id":97333},{"type":"tv","tmdb_id":245285},{"type":"tv","tmdb_id":239161},{"type":"tv","tmdb_id":156057},{"type":"tv","tmdb_id":240125},{"type":"tv","tmdb_id":211705},{"type":"tv","tmdb_id":230003},{"type":"tv","tmdb_id":252636},{"type":"tv","tmdb_id":241743},{"type":"tv","tmdb_id":258821},{"type":"tv","tmdb_id":123625},{"type":"tv","tmdb_id":241548},{"type":"tv","tmdb_id":271026},{"type":"tv","tmdb_id":207333},{"type":"tv","tmdb_id":231749},{"type":"tv","tmdb_id":260689},{"type":"tv","tmdb_id":241269},{"type":"tv","tmdb_id":245325},{"type":"tv","tmdb_id":260505},{"type":"tv","tmdb_id":247721},{"type":"tv","tmdb_id":254070},{"type":"tv","tmdb_id":256429},{"type":"tv","tmdb_id":252649},{"type":"tv","tmdb_id":245830},{"type":"tv","tmdb_id":258384},{"type":"tv","tmdb_id":214087},{"type":"tv","tmdb_id":197124},{"type":"tv","tmdb_id":231873},{"type":"tv","tmdb_id":247441},{"type":"tv","tmdb_id":252788},{"type":"tv","tmdb_id":247453},{"type":"tv","tmdb_id":197459},{"type":"tv","tmdb_id":255492},{"type":"tv","tmdb_id":245256},{"type":"tv","tmdb_id":205743},{"type":"tv","tmdb_id":195305},{"type":"tv","tmdb_id":236300},{"type":"tv","tmdb_id":261510},{"type":"tv","tmdb_id":237964},{"type":"tv","tmdb_id":205599},{"type":"tv","tmdb_id":203413},{"type":"tv","tmdb_id":272512},{"type":"tv","tmdb_id":223329},{"type":"tv","tmdb_id":259788},{"type":"tv","tmdb_id":242101},{"type":"tv","tmdb_id":244326},{"type":"tv","tmdb_id":99787},{"type":"tv","tmdb_id":239005},{"type":"tv","tmdb_id":222930},{"type":"tv","tmdb_id":214032},{"type":"tv","tmdb_id":255074},{"type":"tv","tmdb_id":253760},{"type":"tv","tmdb_id":212588},{"type":"tv","tmdb_id":248579},{"type":"tv","tmdb_id":254514},{"type":"tv","tmdb_id":227854},{"type":"tv","tmdb_id":252318},{"type":"tv","tmdb_id":214087},{"type":"tv","tmdb_id":255074},{"type":"tv","tmdb_id":246331},{"type":"tv","tmdb_id":230697},{"type":"tv","tmdb_id":248579},{"type":"tv","tmdb_id":197124},{"type":"tv","tmdb_id":243403},{"type":"tv","tmdb_id":240439},{"type":"tv","tmdb_id":154084},{"type":"tv","tmdb_id":245830},{"type":"tv","tmdb_id":231873},{"type":"tv","tmdb_id":224024},{"type":"tv","tmdb_id":272512},{"type":"tv","tmdb_id":262299},{"type":"tv","tmdb_id":195305},{"type":"tv","tmdb_id":258821},{"type":"tv","tmdb_id":247376},{"type":"tv","tmdb_id":251309},{"type":"tv","tmdb_id":223365},{"type":"tv","tmdb_id":212588},{"type":"tv","tmdb_id":209916},{"type":"tv","tmdb_id":205743},{"type":"tv","tmdb_id":230069},{"type":"tv","tmdb_id":244326},{"type":"tv","tmdb_id":256610},{"type":"tv","tmdb_id":248984},{"type":"tv","tmdb_id":205672},{"type":"tv","tmdb_id":239005},{"type":"tv","tmdb_id":244207},{"type":"tv","tmdb_id":243832},{"type":"tv","tmdb_id":208942},{"type":"tv","tmdb_id":222930},{"type":"tv","tmdb_id":273801},{"type":"tv","tmdb_id":158141},{"type":"tv","tmdb_id":248155},{"type":"tv","tmdb_id":156057},{"type":"tv","tmdb_id":275176},{"type":"tv","tmdb_id":220074},{"type":"tv","tmdb_id":262831},{"type":"tv","tmdb_id":257064},{"type":"tv","tmdb_id":255086},{"type":"tv","tmdb_id":248984},{"type":"tv","tmdb_id":210355},{"type":"tv","tmdb_id":203667},{"type":"tv","tmdb_id":245841},{"type":"tv","tmdb_id":243832},{"type":"tv","tmdb_id":238585},{"type":"tv","tmdb_id":256116},{"type":"tv","tmdb_id":205672},{"type":"tv","tmdb_id":95556},{"type":"tv","tmdb_id":194741},{"type":"tv","tmdb_id":257221},{"type":"tv","tmdb_id":252318},{"type":"tv","tmdb_id":229743},{"type":"tv","tmdb_id":249928},{"type":"tv","tmdb_id":241613},{"type":"tv","tmdb_id":224024},{"type":"tv","tmdb_id":222784},{"type":"tv","tmdb_id":261846},{"type":"tv","tmdb_id":244225},{"type":"tv","tmdb_id":255086},{"type":"tv","tmdb_id":197591},{"type":"tv","tmdb_id":253254},{"type":"tv","tmdb_id":243452},{"type":"tv","tmdb_id":248276},{"type":"tv","tmdb_id":246799},{"type":"tv","tmdb_id":236234},{"type":"tv","tmdb_id":236532},{"type":"tv","tmdb_id":262153},{"type":"tv","tmdb_id":222031},{"type":"tv","tmdb_id":203667},{"type":"tv","tmdb_id":233973},{"type":"tv","tmdb_id":244462},{"type":"tv","tmdb_id":253947},{"type":"tv","tmdb_id":206925},{"type":"tv","tmdb_id":261846},{"type":"tv","tmdb_id":255868},{"type":"tv","tmdb_id":241613},{"type":"tv","tmdb_id":245328},{"type":"tv","tmdb_id":275176},{"type":"tv","tmdb_id":246492},{"type":"tv","tmdb_id":243452},{"type":"tv","tmdb_id":311088},{"type":"tv","tmdb_id":244225},{"type":"tv","tmdb_id":226905},{"type":"tv","tmdb_id":273515},{"type":"tv","tmdb_id":158141},{"type":"tv","tmdb_id":220074},{"type":"tv","tmdb_id":253767},{"type":"tv","tmdb_id":240920},{"type":"tv","tmdb_id":231394},{"type":"tv","tmdb_id":259361},{"type":"tv","tmdb_id":223397},{"type":"tv","tmdb_id":238846},{"type":"tv","tmdb_id":221585},{"type":"tv","tmdb_id":280799},{"type":"tv","tmdb_id":137893},{"type":"tv","tmdb_id":255868},{"type":"tv","tmdb_id":274926},{"type":"tv","tmdb_id":241097},{"type":"tv","tmdb_id":240576},{"type":"tv","tmdb_id":233971},{"type":"tv","tmdb_id":253254},{"type":"tv","tmdb_id":259131},{"type":"tv","tmdb_id":236530},{"type":"tv","tmdb_id":238128},{"type":"tv","tmdb_id":262831},{"type":"tv","tmdb_id":256201},{"type":"tv","tmdb_id":197591},{"type":"tv","tmdb_id":251883},{"type":"tv","tmdb_id":156716},{"type":"tv","tmdb_id":246799},{"type":"tv","tmdb_id":218291},{"type":"tv","tmdb_id":244996},{"type":"tv","tmdb_id":245500},{"type":"tv","tmdb_id":273801},{"type":"tv","tmdb_id":241871},{"type":"tv","tmdb_id":244377},{"type":"tv","tmdb_id":237338},{"type":"tv","tmdb_id":244462},{"type":"tv","tmdb_id":211180},{"type":"tv","tmdb_id":274326},{"type":"tv","tmdb_id":235586},{"type":"tv","tmdb_id":251708},{"type":"tv","tmdb_id":256121},{"type":"tv","tmdb_id":225930},{"type":"tv","tmdb_id":78381},{"type":"tv","tmdb_id":206033},{"type":"tv","tmdb_id":206925},{"type":"tv","tmdb_id":233285},{"type":"tv","tmdb_id":241473},{"type":"tv","tmdb_id":252605},{"type":"tv","tmdb_id":262153},{"type":"tv","tmdb_id":237339},{"type":"tv","tmdb_id":219532},{"type":"tv","tmdb_id":256235},{"type":"tv","tmdb_id":277238},{"type":"tv","tmdb_id":259882},{"type":"tv","tmdb_id":229160},{"type":"tv","tmdb_id":211169},{"type":"tv","tmdb_id":259666},{"type":"tv","tmdb_id":243924},{"type":"tv","tmdb_id":261102},{"type":"tv","tmdb_id":246273},{"type":"tv","tmdb_id":242392},{"type":"tv","tmdb_id":236996},{"type":"tv","tmdb_id":236144},{"type":"tv","tmdb_id":254850},{"type":"tv","tmdb_id":256324},{"type":"tv","tmdb_id":222767},{"type":"tv","tmdb_id":157583},{"type":"tv","tmdb_id":242875},{"type":"tv","tmdb_id":224752},{"type":"tv","tmdb_id":233954},{"type":"tv","tmdb_id":229906},{"type":"tv","tmdb_id":93241},{"type":"tv","tmdb_id":256299},{"type":"tv","tmdb_id":277590},{"type":"tv","tmdb_id":242476},{"type":"tv","tmdb_id":243761},{"type":"tv","tmdb_id":231040},{"type":"tv","tmdb_id":239764},{"type":"tv","tmdb_id":245652},{"type":"tv","tmdb_id":209479},{"type":"tv","tmdb_id":236956},{"type":"tv","tmdb_id":276277},{"type":"tv","tmdb_id":261135},{"type":"tv","tmdb_id":283538},{"type":"tv","tmdb_id":271152},{"type":"tv","tmdb_id":256480},{"type":"tv","tmdb_id":259172},{"type":"tv","tmdb_id":274031},{"type":"tv","tmdb_id":236930},{"type":"tv","tmdb_id":209226},{"type":"tv","tmdb_id":244620},{"type":"tv","tmdb_id":263208},{"type":"tv","tmdb_id":241485},{"type":"tv","tmdb_id":236903},{"type":"tv","tmdb_id":213220}]}