{"ts":1771084049,"year":"2010","mode":"tv","candidates":[{"type":"tv","tmdb_id":1402},{"type":"tv","tmdb_id":32692},{"type":"tv","tmdb_id":32798},{"type":"tv","tmdb_id":15260},{"type":"tv","tmdb_id":46296},{"type":"tv","tmdb_id":31132},{"type":"tv","tmdb_id":33238},{"type":"tv","tmdb_id":32415},{"type":"tv","tmdb_id":31917},{"type":"tv","tmdb_id":33907},{"type":"tv","tmdb_id":32895},{"type":"tv","tmdb_id":155256},{"type":"tv","tmdb_id":33217},{"type":"tv","tmdb_id":32608},{"type":"tv","tmdb_id":19885},{"type":"tv","tmdb_id":199332},{"type":"tv","tmdb_id":31991},{"type":"tv","tmdb_id":33765},{"type":"tv","tmdb_id":33001},{"type":"tv","tmdb_id":103751},{"type":"tv","tmdb_id":1621},{"type":"tv","tmdb_id":21762},{"type":"tv","tmdb_id":1436},{"type":"tv","tmdb_id":34634},{"type":"tv","tmdb_id":31585},{"type":"tv","tmdb_id":34522},{"type":"tv","tmdb_id":31251},{"type":"tv","tmdb_id":32294},{"type":"tv","tmdb_id":31109},{"type":"tv","tmdb_id":33841},{"type":"tv","tmdb_id":32868},{"type":"tv","tmdb_id":32390},{"type":"tv","tmdb_id":42410},{"type":"tv","tmdb_id":33852},{"type":"tv","tmdb_id":877},{"type":"tv","tmdb_id":18123},{"type":"tv","tmdb_id":33623},{"type":"tv","tmdb_id":32573},{"type":"tv","tmdb_id":250253},{"type":"tv","tmdb_id":16997},{"type":"tv","tmdb_id":16997},{"type":"tv","tmdb_id":31585},{"type":"tv","tmdb_id":78220},{"type":"tv","tmdb_id":18604},{"type":"tv","tmdb_id":18123},{"type":"tv","tmdb_id":33623},{"type":"tv","tmdb_id":21641},{"type":"tv","tmdb_id":33955},{"type":"tv","tmdb_id":37472},{"type":"tv","tmdb_id":32815},{"type":"tv","tmdb_id":46153},{"type":"tv","tmdb_id":40290},{"type":"tv","tmdb_id":31389},{"type":"tv","tmdb_id":32910},{"type":"tv","tmdb_id":33951},{"type":"tv","tmdb_id":32962},{"type":"tv","tmdb_id":38409},{"type":"tv","tmdb_id":56998},{"type":"tv","tmdb_id":83893},{"type":"tv","tmdb_id":31499},{"type":"tv","tmdb_id":56998},{"type":"tv","tmdb_id":33951},{"type":"tv","tmdb_id":32962},{"type":"tv","tmdb_id":45998},{"type":"tv","tmdb_id":31499},{"type":"tv","tmdb_id":33091},{"type":"tv","tmdb_id":32900},{"type":"tv","tmdb_id":31941},{"type":"tv","tmdb_id":60006},{"type":"tv","tmdb_id":31631},{"type":"tv","tmdb_id":42942},{"type":"tv","tmdb_id":18653},{"type":"tv","tmdb_id":54999},{"type":"tv","tmdb_id":36697},{"type":"tv","tmdb_id":40395},{"type":"tv","tmdb_id":78220},{"type":"tv","tmdb_id":36041},{"type":"tv","tmdb_id":68005},{"type":"tv","tmdb_id":33213},{"type":"tv","tmdb_id":37471},{"type":"tv","tmdb_id":33234},{"type":"tv","tmdb_id":65648},{"type":"tv","tmdb_id":37851},{"type":"tv","tmdb_id":73870},{"type":"tv","tmdb_id":38112},{"type":"tv","tmdb_id":17572},{"type":"tv","tmdb_id":31783},{"type":"tv","tmdb_id":56353},{"type":"tv","tmdb_id":55270},{"type":"tv","tmdb_id":33982},{"type":"tv","tmdb_id":46067},{"type":"tv","tmdb_id":32632},{"type":"tv","tmdb_id":32651},{"type":"tv","tmdb_id":32118},{"type":"tv","tmdb_id":35351},{"type":"tv","tmdb_id":31628},{"type":"tv","tmdb_id":33847},{"type":"tv","tmdb_id":46222},{"type":"tv","tmdb_id":42445},{"type":"tv","tmdb_id":45039},{"type":"tv","tmdb_id":42981},{"type":"tv","tmdb_id":38852},{"type":"tv","tmdb_id":34971},{"type":"tv","tmdb_id":12926},{"type":"tv","tmdb_id":56343},{"type":"tv","tmdb_id":33581},{"type":"tv","tmdb_id":111097},{"type":"tv","tmdb_id":41974},{"type":"tv","tmdb_id":31936},{"type":"tv","tmdb_id":44807},{"type":"tv","tmdb_id":50829},{"type":"tv","tmdb_id":32025},{"type":"tv","tmdb_id":33037},{"type":"tv","tmdb_id":35316},{"type":"tv","tmdb_id":32736},{"type":"tv","tmdb_id":40361},{"type":"tv","tmdb_id":33273},{"type":"tv","tmdb_id":40334},{"type":"tv","tmdb_id":32348},{"type":"tv","tmdb_id":251432},{"type":"tv","tmdb_id":45500},{"type":"tv","tmdb_id":38122},{"type":"tv","tmdb_id":33827},{"type":"tv","tmdb_id":39952},{"type":"tv","tmdb_id":31606},{"type":"tv","tmdb_id":31934},{"type":"tv","tmdb_id":32730},{"type":"tv","tmdb_id":214252},{"type":"tv","tmdb_id":20021},{"type":"tv","tmdb_id":32406},{"type":"tv","tmdb_id":58306},{"type":"tv","tmdb_id":46440},{"type":"tv","tmdb_id":62824},{"type":"tv","tmdb_id":33428},{"type":"tv","tmdb_id":30745},{"type":"tv","tmdb_id":32082},{"type":"tv","tmdb_id":41064},{"type":"tv","tmdb_id":29009},{"type":"tv","tmdb_id":32729},{"type":"tv","tmdb_id":60879},{"type":"tv","tmdb_id":62567},{"type":"tv","tmdb_id":42411},{"type":"tv","tmdb_id":37101},{"type":"tv","tmdb_id":17967},{"type":"tv","tmdb_id":37183},{"type":"tv","tmdb_id":52880},{"type":"tv","tmdb_id":35423},{"type":"tv","tmdb_id":56351},{"type":"tv","tmdb_id":39176},{"type":"tv","tmdb_id":66774},{"type":"tv","tmdb_id":36089},{"type":"tv","tmdb_id":36581},{"type":"tv","tmdb_id":32896},{"type":"tv","tmdb_id":37867},{"type":"tv","tmdb_id":32085},{"type":"tv","tmdb_id":46587},{"type":"tv","tmdb_id":33163},{"type":"tv","tmdb_id":35455},{"type":"tv","tmdb_id":18828},{"type":"tv","tmdb_id":48488},{"type":"tv","tmdb_id":32694},{"type":"tv","tmdb_id":35447},{"type":"tv","tmdb_id":31623},{"type":"tv","tmdb_id":95020},{"type":"tv","tmdb_id":35461},{"type":"tv","tmdb_id":31868},{"type":"tv","tmdb_id":32940},{"type":"tv","tmdb_id":51666},{"type":"tv","tmdb_id":45418},{"type":"tv","tmdb_id":33155},{"type":"tv","tmdb_id":34549},{"type":"tv","tmdb_id":34052},{"type":"tv","tmdb_id":41627},{"type":"tv","tmdb_id":42413},{"type":"tv","tmdb_id":36243},{"type":"tv","tmdb_id":65447},{"type":"tv","tmdb_id":136074},{"type":"tv","tmdb_id":36154},{"type":"tv","tmdb_id":38965},{"type":"tv","tmdb_id":35460},{"type":"tv","tmdb_id":32515},{"type":"tv","tmdb_id":50296},{"type":"tv","tmdb_id":42408},{"type":"tv","tmdb_id":44316},{"type":"tv","tmdb_id":34561},{"type":"tv","tmdb_id":125338},{"type":"tv","tmdb_id":32997},{"type":"tv","tmdb_id":32776},{"type":"tv","tmdb_id":60767},{"type":"tv","tmdb_id":7038},{"type":"tv","tmdb_id":34284},{"type":"tv","tmdb_id":46967},{"type":"tv","tmdb_id":114605},{"type":"tv","tmdb_id":79276},{"type":"tv","tmdb_id":32357},{"type":"tv","tmdb_id":40440},{"type":"tv","tmdb_id":44632},{"type":"tv","tmdb_id":37580},{"type":"tv","tmdb_id":33761},{"type":"tv","tmdb_id":71551},{"type":"tv","tmdb_id":34335},{"type":"tv","tmdb_id":78201},{"type":"tv","tmdb_id":37555},{"type":"tv","tmdb_id":36836},{"type":"tv","tmdb_id":33183},{"type":"tv","tmdb_id":66219},{"type":"tv","tmdb_id":31162},{"type":"tv","tmdb_id":45923},{"type":"tv","tmdb_id":61308},{"type":"tv","tmdb_id":15842},{"type":"tv","tmdb_id":85796},{"type":"tv","tmdb_id":35335},{"type":"tv","tmdb_id":37919},{"type":"tv","tmdb_id":275472},{"type":"tv","tmdb_id":55271},{"type":"tv","tmdb_id":33667},{"type":"tv","tmdb_id":34440},{"type":"tv","tmdb_id":32891},{"type":"tv","tmdb_id":54493},{"type":"tv","tmdb_id":39892},{"type":"tv","tmdb_id":61395},{"type":"tv","tmdb_id":83304},{"type":"tv","tmdb_id":33793},{"type":"tv","tmdb_id":38486},{"type":"tv","tmdb_id":32800},{"type":"tv","tmdb_id":81882},{"type":"tv","tmdb_id":32315},{"type":"tv","tmdb_id":46182},{"type":"tv","tmdb_id":32612},{"type":"tv","tmdb_id":48324},{"type":"tv","tmdb_id":33400},{"type":"tv","tmdb_id":43594},{"type":"tv","tmdb_id":34379},{"type":"tv","tmdb_id":32410},{"type":"tv","tmdb_id":37636},{"type":"tv","tmdb_id":59185},{"type":"tv","tmdb_id":32595},{"type":"tv","tmdb_id":31634},{"type":"tv","tmdb_id":46609},{"type":"tv","tmdb_id":32351},{"type":"tv","tmdb_id":37806},{"type":"tv","tmdb_id":46374},{"type":"tv","tmdb_id":21763},{"type":"tv","tmdb_id":33795},{"type":"tv","tmdb_id":46005},{"type":"tv","tmdb_id":37575},{"type":"tv","tmdb_id":40360},{"type":"tv","tmdb_id":31663},{"type":"tv","tmdb_id":33828},{"type":"tv","tmdb_id":34406},{"type":"tv","tmdb_id":32786},{"type":"tv","tmdb_id":33036},{"type":"tv","tmdb_id":130244},{"type":"tv","tmdb_id":33570},{"type":"tv","tmdb_id":36473},{"type":"tv","tmdb_id":80855},{"type":"tv","tmdb_id":39056},{"type":"tv","tmdb_id":34408},{"type":"tv","tmdb_id":45472},{"type":"tv","tmdb_id":83855},{"type":"tv","tmdb_id":80447},{"type":"tv","tmdb_id":299206},{"type":"tv","tmdb_id":131281},{"type":"tv","tmdb_id":243510},{"type":"tv","tmdb_id":46099},{"type":"tv","tmdb_id":32538},{"type":"tv","tmdb_id":33268},{"type":"tv","tmdb_id":44318},{"type":"tv","tmdb_id":75685},{"type":"tv","tmdb_id":32037},{"type":"tv","tmdb_id":33835},{"type":"tv","tmdb_id":32843},{"type":"tv","tmdb_id":31305},{"type":"tv","tmdb_id":42552},{"type":"tv","tmdb_id":39501},{"type":"tv","tmdb_id":49482},{"type":"tv","tmdb_id":45148},{"type":"tv","tmdb_id":51492},{"type":"tv","tmdb_id":18660},{"type":"tv","tmdb_id":109346},{"type":"tv","tmdb_id":45817},{"type":"tv","tmdb_id":55273},{"type":"tv","tmdb_id":53352},{"type":"tv","tmdb_id":219498},{"type":"tv","tmdb_id":44578},{"type":"tv","tmdb_id":34014},{"type":"tv","tmdb_id":33101},{"type":"tv","tmdb_id":46705},{"type":"tv","tmdb_id":33785},{"type":"tv","tmdb_id":32504},{"type":"tv","tmdb_id":45410},{"type":"tv","tmdb_id":32858},{"type":"tv","tmdb_id":131232},{"type":"tv","tmdb_id":32552},{"type":"tv","tmdb_id":33858},{"type":"tv","tmdb_id":47923},{"type":"tv","tmdb_id":61483},{"type":"tv","tmdb_id":32598},{"type":"tv","tmdb_id":33844},{"type":"tv","tmdb_id":68637},{"type":"tv","tmdb_id":60780},{"type":"tv","tmdb_id":86232},{"type":"tv","tmdb_id":45438},{"type":"tv","tmdb_id":45433},{"type":"tv","tmdb_id":94502},{"type":"tv","tmdb_id":33767},{"type":"tv","tmdb_id":46000},{"type":"tv","tmdb_id":39037},{"type":"tv","tmdb_id":62466},{"type":"tv","tmdb_id":32942},{"type":"tv","tmdb_id":32817},{"type":"tv","tmdb_id":33249},{"type":"tv","tmdb_id":36873},{"type":"tv","tmdb_id":38303},{"type":"tv","tmdb_id":31076},{"type":"tv","tmdb_id":32757},{"type":"tv","tmdb_id":34527},{"type":"tv","tmdb_id":31420},{"type":"tv","tmdb_id":33487},{"type":"tv","tmdb_id":39290},{"type":"tv","tmdb_id":31424},{"type":"tv","tmdb_id":35532},{"type":"tv","tmdb_id":83896},{"type":"tv","tmdb_id":32437},{"type":"tv","tmdb_id":35305},{"type":"tv","tmdb_id":33478},{"type":"tv","tmdb_id":42412},{"type":"tv","tmdb_id":5559},{"type":"tv","tmdb_id":44085},{"type":"tv","tmdb_id":31489},{"type":"tv","tmdb_id":41552},{"type":"tv","tmdb_id":52229},{"type":"tv","tmdb_id":45413},{"type":"tv","tmdb_id":34235},{"type":"tv","tmdb_id":40308},{"type":"tv","tmdb_id":64474},{"type":"tv","tmdb_id":119187},{"type":"tv","tmdb_id":42299},{"type":"tv","tmdb_id":35278},{"type":"tv","tmdb_id":34636},{"type":"tv","tmdb_id":33925},{"type":"tv","tmdb_id":93845},{"type":"tv","tmdb_id":37016},{"type":"tv","tmdb_id":108625},{"type":"tv","tmdb_id":34300},{"type":"tv","tmdb_id":34466},{"type":"tv","tmdb_id":19123},{"type":"tv","tmdb_id":47918},{"type":"tv","tmdb_id":51038},{"type":"tv","tmdb_id":46691},{"type":"tv","tmdb_id":32456},{"type":"tv","tmdb_id":32563},{"type":"tv","tmdb_id":34381},{"type":"tv","tmdb_id":34301},{"type":"tv","tmdb_id":60281},{"type":"tv","tmdb_id":46342},{"type":"tv","tmdb_id":64162},{"type":"tv","tmdb_id":33836},{"type":"tv","tmdb_id":33047},{"type":"tv","tmdb_id":31203},{"type":"tv","tmdb_id":32507},{"type":"tv","tmdb_id":73026},{"type":"tv","tmdb_id":38831},{"type":"tv","tmdb_id":33824},{"type":"tv","tmdb_id":53979},{"type":"tv","tmdb_id":33933},{"type":"tv","tmdb_id":46571},{"type":"tv","tmdb_id":129039},{"type":"tv","tmdb_id":33297},{"type":"tv","tmdb_id":38084},{"type":"tv","tmdb_id":26728},{"type":"tv","tmdb_id":94226},{"type":"tv","tmdb_id":40962},{"type":"tv","tmdb_id":46142},{"type":"tv","tmdb_id":77285},{"type":"tv","tmdb_id":37102},{"type":"tv","tmdb_id":34603},{"type":"tv","tmdb_id":37757},{"type":"tv","tmdb_id":44315},{"type":"tv","tmdb_id":108114},{"type":"tv","tmdb_id":18848},{"type":"tv","tmdb_id":34604},{"type":"tv","tmdb_id":32023},{"type":"tv","tmdb_id":32249},{"type":"tv","tmdb_id":69360},{"type":"tv","tmdb_id":52821},{"type":"tv","tmdb_id":48908},{"type":"tv","tmdb_id":18683},{"type":"tv","tmdb_id":64713},{"type":"tv","tmdb_id":79872},{"type":"tv","tmdb_id":59798},{"type":"tv","tmdb_id":32625},{"type":"tv","tmdb_id":40755},{"type":"tv","tmdb_id":79096},{"type":"tv","tmdb_id":37131},{"type":"tv","tmdb_id":35392},{"type":"tv","tmdb_id":42409},{"type":"tv","tmdb_id":33072},{"type":"tv","tmdb_id":18359},{"type":"tv","tmdb_id":32864},{"type":"tv","tmdb_id":49058},{"type":"tv","tmdb_id":33002},{"type":"tv","tmdb_id":34510},{"type":"tv","tmdb_id":129632},{"type":"tv","tmdb_id":33059},{"type":"tv","tmdb_id":32700},{"type":"tv","tmdb_id":39245},{"type":"tv","tmdb_id":58581},{"type":"tv","tmdb_id":32463},{"type":"tv","tmdb_id":65601},{"type":"tv","tmdb_id":78688},{"type":"tv","tmdb_id":21578},{"type":"tv","tmdb_id":70504},{"type":"tv","tmdb_id":32656},{"type":"tv","tmdb_id":30280},{"type":"tv","tmdb_id":32789},{"type":"tv","tmdb_id":32226},{"type":"tv","tmdb_id":37821},{"type":"tv","tmdb_id":34277},{"type":"tv","tmdb_id":38780},{"type":"tv","tmdb_id":96737},{"type":"tv","tmdb_id":31794},{"type":"tv","tmdb_id":33473},{"type":"tv","tmdb_id":106589},{"type":"tv","tmdb_id":18679},{"type":"tv","tmdb_id":7171},{"type":"tv","tmdb_id":65316},{"type":"tv","tmdb_id":65625},{"type":"tv","tmdb_id":80417},{"type":"tv","tmdb_id":34503},{"type":"tv","tmdb_id":44330},{"type":"tv","tmdb_id":45967},{"type":"tv","tmdb_id":45976},{"type":"tv","tmdb_id":40484},{"type":"tv","tmdb_id":32218},{"type":"tv","tmdb_id":18823},{"type":"tv","tmdb_id":34000},{"type":"tv","tmdb_id":229725},{"type":"tv","tmdb_id":35389},{"type":"tv","tmdb_id":31548},{"type":"tv","tmdb_id":65563},{"type":"tv","tmdb_id":40540},{"type":"tv","tmdb_id":46531},{"type":"tv","tmdb_id":33831},{"type":"tv","tmdb_id":37734},{"type":"tv","tmdb_id":18853},{"type":"tv","tmdb_id":41580},{"type":"tv","tmdb_id":34924},{"type":"tv","tmdb_id":31865},{"type":"tv","tmdb_id":33544},{"type":"tv","tmdb_id":50614},{"type":"tv","tmdb_id":50018},{"type":"tv","tmdb_id":36536},{"type":"tv","tmdb_id":33740},{"type":"tv","tmdb_id":39406},{"type":"tv","tmdb_id":38599},{"type":"tv","tmdb_id":36729},{"type":"tv","tmdb_id":33901},{"type":"tv","tmdb_id":72961},{"type":"tv","tmdb_id":130544},{"type":"tv","tmdb_id":87239},{"type":"tv","tmdb_id":52510},{"type":"tv","tmdb_id":32220},{"type":"tv","tmdb_id":30873},{"type":"tv","tmdb_id":99025},{"type":"tv","tmdb_id":296615},{"type":"tv","tmdb_id":31549},{"type":"tv","tmdb_id":254198},{"type":"tv","tmdb_id":37581},{"type":"tv","tmdb_id":45099},{"type":"tv","tmdb_id":59865},{"type":"tv","tmdb_id":217530},{"type":"tv","tmdb_id":262250},{"type":"tv","tmdb_id":40400},{"type":"tv","tmdb_id":32614},{"type":"tv","tmdb_id":63977},{"type":"tv","tmdb_id":108148},{"type":"tv","tmdb_id":33427},{"type":"tv","tmdb_id":38850},{"type":"tv","tmdb_id":54456},{"type":"tv","tmdb_id":105138},{"type":"tv","tmdb_id":93686},{"type":"tv","tmdb_id":31563},{"type":"tv","tmdb_id":18469},{"type":"tv","tmdb_id":32766},{"type":"tv","tmdb_id":45214},{"type":"tv","tmdb_id":31642},{"type":"tv","tmdb_id":46145},{"type":"tv","tmdb_id":235566},{"type":"tv","tmdb_id":51497},{"type":"tv","tmdb_id":38760},{"type":"tv","tmdb_id":59053},{"type":"tv","tmdb_id":34449},{"type":"tv","tmdb_id":32763},{"type":"tv","tmdb_id":33645},{"type":"tv","tmdb_id":38057},{"type":"tv","tmdb_id":35287},{"type":"tv","tmdb_id":18775},{"type":"tv","tmdb_id":45607},{"type":"tv","tmdb_id":33289},{"type":"tv","tmdb_id":33405},{"type":"tv","tmdb_id":33829},{"type":"tv","tmdb_id":39914},{"type":"tv","tmdb_id":32246},{"type":"tv","tmdb_id":49570},{"type":"tv","tmdb_id":37743},{"type":"tv","tmdb_id":46097},{"type":"tv","tmdb_id":40297},{"type":"tv","tmdb_id":39916},{"type":"tv","tmdb_id":34633},{"type":"tv","tmdb_id":32224},{"type":"tv","tmdb_id":74132},{"type":"tv","tmdb_id":44074},{"type":"tv","tmdb_id":81146},{"type":"tv","tmdb_id":35331},{"type":"tv","tmdb_id":31857},{"type":"tv","tmdb_id":39224},{"type":"tv","tmdb_id":305216},{"type":"tv","tmdb_id":80123},{"type":"tv","tmdb_id":31997},{"type":"tv","tmdb_id":42551},{"type":"tv","tmdb_id":90250},{"type":"tv","tmdb_id":46558},{"type":"tv","tmdb_id":152320},{"type":"tv","tmdb_id":47273},{"type":"tv","tmdb_id":44170},{"type":"tv","tmdb_id":121023},{"type":"tv","tmdb_id":86344},{"type":"tv","tmdb_id":115974},{"type":"tv","tmdb_id":34003},{"type":"tv","tmdb_id":32058},{"type":"tv","tmdb_id":216125},{"type":"tv","tmdb_id":83581},{"type":"tv","tmdb_id":54467},{"type":"tv","tmdb_id":34035},{"type":"tv","tmdb_id":121850},{"type":"tv","tmdb_id":34479},{"type":"tv","tmdb_id":33144},{"type":"tv","tmdb_id":107991},{"type":"tv","tmdb_id":31927},{"type":"tv","tmdb_id":40367},{"type":"tv","tmdb_id":30892},{"type":"tv","tmdb_id":40127},{"type":"tv","tmdb_id":41593},{"type":"tv","tmdb_id":51210},{"type":"tv","tmdb_id":51098},{"type":"tv","tmdb_id":310660},{"type":"tv","tmdb_id":41326},{"type":"tv","tmdb_id":206409},{"type":"tv","tmdb_id":5573},{"type":"tv","tmdb_id":84548},{"type":"tv","tmdb_id":46579},{"type":"tv","tmdb_id":71406},{"type":"tv","tmdb_id":34304},{"type":"tv","tmdb_id":56435},{"type":"tv","tmdb_id":33168},{"type":"tv","tmdb_id":21756},{"type":"tv","tmdb_id":34015},{"type":"tv","tmdb_id":32616},{"type":"tv","tmdb_id":41072},{"type":"tv","tmdb_id":41684},{"type":"tv","tmdb_id":104885},{"type":"tv","tmdb_id":32539},{"type":"tv","tmdb_id":115082},{"type":"tv","tmdb_id":201828},{"type":"tv","tmdb_id":35188},{"type":"tv","tmdb_id":34517},{"type":"tv","tmdb_id":33752},{"type":"tv","tmdb_id":31155},{"type":"tv","tmdb_id":38391},{"type":"tv","tmdb_id":19757},{"type":"tv","tmdb_id":37054},{"type":"tv","tmdb_id":36105},{"type":"tv","tmdb_id":139356},{"type":"tv","tmdb_id":129613},{"type":"tv","tmdb_id":48235},{"type":"tv","tmdb_id":36002},{"type":"tv","tmdb_id":34271},{"type":"tv","tmdb_id":42595},{"type":"tv","tmdb_id":32927},{"type":"tv","tmdb_id":46096},{"type":"tv","tmdb_id":33722},{"type":"tv","tmdb_id":302651},{"type":"tv","tmdb_id":44082},{"type":"tv","tmdb_id":84260},{"type":"tv","tmdb_id":35448},{"type":"tv","tmdb_id":223662},{"type":"tv","tmdb_id":249734},{"type":"tv","tmdb_id":32590},{"type":"tv","tmdb_id":76533},{"type":"tv","tmdb_id":53654},{"type":"tv","tmdb_id":38949},{"type":"tv","tmdb_id":34481},{"type":"tv","tmdb_id":41392},{"type":"tv","tmdb_id":32784},{"type":"tv","tmdb_id":31393},{"type":"tv","tmdb_id":35308},{"type":"tv","tmdb_id":248329},{"type":"tv","tmdb_id":42042},{"type":"tv","tmdb_id":310036}]}