{"ts":1771170912,"year":"2019","mode":"tv","candidates":[{"type":"tv","tmdb_id":76479},{"type":"tv","tmdb_id":120218},{"type":"tv","tmdb_id":82856},{"type":"tv","tmdb_id":71912},{"type":"tv","tmdb_id":82873},{"type":"tv","tmdb_id":95603},{"type":"tv","tmdb_id":85552},{"type":"tv","tmdb_id":86848},{"type":"tv","tmdb_id":86831},{"type":"tv","tmdb_id":83631},{"type":"tv","tmdb_id":89456},{"type":"tv","tmdb_id":74440},{"type":"tv","tmdb_id":87108},{"type":"tv","tmdb_id":85077},{"type":"tv","tmdb_id":87940},{"type":"tv","tmdb_id":97072},{"type":"tv","tmdb_id":95842},{"type":"tv","tmdb_id":87917},{"type":"tv","tmdb_id":75006},{"type":"tv","tmdb_id":90282},{"type":"tv","tmdb_id":79501},{"type":"tv","tmdb_id":80752},{"type":"tv","tmdb_id":84910},{"type":"tv","tmdb_id":81356},{"type":"tv","tmdb_id":68507},{"type":"tv","tmdb_id":91555},{"type":"tv","tmdb_id":83121},{"type":"tv","tmdb_id":229856},{"type":"tv","tmdb_id":73544},{"type":"tv","tmdb_id":114473},{"type":"tv","tmdb_id":91875},{"type":"tv","tmdb_id":90937},{"type":"tv","tmdb_id":89861},{"type":"tv","tmdb_id":91121},{"type":"tv","tmdb_id":85991},{"type":"tv","tmdb_id":85349},{"type":"tv","tmdb_id":88324},{"type":"tv","tmdb_id":82782},{"type":"tv","tmdb_id":85937},{"type":"tv","tmdb_id":89247},{"type":"tv","tmdb_id":80006},{"type":"tv","tmdb_id":80054},{"type":"tv","tmdb_id":91097},{"type":"tv","tmdb_id":86686},{"type":"tv","tmdb_id":17174},{"type":"tv","tmdb_id":90872},{"type":"tv","tmdb_id":94181},{"type":"tv","tmdb_id":92621},{"type":"tv","tmdb_id":94641},{"type":"tv","tmdb_id":79086},{"type":"tv","tmdb_id":99748},{"type":"tv","tmdb_id":89572},{"type":"tv","tmdb_id":91801},{"type":"tv","tmdb_id":83135},{"type":"tv","tmdb_id":92892},{"type":"tv","tmdb_id":91768},{"type":"tv","tmdb_id":106142},{"type":"tv","tmdb_id":91552},{"type":"tv","tmdb_id":81357},{"type":"tv","tmdb_id":87428},{"type":"tv","tmdb_id":93449},{"type":"tv","tmdb_id":78950},{"type":"tv","tmdb_id":88786},{"type":"tv","tmdb_id":89901},{"type":"tv","tmdb_id":87428},{"type":"tv","tmdb_id":92611},{"type":"tv","tmdb_id":129412},{"type":"tv","tmdb_id":106142},{"type":"tv","tmdb_id":80230},{"type":"tv","tmdb_id":90027},{"type":"tv","tmdb_id":122522},{"type":"tv","tmdb_id":83100},{"type":"tv","tmdb_id":71915},{"type":"tv","tmdb_id":87083},{"type":"tv","tmdb_id":88055},{"type":"tv","tmdb_id":93544},{"type":"tv","tmdb_id":79788},{"type":"tv","tmdb_id":93219},{"type":"tv","tmdb_id":88806},{"type":"tv","tmdb_id":90855},{"type":"tv","tmdb_id":92461},{"type":"tv","tmdb_id":94796},{"type":"tv","tmdb_id":85519},{"type":"tv","tmdb_id":83095},{"type":"tv","tmdb_id":93660},{"type":"tv","tmdb_id":90677},{"type":"tv","tmdb_id":90660},{"type":"tv","tmdb_id":85322},{"type":"tv","tmdb_id":93456},{"type":"tv","tmdb_id":87164},{"type":"tv","tmdb_id":85273},{"type":"tv","tmdb_id":79649},{"type":"tv","tmdb_id":85385},{"type":"tv","tmdb_id":54155},{"type":"tv","tmdb_id":89338},{"type":"tv","tmdb_id":106621},{"type":"tv","tmdb_id":79130},{"type":"tv","tmdb_id":91425},{"type":"tv","tmdb_id":85843},{"type":"tv","tmdb_id":91602},{"type":"tv","tmdb_id":88118},{"type":"tv","tmdb_id":91425},{"type":"tv","tmdb_id":94686},{"type":"tv","tmdb_id":87623},{"type":"tv","tmdb_id":90621},{"type":"tv","tmdb_id":86374},{"type":"tv","tmdb_id":124265},{"type":"tv","tmdb_id":79410},{"type":"tv","tmdb_id":106621},{"type":"tv","tmdb_id":108847},{"type":"tv","tmdb_id":54155},{"type":"tv","tmdb_id":71809},{"type":"tv","tmdb_id":92090},{"type":"tv","tmdb_id":84977},{"type":"tv","tmdb_id":85843},{"type":"tv","tmdb_id":88367},{"type":"tv","tmdb_id":91602},{"type":"tv","tmdb_id":88803},{"type":"tv","tmdb_id":79588},{"type":"tv","tmdb_id":96775},{"type":"tv","tmdb_id":223694},{"type":"tv","tmdb_id":89563},{"type":"tv","tmdb_id":93256},{"type":"tv","tmdb_id":87456},{"type":"tv","tmdb_id":83097},{"type":"tv","tmdb_id":83949},{"type":"tv","tmdb_id":92967},{"type":"tv","tmdb_id":95594},{"type":"tv","tmdb_id":86163},{"type":"tv","tmdb_id":201453},{"type":"tv","tmdb_id":79618},{"type":"tv","tmdb_id":93166},{"type":"tv","tmdb_id":86428},{"type":"tv","tmdb_id":88463},{"type":"tv","tmdb_id":88088},{"type":"tv","tmdb_id":70593},{"type":"tv","tmdb_id":81355},{"type":"tv","tmdb_id":91371},{"type":"tv","tmdb_id":87478},{"type":"tv","tmdb_id":89440},{"type":"tv","tmdb_id":87093},{"type":"tv","tmdb_id":85801},{"type":"tv","tmdb_id":269143},{"type":"tv","tmdb_id":85586},{"type":"tv","tmdb_id":87542},{"type":"tv","tmdb_id":90761},{"type":"tv","tmdb_id":82001},{"type":"tv","tmdb_id":88236},{"type":"tv","tmdb_id":129832},{"type":"tv","tmdb_id":106938},{"type":"tv","tmdb_id":91267},{"type":"tv","tmdb_id":82104},{"type":"tv","tmdb_id":84970},{"type":"tv","tmdb_id":94772},{"type":"tv","tmdb_id":95004},{"type":"tv","tmdb_id":86957},{"type":"tv","tmdb_id":304407},{"type":"tv","tmdb_id":85425},{"type":"tv","tmdb_id":86014},{"type":"tv","tmdb_id":92983},{"type":"tv","tmdb_id":90388},{"type":"tv","tmdb_id":93352},{"type":"tv","tmdb_id":86893},{"type":"tv","tmdb_id":90239},{"type":"tv","tmdb_id":85368},{"type":"tv","tmdb_id":96738},{"type":"tv","tmdb_id":87773},{"type":"tv","tmdb_id":87133},{"type":"tv","tmdb_id":70617},{"type":"tv","tmdb_id":88358},{"type":"tv","tmdb_id":82883},{"type":"tv","tmdb_id":75523},{"type":"tv","tmdb_id":86830},{"type":"tv","tmdb_id":93520},{"type":"tv","tmdb_id":86031},{"type":"tv","tmdb_id":88401},{"type":"tv","tmdb_id":93088},{"type":"tv","tmdb_id":89630},{"type":"tv","tmdb_id":90447},{"type":"tv","tmdb_id":100451},{"type":"tv","tmdb_id":90234},{"type":"tv","tmdb_id":83880},{"type":"tv","tmdb_id":93821},{"type":"tv","tmdb_id":91962},{"type":"tv","tmdb_id":120409},{"type":"tv","tmdb_id":84303},{"type":"tv","tmdb_id":86799},{"type":"tv","tmdb_id":299141},{"type":"tv","tmdb_id":86623},{"type":"tv","tmdb_id":85727},{"type":"tv","tmdb_id":109096},{"type":"tv","tmdb_id":96761},{"type":"tv","tmdb_id":92779},{"type":"tv","tmdb_id":94137},{"type":"tv","tmdb_id":93853},{"type":"tv","tmdb_id":88052},{"type":"tv","tmdb_id":83103},{"type":"tv","tmdb_id":79240},{"type":"tv","tmdb_id":87104},{"type":"tv","tmdb_id":86836},{"type":"tv","tmdb_id":86942},{"type":"tv","tmdb_id":84584},{"type":"tv","tmdb_id":93216},{"type":"tv","tmdb_id":85526},{"type":"tv","tmdb_id":81924},{"type":"tv","tmdb_id":96650},{"type":"tv","tmdb_id":114574},{"type":"tv","tmdb_id":91174},{"type":"tv","tmdb_id":88597},{"type":"tv","tmdb_id":75663},{"type":"tv","tmdb_id":84231},{"type":"tv","tmdb_id":86857},{"type":"tv","tmdb_id":87491},{"type":"tv","tmdb_id":90870},{"type":"tv","tmdb_id":88090},{"type":"tv","tmdb_id":84915},{"type":"tv","tmdb_id":252824},{"type":"tv","tmdb_id":86074},{"type":"tv","tmdb_id":93097},{"type":"tv","tmdb_id":91275},{"type":"tv","tmdb_id":83127},{"type":"tv","tmdb_id":81946},{"type":"tv","tmdb_id":93260},{"type":"tv","tmdb_id":97889},{"type":"tv","tmdb_id":96305},{"type":"tv","tmdb_id":82578},{"type":"tv","tmdb_id":100548},{"type":"tv","tmdb_id":113146},{"type":"tv","tmdb_id":94232},{"type":"tv","tmdb_id":93657},{"type":"tv","tmdb_id":90768},{"type":"tv","tmdb_id":80795},{"type":"tv","tmdb_id":87007},{"type":"tv","tmdb_id":91725},{"type":"tv","tmdb_id":85844},{"type":"tv","tmdb_id":91026},{"type":"tv","tmdb_id":92875},{"type":"tv","tmdb_id":87340},{"type":"tv","tmdb_id":88754},{"type":"tv","tmdb_id":77459},{"type":"tv","tmdb_id":88047},{"type":"tv","tmdb_id":88050},{"type":"tv","tmdb_id":110180},{"type":"tv","tmdb_id":126490},{"type":"tv","tmdb_id":92926},{"type":"tv","tmdb_id":91270},{"type":"tv","tmdb_id":94408},{"type":"tv","tmdb_id":70168},{"type":"tv","tmdb_id":88804},{"type":"tv","tmdb_id":91125},{"type":"tv","tmdb_id":85702},{"type":"tv","tmdb_id":86919},{"type":"tv","tmdb_id":89611},{"type":"tv","tmdb_id":93019},{"type":"tv","tmdb_id":94009},{"type":"tv","tmdb_id":82817},{"type":"tv","tmdb_id":87731},{"type":"tv","tmdb_id":111897},{"type":"tv","tmdb_id":99496},{"type":"tv","tmdb_id":87382},{"type":"tv","tmdb_id":90788},{"type":"tv","tmdb_id":90877},{"type":"tv","tmdb_id":92835},{"type":"tv","tmdb_id":87826},{"type":"tv","tmdb_id":84660},{"type":"tv","tmdb_id":89959},{"type":"tv","tmdb_id":85413},{"type":"tv","tmdb_id":94987},{"type":"tv","tmdb_id":87969},{"type":"tv","tmdb_id":91830},{"type":"tv","tmdb_id":86340},{"type":"tv","tmdb_id":81940},{"type":"tv","tmdb_id":82653},{"type":"tv","tmdb_id":93830},{"type":"tv","tmdb_id":85940},{"type":"tv","tmdb_id":89604},{"type":"tv","tmdb_id":84647},{"type":"tv","tmdb_id":89557},{"type":"tv","tmdb_id":93641},{"type":"tv","tmdb_id":92655},{"type":"tv","tmdb_id":89641},{"type":"tv","tmdb_id":93597},{"type":"tv","tmdb_id":95686},{"type":"tv","tmdb_id":94280},{"type":"tv","tmdb_id":85231},{"type":"tv","tmdb_id":93721},{"type":"tv","tmdb_id":87142},{"type":"tv","tmdb_id":94659},{"type":"tv","tmdb_id":88191},{"type":"tv","tmdb_id":91520},{"type":"tv","tmdb_id":91455},{"type":"tv","tmdb_id":258210},{"type":"tv","tmdb_id":93014},{"type":"tv","tmdb_id":88378},{"type":"tv","tmdb_id":90670},{"type":"tv","tmdb_id":96562},{"type":"tv","tmdb_id":94083},{"type":"tv","tmdb_id":94000},{"type":"tv","tmdb_id":87432},{"type":"tv","tmdb_id":88398},{"type":"tv","tmdb_id":90534},{"type":"tv","tmdb_id":93077},{"type":"tv","tmdb_id":93609},{"type":"tv","tmdb_id":87362},{"type":"tv","tmdb_id":132186},{"type":"tv","tmdb_id":93392},{"type":"tv","tmdb_id":95705},{"type":"tv","tmdb_id":88519},{"type":"tv","tmdb_id":95717},{"type":"tv","tmdb_id":122623},{"type":"tv","tmdb_id":95612},{"type":"tv","tmdb_id":95718},{"type":"tv","tmdb_id":91205},{"type":"tv","tmdb_id":89235},{"type":"tv","tmdb_id":93842},{"type":"tv","tmdb_id":92804},{"type":"tv","tmdb_id":87508},{"type":"tv","tmdb_id":87919},{"type":"tv","tmdb_id":100342},{"type":"tv","tmdb_id":79863},{"type":"tv","tmdb_id":86823},{"type":"tv","tmdb_id":92993},{"type":"tv","tmdb_id":90720},{"type":"tv","tmdb_id":91291},{"type":"tv","tmdb_id":88640},{"type":"tv","tmdb_id":82094},{"type":"tv","tmdb_id":89719},{"type":"tv","tmdb_id":87407},{"type":"tv","tmdb_id":86129},{"type":"tv","tmdb_id":92388},{"type":"tv","tmdb_id":121472},{"type":"tv","tmdb_id":88512},{"type":"tv","tmdb_id":97276},{"type":"tv","tmdb_id":85404},{"type":"tv","tmdb_id":74728},{"type":"tv","tmdb_id":91470},{"type":"tv","tmdb_id":90368},{"type":"tv","tmdb_id":85990},{"type":"tv","tmdb_id":92371},{"type":"tv","tmdb_id":84880},{"type":"tv","tmdb_id":87399},{"type":"tv","tmdb_id":90755},{"type":"tv","tmdb_id":91433},{"type":"tv","tmdb_id":91547},{"type":"tv","tmdb_id":87544},{"type":"tv","tmdb_id":95216},{"type":"tv","tmdb_id":88041},{"type":"tv","tmdb_id":86456},{"type":"tv","tmdb_id":112774},{"type":"tv","tmdb_id":90706},{"type":"tv","tmdb_id":82744},{"type":"tv","tmdb_id":87447},{"type":"tv","tmdb_id":92648},{"type":"tv","tmdb_id":213401},{"type":"tv","tmdb_id":85989},{"type":"tv","tmdb_id":218191},{"type":"tv","tmdb_id":119848},{"type":"tv","tmdb_id":90711},{"type":"tv","tmdb_id":94045},{"type":"tv","tmdb_id":90790},{"type":"tv","tmdb_id":93975},{"type":"tv","tmdb_id":102496},{"type":"tv","tmdb_id":86845},{"type":"tv","tmdb_id":89314},{"type":"tv","tmdb_id":86034},{"type":"tv","tmdb_id":99635},{"type":"tv","tmdb_id":87461},{"type":"tv","tmdb_id":89671},{"type":"tv","tmdb_id":91299},{"type":"tv","tmdb_id":93693},{"type":"tv","tmdb_id":89682},{"type":"tv","tmdb_id":88570},{"type":"tv","tmdb_id":80483},{"type":"tv","tmdb_id":89219},{"type":"tv","tmdb_id":81559},{"type":"tv","tmdb_id":87457},{"type":"tv","tmdb_id":88728},{"type":"tv","tmdb_id":93541},{"type":"tv","tmdb_id":86343},{"type":"tv","tmdb_id":89187},{"type":"tv","tmdb_id":90721},{"type":"tv","tmdb_id":87387},{"type":"tv","tmdb_id":88040},{"type":"tv","tmdb_id":94607},{"type":"tv","tmdb_id":85935},{"type":"tv","tmdb_id":80443},{"type":"tv","tmdb_id":96130},{"type":"tv","tmdb_id":89642},{"type":"tv","tmdb_id":88910},{"type":"tv","tmdb_id":95202},{"type":"tv","tmdb_id":83015},{"type":"tv","tmdb_id":94836},{"type":"tv","tmdb_id":95913},{"type":"tv","tmdb_id":94947},{"type":"tv","tmdb_id":89542},{"type":"tv","tmdb_id":86225},{"type":"tv","tmdb_id":96348},{"type":"tv","tmdb_id":81131},{"type":"tv","tmdb_id":108897},{"type":"tv","tmdb_id":311949},{"type":"tv","tmdb_id":121821},{"type":"tv","tmdb_id":88639},{"type":"tv","tmdb_id":94931},{"type":"tv","tmdb_id":109497},{"type":"tv","tmdb_id":95279},{"type":"tv","tmdb_id":86165},{"type":"tv","tmdb_id":94952},{"type":"tv","tmdb_id":90207},{"type":"tv","tmdb_id":236031},{"type":"tv","tmdb_id":83981},{"type":"tv","tmdb_id":93819},{"type":"tv","tmdb_id":88328},{"type":"tv","tmdb_id":81879},{"type":"tv","tmdb_id":85950},{"type":"tv","tmdb_id":87984},{"type":"tv","tmdb_id":88696},{"type":"tv","tmdb_id":201876},{"type":"tv","tmdb_id":89427},{"type":"tv","tmdb_id":84971},{"type":"tv","tmdb_id":93654},{"type":"tv","tmdb_id":80703},{"type":"tv","tmdb_id":85545},{"type":"tv","tmdb_id":232761},{"type":"tv","tmdb_id":90214},{"type":"tv","tmdb_id":88043},{"type":"tv","tmdb_id":82092},{"type":"tv","tmdb_id":88024},{"type":"tv","tmdb_id":91588},{"type":"tv","tmdb_id":88051},{"type":"tv","tmdb_id":91505},{"type":"tv","tmdb_id":88344},{"type":"tv","tmdb_id":88974},{"type":"tv","tmdb_id":85512},{"type":"tv","tmdb_id":87553},{"type":"tv","tmdb_id":89216},{"type":"tv","tmdb_id":95286},{"type":"tv","tmdb_id":95325},{"type":"tv","tmdb_id":92684},{"type":"tv","tmdb_id":84666},{"type":"tv","tmdb_id":82695},{"type":"tv","tmdb_id":86742},{"type":"tv","tmdb_id":86752},{"type":"tv","tmdb_id":91611},{"type":"tv","tmdb_id":88067},{"type":"tv","tmdb_id":94597},{"type":"tv","tmdb_id":95825},{"type":"tv","tmdb_id":79356},{"type":"tv","tmdb_id":88805},{"type":"tv","tmdb_id":85220},{"type":"tv","tmdb_id":76692},{"type":"tv","tmdb_id":93742},{"type":"tv","tmdb_id":95890},{"type":"tv","tmdb_id":91073},{"type":"tv","tmdb_id":92599},{"type":"tv","tmdb_id":93892},{"type":"tv","tmdb_id":88865},{"type":"tv","tmdb_id":94517},{"type":"tv","tmdb_id":87954},{"type":"tv","tmdb_id":87525},{"type":"tv","tmdb_id":92901},{"type":"tv","tmdb_id":90571},{"type":"tv","tmdb_id":90785},{"type":"tv","tmdb_id":88239},{"type":"tv","tmdb_id":95863},{"type":"tv","tmdb_id":93265},{"type":"tv","tmdb_id":83668},{"type":"tv","tmdb_id":89624},{"type":"tv","tmdb_id":88129},{"type":"tv","tmdb_id":84869},{"type":"tv","tmdb_id":95100},{"type":"tv","tmdb_id":98754},{"type":"tv","tmdb_id":83099},{"type":"tv","tmdb_id":91269},{"type":"tv","tmdb_id":86835},{"type":"tv","tmdb_id":92235},{"type":"tv","tmdb_id":95334},{"type":"tv","tmdb_id":87389},{"type":"tv","tmdb_id":87405},{"type":"tv","tmdb_id":91678},{"type":"tv","tmdb_id":85412},{"type":"tv","tmdb_id":85529},{"type":"tv","tmdb_id":110162},{"type":"tv","tmdb_id":126797},{"type":"tv","tmdb_id":90597},{"type":"tv","tmdb_id":97009},{"type":"tv","tmdb_id":91724},{"type":"tv","tmdb_id":94615},{"type":"tv","tmdb_id":94759},{"type":"tv","tmdb_id":95755},{"type":"tv","tmdb_id":89407},{"type":"tv","tmdb_id":95336},{"type":"tv","tmdb_id":94710},{"type":"tv","tmdb_id":87408},{"type":"tv","tmdb_id":86411},{"type":"tv","tmdb_id":90819},{"type":"tv","tmdb_id":92216},{"type":"tv","tmdb_id":89471},{"type":"tv","tmdb_id":79272},{"type":"tv","tmdb_id":92925},{"type":"tv","tmdb_id":84282},{"type":"tv","tmdb_id":92462},{"type":"tv","tmdb_id":88783},{"type":"tv","tmdb_id":87615},{"type":"tv","tmdb_id":95258},{"type":"tv","tmdb_id":88264},{"type":"tv","tmdb_id":93833},{"type":"tv","tmdb_id":88424},{"type":"tv","tmdb_id":290225},{"type":"tv","tmdb_id":94853},{"type":"tv","tmdb_id":94154},{"type":"tv","tmdb_id":88233},{"type":"tv","tmdb_id":93643},{"type":"tv","tmdb_id":88932},{"type":"tv","tmdb_id":95392},{"type":"tv","tmdb_id":93877},{"type":"tv","tmdb_id":95393},{"type":"tv","tmdb_id":133574},{"type":"tv","tmdb_id":84163},{"type":"tv","tmdb_id":89852},{"type":"tv","tmdb_id":95385},{"type":"tv","tmdb_id":84663},{"type":"tv","tmdb_id":96319},{"type":"tv","tmdb_id":83074},{"type":"tv","tmdb_id":89602},{"type":"tv","tmdb_id":85547},{"type":"tv","tmdb_id":83376},{"type":"tv","tmdb_id":95066},{"type":"tv","tmdb_id":90966},{"type":"tv","tmdb_id":86189},{"type":"tv","tmdb_id":94696},{"type":"tv","tmdb_id":92806},{"type":"tv","tmdb_id":95259},{"type":"tv","tmdb_id":81532},{"type":"tv","tmdb_id":86725},{"type":"tv","tmdb_id":120631},{"type":"tv","tmdb_id":94551},{"type":"tv","tmdb_id":86735},{"type":"tv","tmdb_id":88850},{"type":"tv","tmdb_id":95885},{"type":"tv","tmdb_id":115689},{"type":"tv","tmdb_id":90961},{"type":"tv","tmdb_id":85858},{"type":"tv","tmdb_id":91657},{"type":"tv","tmdb_id":87811},{"type":"tv","tmdb_id":86291},{"type":"tv","tmdb_id":93286},{"type":"tv","tmdb_id":91565},{"type":"tv","tmdb_id":81922},{"type":"tv","tmdb_id":93310},{"type":"tv","tmdb_id":86053},{"type":"tv","tmdb_id":78074},{"type":"tv","tmdb_id":87775},{"type":"tv","tmdb_id":91931},{"type":"tv","tmdb_id":85046},{"type":"tv","tmdb_id":103575},{"type":"tv","tmdb_id":86968},{"type":"tv","tmdb_id":83478},{"type":"tv","tmdb_id":83117},{"type":"tv","tmdb_id":81942},{"type":"tv","tmdb_id":81947},{"type":"tv","tmdb_id":99232},{"type":"tv","tmdb_id":91027},{"type":"tv","tmdb_id":96196},{"type":"tv","tmdb_id":86671},{"type":"tv","tmdb_id":85992},{"type":"tv","tmdb_id":87302},{"type":"tv","tmdb_id":97758},{"type":"tv","tmdb_id":88561},{"type":"tv","tmdb_id":103377},{"type":"tv","tmdb_id":95395},{"type":"tv","tmdb_id":92807},{"type":"tv","tmdb_id":92911},{"type":"tv","tmdb_id":119306},{"type":"tv","tmdb_id":87208},{"type":"tv","tmdb_id":104366},{"type":"tv","tmdb_id":89287},{"type":"tv","tmdb_id":86847},{"type":"tv","tmdb_id":86936},{"type":"tv","tmdb_id":26473},{"type":"tv","tmdb_id":107708},{"type":"tv","tmdb_id":93027},{"type":"tv","tmdb_id":136511},{"type":"tv","tmdb_id":95484},{"type":"tv","tmdb_id":89765},{"type":"tv","tmdb_id":87187},{"type":"tv","tmdb_id":96246},{"type":"tv","tmdb_id":90155},{"type":"tv","tmdb_id":93495},{"type":"tv","tmdb_id":96425},{"type":"tv","tmdb_id":91280},{"type":"tv","tmdb_id":103659},{"type":"tv","tmdb_id":91413},{"type":"tv","tmdb_id":93490},{"type":"tv","tmdb_id":87476},{"type":"tv","tmdb_id":92885},{"type":"tv","tmdb_id":89613},{"type":"tv","tmdb_id":87222},{"type":"tv","tmdb_id":89785},{"type":"tv","tmdb_id":88794},{"type":"tv","tmdb_id":90699}]}