{"ts":1771202725,"year":"2001","mode":"movie","candidates":[{"type":"movie","tmdb_id":120},{"type":"movie","tmdb_id":671},{"type":"movie","tmdb_id":808},{"type":"movie","tmdb_id":129},{"type":"movie","tmdb_id":585},{"type":"movie","tmdb_id":161},{"type":"movie","tmdb_id":304139},{"type":"movie","tmdb_id":2034},{"type":"movie","tmdb_id":1018},{"type":"movie","tmdb_id":194},{"type":"movie","tmdb_id":1734},{"type":"movie","tmdb_id":644},{"type":"movie","tmdb_id":855},{"type":"movie","tmdb_id":141},{"type":"movie","tmdb_id":8835},{"type":"movie","tmdb_id":9778},{"type":"movie","tmdb_id":453},{"type":"movie","tmdb_id":4248},{"type":"movie","tmdb_id":9880},{"type":"movie","tmdb_id":9476},{"type":"movie","tmdb_id":39939},{"type":"movie","tmdb_id":5175},{"type":"movie","tmdb_id":869},{"type":"movie","tmdb_id":676},{"type":"movie","tmdb_id":824},{"type":"movie","tmdb_id":9428},{"type":"movie","tmdb_id":853},{"type":"movie","tmdb_id":9378},{"type":"movie","tmdb_id":10984},{"type":"movie","tmdb_id":10691},{"type":"movie","tmdb_id":11371},{"type":"movie","tmdb_id":4133},{"type":"movie","tmdb_id":59940},{"type":"movie","tmdb_id":1995},{"type":"movie","tmdb_id":1903},{"type":"movie","tmdb_id":217323},{"type":"movie","tmdb_id":11090},{"type":"movie","tmdb_id":1933},{"type":"movie","tmdb_id":2110},{"type":"movie","tmdb_id":11770},{"type":"movie","tmdb_id":24811},{"type":"movie","tmdb_id":10865},{"type":"movie","tmdb_id":10836},{"type":"movie","tmdb_id":23685},{"type":"movie","tmdb_id":31010},{"type":"movie","tmdb_id":8922},{"type":"movie","tmdb_id":11470},{"type":"movie","tmdb_id":51986},{"type":"movie","tmdb_id":36897},{"type":"movie","tmdb_id":45411},{"type":"movie","tmdb_id":10054},{"type":"movie","tmdb_id":39770},{"type":"movie","tmdb_id":2770},{"type":"movie","tmdb_id":38183},{"type":"movie","tmdb_id":1921},{"type":"movie","tmdb_id":253460},{"type":"movie","tmdb_id":167},{"type":"movie","tmdb_id":1535},{"type":"movie","tmdb_id":68569},{"type":"movie","tmdb_id":2057},{"type":"movie","tmdb_id":26976},{"type":"movie","tmdb_id":1391},{"type":"movie","tmdb_id":11889},{"type":"movie","tmdb_id":25797},{"type":"movie","tmdb_id":9889},{"type":"movie","tmdb_id":10696},{"type":"movie","tmdb_id":18939},{"type":"movie","tmdb_id":11370},{"type":"movie","tmdb_id":40880},{"type":"movie","tmdb_id":1207136},{"type":"movie","tmdb_id":72073},{"type":"movie","tmdb_id":96153},{"type":"movie","tmdb_id":9517},{"type":"movie","tmdb_id":61016},{"type":"movie","tmdb_id":43749},{"type":"movie","tmdb_id":37632},{"type":"movie","tmdb_id":11397},{"type":"movie","tmdb_id":65869},{"type":"movie","tmdb_id":18269},{"type":"movie","tmdb_id":723148},{"type":"movie","tmdb_id":11088},{"type":"movie","tmdb_id":527893},{"type":"movie","tmdb_id":5279},{"type":"movie","tmdb_id":1085501},{"type":"movie","tmdb_id":30331},{"type":"movie","tmdb_id":12508},{"type":"movie","tmdb_id":270185},{"type":"movie","tmdb_id":33379},{"type":"movie","tmdb_id":148172},{"type":"movie","tmdb_id":373494},{"type":"movie","tmdb_id":155765},{"type":"movie","tmdb_id":20004},{"type":"movie","tmdb_id":27834},{"type":"movie","tmdb_id":73774},{"type":"movie","tmdb_id":2749},{"type":"movie","tmdb_id":48601},{"type":"movie","tmdb_id":114452},{"type":"movie","tmdb_id":628297},{"type":"movie","tmdb_id":1247648},{"type":"movie","tmdb_id":19058},{"type":"movie","tmdb_id":60495},{"type":"movie","tmdb_id":9398},{"type":"movie","tmdb_id":634},{"type":"movie","tmdb_id":49691},{"type":"movie","tmdb_id":9705},{"type":"movie","tmdb_id":273417},{"type":"movie","tmdb_id":11299},{"type":"movie","tmdb_id":286724},{"type":"movie","tmdb_id":71204},{"type":"movie","tmdb_id":71885},{"type":"movie","tmdb_id":2043},{"type":"movie","tmdb_id":2141},{"type":"movie","tmdb_id":9896},{"type":"movie","tmdb_id":337648},{"type":"movie","tmdb_id":10950},{"type":"movie","tmdb_id":53977},{"type":"movie","tmdb_id":1791},{"type":"movie","tmdb_id":189916},{"type":"movie","tmdb_id":61185},{"type":"movie","tmdb_id":10992},{"type":"movie","tmdb_id":32222},{"type":"movie","tmdb_id":15999},{"type":"movie","tmdb_id":65364},{"type":"movie","tmdb_id":94597},{"type":"movie","tmdb_id":509513},{"type":"movie","tmdb_id":464154},{"type":"movie","tmdb_id":339826},{"type":"movie","tmdb_id":11845},{"type":"movie","tmdb_id":276531},{"type":"movie","tmdb_id":9696},{"type":"movie","tmdb_id":10856},{"type":"movie","tmdb_id":8386},{"type":"movie","tmdb_id":55372},{"type":"movie","tmdb_id":6312},{"type":"movie","tmdb_id":792545},{"type":"movie","tmdb_id":304111},{"type":"movie","tmdb_id":193777},{"type":"movie","tmdb_id":264248},{"type":"movie","tmdb_id":54712},{"type":"movie","tmdb_id":116808},{"type":"movie","tmdb_id":9397},{"type":"movie","tmdb_id":876076},{"type":"movie","tmdb_id":12610},{"type":"movie","tmdb_id":404930},{"type":"movie","tmdb_id":1071117},{"type":"movie","tmdb_id":30779},{"type":"movie","tmdb_id":295172},{"type":"movie","tmdb_id":367782},{"type":"movie","tmdb_id":478415},{"type":"movie","tmdb_id":351198},{"type":"movie","tmdb_id":517336},{"type":"movie","tmdb_id":52408},{"type":"movie","tmdb_id":525655},{"type":"movie","tmdb_id":97252},{"type":"movie","tmdb_id":12589},{"type":"movie","tmdb_id":271574},{"type":"movie","tmdb_id":168819},{"type":"movie","tmdb_id":12600},{"type":"movie","tmdb_id":10796},{"type":"movie","tmdb_id":859548},{"type":"movie","tmdb_id":73678},{"type":"movie","tmdb_id":16664},{"type":"movie","tmdb_id":22599},{"type":"movie","tmdb_id":80741},{"type":"movie","tmdb_id":1142250},{"type":"movie","tmdb_id":32248},{"type":"movie","tmdb_id":24068},{"type":"movie","tmdb_id":5955},{"type":"movie","tmdb_id":177123},{"type":"movie","tmdb_id":181778},{"type":"movie","tmdb_id":15098},{"type":"movie","tmdb_id":29000},{"type":"movie","tmdb_id":348712},{"type":"movie","tmdb_id":10778},{"type":"movie","tmdb_id":519831},{"type":"movie","tmdb_id":87520},{"type":"movie","tmdb_id":989020},{"type":"movie","tmdb_id":33068},{"type":"movie","tmdb_id":240263},{"type":"movie","tmdb_id":28311},{"type":"movie","tmdb_id":2084},{"type":"movie","tmdb_id":49110},{"type":"movie","tmdb_id":25435},{"type":"movie","tmdb_id":206533},{"type":"movie","tmdb_id":15167},{"type":"movie","tmdb_id":1158127},{"type":"movie","tmdb_id":175643},{"type":"movie","tmdb_id":22075},{"type":"movie","tmdb_id":378501},{"type":"movie","tmdb_id":894703},{"type":"movie","tmdb_id":1548},{"type":"movie","tmdb_id":379595},{"type":"movie","tmdb_id":291675},{"type":"movie","tmdb_id":10866},{"type":"movie","tmdb_id":23446},{"type":"movie","tmdb_id":405518},{"type":"movie","tmdb_id":975030},{"type":"movie","tmdb_id":1185339},{"type":"movie","tmdb_id":122817},{"type":"movie","tmdb_id":51215},{"type":"movie","tmdb_id":202479},{"type":"movie","tmdb_id":12103},{"type":"movie","tmdb_id":822240},{"type":"movie","tmdb_id":10757},{"type":"movie","tmdb_id":58495},{"type":"movie","tmdb_id":382928},{"type":"movie","tmdb_id":270427},{"type":"movie","tmdb_id":11469},{"type":"movie","tmdb_id":257886},{"type":"movie","tmdb_id":817914},{"type":"movie","tmdb_id":507656},{"type":"movie","tmdb_id":451564},{"type":"movie","tmdb_id":1476195},{"type":"movie","tmdb_id":8007},{"type":"movie","tmdb_id":50057},{"type":"movie","tmdb_id":4241},{"type":"movie","tmdb_id":572899},{"type":"movie","tmdb_id":70487},{"type":"movie","tmdb_id":107159},{"type":"movie","tmdb_id":121317},{"type":"movie","tmdb_id":2294},{"type":"movie","tmdb_id":1003220},{"type":"movie","tmdb_id":120859},{"type":"movie","tmdb_id":291727},{"type":"movie","tmdb_id":269126},{"type":"movie","tmdb_id":620101},{"type":"movie","tmdb_id":32022},{"type":"movie","tmdb_id":11444},{"type":"movie","tmdb_id":135863},{"type":"movie","tmdb_id":345230},{"type":"movie","tmdb_id":10956},{"type":"movie","tmdb_id":229202},{"type":"movie","tmdb_id":636550},{"type":"movie","tmdb_id":30472},{"type":"movie","tmdb_id":749151},{"type":"movie","tmdb_id":27324},{"type":"movie","tmdb_id":2140},{"type":"movie","tmdb_id":322731},{"type":"movie","tmdb_id":1048003},{"type":"movie","tmdb_id":9337},{"type":"movie","tmdb_id":308600},{"type":"movie","tmdb_id":1093074},{"type":"movie","tmdb_id":2132},{"type":"movie","tmdb_id":115542},{"type":"movie","tmdb_id":509697},{"type":"movie","tmdb_id":8489},{"type":"movie","tmdb_id":1425336},{"type":"movie","tmdb_id":950530},{"type":"movie","tmdb_id":1396320},{"type":"movie","tmdb_id":253624},{"type":"movie","tmdb_id":3172},{"type":"movie","tmdb_id":586065},{"type":"movie","tmdb_id":316107},{"type":"movie","tmdb_id":134669},{"type":"movie","tmdb_id":61227},{"type":"movie","tmdb_id":174545},{"type":"movie","tmdb_id":351204},{"type":"movie","tmdb_id":71025},{"type":"movie","tmdb_id":1097485},{"type":"movie","tmdb_id":57558},{"type":"movie","tmdb_id":71660},{"type":"movie","tmdb_id":524324},{"type":"movie","tmdb_id":88262},{"type":"movie","tmdb_id":920709},{"type":"movie","tmdb_id":48163},{"type":"movie","tmdb_id":295127},{"type":"movie","tmdb_id":11826},{"type":"movie","tmdb_id":113632},{"type":"movie","tmdb_id":331146},{"type":"movie","tmdb_id":72118},{"type":"movie","tmdb_id":240697},{"type":"movie","tmdb_id":9025},{"type":"movie","tmdb_id":6073},{"type":"movie","tmdb_id":281819},{"type":"movie","tmdb_id":1178040},{"type":"movie","tmdb_id":10833},{"type":"movie","tmdb_id":687040},{"type":"movie","tmdb_id":459848},{"type":"movie","tmdb_id":359956},{"type":"movie","tmdb_id":1243868},{"type":"movie","tmdb_id":1003065},{"type":"movie","tmdb_id":57892},{"type":"movie","tmdb_id":54356},{"type":"movie","tmdb_id":10877},{"type":"movie","tmdb_id":2176},{"type":"movie","tmdb_id":440356},{"type":"movie","tmdb_id":9606},{"type":"movie","tmdb_id":10808},{"type":"movie","tmdb_id":1417473},{"type":"movie","tmdb_id":68507},{"type":"movie","tmdb_id":1269485},{"type":"movie","tmdb_id":2922},{"type":"movie","tmdb_id":11201},{"type":"movie","tmdb_id":772673},{"type":"movie","tmdb_id":522612},{"type":"movie","tmdb_id":443871},{"type":"movie","tmdb_id":117234},{"type":"movie","tmdb_id":194139},{"type":"movie","tmdb_id":768},{"type":"movie","tmdb_id":1151505},{"type":"movie","tmdb_id":369177},{"type":"movie","tmdb_id":535459},{"type":"movie","tmdb_id":61545},{"type":"movie","tmdb_id":28765},{"type":"movie","tmdb_id":11232},{"type":"movie","tmdb_id":308748},{"type":"movie","tmdb_id":228923},{"type":"movie","tmdb_id":1060861},{"type":"movie","tmdb_id":681644},{"type":"movie","tmdb_id":306286},{"type":"movie","tmdb_id":9816},{"type":"movie","tmdb_id":677675},{"type":"movie","tmdb_id":375445},{"type":"movie","tmdb_id":262156},{"type":"movie","tmdb_id":35704},{"type":"movie","tmdb_id":70816},{"type":"movie","tmdb_id":285734},{"type":"movie","tmdb_id":428540},{"type":"movie","tmdb_id":115504},{"type":"movie","tmdb_id":1019679},{"type":"movie","tmdb_id":415637},{"type":"movie","tmdb_id":13496},{"type":"movie","tmdb_id":36224},{"type":"movie","tmdb_id":200572},{"type":"movie","tmdb_id":594130},{"type":"movie","tmdb_id":34205},{"type":"movie","tmdb_id":315375},{"type":"movie","tmdb_id":212058},{"type":"movie","tmdb_id":10972},{"type":"movie","tmdb_id":471144},{"type":"movie","tmdb_id":430630},{"type":"movie","tmdb_id":610161},{"type":"movie","tmdb_id":37280},{"type":"movie","tmdb_id":715357},{"type":"movie","tmdb_id":1050846},{"type":"movie","tmdb_id":283719},{"type":"movie","tmdb_id":152739},{"type":"movie","tmdb_id":26551},{"type":"movie","tmdb_id":148591},{"type":"movie","tmdb_id":742178},{"type":"movie","tmdb_id":331398},{"type":"movie","tmdb_id":72869},{"type":"movie","tmdb_id":404391},{"type":"movie","tmdb_id":1440751},{"type":"movie","tmdb_id":210778},{"type":"movie","tmdb_id":1006938},{"type":"movie","tmdb_id":10016},{"type":"movie","tmdb_id":2104},{"type":"movie","tmdb_id":264455},{"type":"movie","tmdb_id":2018},{"type":"movie","tmdb_id":117905},{"type":"movie","tmdb_id":575},{"type":"movie","tmdb_id":1289060},{"type":"movie","tmdb_id":349165},{"type":"movie","tmdb_id":409381},{"type":"movie","tmdb_id":234562},{"type":"movie","tmdb_id":786942},{"type":"movie","tmdb_id":93755},{"type":"movie","tmdb_id":377577},{"type":"movie","tmdb_id":1081568},{"type":"movie","tmdb_id":270111},{"type":"movie","tmdb_id":15955},{"type":"movie","tmdb_id":411218},{"type":"movie","tmdb_id":415611},{"type":"movie","tmdb_id":586735},{"type":"movie","tmdb_id":914986},{"type":"movie","tmdb_id":300163},{"type":"movie","tmdb_id":46262},{"type":"movie","tmdb_id":826870},{"type":"movie","tmdb_id":216365},{"type":"movie","tmdb_id":1364},{"type":"movie","tmdb_id":2100},{"type":"movie","tmdb_id":386449},{"type":"movie","tmdb_id":795711},{"type":"movie","tmdb_id":126475},{"type":"movie","tmdb_id":128680},{"type":"movie","tmdb_id":287328},{"type":"movie","tmdb_id":1415560},{"type":"movie","tmdb_id":123747},{"type":"movie","tmdb_id":19405},{"type":"movie","tmdb_id":50562},{"type":"movie","tmdb_id":380445},{"type":"movie","tmdb_id":10477},{"type":"movie","tmdb_id":76174},{"type":"movie","tmdb_id":9989},{"type":"movie","tmdb_id":149897},{"type":"movie","tmdb_id":162092},{"type":"movie","tmdb_id":756852},{"type":"movie","tmdb_id":28635},{"type":"movie","tmdb_id":33911},{"type":"movie","tmdb_id":12831},{"type":"movie","tmdb_id":1036231},{"type":"movie","tmdb_id":507247},{"type":"movie","tmdb_id":32429},{"type":"movie","tmdb_id":82495},{"type":"movie","tmdb_id":16550},{"type":"movie","tmdb_id":9081},{"type":"movie","tmdb_id":23160},{"type":"movie","tmdb_id":922600},{"type":"movie","tmdb_id":507589},{"type":"movie","tmdb_id":85092},{"type":"movie","tmdb_id":77280},{"type":"movie","tmdb_id":152879},{"type":"movie","tmdb_id":16161},{"type":"movie","tmdb_id":197256},{"type":"movie","tmdb_id":353244},{"type":"movie","tmdb_id":276251},{"type":"movie","tmdb_id":385677},{"type":"movie","tmdb_id":1155136},{"type":"movie","tmdb_id":223039},{"type":"movie","tmdb_id":77038},{"type":"movie","tmdb_id":10491},{"type":"movie","tmdb_id":89091},{"type":"movie","tmdb_id":391552},{"type":"movie","tmdb_id":39180},{"type":"movie","tmdb_id":1313948},{"type":"movie","tmdb_id":79236},{"type":"movie","tmdb_id":153186},{"type":"movie","tmdb_id":82954},{"type":"movie","tmdb_id":32099},{"type":"movie","tmdb_id":1100237},{"type":"movie","tmdb_id":533362},{"type":"movie","tmdb_id":2114},{"type":"movie","tmdb_id":68558},{"type":"movie","tmdb_id":251904},{"type":"movie","tmdb_id":1722},{"type":"movie","tmdb_id":1341166},{"type":"movie","tmdb_id":1251259},{"type":"movie","tmdb_id":11178},{"type":"movie","tmdb_id":313418},{"type":"movie","tmdb_id":2171},{"type":"movie","tmdb_id":419052},{"type":"movie","tmdb_id":13503},{"type":"movie","tmdb_id":63234},{"type":"movie","tmdb_id":175529},{"type":"movie","tmdb_id":12138},{"type":"movie","tmdb_id":47924},{"type":"movie","tmdb_id":16723},{"type":"movie","tmdb_id":33497},{"type":"movie","tmdb_id":757686},{"type":"movie","tmdb_id":128625},{"type":"movie","tmdb_id":613023},{"type":"movie","tmdb_id":472561},{"type":"movie","tmdb_id":810479},{"type":"movie","tmdb_id":59219},{"type":"movie","tmdb_id":10829},{"type":"movie","tmdb_id":11456},{"type":"movie","tmdb_id":348861},{"type":"movie","tmdb_id":56715},{"type":"movie","tmdb_id":920691},{"type":"movie","tmdb_id":1365},{"type":"movie","tmdb_id":12900},{"type":"movie","tmdb_id":955770},{"type":"movie","tmdb_id":1212963},{"type":"movie","tmdb_id":261141},{"type":"movie","tmdb_id":1206978},{"type":"movie","tmdb_id":348855},{"type":"movie","tmdb_id":315966},{"type":"movie","tmdb_id":1999},{"type":"movie","tmdb_id":164014},{"type":"movie","tmdb_id":20857},{"type":"movie","tmdb_id":18411},{"type":"movie","tmdb_id":57433},{"type":"movie","tmdb_id":148877},{"type":"movie","tmdb_id":44164},{"type":"movie","tmdb_id":60141},{"type":"movie","tmdb_id":19666},{"type":"movie","tmdb_id":396103},{"type":"movie","tmdb_id":286537},{"type":"movie","tmdb_id":849424},{"type":"movie","tmdb_id":1382109},{"type":"movie","tmdb_id":419658},{"type":"movie","tmdb_id":757178},{"type":"movie","tmdb_id":916060},{"type":"movie","tmdb_id":383580},{"type":"movie","tmdb_id":1235947},{"type":"movie","tmdb_id":76148},{"type":"movie","tmdb_id":4965},{"type":"movie","tmdb_id":42360},{"type":"movie","tmdb_id":920592},{"type":"movie","tmdb_id":879000},{"type":"movie","tmdb_id":251506},{"type":"movie","tmdb_id":325105},{"type":"movie","tmdb_id":240270},{"type":"movie","tmdb_id":1013691},{"type":"movie","tmdb_id":77047},{"type":"movie","tmdb_id":22615},{"type":"movie","tmdb_id":761496},{"type":"movie","tmdb_id":5764},{"type":"movie","tmdb_id":26602},{"type":"movie","tmdb_id":789818},{"type":"movie","tmdb_id":331063},{"type":"movie","tmdb_id":352130},{"type":"movie","tmdb_id":25462},{"type":"movie","tmdb_id":467},{"type":"movie","tmdb_id":33684},{"type":"movie","tmdb_id":1338521},{"type":"movie","tmdb_id":36201},{"type":"movie","tmdb_id":254984},{"type":"movie","tmdb_id":1300888},{"type":"movie","tmdb_id":846233},{"type":"movie","tmdb_id":880743},{"type":"movie","tmdb_id":173876},{"type":"movie","tmdb_id":118684},{"type":"movie","tmdb_id":1433},{"type":"movie","tmdb_id":24836},{"type":"movie","tmdb_id":766680},{"type":"movie","tmdb_id":330717},{"type":"movie","tmdb_id":931836},{"type":"movie","tmdb_id":28308},{"type":"movie","tmdb_id":662531},{"type":"movie","tmdb_id":1032729},{"type":"movie","tmdb_id":76811},{"type":"movie","tmdb_id":122388},{"type":"movie","tmdb_id":596259},{"type":"movie","tmdb_id":889578},{"type":"movie","tmdb_id":1236681},{"type":"movie","tmdb_id":21448},{"type":"movie","tmdb_id":1406288},{"type":"movie","tmdb_id":16321},{"type":"movie","tmdb_id":570},{"type":"movie","tmdb_id":197069},{"type":"movie","tmdb_id":53048},{"type":"movie","tmdb_id":1550132},{"type":"movie","tmdb_id":1304685},{"type":"movie","tmdb_id":205558},{"type":"movie","tmdb_id":11086},{"type":"movie","tmdb_id":10596},{"type":"movie","tmdb_id":1441944},{"type":"movie","tmdb_id":17355},{"type":"movie","tmdb_id":953768},{"type":"movie","tmdb_id":2575},{"type":"movie","tmdb_id":137374},{"type":"movie","tmdb_id":113595},{"type":"movie","tmdb_id":134840},{"type":"movie","tmdb_id":183134},{"type":"movie","tmdb_id":720309},{"type":"movie","tmdb_id":49170},{"type":"movie","tmdb_id":19635},{"type":"movie","tmdb_id":950551},{"type":"movie","tmdb_id":491109},{"type":"movie","tmdb_id":815598},{"type":"movie","tmdb_id":36243},{"type":"movie","tmdb_id":516688},{"type":"movie","tmdb_id":151804},{"type":"movie","tmdb_id":125806},{"type":"movie","tmdb_id":6935},{"type":"movie","tmdb_id":1143150},{"type":"movie","tmdb_id":313457},{"type":"movie","tmdb_id":1436},{"type":"movie","tmdb_id":51532},{"type":"movie","tmdb_id":16435},{"type":"movie","tmdb_id":592079},{"type":"movie","tmdb_id":383070},{"type":"movie","tmdb_id":4231},{"type":"movie","tmdb_id":952054},{"type":"movie","tmdb_id":472050},{"type":"movie","tmdb_id":569028},{"type":"movie","tmdb_id":897880},{"type":"movie","tmdb_id":755997},{"type":"movie","tmdb_id":410046},{"type":"movie","tmdb_id":1524031},{"type":"movie","tmdb_id":79248},{"type":"movie","tmdb_id":1563376},{"type":"movie","tmdb_id":15192},{"type":"movie","tmdb_id":16405},{"type":"movie","tmdb_id":14034},{"type":"movie","tmdb_id":31142},{"type":"movie","tmdb_id":517458},{"type":"movie","tmdb_id":847533},{"type":"movie","tmdb_id":212131},{"type":"movie","tmdb_id":18296},{"type":"movie","tmdb_id":15601},{"type":"movie","tmdb_id":15915},{"type":"movie","tmdb_id":1613},{"type":"movie","tmdb_id":20916},{"type":"movie","tmdb_id":1373192},{"type":"movie","tmdb_id":10881},{"type":"movie","tmdb_id":45897},{"type":"movie","tmdb_id":9683},{"type":"movie","tmdb_id":25587},{"type":"movie","tmdb_id":482360},{"type":"movie","tmdb_id":12658},{"type":"movie","tmdb_id":37254},{"type":"movie","tmdb_id":54491},{"type":"movie","tmdb_id":421869},{"type":"movie","tmdb_id":45949},{"type":"movie","tmdb_id":51094},{"type":"movie","tmdb_id":386362},{"type":"movie","tmdb_id":1228747},{"type":"movie","tmdb_id":208074},{"type":"movie","tmdb_id":419380},{"type":"movie","tmdb_id":156143},{"type":"movie","tmdb_id":25838},{"type":"movie","tmdb_id":322891},{"type":"movie","tmdb_id":1048249},{"type":"movie","tmdb_id":42804},{"type":"movie","tmdb_id":197066},{"type":"movie","tmdb_id":123833},{"type":"movie","tmdb_id":18734}]}