{"ts":1771263190,"year":"2011","mode":"movie","candidates":[{"type":"movie","tmdb_id":1865},{"type":"movie","tmdb_id":12445},{"type":"movie","tmdb_id":77338},{"type":"movie","tmdb_id":39254},{"type":"movie","tmdb_id":49013},{"type":"movie","tmdb_id":10195},{"type":"movie","tmdb_id":50646},{"type":"movie","tmdb_id":85877},{"type":"movie","tmdb_id":49530},{"type":"movie","tmdb_id":46195},{"type":"movie","tmdb_id":49444},{"type":"movie","tmdb_id":50619},{"type":"movie","tmdb_id":417859},{"type":"movie","tmdb_id":51876},{"type":"movie","tmdb_id":41446},{"type":"movie","tmdb_id":62835},{"type":"movie","tmdb_id":48138},{"type":"movie","tmdb_id":64690},{"type":"movie","tmdb_id":45612},{"type":"movie","tmdb_id":50014},{"type":"movie","tmdb_id":61791},{"type":"movie","tmdb_id":56292},{"type":"movie","tmdb_id":1088602},{"type":"movie","tmdb_id":39538},{"type":"movie","tmdb_id":44896},{"type":"movie","tmdb_id":1771},{"type":"movie","tmdb_id":65771},{"type":"movie","tmdb_id":65754},{"type":"movie","tmdb_id":55721},{"type":"movie","tmdb_id":50546},{"type":"movie","tmdb_id":45243},{"type":"movie","tmdb_id":17578},{"type":"movie","tmdb_id":50359},{"type":"movie","tmdb_id":39513},{"type":"movie","tmdb_id":414419},{"type":"movie","tmdb_id":50544},{"type":"movie","tmdb_id":75624},{"type":"movie","tmdb_id":44826},{"type":"movie","tmdb_id":70578},{"type":"movie","tmdb_id":71676},{"type":"movie","tmdb_id":50780},{"type":"movie","tmdb_id":70435},{"type":"movie","tmdb_id":59437},{"type":"movie","tmdb_id":55846},{"type":"movie","tmdb_id":59440},{"type":"movie","tmdb_id":59436},{"type":"movie","tmdb_id":38543},{"type":"movie","tmdb_id":86331},{"type":"movie","tmdb_id":44912},{"type":"movie","tmdb_id":78112},{"type":"movie","tmdb_id":380936},{"type":"movie","tmdb_id":71880},{"type":"movie","tmdb_id":63311},{"type":"movie","tmdb_id":57212},{"type":"movie","tmdb_id":41630},{"type":"movie","tmdb_id":55779},{"type":"movie","tmdb_id":37686},{"type":"movie","tmdb_id":71672},{"type":"movie","tmdb_id":9364},{"type":"movie","tmdb_id":51828},{"type":"movie","tmdb_id":49730},{"type":"movie","tmdb_id":114168},{"type":"movie","tmdb_id":73454},{"type":"movie","tmdb_id":27582},{"type":"movie","tmdb_id":52449},{"type":"movie","tmdb_id":74308},{"type":"movie","tmdb_id":58574},{"type":"movie","tmdb_id":50698},{"type":"movie","tmdb_id":58233},{"type":"movie","tmdb_id":64835},{"type":"movie","tmdb_id":55248},{"type":"movie","tmdb_id":37430},{"type":"movie","tmdb_id":120457},{"type":"movie","tmdb_id":60935},{"type":"movie","tmdb_id":51540},{"type":"movie","tmdb_id":76696},{"type":"movie","tmdb_id":79108},{"type":"movie","tmdb_id":38321},{"type":"movie","tmdb_id":79890},{"type":"movie","tmdb_id":451143},{"type":"movie","tmdb_id":70670},{"type":"movie","tmdb_id":79771},{"type":"movie","tmdb_id":114168},{"type":"movie","tmdb_id":64835},{"type":"movie","tmdb_id":60308},{"type":"movie","tmdb_id":79108},{"type":"movie","tmdb_id":77560},{"type":"movie","tmdb_id":49018},{"type":"movie","tmdb_id":451143},{"type":"movie","tmdb_id":38321},{"type":"movie","tmdb_id":51993},{"type":"movie","tmdb_id":82662},{"type":"movie","tmdb_id":79890},{"type":"movie","tmdb_id":99494},{"type":"movie","tmdb_id":74465},{"type":"movie","tmdb_id":85423},{"type":"movie","tmdb_id":38050},{"type":"movie","tmdb_id":50348},{"type":"movie","tmdb_id":73582},{"type":"movie","tmdb_id":1044771},{"type":"movie","tmdb_id":99494},{"type":"movie","tmdb_id":138289},{"type":"movie","tmdb_id":58151},{"type":"movie","tmdb_id":107554},{"type":"movie","tmdb_id":74997},{"type":"movie","tmdb_id":51588},{"type":"movie","tmdb_id":1003570},{"type":"movie","tmdb_id":92968},{"type":"movie","tmdb_id":180767},{"type":"movie","tmdb_id":38050},{"type":"movie","tmdb_id":59860},{"type":"movie","tmdb_id":1255651},{"type":"movie","tmdb_id":74465},{"type":"movie","tmdb_id":80184},{"type":"movie","tmdb_id":70670},{"type":"movie","tmdb_id":119903},{"type":"movie","tmdb_id":62838},{"type":"movie","tmdb_id":81273},{"type":"movie","tmdb_id":79771},{"type":"movie","tmdb_id":46529},{"type":"movie","tmdb_id":64687},{"type":"movie","tmdb_id":73582},{"type":"movie","tmdb_id":943793},{"type":"movie","tmdb_id":234238},{"type":"movie","tmdb_id":59726},{"type":"movie","tmdb_id":55301},{"type":"movie","tmdb_id":98644},{"type":"movie","tmdb_id":73290},{"type":"movie","tmdb_id":47327},{"type":"movie","tmdb_id":37958},{"type":"movie","tmdb_id":74777},{"type":"movie","tmdb_id":102640},{"type":"movie","tmdb_id":73456},{"type":"movie","tmdb_id":56906},{"type":"movie","tmdb_id":50839},{"type":"movie","tmdb_id":184127},{"type":"movie","tmdb_id":79934},{"type":"movie","tmdb_id":82932},{"type":"movie","tmdb_id":23629},{"type":"movie","tmdb_id":70585},{"type":"movie","tmdb_id":95179},{"type":"movie","tmdb_id":83242},{"type":"movie","tmdb_id":611456},{"type":"movie","tmdb_id":56906},{"type":"movie","tmdb_id":38684},{"type":"movie","tmdb_id":79934},{"type":"movie","tmdb_id":234238},{"type":"movie","tmdb_id":70585},{"type":"movie","tmdb_id":66608},{"type":"movie","tmdb_id":86983},{"type":"movie","tmdb_id":49020},{"type":"movie","tmdb_id":102640},{"type":"movie","tmdb_id":63376},{"type":"movie","tmdb_id":74777},{"type":"movie","tmdb_id":67748},{"type":"movie","tmdb_id":51162},{"type":"movie","tmdb_id":943793},{"type":"movie","tmdb_id":49517},{"type":"movie","tmdb_id":368451},{"type":"movie","tmdb_id":300940},{"type":"movie","tmdb_id":67748},{"type":"movie","tmdb_id":63493},{"type":"movie","tmdb_id":225179},{"type":"movie","tmdb_id":79218},{"type":"movie","tmdb_id":82023},{"type":"movie","tmdb_id":72766},{"type":"movie","tmdb_id":74643},{"type":"movie","tmdb_id":84181},{"type":"movie","tmdb_id":38684},{"type":"movie","tmdb_id":95179},{"type":"movie","tmdb_id":90532},{"type":"movie","tmdb_id":66608},{"type":"movie","tmdb_id":49020},{"type":"movie","tmdb_id":462272},{"type":"movie","tmdb_id":51162},{"type":"movie","tmdb_id":337782},{"type":"movie","tmdb_id":83389},{"type":"movie","tmdb_id":63492},{"type":"movie","tmdb_id":77874},{"type":"movie","tmdb_id":60224},{"type":"movie","tmdb_id":1157737},{"type":"movie","tmdb_id":44943},{"type":"movie","tmdb_id":78045},{"type":"movie","tmdb_id":81481},{"type":"movie","tmdb_id":323710},{"type":"movie","tmdb_id":62215},{"type":"movie","tmdb_id":78480},{"type":"movie","tmdb_id":436687},{"type":"movie","tmdb_id":50321},{"type":"movie","tmdb_id":396612},{"type":"movie","tmdb_id":349796},{"type":"movie","tmdb_id":40805},{"type":"movie","tmdb_id":78093},{"type":"movie","tmdb_id":86983},{"type":"movie","tmdb_id":49517},{"type":"movie","tmdb_id":58224},{"type":"movie","tmdb_id":58448},{"type":"movie","tmdb_id":66470},{"type":"movie","tmdb_id":70196},{"type":"movie","tmdb_id":368451},{"type":"movie","tmdb_id":300940},{"type":"movie","tmdb_id":50456},{"type":"movie","tmdb_id":23047},{"type":"movie","tmdb_id":747429},{"type":"movie","tmdb_id":73532},{"type":"movie","tmdb_id":89326},{"type":"movie","tmdb_id":77635},{"type":"movie","tmdb_id":59145},{"type":"movie","tmdb_id":452728},{"type":"movie","tmdb_id":226298},{"type":"movie","tmdb_id":86728},{"type":"movie","tmdb_id":1293375},{"type":"movie","tmdb_id":71326},{"type":"movie","tmdb_id":10316},{"type":"movie","tmdb_id":279581},{"type":"movie","tmdb_id":83716},{"type":"movie","tmdb_id":57157},{"type":"movie","tmdb_id":97795},{"type":"movie","tmdb_id":75230},{"type":"movie","tmdb_id":147979},{"type":"movie","tmdb_id":79159},{"type":"movie","tmdb_id":64328},{"type":"movie","tmdb_id":70059},{"type":"movie","tmdb_id":81867},{"type":"movie","tmdb_id":111057},{"type":"movie","tmdb_id":88844},{"type":"movie","tmdb_id":66470},{"type":"movie","tmdb_id":70197},{"type":"movie","tmdb_id":71469},{"type":"movie","tmdb_id":1171230},{"type":"movie","tmdb_id":89326},{"type":"movie","tmdb_id":403966},{"type":"movie","tmdb_id":356015},{"type":"movie","tmdb_id":74652},{"type":"movie","tmdb_id":1157737},{"type":"movie","tmdb_id":48340},{"type":"movie","tmdb_id":97795},{"type":"movie","tmdb_id":737621},{"type":"movie","tmdb_id":123805},{"type":"movie","tmdb_id":85375},{"type":"movie","tmdb_id":70197},{"type":"movie","tmdb_id":141963},{"type":"movie","tmdb_id":88844},{"type":"movie","tmdb_id":65693},{"type":"movie","tmdb_id":1180564},{"type":"movie","tmdb_id":71175},{"type":"movie","tmdb_id":123805},{"type":"movie","tmdb_id":71469},{"type":"movie","tmdb_id":85423},{"type":"movie","tmdb_id":510637},{"type":"movie","tmdb_id":242334},{"type":"movie","tmdb_id":1469856},{"type":"movie","tmdb_id":59108},{"type":"movie","tmdb_id":1017272},{"type":"movie","tmdb_id":59965},{"type":"movie","tmdb_id":403966},{"type":"movie","tmdb_id":1078719},{"type":"movie","tmdb_id":61533},{"type":"movie","tmdb_id":56288},{"type":"movie","tmdb_id":74561},{"type":"movie","tmdb_id":85375},{"type":"movie","tmdb_id":121245},{"type":"movie","tmdb_id":49494},{"type":"movie","tmdb_id":253025},{"type":"movie","tmdb_id":789882},{"type":"movie","tmdb_id":274420},{"type":"movie","tmdb_id":77665},{"type":"movie","tmdb_id":737621},{"type":"movie","tmdb_id":70713},{"type":"movie","tmdb_id":79159},{"type":"movie","tmdb_id":639987},{"type":"movie","tmdb_id":727370},{"type":"movie","tmdb_id":77887},{"type":"movie","tmdb_id":63197},{"type":"movie","tmdb_id":199801},{"type":"movie","tmdb_id":612244},{"type":"movie","tmdb_id":11388},{"type":"movie","tmdb_id":49021},{"type":"movie","tmdb_id":1216737},{"type":"movie","tmdb_id":625456},{"type":"movie","tmdb_id":89440},{"type":"movie","tmdb_id":116513},{"type":"movie","tmdb_id":266468},{"type":"movie","tmdb_id":889479},{"type":"movie","tmdb_id":85593},{"type":"movie","tmdb_id":56288},{"type":"movie","tmdb_id":639987},{"type":"movie","tmdb_id":8967},{"type":"movie","tmdb_id":87022},{"type":"movie","tmdb_id":484655},{"type":"movie","tmdb_id":72571},{"type":"movie","tmdb_id":1216737},{"type":"movie","tmdb_id":91155},{"type":"movie","tmdb_id":253025},{"type":"movie","tmdb_id":242334},{"type":"movie","tmdb_id":625456},{"type":"movie","tmdb_id":116412},{"type":"movie","tmdb_id":274420},{"type":"movie","tmdb_id":81481},{"type":"movie","tmdb_id":205005},{"type":"movie","tmdb_id":615524},{"type":"movie","tmdb_id":49494},{"type":"movie","tmdb_id":226991},{"type":"movie","tmdb_id":81022},{"type":"movie","tmdb_id":11388},{"type":"movie","tmdb_id":205818},{"type":"movie","tmdb_id":102070},{"type":"movie","tmdb_id":77665},{"type":"movie","tmdb_id":63996},{"type":"movie","tmdb_id":820672},{"type":"movie","tmdb_id":74725},{"type":"movie","tmdb_id":10316},{"type":"movie","tmdb_id":75900},{"type":"movie","tmdb_id":81708},{"type":"movie","tmdb_id":912291},{"type":"movie","tmdb_id":71689},{"type":"movie","tmdb_id":58891},{"type":"movie","tmdb_id":189349},{"type":"movie","tmdb_id":65759},{"type":"movie","tmdb_id":692774},{"type":"movie","tmdb_id":1088615},{"type":"movie","tmdb_id":1469856},{"type":"movie","tmdb_id":60421},{"type":"movie","tmdb_id":56913},{"type":"movie","tmdb_id":1367600},{"type":"movie","tmdb_id":158955},{"type":"movie","tmdb_id":72213},{"type":"movie","tmdb_id":71175},{"type":"movie","tmdb_id":74561},{"type":"movie","tmdb_id":71558},{"type":"movie","tmdb_id":92398},{"type":"movie","tmdb_id":892119},{"type":"movie","tmdb_id":639207},{"type":"movie","tmdb_id":428024},{"type":"movie","tmdb_id":1210363},{"type":"movie","tmdb_id":155294},{"type":"movie","tmdb_id":79115},{"type":"movie","tmdb_id":133157},{"type":"movie","tmdb_id":150920},{"type":"movie","tmdb_id":79557},{"type":"movie","tmdb_id":48988},{"type":"movie","tmdb_id":116412},{"type":"movie","tmdb_id":47218},{"type":"movie","tmdb_id":254267},{"type":"movie","tmdb_id":468301},{"type":"movie","tmdb_id":8967},{"type":"movie","tmdb_id":139671},{"type":"movie","tmdb_id":205005},{"type":"movie","tmdb_id":71689},{"type":"movie","tmdb_id":91417},{"type":"movie","tmdb_id":803072},{"type":"movie","tmdb_id":1194875},{"type":"movie","tmdb_id":75229},{"type":"movie","tmdb_id":1512165},{"type":"movie","tmdb_id":72213},{"type":"movie","tmdb_id":75900},{"type":"movie","tmdb_id":72432},{"type":"movie","tmdb_id":621734},{"type":"movie","tmdb_id":737257},{"type":"movie","tmdb_id":428024},{"type":"movie","tmdb_id":135678},{"type":"movie","tmdb_id":531226},{"type":"movie","tmdb_id":276145},{"type":"movie","tmdb_id":81165},{"type":"movie","tmdb_id":328267},{"type":"movie","tmdb_id":130787},{"type":"movie","tmdb_id":65229},{"type":"movie","tmdb_id":211620},{"type":"movie","tmdb_id":58626},{"type":"movie","tmdb_id":688470},{"type":"movie","tmdb_id":538358},{"type":"movie","tmdb_id":79707},{"type":"movie","tmdb_id":91417},{"type":"movie","tmdb_id":56831},{"type":"movie","tmdb_id":78504},{"type":"movie","tmdb_id":119700},{"type":"movie","tmdb_id":1105429},{"type":"movie","tmdb_id":100416},{"type":"movie","tmdb_id":1219767},{"type":"movie","tmdb_id":256929},{"type":"movie","tmdb_id":703153},{"type":"movie","tmdb_id":892119},{"type":"movie","tmdb_id":538358},{"type":"movie","tmdb_id":735105},{"type":"movie","tmdb_id":56913},{"type":"movie","tmdb_id":56161},{"type":"movie","tmdb_id":69668},{"type":"movie","tmdb_id":820672},{"type":"movie","tmdb_id":100516},{"type":"movie","tmdb_id":60307},{"type":"movie","tmdb_id":369379},{"type":"movie","tmdb_id":92850},{"type":"movie","tmdb_id":65759},{"type":"movie","tmdb_id":1045025},{"type":"movie","tmdb_id":403282},{"type":"movie","tmdb_id":189349},{"type":"movie","tmdb_id":276145},{"type":"movie","tmdb_id":104747},{"type":"movie","tmdb_id":775669},{"type":"movie","tmdb_id":60421},{"type":"movie","tmdb_id":119700},{"type":"movie","tmdb_id":80114},{"type":"movie","tmdb_id":377096},{"type":"movie","tmdb_id":118249},{"type":"movie","tmdb_id":256929},{"type":"movie","tmdb_id":1367600},{"type":"movie","tmdb_id":926044},{"type":"movie","tmdb_id":1219767},{"type":"movie","tmdb_id":117546},{"type":"movie","tmdb_id":493955},{"type":"movie","tmdb_id":88794},{"type":"movie","tmdb_id":79082},{"type":"movie","tmdb_id":166060},{"type":"movie","tmdb_id":64468},{"type":"movie","tmdb_id":1247169},{"type":"movie","tmdb_id":326456},{"type":"movie","tmdb_id":316841},{"type":"movie","tmdb_id":55787},{"type":"movie","tmdb_id":77459},{"type":"movie","tmdb_id":73448},{"type":"movie","tmdb_id":316841},{"type":"movie","tmdb_id":763217},{"type":"movie","tmdb_id":54429},{"type":"movie","tmdb_id":79082},{"type":"movie","tmdb_id":1248576},{"type":"movie","tmdb_id":377096},{"type":"movie","tmdb_id":369379},{"type":"movie","tmdb_id":100516},{"type":"movie","tmdb_id":68817},{"type":"movie","tmdb_id":59678},{"type":"movie","tmdb_id":60307},{"type":"movie","tmdb_id":1075004},{"type":"movie","tmdb_id":77459},{"type":"movie","tmdb_id":78575},{"type":"movie","tmdb_id":203101},{"type":"movie","tmdb_id":314102},{"type":"movie","tmdb_id":116319},{"type":"movie","tmdb_id":64720},{"type":"movie","tmdb_id":624957},{"type":"movie","tmdb_id":803072},{"type":"movie","tmdb_id":88794},{"type":"movie","tmdb_id":254267},{"type":"movie","tmdb_id":54497},{"type":"movie","tmdb_id":1137659},{"type":"movie","tmdb_id":652046},{"type":"movie","tmdb_id":631266},{"type":"movie","tmdb_id":323595},{"type":"movie","tmdb_id":241030},{"type":"movie","tmdb_id":1001364},{"type":"movie","tmdb_id":103832},{"type":"movie","tmdb_id":98444},{"type":"movie","tmdb_id":1247592},{"type":"movie","tmdb_id":298933},{"type":"movie","tmdb_id":38356},{"type":"movie","tmdb_id":55998},{"type":"movie","tmdb_id":23514},{"type":"movie","tmdb_id":163942},{"type":"movie","tmdb_id":425593},{"type":"movie","tmdb_id":493955},{"type":"movie","tmdb_id":97429},{"type":"movie","tmdb_id":38319},{"type":"movie","tmdb_id":554902},{"type":"movie","tmdb_id":94939},{"type":"movie","tmdb_id":78381},{"type":"movie","tmdb_id":289639},{"type":"movie","tmdb_id":899996},{"type":"movie","tmdb_id":48988},{"type":"movie","tmdb_id":611031},{"type":"movie","tmdb_id":621734},{"type":"movie","tmdb_id":139671},{"type":"movie","tmdb_id":710281},{"type":"movie","tmdb_id":485731},{"type":"movie","tmdb_id":120475},{"type":"movie","tmdb_id":469097},{"type":"movie","tmdb_id":345496},{"type":"movie","tmdb_id":69735},{"type":"movie","tmdb_id":1045025},{"type":"movie","tmdb_id":988842},{"type":"movie","tmdb_id":94366},{"type":"movie","tmdb_id":664362},{"type":"movie","tmdb_id":403282},{"type":"movie","tmdb_id":608549},{"type":"movie","tmdb_id":85454},{"type":"movie","tmdb_id":292155},{"type":"movie","tmdb_id":133196},{"type":"movie","tmdb_id":70714},{"type":"movie","tmdb_id":74303},{"type":"movie","tmdb_id":80114},{"type":"movie","tmdb_id":132709},{"type":"movie","tmdb_id":38540},{"type":"movie","tmdb_id":291830},{"type":"movie","tmdb_id":88424},{"type":"movie","tmdb_id":51999},{"type":"movie","tmdb_id":926044},{"type":"movie","tmdb_id":77127},{"type":"movie","tmdb_id":61294},{"type":"movie","tmdb_id":290426},{"type":"movie","tmdb_id":962595},{"type":"movie","tmdb_id":75033},{"type":"movie","tmdb_id":62206},{"type":"movie","tmdb_id":252219},{"type":"movie","tmdb_id":288274},{"type":"movie","tmdb_id":1326573},{"type":"movie","tmdb_id":347557},{"type":"movie","tmdb_id":118249},{"type":"movie","tmdb_id":590239},{"type":"movie","tmdb_id":450449},{"type":"movie","tmdb_id":351411},{"type":"movie","tmdb_id":76127},{"type":"movie","tmdb_id":76354},{"type":"movie","tmdb_id":59272},{"type":"movie","tmdb_id":429455},{"type":"movie","tmdb_id":45610},{"type":"movie","tmdb_id":77471},{"type":"movie","tmdb_id":190234},{"type":"movie","tmdb_id":101173},{"type":"movie","tmdb_id":850424},{"type":"movie","tmdb_id":138508},{"type":"movie","tmdb_id":1049729},{"type":"movie","tmdb_id":46541},{"type":"movie","tmdb_id":127514},{"type":"movie","tmdb_id":76758},{"type":"movie","tmdb_id":375997},{"type":"movie","tmdb_id":1296666},{"type":"movie","tmdb_id":85032},{"type":"movie","tmdb_id":205522},{"type":"movie","tmdb_id":64468},{"type":"movie","tmdb_id":327413},{"type":"movie","tmdb_id":263253},{"type":"movie","tmdb_id":63468},{"type":"movie","tmdb_id":397658},{"type":"movie","tmdb_id":246933},{"type":"movie","tmdb_id":72113},{"type":"movie","tmdb_id":45347},{"type":"movie","tmdb_id":77024},{"type":"movie","tmdb_id":310759},{"type":"movie","tmdb_id":216939},{"type":"movie","tmdb_id":1096921},{"type":"movie","tmdb_id":656959},{"type":"movie","tmdb_id":1218820},{"type":"movie","tmdb_id":209700},{"type":"movie","tmdb_id":423980},{"type":"movie","tmdb_id":366126},{"type":"movie","tmdb_id":710324},{"type":"movie","tmdb_id":272749},{"type":"movie","tmdb_id":613524},{"type":"movie","tmdb_id":217578},{"type":"movie","tmdb_id":1389551},{"type":"movie","tmdb_id":61087},{"type":"movie","tmdb_id":96233},{"type":"movie","tmdb_id":126708},{"type":"movie","tmdb_id":257895},{"type":"movie","tmdb_id":48231},{"type":"movie","tmdb_id":64639},{"type":"movie","tmdb_id":321135},{"type":"movie","tmdb_id":316865},{"type":"movie","tmdb_id":72759},{"type":"movie","tmdb_id":61613},{"type":"movie","tmdb_id":572236},{"type":"movie","tmdb_id":1247169},{"type":"movie","tmdb_id":278833},{"type":"movie","tmdb_id":82424},{"type":"movie","tmdb_id":543196},{"type":"movie","tmdb_id":848430},{"type":"movie","tmdb_id":38117},{"type":"movie","tmdb_id":174234},{"type":"movie","tmdb_id":70057},{"type":"movie","tmdb_id":78314},{"type":"movie","tmdb_id":381678},{"type":"movie","tmdb_id":43959},{"type":"movie","tmdb_id":304029},{"type":"movie","tmdb_id":50024},{"type":"movie","tmdb_id":878224},{"type":"movie","tmdb_id":85389},{"type":"movie","tmdb_id":64586},{"type":"movie","tmdb_id":51017},{"type":"movie","tmdb_id":240304},{"type":"movie","tmdb_id":57431},{"type":"movie","tmdb_id":501934},{"type":"movie","tmdb_id":74102},{"type":"movie","tmdb_id":74998},{"type":"movie","tmdb_id":642236},{"type":"movie","tmdb_id":191005},{"type":"movie","tmdb_id":110953},{"type":"movie","tmdb_id":781083},{"type":"movie","tmdb_id":82945},{"type":"movie","tmdb_id":79407},{"type":"movie","tmdb_id":110687},{"type":"movie","tmdb_id":87835},{"type":"movie","tmdb_id":157107},{"type":"movie","tmdb_id":87298},{"type":"movie","tmdb_id":81390},{"type":"movie","tmdb_id":323867},{"type":"movie","tmdb_id":65647},{"type":"movie","tmdb_id":923476},{"type":"movie","tmdb_id":651600},{"type":"movie","tmdb_id":240232},{"type":"movie","tmdb_id":86000},{"type":"movie","tmdb_id":189911},{"type":"movie","tmdb_id":54445}]}