{"ts":1771083540,"year":"2012","mode":"tv","candidates":[{"type":"tv","tmdb_id":1412},{"type":"tv","tmdb_id":44006},{"type":"tv","tmdb_id":1415},{"type":"tv","tmdb_id":38693},{"type":"tv","tmdb_id":39269},{"type":"tv","tmdb_id":46831},{"type":"tv","tmdb_id":39793},{"type":"tv","tmdb_id":45790},{"type":"tv","tmdb_id":45950},{"type":"tv","tmdb_id":40075},{"type":"tv","tmdb_id":84791},{"type":"tv","tmdb_id":45782},{"type":"tv","tmdb_id":43901},{"type":"tv","tmdb_id":43865},{"type":"tv","tmdb_id":44317},{"type":"tv","tmdb_id":55582},{"type":"tv","tmdb_id":33880},{"type":"tv","tmdb_id":44857},{"type":"tv","tmdb_id":2947},{"type":"tv","tmdb_id":46437},{"type":"tv","tmdb_id":84134},{"type":"tv","tmdb_id":46437},{"type":"tv","tmdb_id":42282},{"type":"tv","tmdb_id":51817},{"type":"tv","tmdb_id":44317},{"type":"tv","tmdb_id":84791},{"type":"tv","tmdb_id":44549},{"type":"tv","tmdb_id":46262},{"type":"tv","tmdb_id":45783},{"type":"tv","tmdb_id":42272},{"type":"tv","tmdb_id":65503},{"type":"tv","tmdb_id":70058},{"type":"tv","tmdb_id":43982},{"type":"tv","tmdb_id":43082},{"type":"tv","tmdb_id":43967},{"type":"tv","tmdb_id":43020},{"type":"tv","tmdb_id":67482},{"type":"tv","tmdb_id":34391},{"type":"tv","tmdb_id":15621},{"type":"tv","tmdb_id":81615},{"type":"tv","tmdb_id":39957},{"type":"tv","tmdb_id":46052},{"type":"tv","tmdb_id":63322},{"type":"tv","tmdb_id":43348},{"type":"tv","tmdb_id":43097},{"type":"tv","tmdb_id":43323},{"type":"tv","tmdb_id":38867},{"type":"tv","tmdb_id":46910},{"type":"tv","tmdb_id":136651},{"type":"tv","tmdb_id":44305},{"type":"tv","tmdb_id":59717},{"type":"tv","tmdb_id":43168},{"type":"tv","tmdb_id":43221},{"type":"tv","tmdb_id":44606},{"type":"tv","tmdb_id":39510},{"type":"tv","tmdb_id":108210},{"type":"tv","tmdb_id":62741},{"type":"tv","tmdb_id":108184},{"type":"tv","tmdb_id":46234},{"type":"tv","tmdb_id":45209},{"type":"tv","tmdb_id":43775},{"type":"tv","tmdb_id":82203},{"type":"tv","tmdb_id":43078},{"type":"tv","tmdb_id":53715},{"type":"tv","tmdb_id":39331},{"type":"tv","tmdb_id":56590},{"type":"tv","tmdb_id":46922},{"type":"tv","tmdb_id":46917},{"type":"tv","tmdb_id":39702},{"type":"tv","tmdb_id":41146},{"type":"tv","tmdb_id":46930},{"type":"tv","tmdb_id":45801},{"type":"tv","tmdb_id":44037},{"type":"tv","tmdb_id":67564},{"type":"tv","tmdb_id":45501},{"type":"tv","tmdb_id":40050},{"type":"tv","tmdb_id":40244},{"type":"tv","tmdb_id":53052},{"type":"tv","tmdb_id":65329},{"type":"tv","tmdb_id":60654},{"type":"tv","tmdb_id":45254},{"type":"tv","tmdb_id":76345},{"type":"tv","tmdb_id":50325},{"type":"tv","tmdb_id":106853},{"type":"tv","tmdb_id":39325},{"type":"tv","tmdb_id":35339},{"type":"tv","tmdb_id":42361},{"type":"tv","tmdb_id":42004},{"type":"tv","tmdb_id":64064},{"type":"tv","tmdb_id":45211},{"type":"tv","tmdb_id":33987},{"type":"tv","tmdb_id":42738},{"type":"tv","tmdb_id":45859},{"type":"tv","tmdb_id":53468},{"type":"tv","tmdb_id":39360},{"type":"tv","tmdb_id":39845},{"type":"tv","tmdb_id":39255},{"type":"tv","tmdb_id":50180},{"type":"tv","tmdb_id":46707},{"type":"tv","tmdb_id":45799},{"type":"tv","tmdb_id":42589},{"type":"tv","tmdb_id":58956},{"type":"tv","tmdb_id":46286},{"type":"tv","tmdb_id":44934},{"type":"tv","tmdb_id":38881},{"type":"tv","tmdb_id":46994},{"type":"tv","tmdb_id":51154},{"type":"tv","tmdb_id":46698},{"type":"tv","tmdb_id":201740},{"type":"tv","tmdb_id":223348},{"type":"tv","tmdb_id":53020},{"type":"tv","tmdb_id":45792},{"type":"tv","tmdb_id":33965},{"type":"tv","tmdb_id":1410},{"type":"tv","tmdb_id":61838},{"type":"tv","tmdb_id":61720},{"type":"tv","tmdb_id":127947},{"type":"tv","tmdb_id":42557},{"type":"tv","tmdb_id":284694},{"type":"tv","tmdb_id":45856},{"type":"tv","tmdb_id":202329},{"type":"tv","tmdb_id":45815},{"type":"tv","tmdb_id":75129},{"type":"tv","tmdb_id":43167},{"type":"tv","tmdb_id":45298},{"type":"tv","tmdb_id":59022},{"type":"tv","tmdb_id":45807},{"type":"tv","tmdb_id":41099},{"type":"tv","tmdb_id":60381},{"type":"tv","tmdb_id":44987},{"type":"tv","tmdb_id":56295},{"type":"tv","tmdb_id":62742},{"type":"tv","tmdb_id":55777},{"type":"tv","tmdb_id":34356},{"type":"tv","tmdb_id":39614},{"type":"tv","tmdb_id":50989},{"type":"tv","tmdb_id":62488},{"type":"tv","tmdb_id":63712},{"type":"tv","tmdb_id":45860},{"type":"tv","tmdb_id":32978},{"type":"tv","tmdb_id":207655},{"type":"tv","tmdb_id":78591},{"type":"tv","tmdb_id":45787},{"type":"tv","tmdb_id":88416},{"type":"tv","tmdb_id":44189},{"type":"tv","tmdb_id":46883},{"type":"tv","tmdb_id":40204},{"type":"tv","tmdb_id":45241},{"type":"tv","tmdb_id":36587},{"type":"tv","tmdb_id":233598},{"type":"tv","tmdb_id":58460},{"type":"tv","tmdb_id":46874},{"type":"tv","tmdb_id":46435},{"type":"tv","tmdb_id":44005},{"type":"tv","tmdb_id":63714},{"type":"tv","tmdb_id":42368},{"type":"tv","tmdb_id":44842},{"type":"tv","tmdb_id":46245},{"type":"tv","tmdb_id":45283},{"type":"tv","tmdb_id":46279},{"type":"tv","tmdb_id":45125},{"type":"tv","tmdb_id":46504},{"type":"tv","tmdb_id":46041},{"type":"tv","tmdb_id":59674},{"type":"tv","tmdb_id":41891},{"type":"tv","tmdb_id":61306},{"type":"tv","tmdb_id":304891},{"type":"tv","tmdb_id":47813},{"type":"tv","tmdb_id":47523},{"type":"tv","tmdb_id":42548},{"type":"tv","tmdb_id":44586},{"type":"tv","tmdb_id":75815},{"type":"tv","tmdb_id":90357},{"type":"tv","tmdb_id":205451},{"type":"tv","tmdb_id":46340},{"type":"tv","tmdb_id":37759},{"type":"tv","tmdb_id":42992},{"type":"tv","tmdb_id":45865},{"type":"tv","tmdb_id":61491},{"type":"tv","tmdb_id":38967},{"type":"tv","tmdb_id":61794},{"type":"tv","tmdb_id":58704},{"type":"tv","tmdb_id":253235},{"type":"tv","tmdb_id":42910},{"type":"tv","tmdb_id":42501},{"type":"tv","tmdb_id":43275},{"type":"tv","tmdb_id":42180},{"type":"tv","tmdb_id":60877},{"type":"tv","tmdb_id":44169},{"type":"tv","tmdb_id":45982},{"type":"tv","tmdb_id":40161},{"type":"tv","tmdb_id":44652},{"type":"tv","tmdb_id":211492},{"type":"tv","tmdb_id":45186},{"type":"tv","tmdb_id":42276},{"type":"tv","tmdb_id":194705},{"type":"tv","tmdb_id":59397},{"type":"tv","tmdb_id":68884},{"type":"tv","tmdb_id":46616},{"type":"tv","tmdb_id":121855},{"type":"tv","tmdb_id":44983},{"type":"tv","tmdb_id":43077},{"type":"tv","tmdb_id":104153},{"type":"tv","tmdb_id":43227},{"type":"tv","tmdb_id":46162},{"type":"tv","tmdb_id":39361},{"type":"tv","tmdb_id":57553},{"type":"tv","tmdb_id":51078},{"type":"tv","tmdb_id":72698},{"type":"tv","tmdb_id":52873},{"type":"tv","tmdb_id":42280},{"type":"tv","tmdb_id":51808},{"type":"tv","tmdb_id":43689},{"type":"tv","tmdb_id":57433},{"type":"tv","tmdb_id":42972},{"type":"tv","tmdb_id":62171},{"type":"tv","tmdb_id":50540},{"type":"tv","tmdb_id":72993},{"type":"tv","tmdb_id":42502},{"type":"tv","tmdb_id":45267},{"type":"tv","tmdb_id":46127},{"type":"tv","tmdb_id":23122},{"type":"tv","tmdb_id":39608},{"type":"tv","tmdb_id":45669},{"type":"tv","tmdb_id":139254},{"type":"tv","tmdb_id":280136},{"type":"tv","tmdb_id":45959},{"type":"tv","tmdb_id":47801},{"type":"tv","tmdb_id":76897},{"type":"tv","tmdb_id":66014},{"type":"tv","tmdb_id":45234},{"type":"tv","tmdb_id":44553},{"type":"tv","tmdb_id":42763},{"type":"tv","tmdb_id":57245},{"type":"tv","tmdb_id":56402},{"type":"tv","tmdb_id":58887},{"type":"tv","tmdb_id":45994},{"type":"tv","tmdb_id":226001},{"type":"tv","tmdb_id":46183},{"type":"tv","tmdb_id":32727},{"type":"tv","tmdb_id":44842},{"type":"tv","tmdb_id":46926},{"type":"tv","tmdb_id":68884},{"type":"tv","tmdb_id":42307},{"type":"tv","tmdb_id":46010},{"type":"tv","tmdb_id":46150},{"type":"tv","tmdb_id":46387},{"type":"tv","tmdb_id":45579},{"type":"tv","tmdb_id":66014},{"type":"tv","tmdb_id":226001},{"type":"tv","tmdb_id":56304},{"type":"tv","tmdb_id":57605},{"type":"tv","tmdb_id":46283},{"type":"tv","tmdb_id":46183},{"type":"tv","tmdb_id":46156},{"type":"tv","tmdb_id":67249},{"type":"tv","tmdb_id":44038},{"type":"tv","tmdb_id":76496},{"type":"tv","tmdb_id":205451},{"type":"tv","tmdb_id":62696},{"type":"tv","tmdb_id":45241},{"type":"tv","tmdb_id":45234},{"type":"tv","tmdb_id":44457},{"type":"tv","tmdb_id":45853},{"type":"tv","tmdb_id":56242},{"type":"tv","tmdb_id":44553},{"type":"tv","tmdb_id":57433},{"type":"tv","tmdb_id":42362},{"type":"tv","tmdb_id":44844},{"type":"tv","tmdb_id":39336},{"type":"tv","tmdb_id":45018},{"type":"tv","tmdb_id":49451},{"type":"tv","tmdb_id":43016},{"type":"tv","tmdb_id":46697},{"type":"tv","tmdb_id":67170},{"type":"tv","tmdb_id":44956},{"type":"tv","tmdb_id":73598},{"type":"tv","tmdb_id":45669},{"type":"tv","tmdb_id":44072},{"type":"tv","tmdb_id":42763},{"type":"tv","tmdb_id":45968},{"type":"tv","tmdb_id":42023},{"type":"tv","tmdb_id":45994},{"type":"tv","tmdb_id":57245},{"type":"tv","tmdb_id":39553},{"type":"tv","tmdb_id":120516},{"type":"tv","tmdb_id":44727},{"type":"tv","tmdb_id":44536},{"type":"tv","tmdb_id":58887},{"type":"tv","tmdb_id":225650},{"type":"tv","tmdb_id":45658},{"type":"tv","tmdb_id":45940},{"type":"tv","tmdb_id":69831},{"type":"tv","tmdb_id":43079},{"type":"tv","tmdb_id":45938},{"type":"tv","tmdb_id":59542},{"type":"tv","tmdb_id":48068},{"type":"tv","tmdb_id":45822},{"type":"tv","tmdb_id":44787},{"type":"tv","tmdb_id":47007},{"type":"tv","tmdb_id":43188},{"type":"tv","tmdb_id":67202},{"type":"tv","tmdb_id":39553},{"type":"tv","tmdb_id":61384},{"type":"tv","tmdb_id":43016},{"type":"tv","tmdb_id":65501},{"type":"tv","tmdb_id":55536},{"type":"tv","tmdb_id":52028},{"type":"tv","tmdb_id":45255},{"type":"tv","tmdb_id":48052},{"type":"tv","tmdb_id":126518},{"type":"tv","tmdb_id":59542},{"type":"tv","tmdb_id":59500},{"type":"tv","tmdb_id":275457},{"type":"tv","tmdb_id":42499},{"type":"tv","tmdb_id":56304},{"type":"tv","tmdb_id":44787},{"type":"tv","tmdb_id":47007},{"type":"tv","tmdb_id":41283},{"type":"tv","tmdb_id":73598},{"type":"tv","tmdb_id":65501},{"type":"tv","tmdb_id":106162},{"type":"tv","tmdb_id":48232},{"type":"tv","tmdb_id":280136},{"type":"tv","tmdb_id":43227},{"type":"tv","tmdb_id":283375},{"type":"tv","tmdb_id":64101},{"type":"tv","tmdb_id":45282},{"type":"tv","tmdb_id":82395},{"type":"tv","tmdb_id":44094},{"type":"tv","tmdb_id":103810},{"type":"tv","tmdb_id":44768},{"type":"tv","tmdb_id":109874},{"type":"tv","tmdb_id":61384},{"type":"tv","tmdb_id":67202},{"type":"tv","tmdb_id":130013},{"type":"tv","tmdb_id":42556},{"type":"tv","tmdb_id":57202},{"type":"tv","tmdb_id":296835},{"type":"tv","tmdb_id":83201},{"type":"tv","tmdb_id":43083},{"type":"tv","tmdb_id":43197},{"type":"tv","tmdb_id":59500},{"type":"tv","tmdb_id":124812},{"type":"tv","tmdb_id":71376},{"type":"tv","tmdb_id":50540},{"type":"tv","tmdb_id":40454},{"type":"tv","tmdb_id":42370},{"type":"tv","tmdb_id":46935},{"type":"tv","tmdb_id":48553},{"type":"tv","tmdb_id":43260},{"type":"tv","tmdb_id":39644},{"type":"tv","tmdb_id":93768},{"type":"tv","tmdb_id":40064},{"type":"tv","tmdb_id":44004},{"type":"tv","tmdb_id":65268},{"type":"tv","tmdb_id":55602},{"type":"tv","tmdb_id":43087},{"type":"tv","tmdb_id":55536},{"type":"tv","tmdb_id":39482},{"type":"tv","tmdb_id":65268},{"type":"tv","tmdb_id":46926},{"type":"tv","tmdb_id":45043},{"type":"tv","tmdb_id":43083},{"type":"tv","tmdb_id":43927},{"type":"tv","tmdb_id":69038},{"type":"tv","tmdb_id":65002},{"type":"tv","tmdb_id":64874},{"type":"tv","tmdb_id":51266},{"type":"tv","tmdb_id":83865},{"type":"tv","tmdb_id":82395},{"type":"tv","tmdb_id":43197},{"type":"tv","tmdb_id":45915},{"type":"tv","tmdb_id":45025},{"type":"tv","tmdb_id":130013},{"type":"tv","tmdb_id":39482},{"type":"tv","tmdb_id":65882},{"type":"tv","tmdb_id":69591},{"type":"tv","tmdb_id":44804},{"type":"tv","tmdb_id":50666},{"type":"tv","tmdb_id":131163},{"type":"tv","tmdb_id":64874},{"type":"tv","tmdb_id":45043},{"type":"tv","tmdb_id":67977},{"type":"tv","tmdb_id":43243},{"type":"tv","tmdb_id":158740},{"type":"tv","tmdb_id":70329},{"type":"tv","tmdb_id":69591},{"type":"tv","tmdb_id":42212},{"type":"tv","tmdb_id":65160},{"type":"tv","tmdb_id":61373},{"type":"tv","tmdb_id":42490},{"type":"tv","tmdb_id":103850},{"type":"tv","tmdb_id":46528},{"type":"tv","tmdb_id":46084},{"type":"tv","tmdb_id":307368},{"type":"tv","tmdb_id":65002},{"type":"tv","tmdb_id":7478},{"type":"tv","tmdb_id":52051},{"type":"tv","tmdb_id":42329},{"type":"tv","tmdb_id":43152},{"type":"tv","tmdb_id":42490},{"type":"tv","tmdb_id":55602},{"type":"tv","tmdb_id":55487},{"type":"tv","tmdb_id":52051},{"type":"tv","tmdb_id":120552},{"type":"tv","tmdb_id":42221},{"type":"tv","tmdb_id":53130},{"type":"tv","tmdb_id":33240},{"type":"tv","tmdb_id":54930},{"type":"tv","tmdb_id":44004},{"type":"tv","tmdb_id":46002},{"type":"tv","tmdb_id":40454},{"type":"tv","tmdb_id":41906},{"type":"tv","tmdb_id":73245},{"type":"tv","tmdb_id":48146},{"type":"tv","tmdb_id":43393},{"type":"tv","tmdb_id":101035},{"type":"tv","tmdb_id":203315},{"type":"tv","tmdb_id":62939},{"type":"tv","tmdb_id":74729},{"type":"tv","tmdb_id":54574},{"type":"tv","tmdb_id":93511},{"type":"tv","tmdb_id":303420},{"type":"tv","tmdb_id":57980},{"type":"tv","tmdb_id":46002},{"type":"tv","tmdb_id":69038},{"type":"tv","tmdb_id":55364},{"type":"tv","tmdb_id":42039},{"type":"tv","tmdb_id":220693},{"type":"tv","tmdb_id":82991},{"type":"tv","tmdb_id":109581},{"type":"tv","tmdb_id":73245},{"type":"tv","tmdb_id":43927},{"type":"tv","tmdb_id":41906},{"type":"tv","tmdb_id":60328},{"type":"tv","tmdb_id":65881},{"type":"tv","tmdb_id":48275},{"type":"tv","tmdb_id":45482},{"type":"tv","tmdb_id":60439},{"type":"tv","tmdb_id":108915},{"type":"tv","tmdb_id":53069},{"type":"tv","tmdb_id":44804},{"type":"tv","tmdb_id":45278},{"type":"tv","tmdb_id":43199},{"type":"tv","tmdb_id":69308},{"type":"tv","tmdb_id":54928},{"type":"tv","tmdb_id":62939},{"type":"tv","tmdb_id":79040},{"type":"tv","tmdb_id":39209},{"type":"tv","tmdb_id":43393},{"type":"tv","tmdb_id":46180},{"type":"tv","tmdb_id":55515},{"type":"tv","tmdb_id":45914},{"type":"tv","tmdb_id":65326},{"type":"tv","tmdb_id":48233},{"type":"tv","tmdb_id":55436},{"type":"tv","tmdb_id":45275},{"type":"tv","tmdb_id":40396},{"type":"tv","tmdb_id":215026},{"type":"tv","tmdb_id":40473},{"type":"tv","tmdb_id":66719},{"type":"tv","tmdb_id":43333},{"type":"tv","tmdb_id":101035},{"type":"tv","tmdb_id":53130},{"type":"tv","tmdb_id":44729},{"type":"tv","tmdb_id":43135},{"type":"tv","tmdb_id":45576},{"type":"tv","tmdb_id":46353},{"type":"tv","tmdb_id":44794},{"type":"tv","tmdb_id":254227},{"type":"tv","tmdb_id":297673},{"type":"tv","tmdb_id":46255},{"type":"tv","tmdb_id":97937},{"type":"tv","tmdb_id":46126},{"type":"tv","tmdb_id":43989},{"type":"tv","tmdb_id":60781},{"type":"tv","tmdb_id":51874},{"type":"tv","tmdb_id":155729},{"type":"tv","tmdb_id":62652},{"type":"tv","tmdb_id":105648},{"type":"tv","tmdb_id":72771},{"type":"tv","tmdb_id":46540},{"type":"tv","tmdb_id":45124},{"type":"tv","tmdb_id":45888},{"type":"tv","tmdb_id":44508},{"type":"tv","tmdb_id":58293},{"type":"tv","tmdb_id":59124},{"type":"tv","tmdb_id":45945},{"type":"tv","tmdb_id":46596},{"type":"tv","tmdb_id":60436},{"type":"tv","tmdb_id":90589},{"type":"tv","tmdb_id":45652},{"type":"tv","tmdb_id":47896},{"type":"tv","tmdb_id":43062},{"type":"tv","tmdb_id":41954},{"type":"tv","tmdb_id":45915},{"type":"tv","tmdb_id":63436},{"type":"tv","tmdb_id":45922},{"type":"tv","tmdb_id":58616},{"type":"tv","tmdb_id":65326},{"type":"tv","tmdb_id":46410},{"type":"tv","tmdb_id":44821},{"type":"tv","tmdb_id":53356},{"type":"tv","tmdb_id":17424},{"type":"tv","tmdb_id":100078},{"type":"tv","tmdb_id":57684},{"type":"tv","tmdb_id":288252},{"type":"tv","tmdb_id":79040},{"type":"tv","tmdb_id":90417},{"type":"tv","tmdb_id":97937},{"type":"tv","tmdb_id":154241},{"type":"tv","tmdb_id":120473},{"type":"tv","tmdb_id":46074},{"type":"tv","tmdb_id":46202},{"type":"tv","tmdb_id":45945},{"type":"tv","tmdb_id":43062},{"type":"tv","tmdb_id":40396},{"type":"tv","tmdb_id":49887},{"type":"tv","tmdb_id":90356},{"type":"tv","tmdb_id":131684},{"type":"tv","tmdb_id":61604},{"type":"tv","tmdb_id":48736},{"type":"tv","tmdb_id":89889},{"type":"tv","tmdb_id":42315},{"type":"tv","tmdb_id":47745},{"type":"tv","tmdb_id":46180},{"type":"tv","tmdb_id":50592},{"type":"tv","tmdb_id":136519},{"type":"tv","tmdb_id":32604},{"type":"tv","tmdb_id":90589},{"type":"tv","tmdb_id":51874},{"type":"tv","tmdb_id":43135},{"type":"tv","tmdb_id":139654},{"type":"tv","tmdb_id":43105},{"type":"tv","tmdb_id":55397},{"type":"tv","tmdb_id":41456},{"type":"tv","tmdb_id":60436},{"type":"tv","tmdb_id":45132},{"type":"tv","tmdb_id":43849},{"type":"tv","tmdb_id":90417},{"type":"tv","tmdb_id":107134},{"type":"tv","tmdb_id":48160},{"type":"tv","tmdb_id":45190},{"type":"tv","tmdb_id":61574},{"type":"tv","tmdb_id":48911},{"type":"tv","tmdb_id":51887},{"type":"tv","tmdb_id":43849},{"type":"tv","tmdb_id":282924},{"type":"tv","tmdb_id":58263},{"type":"tv","tmdb_id":131684},{"type":"tv","tmdb_id":47745},{"type":"tv","tmdb_id":38215},{"type":"tv","tmdb_id":57684},{"type":"tv","tmdb_id":40067},{"type":"tv","tmdb_id":42301},{"type":"tv","tmdb_id":90356},{"type":"tv","tmdb_id":42315},{"type":"tv","tmdb_id":42382},{"type":"tv","tmdb_id":55600},{"type":"tv","tmdb_id":45132},{"type":"tv","tmdb_id":116373},{"type":"tv","tmdb_id":91110},{"type":"tv","tmdb_id":51266},{"type":"tv","tmdb_id":294528},{"type":"tv","tmdb_id":59312},{"type":"tv","tmdb_id":73395},{"type":"tv","tmdb_id":42029},{"type":"tv","tmdb_id":100260},{"type":"tv","tmdb_id":130395},{"type":"tv","tmdb_id":39958},{"type":"tv","tmdb_id":50237},{"type":"tv","tmdb_id":46438},{"type":"tv","tmdb_id":41913},{"type":"tv","tmdb_id":45192},{"type":"tv","tmdb_id":43529},{"type":"tv","tmdb_id":48263},{"type":"tv","tmdb_id":118870},{"type":"tv","tmdb_id":41706},{"type":"tv","tmdb_id":90588},{"type":"tv","tmdb_id":44419},{"type":"tv","tmdb_id":158128},{"type":"tv","tmdb_id":71234},{"type":"tv","tmdb_id":70055},{"type":"tv","tmdb_id":243735},{"type":"tv","tmdb_id":44399},{"type":"tv","tmdb_id":49887},{"type":"tv","tmdb_id":71171},{"type":"tv","tmdb_id":227352},{"type":"tv","tmdb_id":51000},{"type":"tv","tmdb_id":59772},{"type":"tv","tmdb_id":107601},{"type":"tv","tmdb_id":64750},{"type":"tv","tmdb_id":47833},{"type":"tv","tmdb_id":257067},{"type":"tv","tmdb_id":58026},{"type":"tv","tmdb_id":44439},{"type":"tv","tmdb_id":48443},{"type":"tv","tmdb_id":46400},{"type":"tv","tmdb_id":109709}]}