{"ts":1771171520,"year":"2022","mode":"tv","candidates":[{"type":"tv","tmdb_id":124364},{"type":"tv","tmdb_id":116799},{"type":"tv","tmdb_id":94997},{"type":"tv","tmdb_id":120089},{"type":"tv","tmdb_id":108978},{"type":"tv","tmdb_id":153312},{"type":"tv","tmdb_id":210865},{"type":"tv","tmdb_id":95396},{"type":"tv","tmdb_id":119051},{"type":"tv","tmdb_id":83867},{"type":"tv","tmdb_id":84773},{"type":"tv","tmdb_id":194916},{"type":"tv","tmdb_id":200709},{"type":"tv","tmdb_id":154770},{"type":"tv","tmdb_id":204746},{"type":"tv","tmdb_id":52814},{"type":"tv","tmdb_id":95480},{"type":"tv","tmdb_id":113988},{"type":"tv","tmdb_id":211089},{"type":"tv","tmdb_id":136315},{"type":"tv","tmdb_id":90802},{"type":"tv","tmdb_id":194766},{"type":"tv","tmdb_id":198182},{"type":"tv","tmdb_id":92749},{"type":"tv","tmdb_id":157744},{"type":"tv","tmdb_id":131041},{"type":"tv","tmdb_id":103516},{"type":"tv","tmdb_id":213194},{"type":"tv","tmdb_id":110492},{"type":"tv","tmdb_id":135934},{"type":"tv","tmdb_id":210081},{"type":"tv","tmdb_id":119495},{"type":"tv","tmdb_id":154524},{"type":"tv","tmdb_id":135157},{"type":"tv","tmdb_id":153657},{"type":"tv","tmdb_id":130464},{"type":"tv","tmdb_id":81723},{"type":"tv","tmdb_id":114410},{"type":"tv","tmdb_id":154521},{"type":"tv","tmdb_id":99966},{"type":"tv","tmdb_id":123249},{"type":"tv","tmdb_id":210318},{"type":"tv","tmdb_id":92782},{"type":"tv","tmdb_id":95403},{"type":"tv","tmdb_id":92783},{"type":"tv","tmdb_id":195339},{"type":"tv","tmdb_id":116135},{"type":"tv","tmdb_id":202102},{"type":"tv","tmdb_id":92830},{"type":"tv","tmdb_id":219290},{"type":"tv","tmdb_id":206484},{"type":"tv","tmdb_id":201900},{"type":"tv","tmdb_id":124834},{"type":"tv","tmdb_id":202297},{"type":"tv","tmdb_id":119845},{"type":"tv","tmdb_id":203489},{"type":"tv","tmdb_id":125282},{"type":"tv","tmdb_id":196400},{"type":"tv","tmdb_id":126437},{"type":"tv","tmdb_id":136283},{"type":"tv","tmdb_id":90296},{"type":"tv","tmdb_id":155780},{"type":"tv","tmdb_id":130237},{"type":"tv","tmdb_id":154494},{"type":"tv","tmdb_id":126929},{"type":"tv","tmdb_id":201992},{"type":"tv","tmdb_id":201900},{"type":"tv","tmdb_id":107365},{"type":"tv","tmdb_id":138357},{"type":"tv","tmdb_id":107255},{"type":"tv","tmdb_id":156571},{"type":"tv","tmdb_id":197906},{"type":"tv","tmdb_id":117933},{"type":"tv","tmdb_id":105248},{"type":"tv","tmdb_id":103786},{"type":"tv","tmdb_id":119100},{"type":"tv","tmdb_id":155537},{"type":"tv","tmdb_id":120911},{"type":"tv","tmdb_id":195407},{"type":"tv","tmdb_id":128904},{"type":"tv","tmdb_id":113985},{"type":"tv","tmdb_id":206343},{"type":"tv","tmdb_id":83659},{"type":"tv","tmdb_id":95171},{"type":"tv","tmdb_id":155226},{"type":"tv","tmdb_id":203003},{"type":"tv","tmdb_id":203906},{"type":"tv","tmdb_id":195488},{"type":"tv","tmdb_id":153482},{"type":"tv","tmdb_id":132664},{"type":"tv","tmdb_id":122587},{"type":"tv","tmdb_id":197449},{"type":"tv","tmdb_id":203504},{"type":"tv","tmdb_id":210916},{"type":"tv","tmdb_id":111800},{"type":"tv","tmdb_id":197067},{"type":"tv","tmdb_id":115694},{"type":"tv","tmdb_id":124010},{"type":"tv","tmdb_id":158293},{"type":"tv","tmdb_id":216487},{"type":"tv","tmdb_id":114477},{"type":"tv","tmdb_id":120155},{"type":"tv","tmdb_id":197067},{"type":"tv","tmdb_id":215092},{"type":"tv","tmdb_id":156606},{"type":"tv","tmdb_id":232125},{"type":"tv","tmdb_id":138971},{"type":"tv","tmdb_id":156898},{"type":"tv","tmdb_id":153918},{"type":"tv","tmdb_id":211056},{"type":"tv","tmdb_id":196040},{"type":"tv","tmdb_id":216487},{"type":"tv","tmdb_id":156568},{"type":"tv","tmdb_id":117067},{"type":"tv","tmdb_id":106388},{"type":"tv","tmdb_id":128098},{"type":"tv","tmdb_id":125398},{"type":"tv","tmdb_id":154825},{"type":"tv","tmdb_id":157282},{"type":"tv","tmdb_id":200961},{"type":"tv","tmdb_id":219799},{"type":"tv","tmdb_id":215709},{"type":"tv","tmdb_id":203780},{"type":"tv","tmdb_id":129959},{"type":"tv","tmdb_id":213573},{"type":"tv","tmdb_id":215315},{"type":"tv","tmdb_id":131532},{"type":"tv","tmdb_id":209752},{"type":"tv","tmdb_id":137437},{"type":"tv","tmdb_id":210232},{"type":"tv","tmdb_id":111837},{"type":"tv","tmdb_id":115577},{"type":"tv","tmdb_id":112836},{"type":"tv","tmdb_id":209319},{"type":"tv","tmdb_id":231962},{"type":"tv","tmdb_id":158293},{"type":"tv","tmdb_id":127641},{"type":"tv","tmdb_id":199318},{"type":"tv","tmdb_id":152483},{"type":"tv","tmdb_id":156240},{"type":"tv","tmdb_id":201375},{"type":"tv","tmdb_id":108296},{"type":"tv","tmdb_id":207840},{"type":"tv","tmdb_id":106454},{"type":"tv","tmdb_id":118189},{"type":"tv","tmdb_id":122826},{"type":"tv","tmdb_id":219958},{"type":"tv","tmdb_id":206050},{"type":"tv","tmdb_id":204716},{"type":"tv","tmdb_id":51018},{"type":"tv","tmdb_id":118303},{"type":"tv","tmdb_id":202307},{"type":"tv","tmdb_id":217461},{"type":"tv","tmdb_id":94252},{"type":"tv","tmdb_id":155213},{"type":"tv","tmdb_id":203687},{"type":"tv","tmdb_id":90669},{"type":"tv","tmdb_id":213791},{"type":"tv","tmdb_id":215099},{"type":"tv","tmdb_id":129888},{"type":"tv","tmdb_id":196615},{"type":"tv","tmdb_id":215902},{"type":"tv","tmdb_id":157747},{"type":"tv","tmdb_id":240944},{"type":"tv","tmdb_id":156197},{"type":"tv","tmdb_id":220310},{"type":"tv","tmdb_id":207371},{"type":"tv","tmdb_id":157372},{"type":"tv","tmdb_id":156911},{"type":"tv","tmdb_id":137045},{"type":"tv","tmdb_id":207037},{"type":"tv","tmdb_id":134667},{"type":"tv","tmdb_id":154828},{"type":"tv","tmdb_id":93870},{"type":"tv","tmdb_id":194774},{"type":"tv","tmdb_id":214001},{"type":"tv","tmdb_id":153723},{"type":"tv","tmdb_id":117880},{"type":"tv","tmdb_id":130765},{"type":"tv","tmdb_id":202876},{"type":"tv","tmdb_id":210213},{"type":"tv","tmdb_id":210955},{"type":"tv","tmdb_id":138441},{"type":"tv","tmdb_id":156218},{"type":"tv","tmdb_id":124067},{"type":"tv","tmdb_id":137870},{"type":"tv","tmdb_id":137718},{"type":"tv","tmdb_id":205493},{"type":"tv","tmdb_id":156640},{"type":"tv","tmdb_id":128113},{"type":"tv","tmdb_id":208878},{"type":"tv","tmdb_id":201124},{"type":"tv","tmdb_id":154887},{"type":"tv","tmdb_id":137065},{"type":"tv","tmdb_id":114068},{"type":"tv","tmdb_id":117821},{"type":"tv","tmdb_id":99346},{"type":"tv","tmdb_id":196257},{"type":"tv","tmdb_id":200737},{"type":"tv","tmdb_id":81322},{"type":"tv","tmdb_id":157061},{"type":"tv","tmdb_id":158339},{"type":"tv","tmdb_id":99070},{"type":"tv","tmdb_id":127549},{"type":"tv","tmdb_id":211941},{"type":"tv","tmdb_id":130766},{"type":"tv","tmdb_id":109939},{"type":"tv","tmdb_id":208336},{"type":"tv","tmdb_id":201285},{"type":"tv","tmdb_id":121792},{"type":"tv","tmdb_id":157616},{"type":"tv","tmdb_id":114463},{"type":"tv","tmdb_id":138183},{"type":"tv","tmdb_id":136741},{"type":"tv","tmdb_id":118017},{"type":"tv","tmdb_id":211102},{"type":"tv","tmdb_id":139287},{"type":"tv","tmdb_id":155231},{"type":"tv","tmdb_id":127714},{"type":"tv","tmdb_id":95665},{"type":"tv","tmdb_id":209505},{"type":"tv","tmdb_id":204684},{"type":"tv","tmdb_id":156510},{"type":"tv","tmdb_id":230361},{"type":"tv","tmdb_id":199925},{"type":"tv","tmdb_id":155094},{"type":"tv","tmdb_id":129195},{"type":"tv","tmdb_id":197588},{"type":"tv","tmdb_id":202296},{"type":"tv","tmdb_id":152271},{"type":"tv","tmdb_id":137390},{"type":"tv","tmdb_id":130368},{"type":"tv","tmdb_id":125712},{"type":"tv","tmdb_id":153581},{"type":"tv","tmdb_id":158756},{"type":"tv","tmdb_id":114502},{"type":"tv","tmdb_id":135840},{"type":"tv","tmdb_id":118663},{"type":"tv","tmdb_id":122369},{"type":"tv","tmdb_id":116168},{"type":"tv","tmdb_id":120909},{"type":"tv","tmdb_id":138180},{"type":"tv","tmdb_id":156993},{"type":"tv","tmdb_id":156450},{"type":"tv","tmdb_id":215307},{"type":"tv","tmdb_id":156401},{"type":"tv","tmdb_id":117886},{"type":"tv","tmdb_id":99145},{"type":"tv","tmdb_id":134331},{"type":"tv","tmdb_id":155346},{"type":"tv","tmdb_id":119335},{"type":"tv","tmdb_id":201426},{"type":"tv","tmdb_id":210931},{"type":"tv","tmdb_id":210747},{"type":"tv","tmdb_id":128015},{"type":"tv","tmdb_id":194567},{"type":"tv","tmdb_id":152511},{"type":"tv","tmdb_id":206087},{"type":"tv","tmdb_id":122066},{"type":"tv","tmdb_id":136369},{"type":"tv","tmdb_id":203085},{"type":"tv","tmdb_id":139353},{"type":"tv","tmdb_id":134465},{"type":"tv","tmdb_id":204666},{"type":"tv","tmdb_id":202396},{"type":"tv","tmdb_id":139512},{"type":"tv","tmdb_id":122196},{"type":"tv","tmdb_id":128010},{"type":"tv","tmdb_id":115626},{"type":"tv","tmdb_id":121702},{"type":"tv","tmdb_id":108664},{"type":"tv","tmdb_id":195966},{"type":"tv","tmdb_id":213834},{"type":"tv","tmdb_id":215199},{"type":"tv","tmdb_id":128306},{"type":"tv","tmdb_id":123818},{"type":"tv","tmdb_id":108171},{"type":"tv","tmdb_id":198109},{"type":"tv","tmdb_id":155499},{"type":"tv","tmdb_id":124363},{"type":"tv","tmdb_id":105804},{"type":"tv","tmdb_id":155631},{"type":"tv","tmdb_id":138289},{"type":"tv","tmdb_id":158154},{"type":"tv","tmdb_id":126254},{"type":"tv","tmdb_id":125438},{"type":"tv","tmdb_id":223969},{"type":"tv","tmdb_id":93879},{"type":"tv","tmdb_id":108891},{"type":"tv","tmdb_id":115112},{"type":"tv","tmdb_id":196614},{"type":"tv","tmdb_id":126301},{"type":"tv","tmdb_id":211261},{"type":"tv","tmdb_id":152310},{"type":"tv","tmdb_id":155652},{"type":"tv","tmdb_id":157342},{"type":"tv","tmdb_id":204381},{"type":"tv","tmdb_id":128095},{"type":"tv","tmdb_id":106541},{"type":"tv","tmdb_id":210594},{"type":"tv","tmdb_id":104032},{"type":"tv","tmdb_id":157769},{"type":"tv","tmdb_id":211128},{"type":"tv","tmdb_id":196586},{"type":"tv","tmdb_id":97970},{"type":"tv","tmdb_id":221230},{"type":"tv","tmdb_id":158439},{"type":"tv","tmdb_id":111616},{"type":"tv","tmdb_id":201948},{"type":"tv","tmdb_id":158646},{"type":"tv","tmdb_id":127716},{"type":"tv","tmdb_id":155710},{"type":"tv","tmdb_id":203192},{"type":"tv","tmdb_id":158168},{"type":"tv","tmdb_id":197060},{"type":"tv","tmdb_id":133938},{"type":"tv","tmdb_id":203614},{"type":"tv","tmdb_id":204253},{"type":"tv","tmdb_id":205783},{"type":"tv","tmdb_id":157021},{"type":"tv","tmdb_id":130567},{"type":"tv","tmdb_id":153715},{"type":"tv","tmdb_id":204526},{"type":"tv","tmdb_id":139797},{"type":"tv","tmdb_id":204269},{"type":"tv","tmdb_id":136248},{"type":"tv","tmdb_id":112833},{"type":"tv","tmdb_id":116761},{"type":"tv","tmdb_id":195923},{"type":"tv","tmdb_id":194831},{"type":"tv","tmdb_id":210866},{"type":"tv","tmdb_id":212799},{"type":"tv","tmdb_id":203508},{"type":"tv","tmdb_id":110531},{"type":"tv","tmdb_id":211747},{"type":"tv","tmdb_id":212385},{"type":"tv","tmdb_id":198170},{"type":"tv","tmdb_id":195926},{"type":"tv","tmdb_id":155431},{"type":"tv","tmdb_id":194636},{"type":"tv","tmdb_id":157059},{"type":"tv","tmdb_id":129500},{"type":"tv","tmdb_id":129516},{"type":"tv","tmdb_id":154768},{"type":"tv","tmdb_id":95044},{"type":"tv","tmdb_id":153528},{"type":"tv","tmdb_id":201781},{"type":"tv","tmdb_id":127323},{"type":"tv","tmdb_id":208919},{"type":"tv","tmdb_id":115996},{"type":"tv","tmdb_id":127327},{"type":"tv","tmdb_id":114466},{"type":"tv","tmdb_id":155427},{"type":"tv","tmdb_id":124572},{"type":"tv","tmdb_id":203187},{"type":"tv","tmdb_id":214172},{"type":"tv","tmdb_id":195990},{"type":"tv","tmdb_id":157374},{"type":"tv","tmdb_id":209131},{"type":"tv","tmdb_id":136763},{"type":"tv","tmdb_id":196268},{"type":"tv","tmdb_id":123528},{"type":"tv","tmdb_id":207717},{"type":"tv","tmdb_id":206010},{"type":"tv","tmdb_id":204284},{"type":"tv","tmdb_id":132213},{"type":"tv","tmdb_id":196369},{"type":"tv","tmdb_id":210791},{"type":"tv","tmdb_id":135895},{"type":"tv","tmdb_id":135868},{"type":"tv","tmdb_id":155364},{"type":"tv","tmdb_id":157433},{"type":"tv","tmdb_id":152261},{"type":"tv","tmdb_id":202985},{"type":"tv","tmdb_id":138147},{"type":"tv","tmdb_id":216592},{"type":"tv","tmdb_id":216304},{"type":"tv","tmdb_id":200868},{"type":"tv","tmdb_id":156406},{"type":"tv","tmdb_id":134949},{"type":"tv","tmdb_id":157080},{"type":"tv","tmdb_id":197188},{"type":"tv","tmdb_id":211779},{"type":"tv","tmdb_id":212041},{"type":"tv","tmdb_id":202160},{"type":"tv","tmdb_id":133908},{"type":"tv","tmdb_id":114925},{"type":"tv","tmdb_id":135822},{"type":"tv","tmdb_id":214012},{"type":"tv","tmdb_id":157383},{"type":"tv","tmdb_id":213359},{"type":"tv","tmdb_id":203281},{"type":"tv","tmdb_id":203646},{"type":"tv","tmdb_id":210750},{"type":"tv","tmdb_id":195053},{"type":"tv","tmdb_id":136745},{"type":"tv","tmdb_id":194852},{"type":"tv","tmdb_id":201084},{"type":"tv","tmdb_id":113984},{"type":"tv","tmdb_id":135655},{"type":"tv","tmdb_id":155243},{"type":"tv","tmdb_id":194728},{"type":"tv","tmdb_id":211260},{"type":"tv","tmdb_id":100414},{"type":"tv","tmdb_id":233779},{"type":"tv","tmdb_id":156988},{"type":"tv","tmdb_id":131672},{"type":"tv","tmdb_id":208730},{"type":"tv","tmdb_id":155513},{"type":"tv","tmdb_id":158131},{"type":"tv","tmdb_id":210891},{"type":"tv","tmdb_id":136739},{"type":"tv","tmdb_id":131488},{"type":"tv","tmdb_id":214524},{"type":"tv","tmdb_id":307122},{"type":"tv","tmdb_id":133733},{"type":"tv","tmdb_id":155229},{"type":"tv","tmdb_id":129502},{"type":"tv","tmdb_id":137043},{"type":"tv","tmdb_id":197483},{"type":"tv","tmdb_id":152471},{"type":"tv","tmdb_id":123349},{"type":"tv","tmdb_id":122287},{"type":"tv","tmdb_id":155594},{"type":"tv","tmdb_id":198002},{"type":"tv","tmdb_id":132159},{"type":"tv","tmdb_id":112463},{"type":"tv","tmdb_id":204236},{"type":"tv","tmdb_id":196679},{"type":"tv","tmdb_id":135334},{"type":"tv","tmdb_id":211057},{"type":"tv","tmdb_id":158691},{"type":"tv","tmdb_id":125474},{"type":"tv","tmdb_id":117884},{"type":"tv","tmdb_id":196906},{"type":"tv","tmdb_id":206489},{"type":"tv","tmdb_id":197874},{"type":"tv","tmdb_id":201146},{"type":"tv","tmdb_id":212765},{"type":"tv","tmdb_id":207099},{"type":"tv","tmdb_id":120142},{"type":"tv","tmdb_id":203011},{"type":"tv","tmdb_id":153496},{"type":"tv","tmdb_id":154827},{"type":"tv","tmdb_id":130996},{"type":"tv","tmdb_id":127814},{"type":"tv","tmdb_id":199928},{"type":"tv","tmdb_id":204031},{"type":"tv","tmdb_id":209609},{"type":"tv","tmdb_id":154359},{"type":"tv","tmdb_id":200990},{"type":"tv","tmdb_id":130147},{"type":"tv","tmdb_id":208737},{"type":"tv","tmdb_id":199966},{"type":"tv","tmdb_id":198966},{"type":"tv","tmdb_id":197242},{"type":"tv","tmdb_id":112314},{"type":"tv","tmdb_id":216943},{"type":"tv","tmdb_id":117310},{"type":"tv","tmdb_id":204062},{"type":"tv","tmdb_id":204349},{"type":"tv","tmdb_id":138624},{"type":"tv","tmdb_id":209275},{"type":"tv","tmdb_id":111838},{"type":"tv","tmdb_id":155241},{"type":"tv","tmdb_id":136548},{"type":"tv","tmdb_id":205547},{"type":"tv","tmdb_id":158396},{"type":"tv","tmdb_id":157242},{"type":"tv","tmdb_id":136973},{"type":"tv","tmdb_id":106116},{"type":"tv","tmdb_id":201408},{"type":"tv","tmdb_id":209694},{"type":"tv","tmdb_id":115915},{"type":"tv","tmdb_id":201877},{"type":"tv","tmdb_id":211357},{"type":"tv","tmdb_id":202010},{"type":"tv","tmdb_id":109934},{"type":"tv","tmdb_id":156473},{"type":"tv","tmdb_id":99002},{"type":"tv","tmdb_id":210291},{"type":"tv","tmdb_id":129141},{"type":"tv","tmdb_id":204646},{"type":"tv","tmdb_id":135250},{"type":"tv","tmdb_id":258321},{"type":"tv","tmdb_id":207719},{"type":"tv","tmdb_id":155441},{"type":"tv","tmdb_id":198085},{"type":"tv","tmdb_id":157271},{"type":"tv","tmdb_id":208960},{"type":"tv","tmdb_id":133093},{"type":"tv","tmdb_id":121710},{"type":"tv","tmdb_id":203697},{"type":"tv","tmdb_id":94925},{"type":"tv","tmdb_id":134375},{"type":"tv","tmdb_id":115911},{"type":"tv","tmdb_id":202304},{"type":"tv","tmdb_id":107005},{"type":"tv","tmdb_id":154129},{"type":"tv","tmdb_id":157084},{"type":"tv","tmdb_id":221198},{"type":"tv","tmdb_id":133700},{"type":"tv","tmdb_id":202290},{"type":"tv","tmdb_id":99772},{"type":"tv","tmdb_id":158900},{"type":"tv","tmdb_id":154167},{"type":"tv","tmdb_id":125949},{"type":"tv","tmdb_id":134675},{"type":"tv","tmdb_id":136732},{"type":"tv","tmdb_id":206180},{"type":"tv","tmdb_id":206878},{"type":"tv","tmdb_id":214080},{"type":"tv","tmdb_id":154861},{"type":"tv","tmdb_id":209504},{"type":"tv","tmdb_id":212869},{"type":"tv","tmdb_id":205067},{"type":"tv","tmdb_id":210640},{"type":"tv","tmdb_id":195931},{"type":"tv","tmdb_id":195822},{"type":"tv","tmdb_id":205272},{"type":"tv","tmdb_id":210939},{"type":"tv","tmdb_id":203805},{"type":"tv","tmdb_id":213675},{"type":"tv","tmdb_id":157842},{"type":"tv","tmdb_id":211280},{"type":"tv","tmdb_id":138190},{"type":"tv","tmdb_id":128826},{"type":"tv","tmdb_id":203572},{"type":"tv","tmdb_id":204647},{"type":"tv","tmdb_id":136841},{"type":"tv","tmdb_id":195352},{"type":"tv","tmdb_id":156746},{"type":"tv","tmdb_id":217038},{"type":"tv","tmdb_id":49608},{"type":"tv","tmdb_id":210942},{"type":"tv","tmdb_id":131028},{"type":"tv","tmdb_id":202253},{"type":"tv","tmdb_id":209055},{"type":"tv","tmdb_id":158056},{"type":"tv","tmdb_id":126849},{"type":"tv","tmdb_id":125392},{"type":"tv","tmdb_id":206247},{"type":"tv","tmdb_id":95721},{"type":"tv","tmdb_id":158865},{"type":"tv","tmdb_id":93751},{"type":"tv","tmdb_id":205180},{"type":"tv","tmdb_id":209674},{"type":"tv","tmdb_id":130266},{"type":"tv","tmdb_id":98657},{"type":"tv","tmdb_id":221715},{"type":"tv","tmdb_id":153445},{"type":"tv","tmdb_id":209833},{"type":"tv","tmdb_id":201874},{"type":"tv","tmdb_id":195382},{"type":"tv","tmdb_id":156248},{"type":"tv","tmdb_id":207950},{"type":"tv","tmdb_id":106308},{"type":"tv","tmdb_id":201722},{"type":"tv","tmdb_id":205568},{"type":"tv","tmdb_id":127585},{"type":"tv","tmdb_id":196608},{"type":"tv","tmdb_id":206903},{"type":"tv","tmdb_id":197434},{"type":"tv","tmdb_id":203042},{"type":"tv","tmdb_id":157926},{"type":"tv","tmdb_id":199359},{"type":"tv","tmdb_id":201886},{"type":"tv","tmdb_id":116155},{"type":"tv","tmdb_id":206534},{"type":"tv","tmdb_id":99747},{"type":"tv","tmdb_id":205040},{"type":"tv","tmdb_id":95341},{"type":"tv","tmdb_id":202017},{"type":"tv","tmdb_id":133197},{"type":"tv","tmdb_id":155459},{"type":"tv","tmdb_id":112486},{"type":"tv","tmdb_id":209544},{"type":"tv","tmdb_id":125215},{"type":"tv","tmdb_id":107114},{"type":"tv","tmdb_id":202736},{"type":"tv","tmdb_id":308185},{"type":"tv","tmdb_id":158138},{"type":"tv","tmdb_id":206164},{"type":"tv","tmdb_id":202637},{"type":"tv","tmdb_id":153223},{"type":"tv","tmdb_id":154820},{"type":"tv","tmdb_id":153518},{"type":"tv","tmdb_id":212239},{"type":"tv","tmdb_id":113193},{"type":"tv","tmdb_id":157285},{"type":"tv","tmdb_id":157879},{"type":"tv","tmdb_id":214184},{"type":"tv","tmdb_id":209377},{"type":"tv","tmdb_id":138882},{"type":"tv","tmdb_id":215556},{"type":"tv","tmdb_id":217048},{"type":"tv","tmdb_id":197201},{"type":"tv","tmdb_id":203728},{"type":"tv","tmdb_id":155623},{"type":"tv","tmdb_id":211746}]}