{"ts":1771383249,"year":"2025","mode":"tv","candidates":[{"type":"tv","tmdb_id":258462},{"type":"tv","tmdb_id":240459},{"type":"tv","tmdb_id":250307},{"type":"tv","tmdb_id":283123},{"type":"tv","tmdb_id":302463},{"type":"tv","tmdb_id":307423},{"type":"tv","tmdb_id":301507},{"type":"tv","tmdb_id":200875},{"type":"tv","tmdb_id":247718},{"type":"tv","tmdb_id":202555},{"type":"tv","tmdb_id":279041},{"type":"tv","tmdb_id":225171},{"type":"tv","tmdb_id":309280},{"type":"tv","tmdb_id":245927},{"type":"tv","tmdb_id":243881},{"type":"tv","tmdb_id":302063},{"type":"tv","tmdb_id":271855},{"type":"tv","tmdb_id":256721},{"type":"tv","tmdb_id":246386},{"type":"tv","tmdb_id":284169},{"type":"tv","tmdb_id":303911},{"type":"tv","tmdb_id":219246},{"type":"tv","tmdb_id":157239},{"type":"tv","tmdb_id":281009},{"type":"tv","tmdb_id":292035},{"type":"tv","tmdb_id":247723},{"type":"tv","tmdb_id":302658},{"type":"tv","tmdb_id":207332},{"type":"tv","tmdb_id":219760},{"type":"tv","tmdb_id":250060},{"type":"tv","tmdb_id":247767},{"type":"tv","tmdb_id":280110},{"type":"tv","tmdb_id":306118},{"type":"tv","tmdb_id":271607},{"type":"tv","tmdb_id":221079},{"type":"tv","tmdb_id":237529},{"type":"tv","tmdb_id":298954},{"type":"tv","tmdb_id":254821},{"type":"tv","tmdb_id":262928},{"type":"tv","tmdb_id":240456},{"type":"tv","tmdb_id":244808},{"type":"tv","tmdb_id":256711},{"type":"tv","tmdb_id":272418},{"type":"tv","tmdb_id":233347},{"type":"tv","tmdb_id":239385},{"type":"tv","tmdb_id":232230},{"type":"tv","tmdb_id":304371},{"type":"tv","tmdb_id":259909},{"type":"tv","tmdb_id":293371},{"type":"tv","tmdb_id":300388},{"type":"tv","tmdb_id":246412},{"type":"tv","tmdb_id":286801},{"type":"tv","tmdb_id":272059},{"type":"tv","tmdb_id":278196},{"type":"tv","tmdb_id":249854},{"type":"tv","tmdb_id":241609},{"type":"tv","tmdb_id":196890},{"type":"tv","tmdb_id":304774},{"type":"tv","tmdb_id":289996},{"type":"tv","tmdb_id":252193},{"type":"tv","tmdb_id":114471},{"type":"tv","tmdb_id":288577},{"type":"tv","tmdb_id":253811},{"type":"tv","tmdb_id":272711},{"type":"tv","tmdb_id":296801},{"type":"tv","tmdb_id":298629},{"type":"tv","tmdb_id":285594},{"type":"tv","tmdb_id":249042},{"type":"tv","tmdb_id":238458},{"type":"tv","tmdb_id":248361},{"type":"tv","tmdb_id":233519},{"type":"tv","tmdb_id":282471},{"type":"tv","tmdb_id":255055},{"type":"tv","tmdb_id":244812},{"type":"tv","tmdb_id":231280},{"type":"tv","tmdb_id":272484},{"type":"tv","tmdb_id":220269},{"type":"tv","tmdb_id":275648},{"type":"tv","tmdb_id":278165},{"type":"tv","tmdb_id":262700},{"type":"tv","tmdb_id":291904},{"type":"tv","tmdb_id":253193},{"type":"tv","tmdb_id":259886},{"type":"tv","tmdb_id":233219},{"type":"tv","tmdb_id":245648},{"type":"tv","tmdb_id":252320},{"type":"tv","tmdb_id":228305},{"type":"tv","tmdb_id":281011},{"type":"tv","tmdb_id":285788},{"type":"tv","tmdb_id":278704},{"type":"tv","tmdb_id":256317},{"type":"tv","tmdb_id":208851},{"type":"tv","tmdb_id":242054},{"type":"tv","tmdb_id":280100},{"type":"tv","tmdb_id":250504},{"type":"tv","tmdb_id":285278},{"type":"tv","tmdb_id":278577},{"type":"tv","tmdb_id":276880},{"type":"tv","tmdb_id":243248},{"type":"tv","tmdb_id":282511},{"type":"tv","tmdb_id":246862},{"type":"tv","tmdb_id":281013},{"type":"tv","tmdb_id":230915},{"type":"tv","tmdb_id":243083},{"type":"tv","tmdb_id":281058},{"type":"tv","tmdb_id":233742},{"type":"tv","tmdb_id":231003},{"type":"tv","tmdb_id":261868},{"type":"tv","tmdb_id":278635},{"type":"tv","tmdb_id":260823},{"type":"tv","tmdb_id":306114},{"type":"tv","tmdb_id":277513},{"type":"tv","tmdb_id":278378},{"type":"tv","tmdb_id":226270},{"type":"tv","tmdb_id":277222},{"type":"tv","tmdb_id":207411},{"type":"tv","tmdb_id":279601},{"type":"tv","tmdb_id":249545},{"type":"tv","tmdb_id":138503},{"type":"tv","tmdb_id":228689},{"type":"tv","tmdb_id":261663},{"type":"tv","tmdb_id":256624},{"type":"tv","tmdb_id":300030},{"type":"tv","tmdb_id":277752},{"type":"tv","tmdb_id":259544},{"type":"tv","tmdb_id":278146},{"type":"tv","tmdb_id":284780},{"type":"tv","tmdb_id":245703},{"type":"tv","tmdb_id":256226},{"type":"tv","tmdb_id":257010},{"type":"tv","tmdb_id":306555},{"type":"tv","tmdb_id":295434},{"type":"tv","tmdb_id":305111},{"type":"tv","tmdb_id":256585},{"type":"tv","tmdb_id":280078},{"type":"tv","tmdb_id":256128},{"type":"tv","tmdb_id":242867},{"type":"tv","tmdb_id":229711},{"type":"tv","tmdb_id":279120},{"type":"tv","tmdb_id":280945},{"type":"tv","tmdb_id":113959},{"type":"tv","tmdb_id":247784},{"type":"tv","tmdb_id":252414},{"type":"tv","tmdb_id":271267},{"type":"tv","tmdb_id":220377},{"type":"tv","tmdb_id":284838},{"type":"tv","tmdb_id":212957},{"type":"tv","tmdb_id":279182},{"type":"tv","tmdb_id":254017},{"type":"tv","tmdb_id":263034},{"type":"tv","tmdb_id":258680},{"type":"tv","tmdb_id":256853},{"type":"tv","tmdb_id":273247},{"type":"tv","tmdb_id":271576},{"type":"tv","tmdb_id":239826},{"type":"tv","tmdb_id":262453},{"type":"tv","tmdb_id":278927},{"type":"tv","tmdb_id":217810},{"type":"tv","tmdb_id":217837},{"type":"tv","tmdb_id":252774},{"type":"tv","tmdb_id":278604},{"type":"tv","tmdb_id":284512},{"type":"tv","tmdb_id":228878},{"type":"tv","tmdb_id":252640},{"type":"tv","tmdb_id":246461},{"type":"tv","tmdb_id":253372},{"type":"tv","tmdb_id":256920},{"type":"tv","tmdb_id":276253},{"type":"tv","tmdb_id":232766},{"type":"tv","tmdb_id":281044},{"type":"tv","tmdb_id":248852},{"type":"tv","tmdb_id":277665},{"type":"tv","tmdb_id":238680},{"type":"tv","tmdb_id":274671},{"type":"tv","tmdb_id":272118},{"type":"tv","tmdb_id":241554},{"type":"tv","tmdb_id":259453},{"type":"tv","tmdb_id":249551},{"type":"tv","tmdb_id":138505},{"type":"tv","tmdb_id":283884},{"type":"tv","tmdb_id":246381},{"type":"tv","tmdb_id":133154},{"type":"tv","tmdb_id":281005},{"type":"tv","tmdb_id":216082},{"type":"tv","tmdb_id":271264},{"type":"tv","tmdb_id":241405},{"type":"tv","tmdb_id":226362},{"type":"tv","tmdb_id":254174},{"type":"tv","tmdb_id":138291},{"type":"tv","tmdb_id":258055},{"type":"tv","tmdb_id":241388},{"type":"tv","tmdb_id":207484},{"type":"tv","tmdb_id":281538},{"type":"tv","tmdb_id":215866},{"type":"tv","tmdb_id":283387},{"type":"tv","tmdb_id":292233},{"type":"tv","tmdb_id":297710},{"type":"tv","tmdb_id":290276},{"type":"tv","tmdb_id":258229},{"type":"tv","tmdb_id":219080},{"type":"tv","tmdb_id":284744},{"type":"tv","tmdb_id":283245},{"type":"tv","tmdb_id":254476},{"type":"tv","tmdb_id":270848},{"type":"tv","tmdb_id":281233},{"type":"tv","tmdb_id":242762},{"type":"tv","tmdb_id":304790},{"type":"tv","tmdb_id":279299},{"type":"tv","tmdb_id":290054},{"type":"tv","tmdb_id":273050},{"type":"tv","tmdb_id":258742},{"type":"tv","tmdb_id":262339},{"type":"tv","tmdb_id":259015},{"type":"tv","tmdb_id":297464},{"type":"tv","tmdb_id":253321},{"type":"tv","tmdb_id":257782},{"type":"tv","tmdb_id":262929},{"type":"tv","tmdb_id":240686},{"type":"tv","tmdb_id":254482},{"type":"tv","tmdb_id":270487},{"type":"tv","tmdb_id":244628},{"type":"tv","tmdb_id":255859},{"type":"tv","tmdb_id":235355},{"type":"tv","tmdb_id":271003},{"type":"tv","tmdb_id":299847},{"type":"tv","tmdb_id":258348},{"type":"tv","tmdb_id":271050},{"type":"tv","tmdb_id":255779},{"type":"tv","tmdb_id":253093},{"type":"tv","tmdb_id":223300},{"type":"tv","tmdb_id":243224},{"type":"tv","tmdb_id":215522},{"type":"tv","tmdb_id":254853},{"type":"tv","tmdb_id":245827},{"type":"tv","tmdb_id":261091},{"type":"tv","tmdb_id":287328},{"type":"tv","tmdb_id":227191},{"type":"tv","tmdb_id":286995},{"type":"tv","tmdb_id":259288},{"type":"tv","tmdb_id":248244},{"type":"tv","tmdb_id":309102},{"type":"tv","tmdb_id":225647},{"type":"tv","tmdb_id":244243},{"type":"tv","tmdb_id":274741},{"type":"tv","tmdb_id":294968},{"type":"tv","tmdb_id":262741},{"type":"tv","tmdb_id":270474},{"type":"tv","tmdb_id":292516},{"type":"tv","tmdb_id":244447},{"type":"tv","tmdb_id":306355},{"type":"tv","tmdb_id":209110},{"type":"tv","tmdb_id":254544},{"type":"tv","tmdb_id":302569},{"type":"tv","tmdb_id":294443},{"type":"tv","tmdb_id":249031},{"type":"tv","tmdb_id":248830},{"type":"tv","tmdb_id":217553},{"type":"tv","tmdb_id":305702},{"type":"tv","tmdb_id":280906},{"type":"tv","tmdb_id":281666},{"type":"tv","tmdb_id":263043},{"type":"tv","tmdb_id":284605},{"type":"tv","tmdb_id":279731},{"type":"tv","tmdb_id":249882},{"type":"tv","tmdb_id":253391},{"type":"tv","tmdb_id":274979},{"type":"tv","tmdb_id":279216},{"type":"tv","tmdb_id":284445},{"type":"tv","tmdb_id":284879},{"type":"tv","tmdb_id":251597},{"type":"tv","tmdb_id":215995},{"type":"tv","tmdb_id":308951},{"type":"tv","tmdb_id":247367},{"type":"tv","tmdb_id":241576},{"type":"tv","tmdb_id":262141},{"type":"tv","tmdb_id":250994},{"type":"tv","tmdb_id":283880},{"type":"tv","tmdb_id":243316},{"type":"tv","tmdb_id":260471},{"type":"tv","tmdb_id":290039},{"type":"tv","tmdb_id":203367},{"type":"tv","tmdb_id":263048},{"type":"tv","tmdb_id":240442},{"type":"tv","tmdb_id":246473},{"type":"tv","tmdb_id":259669},{"type":"tv","tmdb_id":288055},{"type":"tv","tmdb_id":240558},{"type":"tv","tmdb_id":261745},{"type":"tv","tmdb_id":278009},{"type":"tv","tmdb_id":308793},{"type":"tv","tmdb_id":296834},{"type":"tv","tmdb_id":281006},{"type":"tv","tmdb_id":274737},{"type":"tv","tmdb_id":273117},{"type":"tv","tmdb_id":235611},{"type":"tv","tmdb_id":278847},{"type":"tv","tmdb_id":278816},{"type":"tv","tmdb_id":257790},{"type":"tv","tmdb_id":286349},{"type":"tv","tmdb_id":209876},{"type":"tv","tmdb_id":292575},{"type":"tv","tmdb_id":279603},{"type":"tv","tmdb_id":309100},{"type":"tv","tmdb_id":223876},{"type":"tv","tmdb_id":243217},{"type":"tv","tmdb_id":274814},{"type":"tv","tmdb_id":285356},{"type":"tv","tmdb_id":257534},{"type":"tv","tmdb_id":261980},{"type":"tv","tmdb_id":305062},{"type":"tv","tmdb_id":240445},{"type":"tv","tmdb_id":236457},{"type":"tv","tmdb_id":235930},{"type":"tv","tmdb_id":261600},{"type":"tv","tmdb_id":277881},{"type":"tv","tmdb_id":217407},{"type":"tv","tmdb_id":283019},{"type":"tv","tmdb_id":284430},{"type":"tv","tmdb_id":247859},{"type":"tv","tmdb_id":298652},{"type":"tv","tmdb_id":281042},{"type":"tv","tmdb_id":240144},{"type":"tv","tmdb_id":284644},{"type":"tv","tmdb_id":259857},{"type":"tv","tmdb_id":260293},{"type":"tv","tmdb_id":261128},{"type":"tv","tmdb_id":254477},{"type":"tv","tmdb_id":243081},{"type":"tv","tmdb_id":287355},{"type":"tv","tmdb_id":278176},{"type":"tv","tmdb_id":285257},{"type":"tv","tmdb_id":256744},{"type":"tv","tmdb_id":258578},{"type":"tv","tmdb_id":272485},{"type":"tv","tmdb_id":236565},{"type":"tv","tmdb_id":247207},{"type":"tv","tmdb_id":252000},{"type":"tv","tmdb_id":274570},{"type":"tv","tmdb_id":278331},{"type":"tv","tmdb_id":292554},{"type":"tv","tmdb_id":283770},{"type":"tv","tmdb_id":278137},{"type":"tv","tmdb_id":297594},{"type":"tv","tmdb_id":282440},{"type":"tv","tmdb_id":280366},{"type":"tv","tmdb_id":249039},{"type":"tv","tmdb_id":233686},{"type":"tv","tmdb_id":273048},{"type":"tv","tmdb_id":254653},{"type":"tv","tmdb_id":274069},{"type":"tv","tmdb_id":233969},{"type":"tv","tmdb_id":276548},{"type":"tv","tmdb_id":262254},{"type":"tv","tmdb_id":296463},{"type":"tv","tmdb_id":247168},{"type":"tv","tmdb_id":299778},{"type":"tv","tmdb_id":304530},{"type":"tv","tmdb_id":240975},{"type":"tv","tmdb_id":271649},{"type":"tv","tmdb_id":255251},{"type":"tv","tmdb_id":280058},{"type":"tv","tmdb_id":253376},{"type":"tv","tmdb_id":216412},{"type":"tv","tmdb_id":251994},{"type":"tv","tmdb_id":280042},{"type":"tv","tmdb_id":276204},{"type":"tv","tmdb_id":282157},{"type":"tv","tmdb_id":255752},{"type":"tv","tmdb_id":284219},{"type":"tv","tmdb_id":271015},{"type":"tv","tmdb_id":254013},{"type":"tv","tmdb_id":286170},{"type":"tv","tmdb_id":258025},{"type":"tv","tmdb_id":270851},{"type":"tv","tmdb_id":223896},{"type":"tv","tmdb_id":227114},{"type":"tv","tmdb_id":301693},{"type":"tv","tmdb_id":293391},{"type":"tv","tmdb_id":238618},{"type":"tv","tmdb_id":259486},{"type":"tv","tmdb_id":305386},{"type":"tv","tmdb_id":262259},{"type":"tv","tmdb_id":290042},{"type":"tv","tmdb_id":281615},{"type":"tv","tmdb_id":236429},{"type":"tv","tmdb_id":271885},{"type":"tv","tmdb_id":306484},{"type":"tv","tmdb_id":233961},{"type":"tv","tmdb_id":302422},{"type":"tv","tmdb_id":284792},{"type":"tv","tmdb_id":285764},{"type":"tv","tmdb_id":224414},{"type":"tv","tmdb_id":246864},{"type":"tv","tmdb_id":245159},{"type":"tv","tmdb_id":200794},{"type":"tv","tmdb_id":246485},{"type":"tv","tmdb_id":291161},{"type":"tv","tmdb_id":280571},{"type":"tv","tmdb_id":255095},{"type":"tv","tmdb_id":286791},{"type":"tv","tmdb_id":284914},{"type":"tv","tmdb_id":261148},{"type":"tv","tmdb_id":243964},{"type":"tv","tmdb_id":286984},{"type":"tv","tmdb_id":278142},{"type":"tv","tmdb_id":248937},{"type":"tv","tmdb_id":229213},{"type":"tv","tmdb_id":233100},{"type":"tv","tmdb_id":212766},{"type":"tv","tmdb_id":300202},{"type":"tv","tmdb_id":290433},{"type":"tv","tmdb_id":233256},{"type":"tv","tmdb_id":275989},{"type":"tv","tmdb_id":293613},{"type":"tv","tmdb_id":285770},{"type":"tv","tmdb_id":253410},{"type":"tv","tmdb_id":246992},{"type":"tv","tmdb_id":258994},{"type":"tv","tmdb_id":255719},{"type":"tv","tmdb_id":247619},{"type":"tv","tmdb_id":281967},{"type":"tv","tmdb_id":294867},{"type":"tv","tmdb_id":271890},{"type":"tv","tmdb_id":279914},{"type":"tv","tmdb_id":301429},{"type":"tv","tmdb_id":241883},{"type":"tv","tmdb_id":243200},{"type":"tv","tmdb_id":228672},{"type":"tv","tmdb_id":259454},{"type":"tv","tmdb_id":248416},{"type":"tv","tmdb_id":239006},{"type":"tv","tmdb_id":261343},{"type":"tv","tmdb_id":260822},{"type":"tv","tmdb_id":301001},{"type":"tv","tmdb_id":245561},{"type":"tv","tmdb_id":243512},{"type":"tv","tmdb_id":237327},{"type":"tv","tmdb_id":233264},{"type":"tv","tmdb_id":225361},{"type":"tv","tmdb_id":286388},{"type":"tv","tmdb_id":260523},{"type":"tv","tmdb_id":281264},{"type":"tv","tmdb_id":252739},{"type":"tv","tmdb_id":254488},{"type":"tv","tmdb_id":136342},{"type":"tv","tmdb_id":280777},{"type":"tv","tmdb_id":279060},{"type":"tv","tmdb_id":255483},{"type":"tv","tmdb_id":271053},{"type":"tv","tmdb_id":278428},{"type":"tv","tmdb_id":274186},{"type":"tv","tmdb_id":283848},{"type":"tv","tmdb_id":278050},{"type":"tv","tmdb_id":286529},{"type":"tv","tmdb_id":245876},{"type":"tv","tmdb_id":278367},{"type":"tv","tmdb_id":206219},{"type":"tv","tmdb_id":254391},{"type":"tv","tmdb_id":278969},{"type":"tv","tmdb_id":263044},{"type":"tv","tmdb_id":203740},{"type":"tv","tmdb_id":300805},{"type":"tv","tmdb_id":289210},{"type":"tv","tmdb_id":46151},{"type":"tv","tmdb_id":284419},{"type":"tv","tmdb_id":215615},{"type":"tv","tmdb_id":253797},{"type":"tv","tmdb_id":259710},{"type":"tv","tmdb_id":256888},{"type":"tv","tmdb_id":224819},{"type":"tv","tmdb_id":284771},{"type":"tv","tmdb_id":275177},{"type":"tv","tmdb_id":289745},{"type":"tv","tmdb_id":299812},{"type":"tv","tmdb_id":284442},{"type":"tv","tmdb_id":293939},{"type":"tv","tmdb_id":249971},{"type":"tv","tmdb_id":273418},{"type":"tv","tmdb_id":285797},{"type":"tv","tmdb_id":273274},{"type":"tv","tmdb_id":271309},{"type":"tv","tmdb_id":258901},{"type":"tv","tmdb_id":261311},{"type":"tv","tmdb_id":253955},{"type":"tv","tmdb_id":276349},{"type":"tv","tmdb_id":274580},{"type":"tv","tmdb_id":271605},{"type":"tv","tmdb_id":302540},{"type":"tv","tmdb_id":283161},{"type":"tv","tmdb_id":258764},{"type":"tv","tmdb_id":301914},{"type":"tv","tmdb_id":279580},{"type":"tv","tmdb_id":225399},{"type":"tv","tmdb_id":275844},{"type":"tv","tmdb_id":305591},{"type":"tv","tmdb_id":259559},{"type":"tv","tmdb_id":212333},{"type":"tv","tmdb_id":249586},{"type":"tv","tmdb_id":271341},{"type":"tv","tmdb_id":297605},{"type":"tv","tmdb_id":276903},{"type":"tv","tmdb_id":249023},{"type":"tv","tmdb_id":253941},{"type":"tv","tmdb_id":260458},{"type":"tv","tmdb_id":271823},{"type":"tv","tmdb_id":299595},{"type":"tv","tmdb_id":275724},{"type":"tv","tmdb_id":154822},{"type":"tv","tmdb_id":274559},{"type":"tv","tmdb_id":254318},{"type":"tv","tmdb_id":292664},{"type":"tv","tmdb_id":256323},{"type":"tv","tmdb_id":279322},{"type":"tv","tmdb_id":303450},{"type":"tv","tmdb_id":286723},{"type":"tv","tmdb_id":301405},{"type":"tv","tmdb_id":224942},{"type":"tv","tmdb_id":262920},{"type":"tv","tmdb_id":274810},{"type":"tv","tmdb_id":250988},{"type":"tv","tmdb_id":273118},{"type":"tv","tmdb_id":284814},{"type":"tv","tmdb_id":276051},{"type":"tv","tmdb_id":122781},{"type":"tv","tmdb_id":256542},{"type":"tv","tmdb_id":240382},{"type":"tv","tmdb_id":275623},{"type":"tv","tmdb_id":127366},{"type":"tv","tmdb_id":252322},{"type":"tv","tmdb_id":246093},{"type":"tv","tmdb_id":247756},{"type":"tv","tmdb_id":303257},{"type":"tv","tmdb_id":299555},{"type":"tv","tmdb_id":272937},{"type":"tv","tmdb_id":281623},{"type":"tv","tmdb_id":263139},{"type":"tv","tmdb_id":290321},{"type":"tv","tmdb_id":292994},{"type":"tv","tmdb_id":260606},{"type":"tv","tmdb_id":258912},{"type":"tv","tmdb_id":258228},{"type":"tv","tmdb_id":283543},{"type":"tv","tmdb_id":307560},{"type":"tv","tmdb_id":286255},{"type":"tv","tmdb_id":299800},{"type":"tv","tmdb_id":275388},{"type":"tv","tmdb_id":270734},{"type":"tv","tmdb_id":244321},{"type":"tv","tmdb_id":263292},{"type":"tv","tmdb_id":223326},{"type":"tv","tmdb_id":278166},{"type":"tv","tmdb_id":226749},{"type":"tv","tmdb_id":233221},{"type":"tv","tmdb_id":272467},{"type":"tv","tmdb_id":247732},{"type":"tv","tmdb_id":238084},{"type":"tv","tmdb_id":287376},{"type":"tv","tmdb_id":277815},{"type":"tv","tmdb_id":293124},{"type":"tv","tmdb_id":287010},{"type":"tv","tmdb_id":242010},{"type":"tv","tmdb_id":295016},{"type":"tv","tmdb_id":117879},{"type":"tv","tmdb_id":261834},{"type":"tv","tmdb_id":273174},{"type":"tv","tmdb_id":246026},{"type":"tv","tmdb_id":243954},{"type":"tv","tmdb_id":215401},{"type":"tv","tmdb_id":258490},{"type":"tv","tmdb_id":281607},{"type":"tv","tmdb_id":254389},{"type":"tv","tmdb_id":226103},{"type":"tv","tmdb_id":294567},{"type":"tv","tmdb_id":251608},{"type":"tv","tmdb_id":279989},{"type":"tv","tmdb_id":305996},{"type":"tv","tmdb_id":245773},{"type":"tv","tmdb_id":285310},{"type":"tv","tmdb_id":246212},{"type":"tv","tmdb_id":258256},{"type":"tv","tmdb_id":272556},{"type":"tv","tmdb_id":302723},{"type":"tv","tmdb_id":291021},{"type":"tv","tmdb_id":279345},{"type":"tv","tmdb_id":284736},{"type":"tv","tmdb_id":278154},{"type":"tv","tmdb_id":261363},{"type":"tv","tmdb_id":260605},{"type":"tv","tmdb_id":294565},{"type":"tv","tmdb_id":289485},{"type":"tv","tmdb_id":304199},{"type":"tv","tmdb_id":286691},{"type":"tv","tmdb_id":270602},{"type":"tv","tmdb_id":279413},{"type":"tv","tmdb_id":297058},{"type":"tv","tmdb_id":306855},{"type":"tv","tmdb_id":232402},{"type":"tv","tmdb_id":251705},{"type":"tv","tmdb_id":301070},{"type":"tv","tmdb_id":283689}]}