{"ts":1771170554,"year":"2018","mode":"tv","candidates":[{"type":"tv","tmdb_id":79744},{"type":"tv","tmdb_id":80240},{"type":"tv","tmdb_id":75219},{"type":"tv","tmdb_id":73586},{"type":"tv","tmdb_id":80748},{"type":"tv","tmdb_id":78191},{"type":"tv","tmdb_id":76572},{"type":"tv","tmdb_id":82728},{"type":"tv","tmdb_id":77169},{"type":"tv","tmdb_id":79593},{"type":"tv","tmdb_id":74016},{"type":"tv","tmdb_id":76669},{"type":"tv","tmdb_id":75450},{"type":"tv","tmdb_id":52645},{"type":"tv","tmdb_id":73375},{"type":"tv","tmdb_id":76331},{"type":"tv","tmdb_id":81499},{"type":"tv","tmdb_id":76773},{"type":"tv","tmdb_id":86310},{"type":"tv","tmdb_id":79242},{"type":"tv","tmdb_id":79061},{"type":"tv","tmdb_id":78648},{"type":"tv","tmdb_id":81499},{"type":"tv","tmdb_id":103147},{"type":"tv","tmdb_id":79696},{"type":"tv","tmdb_id":78501},{"type":"tv","tmdb_id":79460},{"type":"tv","tmdb_id":80350},{"type":"tv","tmdb_id":73021},{"type":"tv","tmdb_id":89364},{"type":"tv","tmdb_id":73107},{"type":"tv","tmdb_id":71663},{"type":"tv","tmdb_id":82428},{"type":"tv","tmdb_id":72750},{"type":"tv","tmdb_id":76757},{"type":"tv","tmdb_id":81665},{"type":"tv","tmdb_id":72071},{"type":"tv","tmdb_id":81144},{"type":"tv","tmdb_id":80736},{"type":"tv","tmdb_id":80550},{"type":"tv","tmdb_id":80550},{"type":"tv","tmdb_id":82684},{"type":"tv","tmdb_id":80736},{"type":"tv","tmdb_id":80559},{"type":"tv","tmdb_id":77240},{"type":"tv","tmdb_id":82739},{"type":"tv","tmdb_id":80018},{"type":"tv","tmdb_id":68421},{"type":"tv","tmdb_id":80020},{"type":"tv","tmdb_id":81502},{"type":"tv","tmdb_id":71715},{"type":"tv","tmdb_id":99466},{"type":"tv","tmdb_id":75865},{"type":"tv","tmdb_id":76075},{"type":"tv","tmdb_id":75214},{"type":"tv","tmdb_id":71116},{"type":"tv","tmdb_id":79611},{"type":"tv","tmdb_id":85047},{"type":"tv","tmdb_id":77236},{"type":"tv","tmdb_id":76231},{"type":"tv","tmdb_id":82591},{"type":"tv","tmdb_id":97199},{"type":"tv","tmdb_id":71769},{"type":"tv","tmdb_id":89491},{"type":"tv","tmdb_id":81046},{"type":"tv","tmdb_id":80587},{"type":"tv","tmdb_id":75191},{"type":"tv","tmdb_id":76121},{"type":"tv","tmdb_id":81978},{"type":"tv","tmdb_id":84982},{"type":"tv","tmdb_id":72844},{"type":"tv","tmdb_id":83612},{"type":"tv","tmdb_id":75758},{"type":"tv","tmdb_id":81769},{"type":"tv","tmdb_id":78154},{"type":"tv","tmdb_id":80079},{"type":"tv","tmdb_id":89180},{"type":"tv","tmdb_id":84619},{"type":"tv","tmdb_id":79141},{"type":"tv","tmdb_id":83639},{"type":"tv","tmdb_id":80411},{"type":"tv","tmdb_id":71340},{"type":"tv","tmdb_id":78204},{"type":"tv","tmdb_id":81329},{"type":"tv","tmdb_id":74018},{"type":"tv","tmdb_id":76949},{"type":"tv","tmdb_id":76557},{"type":"tv","tmdb_id":73411},{"type":"tv","tmdb_id":81927},{"type":"tv","tmdb_id":70453},{"type":"tv","tmdb_id":79732},{"type":"tv","tmdb_id":82822},{"type":"tv","tmdb_id":66190},{"type":"tv","tmdb_id":81114},{"type":"tv","tmdb_id":79093},{"type":"tv","tmdb_id":158036},{"type":"tv","tmdb_id":94039},{"type":"tv","tmdb_id":74387},{"type":"tv","tmdb_id":71885},{"type":"tv","tmdb_id":80743},{"type":"tv","tmdb_id":79093},{"type":"tv","tmdb_id":74387},{"type":"tv","tmdb_id":80743},{"type":"tv","tmdb_id":158036},{"type":"tv","tmdb_id":82822},{"type":"tv","tmdb_id":83708},{"type":"tv","tmdb_id":75208},{"type":"tv","tmdb_id":79746},{"type":"tv","tmdb_id":75820},{"type":"tv","tmdb_id":92661},{"type":"tv","tmdb_id":97960},{"type":"tv","tmdb_id":80213},{"type":"tv","tmdb_id":82619},{"type":"tv","tmdb_id":71737},{"type":"tv","tmdb_id":83251},{"type":"tv","tmdb_id":80018},{"type":"tv","tmdb_id":82895},{"type":"tv","tmdb_id":79166},{"type":"tv","tmdb_id":78533},{"type":"tv","tmdb_id":81026},{"type":"tv","tmdb_id":85219},{"type":"tv","tmdb_id":80335},{"type":"tv","tmdb_id":79084},{"type":"tv","tmdb_id":76719},{"type":"tv","tmdb_id":83062},{"type":"tv","tmdb_id":76880},{"type":"tv","tmdb_id":68394},{"type":"tv","tmdb_id":80729},{"type":"tv","tmdb_id":82149},{"type":"tv","tmdb_id":82861},{"type":"tv","tmdb_id":93764},{"type":"tv","tmdb_id":76148},{"type":"tv","tmdb_id":120263},{"type":"tv","tmdb_id":79818},{"type":"tv","tmdb_id":82491},{"type":"tv","tmdb_id":106121},{"type":"tv","tmdb_id":80564},{"type":"tv","tmdb_id":84234},{"type":"tv","tmdb_id":76100},{"type":"tv","tmdb_id":77947},{"type":"tv","tmdb_id":77701},{"type":"tv","tmdb_id":82670},{"type":"tv","tmdb_id":76912},{"type":"tv","tmdb_id":78254},{"type":"tv","tmdb_id":82328},{"type":"tv","tmdb_id":79330},{"type":"tv","tmdb_id":72925},{"type":"tv","tmdb_id":87247},{"type":"tv","tmdb_id":83524},{"type":"tv","tmdb_id":76506},{"type":"tv","tmdb_id":81747},{"type":"tv","tmdb_id":82809},{"type":"tv","tmdb_id":78670},{"type":"tv","tmdb_id":83936},{"type":"tv","tmdb_id":80169},{"type":"tv","tmdb_id":85213},{"type":"tv","tmdb_id":81127},{"type":"tv","tmdb_id":78473},{"type":"tv","tmdb_id":77939},{"type":"tv","tmdb_id":80307},{"type":"tv","tmdb_id":84121},{"type":"tv","tmdb_id":79070},{"type":"tv","tmdb_id":80732},{"type":"tv","tmdb_id":77493},{"type":"tv","tmdb_id":81224},{"type":"tv","tmdb_id":81500},{"type":"tv","tmdb_id":227882},{"type":"tv","tmdb_id":71146},{"type":"tv","tmdb_id":79340},{"type":"tv","tmdb_id":71766},{"type":"tv","tmdb_id":80805},{"type":"tv","tmdb_id":76866},{"type":"tv","tmdb_id":79667},{"type":"tv","tmdb_id":71115},{"type":"tv","tmdb_id":82766},{"type":"tv","tmdb_id":80713},{"type":"tv","tmdb_id":80477},{"type":"tv","tmdb_id":78471},{"type":"tv","tmdb_id":84154},{"type":"tv","tmdb_id":78102},{"type":"tv","tmdb_id":83314},{"type":"tv","tmdb_id":82879},{"type":"tv","tmdb_id":76662},{"type":"tv","tmdb_id":101604},{"type":"tv","tmdb_id":80884},{"type":"tv","tmdb_id":85338},{"type":"tv","tmdb_id":73925},{"type":"tv","tmdb_id":80563},{"type":"tv","tmdb_id":82660},{"type":"tv","tmdb_id":77485},{"type":"tv","tmdb_id":76139},{"type":"tv","tmdb_id":84105},{"type":"tv","tmdb_id":83334},{"type":"tv","tmdb_id":76887},{"type":"tv","tmdb_id":83054},{"type":"tv","tmdb_id":79434},{"type":"tv","tmdb_id":75975},{"type":"tv","tmdb_id":84007},{"type":"tv","tmdb_id":72787},{"type":"tv","tmdb_id":83181},{"type":"tv","tmdb_id":77606},{"type":"tv","tmdb_id":73607},{"type":"tv","tmdb_id":230625},{"type":"tv","tmdb_id":78649},{"type":"tv","tmdb_id":76874},{"type":"tv","tmdb_id":76059},{"type":"tv","tmdb_id":76063},{"type":"tv","tmdb_id":92365},{"type":"tv","tmdb_id":80867},{"type":"tv","tmdb_id":79514},{"type":"tv","tmdb_id":70484},{"type":"tv","tmdb_id":81049},{"type":"tv","tmdb_id":72745},{"type":"tv","tmdb_id":75666},{"type":"tv","tmdb_id":78183},{"type":"tv","tmdb_id":88069},{"type":"tv","tmdb_id":80537},{"type":"tv","tmdb_id":82199},{"type":"tv","tmdb_id":244984},{"type":"tv","tmdb_id":74267},{"type":"tv","tmdb_id":73552},{"type":"tv","tmdb_id":82700},{"type":"tv","tmdb_id":72039},{"type":"tv","tmdb_id":79026},{"type":"tv","tmdb_id":79003},{"type":"tv","tmdb_id":126565},{"type":"tv","tmdb_id":76178},{"type":"tv","tmdb_id":81187},{"type":"tv","tmdb_id":98545},{"type":"tv","tmdb_id":77778},{"type":"tv","tmdb_id":71722},{"type":"tv","tmdb_id":78479},{"type":"tv","tmdb_id":79449},{"type":"tv","tmdb_id":75944},{"type":"tv","tmdb_id":76177},{"type":"tv","tmdb_id":81133},{"type":"tv","tmdb_id":78434},{"type":"tv","tmdb_id":84380},{"type":"tv","tmdb_id":76305},{"type":"tv","tmdb_id":94855},{"type":"tv","tmdb_id":81983},{"type":"tv","tmdb_id":81667},{"type":"tv","tmdb_id":239821},{"type":"tv","tmdb_id":82823},{"type":"tv","tmdb_id":95775},{"type":"tv","tmdb_id":83031},{"type":"tv","tmdb_id":80715},{"type":"tv","tmdb_id":96117},{"type":"tv","tmdb_id":83164},{"type":"tv","tmdb_id":71181},{"type":"tv","tmdb_id":76205},{"type":"tv","tmdb_id":76125},{"type":"tv","tmdb_id":82738},{"type":"tv","tmdb_id":87809},{"type":"tv","tmdb_id":82456},{"type":"tv","tmdb_id":77588},{"type":"tv","tmdb_id":71577},{"type":"tv","tmdb_id":80229},{"type":"tv","tmdb_id":74140},{"type":"tv","tmdb_id":78508},{"type":"tv","tmdb_id":78483},{"type":"tv","tmdb_id":78385},{"type":"tv","tmdb_id":195022},{"type":"tv","tmdb_id":6093},{"type":"tv","tmdb_id":80455},{"type":"tv","tmdb_id":84435},{"type":"tv","tmdb_id":78457},{"type":"tv","tmdb_id":76922},{"type":"tv","tmdb_id":85536},{"type":"tv","tmdb_id":74802},{"type":"tv","tmdb_id":81290},{"type":"tv","tmdb_id":79723},{"type":"tv","tmdb_id":81074},{"type":"tv","tmdb_id":79357},{"type":"tv","tmdb_id":89099},{"type":"tv","tmdb_id":78869},{"type":"tv","tmdb_id":76123},{"type":"tv","tmdb_id":80925},{"type":"tv","tmdb_id":72743},{"type":"tv","tmdb_id":75775},{"type":"tv","tmdb_id":77410},{"type":"tv","tmdb_id":281634},{"type":"tv","tmdb_id":77721},{"type":"tv","tmdb_id":116042},{"type":"tv","tmdb_id":81959},{"type":"tv","tmdb_id":89092},{"type":"tv","tmdb_id":75777},{"type":"tv","tmdb_id":76284},{"type":"tv","tmdb_id":76128},{"type":"tv","tmdb_id":80825},{"type":"tv","tmdb_id":78086},{"type":"tv","tmdb_id":84969},{"type":"tv","tmdb_id":82209},{"type":"tv","tmdb_id":79273},{"type":"tv","tmdb_id":78701},{"type":"tv","tmdb_id":82747},{"type":"tv","tmdb_id":102964},{"type":"tv","tmdb_id":80504},{"type":"tv","tmdb_id":79352},{"type":"tv","tmdb_id":102632},{"type":"tv","tmdb_id":78122},{"type":"tv","tmdb_id":83119},{"type":"tv","tmdb_id":82953},{"type":"tv","tmdb_id":76138},{"type":"tv","tmdb_id":77722},{"type":"tv","tmdb_id":79574},{"type":"tv","tmdb_id":79024},{"type":"tv","tmdb_id":82867},{"type":"tv","tmdb_id":79201},{"type":"tv","tmdb_id":77341},{"type":"tv","tmdb_id":81105},{"type":"tv","tmdb_id":79069},{"type":"tv","tmdb_id":71383},{"type":"tv","tmdb_id":76134},{"type":"tv","tmdb_id":77791},{"type":"tv","tmdb_id":83558},{"type":"tv","tmdb_id":203942},{"type":"tv","tmdb_id":82424},{"type":"tv","tmdb_id":83941},{"type":"tv","tmdb_id":75782},{"type":"tv","tmdb_id":79063},{"type":"tv","tmdb_id":75797},{"type":"tv","tmdb_id":101201},{"type":"tv","tmdb_id":126332},{"type":"tv","tmdb_id":81016},{"type":"tv","tmdb_id":77026},{"type":"tv","tmdb_id":76438},{"type":"tv","tmdb_id":83767},{"type":"tv","tmdb_id":82032},{"type":"tv","tmdb_id":82357},{"type":"tv","tmdb_id":80826},{"type":"tv","tmdb_id":76122},{"type":"tv","tmdb_id":78462},{"type":"tv","tmdb_id":76300},{"type":"tv","tmdb_id":76141},{"type":"tv","tmdb_id":80539},{"type":"tv","tmdb_id":85015},{"type":"tv","tmdb_id":76099},{"type":"tv","tmdb_id":82516},{"type":"tv","tmdb_id":76821},{"type":"tv","tmdb_id":80562},{"type":"tv","tmdb_id":204750},{"type":"tv","tmdb_id":83755},{"type":"tv","tmdb_id":76062},{"type":"tv","tmdb_id":80665},{"type":"tv","tmdb_id":75804},{"type":"tv","tmdb_id":81345},{"type":"tv","tmdb_id":78476},{"type":"tv","tmdb_id":75379},{"type":"tv","tmdb_id":107974},{"type":"tv","tmdb_id":72548},{"type":"tv","tmdb_id":86969},{"type":"tv","tmdb_id":76409},{"type":"tv","tmdb_id":75701},{"type":"tv","tmdb_id":224527},{"type":"tv","tmdb_id":80475},{"type":"tv","tmdb_id":84542},{"type":"tv","tmdb_id":261927},{"type":"tv","tmdb_id":75864},{"type":"tv","tmdb_id":82859},{"type":"tv","tmdb_id":80741},{"type":"tv","tmdb_id":80585},{"type":"tv","tmdb_id":76307},{"type":"tv","tmdb_id":80056},{"type":"tv","tmdb_id":249590},{"type":"tv","tmdb_id":76796},{"type":"tv","tmdb_id":100726},{"type":"tv","tmdb_id":82743},{"type":"tv","tmdb_id":76467},{"type":"tv","tmdb_id":77702},{"type":"tv","tmdb_id":83381},{"type":"tv","tmdb_id":78798},{"type":"tv","tmdb_id":86961},{"type":"tv","tmdb_id":129876},{"type":"tv","tmdb_id":80662},{"type":"tv","tmdb_id":77529},{"type":"tv","tmdb_id":76948},{"type":"tv","tmdb_id":221523},{"type":"tv","tmdb_id":83019},{"type":"tv","tmdb_id":78484},{"type":"tv","tmdb_id":82549},{"type":"tv","tmdb_id":87338},{"type":"tv","tmdb_id":72532},{"type":"tv","tmdb_id":37158},{"type":"tv","tmdb_id":83217},{"type":"tv","tmdb_id":78459},{"type":"tv","tmdb_id":198205},{"type":"tv","tmdb_id":82063},{"type":"tv","tmdb_id":70721},{"type":"tv","tmdb_id":80846},{"type":"tv","tmdb_id":67657},{"type":"tv","tmdb_id":79053},{"type":"tv","tmdb_id":78081},{"type":"tv","tmdb_id":81991},{"type":"tv","tmdb_id":74159},{"type":"tv","tmdb_id":76201},{"type":"tv","tmdb_id":83634},{"type":"tv","tmdb_id":92246},{"type":"tv","tmdb_id":79289},{"type":"tv","tmdb_id":75789},{"type":"tv","tmdb_id":83073},{"type":"tv","tmdb_id":78482},{"type":"tv","tmdb_id":75863},{"type":"tv","tmdb_id":80959},{"type":"tv","tmdb_id":82791},{"type":"tv","tmdb_id":78941},{"type":"tv","tmdb_id":79421},{"type":"tv","tmdb_id":196695},{"type":"tv","tmdb_id":84327},{"type":"tv","tmdb_id":93255},{"type":"tv","tmdb_id":79787},{"type":"tv","tmdb_id":127881},{"type":"tv","tmdb_id":196747},{"type":"tv","tmdb_id":84817},{"type":"tv","tmdb_id":81829},{"type":"tv","tmdb_id":82237},{"type":"tv","tmdb_id":84011},{"type":"tv","tmdb_id":82161},{"type":"tv","tmdb_id":77607},{"type":"tv","tmdb_id":97170},{"type":"tv","tmdb_id":119264},{"type":"tv","tmdb_id":81686},{"type":"tv","tmdb_id":84464},{"type":"tv","tmdb_id":82951},{"type":"tv","tmdb_id":77652},{"type":"tv","tmdb_id":74430},{"type":"tv","tmdb_id":79792},{"type":"tv","tmdb_id":81772},{"type":"tv","tmdb_id":77826},{"type":"tv","tmdb_id":82298},{"type":"tv","tmdb_id":80463},{"type":"tv","tmdb_id":82692},{"type":"tv","tmdb_id":78326},{"type":"tv","tmdb_id":83451},{"type":"tv","tmdb_id":84315},{"type":"tv","tmdb_id":77271},{"type":"tv","tmdb_id":128963},{"type":"tv","tmdb_id":80435},{"type":"tv","tmdb_id":77032},{"type":"tv","tmdb_id":81183},{"type":"tv","tmdb_id":72792},{"type":"tv","tmdb_id":85063},{"type":"tv","tmdb_id":79102},{"type":"tv","tmdb_id":76892},{"type":"tv","tmdb_id":100064},{"type":"tv","tmdb_id":247798},{"type":"tv","tmdb_id":83118},{"type":"tv","tmdb_id":76747},{"type":"tv","tmdb_id":79013},{"type":"tv","tmdb_id":81007},{"type":"tv","tmdb_id":83295},{"type":"tv","tmdb_id":88643},{"type":"tv","tmdb_id":79384},{"type":"tv","tmdb_id":79207},{"type":"tv","tmdb_id":78881},{"type":"tv","tmdb_id":86121},{"type":"tv","tmdb_id":241462},{"type":"tv","tmdb_id":78295},{"type":"tv","tmdb_id":80560},{"type":"tv","tmdb_id":85422},{"type":"tv","tmdb_id":77698},{"type":"tv","tmdb_id":76126},{"type":"tv","tmdb_id":84737},{"type":"tv","tmdb_id":87466},{"type":"tv","tmdb_id":127475},{"type":"tv","tmdb_id":78058},{"type":"tv","tmdb_id":80730},{"type":"tv","tmdb_id":78969},{"type":"tv","tmdb_id":158428},{"type":"tv","tmdb_id":83216},{"type":"tv","tmdb_id":80834},{"type":"tv","tmdb_id":80448},{"type":"tv","tmdb_id":75506},{"type":"tv","tmdb_id":75776},{"type":"tv","tmdb_id":71736},{"type":"tv","tmdb_id":89095},{"type":"tv","tmdb_id":73182},{"type":"tv","tmdb_id":77367},{"type":"tv","tmdb_id":93362},{"type":"tv","tmdb_id":80546},{"type":"tv","tmdb_id":83379},{"type":"tv","tmdb_id":79243},{"type":"tv","tmdb_id":79012},{"type":"tv","tmdb_id":72977},{"type":"tv","tmdb_id":81821},{"type":"tv","tmdb_id":75540},{"type":"tv","tmdb_id":78797},{"type":"tv","tmdb_id":80462},{"type":"tv","tmdb_id":84646},{"type":"tv","tmdb_id":80341},{"type":"tv","tmdb_id":84052},{"type":"tv","tmdb_id":76076},{"type":"tv","tmdb_id":76131},{"type":"tv","tmdb_id":81494},{"type":"tv","tmdb_id":77283},{"type":"tv","tmdb_id":83494},{"type":"tv","tmdb_id":78685},{"type":"tv","tmdb_id":80561},{"type":"tv","tmdb_id":80653},{"type":"tv","tmdb_id":71884},{"type":"tv","tmdb_id":290309},{"type":"tv","tmdb_id":77601},{"type":"tv","tmdb_id":71764},{"type":"tv","tmdb_id":157684},{"type":"tv","tmdb_id":85201},{"type":"tv","tmdb_id":85226},{"type":"tv","tmdb_id":76758},{"type":"tv","tmdb_id":78485},{"type":"tv","tmdb_id":81496},{"type":"tv","tmdb_id":76652},{"type":"tv","tmdb_id":83072},{"type":"tv","tmdb_id":78464},{"type":"tv","tmdb_id":105472},{"type":"tv","tmdb_id":82369},{"type":"tv","tmdb_id":83109},{"type":"tv","tmdb_id":81222},{"type":"tv","tmdb_id":76754},{"type":"tv","tmdb_id":79008},{"type":"tv","tmdb_id":83435},{"type":"tv","tmdb_id":157770},{"type":"tv","tmdb_id":76819},{"type":"tv","tmdb_id":254848},{"type":"tv","tmdb_id":78570},{"type":"tv","tmdb_id":82193},{"type":"tv","tmdb_id":85105},{"type":"tv","tmdb_id":79251},{"type":"tv","tmdb_id":76526},{"type":"tv","tmdb_id":76566},{"type":"tv","tmdb_id":81337},{"type":"tv","tmdb_id":88179},{"type":"tv","tmdb_id":95997},{"type":"tv","tmdb_id":78239},{"type":"tv","tmdb_id":81317},{"type":"tv","tmdb_id":83859},{"type":"tv","tmdb_id":81957},{"type":"tv","tmdb_id":76127},{"type":"tv","tmdb_id":82770},{"type":"tv","tmdb_id":78756},{"type":"tv","tmdb_id":72613},{"type":"tv","tmdb_id":81211},{"type":"tv","tmdb_id":78451},{"type":"tv","tmdb_id":78461},{"type":"tv","tmdb_id":80459},{"type":"tv","tmdb_id":77974},{"type":"tv","tmdb_id":81297},{"type":"tv","tmdb_id":79408},{"type":"tv","tmdb_id":81822},{"type":"tv","tmdb_id":77548},{"type":"tv","tmdb_id":87687},{"type":"tv","tmdb_id":307390},{"type":"tv","tmdb_id":85000},{"type":"tv","tmdb_id":78796},{"type":"tv","tmdb_id":78834},{"type":"tv","tmdb_id":126979},{"type":"tv","tmdb_id":236621},{"type":"tv","tmdb_id":118602},{"type":"tv","tmdb_id":84111},{"type":"tv","tmdb_id":76124},{"type":"tv","tmdb_id":82875},{"type":"tv","tmdb_id":106377},{"type":"tv","tmdb_id":84107},{"type":"tv","tmdb_id":77623},{"type":"tv","tmdb_id":79808},{"type":"tv","tmdb_id":75778},{"type":"tv","tmdb_id":83022},{"type":"tv","tmdb_id":81372},{"type":"tv","tmdb_id":77723},{"type":"tv","tmdb_id":82736},{"type":"tv","tmdb_id":78370},{"type":"tv","tmdb_id":83002},{"type":"tv","tmdb_id":83836},{"type":"tv","tmdb_id":82567},{"type":"tv","tmdb_id":78580},{"type":"tv","tmdb_id":82865},{"type":"tv","tmdb_id":76977},{"type":"tv","tmdb_id":117717},{"type":"tv","tmdb_id":80308},{"type":"tv","tmdb_id":72747},{"type":"tv","tmdb_id":83833},{"type":"tv","tmdb_id":80737},{"type":"tv","tmdb_id":81098},{"type":"tv","tmdb_id":77076},{"type":"tv","tmdb_id":79238},{"type":"tv","tmdb_id":76582},{"type":"tv","tmdb_id":76179},{"type":"tv","tmdb_id":77729},{"type":"tv","tmdb_id":79991},{"type":"tv","tmdb_id":79928},{"type":"tv","tmdb_id":77709},{"type":"tv","tmdb_id":82046},{"type":"tv","tmdb_id":99711},{"type":"tv","tmdb_id":82444},{"type":"tv","tmdb_id":82795},{"type":"tv","tmdb_id":82585},{"type":"tv","tmdb_id":79347},{"type":"tv","tmdb_id":80823},{"type":"tv","tmdb_id":89387},{"type":"tv","tmdb_id":72983},{"type":"tv","tmdb_id":114674},{"type":"tv","tmdb_id":83165}]}