{"ts":1771207315,"year":"2003","mode":"all","candidates":[{"type":"movie","tmdb_id":122},{"type":"movie","tmdb_id":22},{"type":"movie","tmdb_id":12},{"type":"movie","tmdb_id":670},{"type":"movie","tmdb_id":24},{"type":"movie","tmdb_id":604},{"type":"movie","tmdb_id":1927},{"type":"movie","tmdb_id":605},{"type":"movie","tmdb_id":11635},{"type":"movie","tmdb_id":9902},{"type":"movie","tmdb_id":296},{"type":"movie","tmdb_id":616},{"type":"movie","tmdb_id":10009},{"type":"movie","tmdb_id":310},{"type":"movie","tmdb_id":508},{"type":"movie","tmdb_id":6466},{"type":"movie","tmdb_id":11423},{"type":"movie","tmdb_id":9358},{"type":"movie","tmdb_id":322},{"type":"movie","tmdb_id":10028},{"type":"movie","tmdb_id":277},{"type":"movie","tmdb_id":4256},{"type":"movie","tmdb_id":2832},{"type":"movie","tmdb_id":9654},{"type":"movie","tmdb_id":9480},{"type":"movie","tmdb_id":1584},{"type":"movie","tmdb_id":587},{"type":"movie","tmdb_id":5653},{"type":"movie","tmdb_id":9919},{"type":"movie","tmdb_id":10330},{"type":"movie","tmdb_id":8961},{"type":"movie","tmdb_id":2116},{"type":"movie","tmdb_id":9373},{"type":"movie","tmdb_id":21542},{"type":"movie","tmdb_id":153},{"type":"movie","tmdb_id":13920},{"type":"movie","tmdb_id":55179},{"type":"movie","tmdb_id":14310},{"type":"movie","tmdb_id":8273},{"type":"movie","tmdb_id":10629},{"type":"movie","tmdb_id":9567},{"type":"movie","tmdb_id":7288},{"type":"movie","tmdb_id":111485},{"type":"movie","tmdb_id":55534},{"type":"movie","tmdb_id":168760},{"type":"movie","tmdb_id":52036},{"type":"movie","tmdb_id":36911},{"type":"movie","tmdb_id":10719},{"type":"movie","tmdb_id":410685},{"type":"movie","tmdb_id":11023},{"type":"movie","tmdb_id":746112},{"type":"movie","tmdb_id":20164},{"type":"movie","tmdb_id":8698},{"type":"movie","tmdb_id":558422},{"type":"movie","tmdb_id":9471},{"type":"movie","tmdb_id":27090},{"type":"movie","tmdb_id":10226},{"type":"movie","tmdb_id":14576},{"type":"movie","tmdb_id":44881},{"type":"movie","tmdb_id":55931},{"type":"movie","tmdb_id":7229},{"type":"movie","tmdb_id":10588},{"type":"movie","tmdb_id":20210},{"type":"movie","tmdb_id":61492},{"type":"movie","tmdb_id":9316},{"type":"movie","tmdb_id":112039},{"type":"movie","tmdb_id":59212},{"type":"movie","tmdb_id":29556},{"type":"movie","tmdb_id":250102},{"type":"movie","tmdb_id":9616},{"type":"movie","tmdb_id":10544},{"type":"movie","tmdb_id":12090},{"type":"movie","tmdb_id":33308},{"type":"movie","tmdb_id":54390},{"type":"movie","tmdb_id":8619},{"type":"movie","tmdb_id":36484},{"type":"movie","tmdb_id":10327},{"type":"movie","tmdb_id":669858},{"type":"movie","tmdb_id":9562},{"type":"movie","tmdb_id":20375},{"type":"movie","tmdb_id":25426},{"type":"movie","tmdb_id":58912},{"type":"movie","tmdb_id":1278},{"type":"movie","tmdb_id":11007},{"type":"movie","tmdb_id":273223},{"type":"movie","tmdb_id":2289},{"type":"movie","tmdb_id":14411},{"type":"movie","tmdb_id":11351},{"type":"movie","tmdb_id":7270},{"type":"movie","tmdb_id":543955},{"type":"movie","tmdb_id":117086},{"type":"movie","tmdb_id":58813},{"type":"movie","tmdb_id":18941},{"type":"movie","tmdb_id":761820},{"type":"movie","tmdb_id":12279},{"type":"movie","tmdb_id":21765},{"type":"movie","tmdb_id":9620},{"type":"movie","tmdb_id":10623},{"type":"movie","tmdb_id":8440},{"type":"movie","tmdb_id":18461},{"type":"movie","tmdb_id":10601},{"type":"movie","tmdb_id":6171},{"type":"movie","tmdb_id":235107},{"type":"movie","tmdb_id":121754},{"type":"movie","tmdb_id":1428},{"type":"movie","tmdb_id":9341},{"type":"movie","tmdb_id":359768},{"type":"movie","tmdb_id":34036},{"type":"movie","tmdb_id":22623},{"type":"movie","tmdb_id":11019},{"type":"movie","tmdb_id":949252},{"type":"movie","tmdb_id":49886},{"type":"movie","tmdb_id":1243063},{"type":"movie","tmdb_id":15394},{"type":"movie","tmdb_id":126003},{"type":"movie","tmdb_id":10735},{"type":"movie","tmdb_id":48244},{"type":"movie","tmdb_id":48391},{"type":"movie","tmdb_id":568629},{"type":"movie","tmdb_id":13654},{"type":"movie","tmdb_id":4613},{"type":"movie","tmdb_id":8326},{"type":"movie","tmdb_id":1415},{"type":"movie","tmdb_id":34606},{"type":"movie","tmdb_id":27468},{"type":"movie","tmdb_id":30246},{"type":"movie","tmdb_id":32235},{"type":"movie","tmdb_id":329518},{"type":"movie","tmdb_id":302},{"type":"movie","tmdb_id":46025},{"type":"movie","tmdb_id":1088},{"type":"movie","tmdb_id":321},{"type":"movie","tmdb_id":10159},{"type":"movie","tmdb_id":244540},{"type":"movie","tmdb_id":31956},{"type":"movie","tmdb_id":36122},{"type":"movie","tmdb_id":553},{"type":"movie","tmdb_id":14942},{"type":"movie","tmdb_id":14759},{"type":"movie","tmdb_id":693356},{"type":"movie","tmdb_id":69661},{"type":"movie","tmdb_id":9256},{"type":"movie","tmdb_id":78630},{"type":"movie","tmdb_id":68929},{"type":"movie","tmdb_id":9486},{"type":"movie","tmdb_id":33339},{"type":"movie","tmdb_id":1513797},{"type":"movie","tmdb_id":67809},{"type":"movie","tmdb_id":45288},{"type":"movie","tmdb_id":12079},{"type":"movie","tmdb_id":654937},{"type":"movie","tmdb_id":73886},{"type":"movie","tmdb_id":102533},{"type":"movie","tmdb_id":15443},{"type":"movie","tmdb_id":433447},{"type":"movie","tmdb_id":437313},{"type":"movie","tmdb_id":71920},{"type":"movie","tmdb_id":14873},{"type":"movie","tmdb_id":71769},{"type":"movie","tmdb_id":168647},{"type":"movie","tmdb_id":340145},{"type":"movie","tmdb_id":151733},{"type":"movie","tmdb_id":729248},{"type":"movie","tmdb_id":69299},{"type":"movie","tmdb_id":2662},{"type":"movie","tmdb_id":353045},{"type":"movie","tmdb_id":48598},{"type":"movie","tmdb_id":1082173},{"type":"movie","tmdb_id":10923},{"type":"movie","tmdb_id":1162768},{"type":"movie","tmdb_id":104161},{"type":"movie","tmdb_id":4552},{"type":"movie","tmdb_id":6964},{"type":"movie","tmdb_id":4326},{"type":"movie","tmdb_id":481406},{"type":"movie","tmdb_id":55496},{"type":"movie","tmdb_id":17473},{"type":"movie","tmdb_id":39198},{"type":"movie","tmdb_id":498563},{"type":"movie","tmdb_id":128866},{"type":"movie","tmdb_id":504},{"type":"movie","tmdb_id":446},{"type":"movie","tmdb_id":153104},{"type":"movie","tmdb_id":24950},{"type":"movie","tmdb_id":40432},{"type":"movie","tmdb_id":97888},{"type":"movie","tmdb_id":230840},{"type":"movie","tmdb_id":99953},{"type":"movie","tmdb_id":531688},{"type":"movie","tmdb_id":60003},{"type":"movie","tmdb_id":73237},{"type":"movie","tmdb_id":27079},{"type":"movie","tmdb_id":9506},{"type":"movie","tmdb_id":401465},{"type":"movie","tmdb_id":376472},{"type":"movie","tmdb_id":176122},{"type":"movie","tmdb_id":45767},{"type":"movie","tmdb_id":14926},{"type":"movie","tmdb_id":8965},{"type":"movie","tmdb_id":506275},{"type":"movie","tmdb_id":348152},{"type":"movie","tmdb_id":50476},{"type":"movie","tmdb_id":1121140},{"type":"movie","tmdb_id":163220},{"type":"movie","tmdb_id":38209},{"type":"movie","tmdb_id":10708},{"type":"movie","tmdb_id":387728},{"type":"movie","tmdb_id":39202},{"type":"movie","tmdb_id":11078},{"type":"movie","tmdb_id":1509441},{"type":"movie","tmdb_id":281394},{"type":"movie","tmdb_id":61043},{"type":"movie","tmdb_id":69630},{"type":"movie","tmdb_id":2577},{"type":"movie","tmdb_id":9257},{"type":"movie","tmdb_id":80516},{"type":"movie","tmdb_id":380001},{"type":"movie","tmdb_id":10147},{"type":"movie","tmdb_id":60582},{"type":"movie","tmdb_id":178516},{"type":"movie","tmdb_id":254947},{"type":"movie","tmdb_id":48585},{"type":"movie","tmdb_id":73256},{"type":"movie","tmdb_id":277181},{"type":"movie","tmdb_id":462944},{"type":"movie","tmdb_id":677925},{"type":"movie","tmdb_id":12768},{"type":"movie","tmdb_id":10782},{"type":"movie","tmdb_id":95140},{"type":"movie","tmdb_id":425886},{"type":"movie","tmdb_id":15016},{"type":"movie","tmdb_id":852201},{"type":"movie","tmdb_id":4970},{"type":"movie","tmdb_id":1435},{"type":"movie","tmdb_id":1323407},{"type":"movie","tmdb_id":59842},{"type":"movie","tmdb_id":10715},{"type":"movie","tmdb_id":288922},{"type":"movie","tmdb_id":67236},{"type":"movie","tmdb_id":169352},{"type":"movie","tmdb_id":346640},{"type":"movie","tmdb_id":6236},{"type":"movie","tmdb_id":309667},{"type":"movie","tmdb_id":287822},{"type":"movie","tmdb_id":71579},{"type":"movie","tmdb_id":581092},{"type":"movie","tmdb_id":532960},{"type":"movie","tmdb_id":266742},{"type":"movie","tmdb_id":342606},{"type":"movie","tmdb_id":2334},{"type":"movie","tmdb_id":11647},{"type":"movie","tmdb_id":1127917},{"type":"movie","tmdb_id":15603},{"type":"movie","tmdb_id":112857},{"type":"movie","tmdb_id":303792},{"type":"movie","tmdb_id":11615},{"type":"movie","tmdb_id":470},{"type":"movie","tmdb_id":762949},{"type":"movie","tmdb_id":51176},{"type":"movie","tmdb_id":69415},{"type":"movie","tmdb_id":311459},{"type":"movie","tmdb_id":348835},{"type":"movie","tmdb_id":705156},{"type":"movie","tmdb_id":246862},{"type":"movie","tmdb_id":168512},{"type":"movie","tmdb_id":1508089},{"type":"movie","tmdb_id":62959},{"type":"movie","tmdb_id":311343},{"type":"movie","tmdb_id":13607},{"type":"movie","tmdb_id":283094},{"type":"movie","tmdb_id":1093992},{"type":"movie","tmdb_id":62991},{"type":"movie","tmdb_id":757449},{"type":"movie","tmdb_id":82040},{"type":"movie","tmdb_id":21683},{"type":"movie","tmdb_id":10610},{"type":"movie","tmdb_id":292593},{"type":"movie","tmdb_id":10572},{"type":"movie","tmdb_id":13156},{"type":"movie","tmdb_id":31069},{"type":"movie","tmdb_id":1133655},{"type":"movie","tmdb_id":325548},{"type":"movie","tmdb_id":352888},{"type":"movie","tmdb_id":59210},{"type":"movie","tmdb_id":411068},{"type":"movie","tmdb_id":1225654},{"type":"movie","tmdb_id":4464},{"type":"movie","tmdb_id":1996},{"type":"movie","tmdb_id":45862},{"type":"movie","tmdb_id":2055},{"type":"movie","tmdb_id":13537},{"type":"movie","tmdb_id":306466},{"type":"movie","tmdb_id":44472},{"type":"movie","tmdb_id":1087188},{"type":"movie","tmdb_id":76656},{"type":"movie","tmdb_id":218669},{"type":"movie","tmdb_id":604306},{"type":"movie","tmdb_id":28385},{"type":"movie","tmdb_id":78954},{"type":"movie","tmdb_id":247029},{"type":"movie","tmdb_id":459898},{"type":"movie","tmdb_id":854464},{"type":"movie","tmdb_id":199765},{"type":"movie","tmdb_id":15567},{"type":"movie","tmdb_id":34737},{"type":"movie","tmdb_id":955736},{"type":"movie","tmdb_id":7090},{"type":"movie","tmdb_id":13433},{"type":"movie","tmdb_id":11189},{"type":"movie","tmdb_id":69059},{"type":"movie","tmdb_id":1268766},{"type":"movie","tmdb_id":67758},{"type":"movie","tmdb_id":352892},{"type":"movie","tmdb_id":40520},{"type":"movie","tmdb_id":936170},{"type":"movie","tmdb_id":11820},{"type":"movie","tmdb_id":10756},{"type":"movie","tmdb_id":185347},{"type":"movie","tmdb_id":11547},{"type":"movie","tmdb_id":1352689},{"type":"movie","tmdb_id":784408},{"type":"movie","tmdb_id":145594},{"type":"movie","tmdb_id":10632},{"type":"movie","tmdb_id":21289},{"type":"movie","tmdb_id":1167846},{"type":"movie","tmdb_id":261608},{"type":"movie","tmdb_id":6038},{"type":"movie","tmdb_id":305685},{"type":"movie","tmdb_id":36401},{"type":"movie","tmdb_id":550301},{"type":"movie","tmdb_id":5591},{"type":"movie","tmdb_id":11775},{"type":"movie","tmdb_id":11329},{"type":"movie","tmdb_id":68374},{"type":"movie","tmdb_id":176223},{"type":"movie","tmdb_id":723244},{"type":"movie","tmdb_id":539532},{"type":"movie","tmdb_id":25536},{"type":"movie","tmdb_id":89511},{"type":"movie","tmdb_id":37791},{"type":"movie","tmdb_id":676338},{"type":"movie","tmdb_id":1155701},{"type":"movie","tmdb_id":11817},{"type":"movie","tmdb_id":109563},{"type":"movie","tmdb_id":10628},{"type":"movie","tmdb_id":25665},{"type":"movie","tmdb_id":218611},{"type":"movie","tmdb_id":708902},{"type":"movie","tmdb_id":10934},{"type":"movie","tmdb_id":308237},{"type":"movie","tmdb_id":645288},{"type":"movie","tmdb_id":14190},{"type":"movie","tmdb_id":20222},{"type":"movie","tmdb_id":1359152},{"type":"movie","tmdb_id":127831},{"type":"movie","tmdb_id":708839},{"type":"movie","tmdb_id":631273},{"type":"movie","tmdb_id":1275934},{"type":"movie","tmdb_id":61570},{"type":"movie","tmdb_id":61652},{"type":"movie","tmdb_id":124248},{"type":"movie","tmdb_id":12696},{"type":"movie","tmdb_id":33598},{"type":"movie","tmdb_id":16250},{"type":"movie","tmdb_id":415224},{"type":"movie","tmdb_id":15824},{"type":"movie","tmdb_id":2358},{"type":"movie","tmdb_id":1346588},{"type":"movie","tmdb_id":467219},{"type":"movie","tmdb_id":323336},{"type":"movie","tmdb_id":126950},{"type":"movie","tmdb_id":436040},{"type":"movie","tmdb_id":228991},{"type":"movie","tmdb_id":19766},{"type":"movie","tmdb_id":41757},{"type":"movie","tmdb_id":9662},{"type":"movie","tmdb_id":41885},{"type":"movie","tmdb_id":835562},{"type":"movie","tmdb_id":1054852},{"type":"movie","tmdb_id":98309},{"type":"movie","tmdb_id":328875},{"type":"movie","tmdb_id":1133666},{"type":"movie","tmdb_id":4997},{"type":"movie","tmdb_id":13398},{"type":"movie","tmdb_id":942509},{"type":"movie","tmdb_id":416671},{"type":"movie","tmdb_id":95993},{"type":"movie","tmdb_id":220590},{"type":"movie","tmdb_id":303042},{"type":"movie","tmdb_id":271124},{"type":"movie","tmdb_id":525491},{"type":"movie","tmdb_id":406310},{"type":"movie","tmdb_id":25988},{"type":"movie","tmdb_id":1456447},{"type":"movie","tmdb_id":1535170},{"type":"movie","tmdb_id":158428},{"type":"movie","tmdb_id":89472},{"type":"movie","tmdb_id":1469926},{"type":"movie","tmdb_id":19277},{"type":"movie","tmdb_id":20791},{"type":"movie","tmdb_id":2056},{"type":"movie","tmdb_id":162336},{"type":"movie","tmdb_id":8991},{"type":"movie","tmdb_id":687716},{"type":"movie","tmdb_id":979988},{"type":"movie","tmdb_id":30349},{"type":"movie","tmdb_id":1549019},{"type":"movie","tmdb_id":1647},{"type":"movie","tmdb_id":96125},{"type":"movie","tmdb_id":295650},{"type":"movie","tmdb_id":200388},{"type":"movie","tmdb_id":1228142},{"type":"movie","tmdb_id":155562},{"type":"movie","tmdb_id":18538},{"type":"movie","tmdb_id":27562},{"type":"movie","tmdb_id":44727},{"type":"movie","tmdb_id":401883},{"type":"movie","tmdb_id":948823},{"type":"movie","tmdb_id":450678},{"type":"movie","tmdb_id":214691},{"type":"movie","tmdb_id":496356},{"type":"movie","tmdb_id":18736},{"type":"movie","tmdb_id":573954},{"type":"movie","tmdb_id":130715},{"type":"movie","tmdb_id":338},{"type":"movie","tmdb_id":40669},{"type":"movie","tmdb_id":10944},{"type":"movie","tmdb_id":1156958},{"type":"movie","tmdb_id":1481167},{"type":"movie","tmdb_id":376226},{"type":"movie","tmdb_id":12146},{"type":"movie","tmdb_id":279681},{"type":"movie","tmdb_id":1166198},{"type":"movie","tmdb_id":325596},{"type":"movie","tmdb_id":13691},{"type":"movie","tmdb_id":499117},{"type":"movie","tmdb_id":520833},{"type":"movie","tmdb_id":155761},{"type":"movie","tmdb_id":430658},{"type":"movie","tmdb_id":621164},{"type":"movie","tmdb_id":815693},{"type":"movie","tmdb_id":1817},{"type":"movie","tmdb_id":1255591},{"type":"movie","tmdb_id":353530},{"type":"movie","tmdb_id":17684},{"type":"movie","tmdb_id":328368},{"type":"movie","tmdb_id":113},{"type":"movie","tmdb_id":11197},{"type":"movie","tmdb_id":145327},{"type":"movie","tmdb_id":594204},{"type":"movie","tmdb_id":27474},{"type":"movie","tmdb_id":260539},{"type":"movie","tmdb_id":995838},{"type":"movie","tmdb_id":246224},{"type":"movie","tmdb_id":51707},{"type":"movie","tmdb_id":401781},{"type":"movie","tmdb_id":271604},{"type":"movie","tmdb_id":246},{"type":"movie","tmdb_id":1273999},{"type":"movie","tmdb_id":8409},{"type":"movie","tmdb_id":12253},{"type":"movie","tmdb_id":46288},{"type":"movie","tmdb_id":107652},{"type":"movie","tmdb_id":807633},{"type":"movie","tmdb_id":53891},{"type":"movie","tmdb_id":460694},{"type":"movie","tmdb_id":12703},{"type":"movie","tmdb_id":347563},{"type":"movie","tmdb_id":317748},{"type":"movie","tmdb_id":16941},{"type":"movie","tmdb_id":163985},{"type":"movie","tmdb_id":321985},{"type":"movie","tmdb_id":497661},{"type":"movie","tmdb_id":4254},{"type":"movie","tmdb_id":117003},{"type":"movie","tmdb_id":1792},{"type":"movie","tmdb_id":11166},{"type":"movie","tmdb_id":1210551},{"type":"movie","tmdb_id":73571},{"type":"movie","tmdb_id":211746},{"type":"movie","tmdb_id":38018},{"type":"movie","tmdb_id":12728},{"type":"movie","tmdb_id":44880},{"type":"movie","tmdb_id":328326},{"type":"movie","tmdb_id":58387},{"type":"movie","tmdb_id":503936},{"type":"movie","tmdb_id":20694},{"type":"movie","tmdb_id":29738},{"type":"movie","tmdb_id":22309},{"type":"movie","tmdb_id":383753},{"type":"movie","tmdb_id":1022263},{"type":"movie","tmdb_id":690643},{"type":"movie","tmdb_id":270158},{"type":"movie","tmdb_id":398788},{"type":"movie","tmdb_id":273066},{"type":"movie","tmdb_id":13411},{"type":"movie","tmdb_id":13370},{"type":"movie","tmdb_id":421693},{"type":"movie","tmdb_id":59122},{"type":"movie","tmdb_id":300170},{"type":"movie","tmdb_id":903967},{"type":"movie","tmdb_id":219808},{"type":"movie","tmdb_id":13630},{"type":"movie","tmdb_id":1807},{"type":"movie","tmdb_id":393642},{"type":"movie","tmdb_id":880822},{"type":"movie","tmdb_id":22082},{"type":"movie","tmdb_id":1302384},{"type":"movie","tmdb_id":591776},{"type":"movie","tmdb_id":164797},{"type":"movie","tmdb_id":71319},{"type":"movie","tmdb_id":439232},{"type":"movie","tmdb_id":286432},{"type":"movie","tmdb_id":18248},{"type":"movie","tmdb_id":1197838},{"type":"movie","tmdb_id":330258},{"type":"movie","tmdb_id":309557},{"type":"movie","tmdb_id":975567},{"type":"movie","tmdb_id":222955},{"type":"movie","tmdb_id":98613},{"type":"movie","tmdb_id":20},{"type":"movie","tmdb_id":16072},{"type":"movie","tmdb_id":85580},{"type":"movie","tmdb_id":516999},{"type":"movie","tmdb_id":457417},{"type":"movie","tmdb_id":438207},{"type":"movie","tmdb_id":1073938},{"type":"movie","tmdb_id":10922},{"type":"movie","tmdb_id":40768},{"type":"movie","tmdb_id":32293},{"type":"movie","tmdb_id":761687},{"type":"movie","tmdb_id":800716},{"type":"movie","tmdb_id":470880},{"type":"movie","tmdb_id":70050},{"type":"movie","tmdb_id":257740},{"type":"movie","tmdb_id":347549},{"type":"movie","tmdb_id":25523},{"type":"movie","tmdb_id":1018034},{"type":"movie","tmdb_id":886655},{"type":"movie","tmdb_id":9839},{"type":"movie","tmdb_id":79867},{"type":"movie","tmdb_id":9666},{"type":"movie","tmdb_id":10720},{"type":"movie","tmdb_id":8046},{"type":"movie","tmdb_id":27007},{"type":"movie","tmdb_id":98230},{"type":"movie","tmdb_id":11093},{"type":"movie","tmdb_id":45382},{"type":"movie","tmdb_id":244967},{"type":"movie","tmdb_id":444463},{"type":"movie","tmdb_id":10932},{"type":"movie","tmdb_id":254319},{"type":"movie","tmdb_id":17457},{"type":"movie","tmdb_id":399085},{"type":"movie","tmdb_id":58807},{"type":"movie","tmdb_id":306474},{"type":"movie","tmdb_id":26264},{"type":"movie","tmdb_id":1040389},{"type":"movie","tmdb_id":107059},{"type":"movie","tmdb_id":406232},{"type":"movie","tmdb_id":47159},{"type":"movie","tmdb_id":28103},{"type":"movie","tmdb_id":922480},{"type":"movie","tmdb_id":93884},{"type":"movie","tmdb_id":369174},{"type":"movie","tmdb_id":140452},{"type":"movie","tmdb_id":9694},{"type":"movie","tmdb_id":1455197},{"type":"movie","tmdb_id":1422483},{"type":"movie","tmdb_id":56969},{"type":"movie","tmdb_id":1103087},{"type":"movie","tmdb_id":588540},{"type":"movie","tmdb_id":14258},{"type":"movie","tmdb_id":262445},{"type":"movie","tmdb_id":403159},{"type":"movie","tmdb_id":253074},{"type":"movie","tmdb_id":3177},{"type":"movie","tmdb_id":684959},{"type":"movie","tmdb_id":242900},{"type":"movie","tmdb_id":969604},{"type":"movie","tmdb_id":689216},{"type":"movie","tmdb_id":84697},{"type":"movie","tmdb_id":453579},{"type":"movie","tmdb_id":371183},{"type":"movie","tmdb_id":246355},{"type":"movie","tmdb_id":12767},{"type":"movie","tmdb_id":257947},{"type":"movie","tmdb_id":348037},{"type":"movie","tmdb_id":8696},{"type":"movie","tmdb_id":190362},{"type":"movie","tmdb_id":573291},{"type":"movie","tmdb_id":24554},{"type":"movie","tmdb_id":1486359},{"type":"movie","tmdb_id":318878},{"type":"movie","tmdb_id":10152},{"type":"movie","tmdb_id":339320},{"type":"movie","tmdb_id":864040},{"type":"movie","tmdb_id":977216},{"type":"movie","tmdb_id":784210},{"type":"movie","tmdb_id":25516},{"type":"tv","tmdb_id":4614},{"type":"tv","tmdb_id":2691},{"type":"tv","tmdb_id":90},{"type":"tv","tmdb_id":4589},{"type":"tv","tmdb_id":269},{"type":"tv","tmdb_id":14750},{"type":"tv","tmdb_id":2389},{"type":"tv","tmdb_id":4419},{"type":"tv","tmdb_id":2171},{"type":"tv","tmdb_id":2673},{"type":"tv","tmdb_id":1428},{"type":"tv","tmdb_id":4013},{"type":"tv","tmdb_id":3750},{"type":"tv","tmdb_id":1489},{"type":"tv","tmdb_id":1554},{"type":"tv","tmdb_id":2187},{"type":"tv","tmdb_id":562},{"type":"tv","tmdb_id":604},{"type":"tv","tmdb_id":2355},{"type":"tv","tmdb_id":331},{"type":"tv","tmdb_id":34587},{"type":"tv","tmdb_id":265167},{"type":"tv","tmdb_id":4602},{"type":"tv","tmdb_id":35894},{"type":"tv","tmdb_id":37863},{"type":"tv","tmdb_id":26444},{"type":"tv","tmdb_id":63809},{"type":"tv","tmdb_id":40862},{"type":"tv","tmdb_id":39373},{"type":"tv","tmdb_id":2284},{"type":"tv","tmdb_id":19845},{"type":"tv","tmdb_id":37584},{"type":"tv","tmdb_id":14525},{"type":"tv","tmdb_id":2566},{"type":"tv","tmdb_id":815},{"type":"tv","tmdb_id":12050},{"type":"tv","tmdb_id":2396},{"type":"tv","tmdb_id":3122},{"type":"tv","tmdb_id":216},{"type":"tv","tmdb_id":1593},{"type":"tv","tmdb_id":5707},{"type":"tv","tmdb_id":185},{"type":"tv","tmdb_id":308},{"type":"tv","tmdb_id":213810},{"type":"tv","tmdb_id":1566},{"type":"tv","tmdb_id":11250},{"type":"tv","tmdb_id":197233},{"type":"tv","tmdb_id":6154},{"type":"tv","tmdb_id":10710},{"type":"tv","tmdb_id":130},{"type":"tv","tmdb_id":45388},{"type":"tv","tmdb_id":333},{"type":"tv","tmdb_id":10926},{"type":"tv","tmdb_id":380},{"type":"tv","tmdb_id":74913},{"type":"tv","tmdb_id":8882},{"type":"tv","tmdb_id":31679},{"type":"tv","tmdb_id":5405},{"type":"tv","tmdb_id":4304},{"type":"tv","tmdb_id":14038},{"type":"tv","tmdb_id":52723},{"type":"tv","tmdb_id":3540},{"type":"tv","tmdb_id":50993},{"type":"tv","tmdb_id":42862},{"type":"tv","tmdb_id":1562},{"type":"tv","tmdb_id":17338},{"type":"tv","tmdb_id":8898},{"type":"tv","tmdb_id":2282},{"type":"tv","tmdb_id":71365},{"type":"tv","tmdb_id":2188},{"type":"tv","tmdb_id":351},{"type":"tv","tmdb_id":3508},{"type":"tv","tmdb_id":982},{"type":"tv","tmdb_id":34801},{"type":"tv","tmdb_id":9639},{"type":"tv","tmdb_id":21788},{"type":"tv","tmdb_id":5894},{"type":"tv","tmdb_id":8838},{"type":"tv","tmdb_id":40681},{"type":"tv","tmdb_id":34067},{"type":"tv","tmdb_id":12501},{"type":"tv","tmdb_id":1509},{"type":"tv","tmdb_id":64159},{"type":"tv","tmdb_id":2084},{"type":"tv","tmdb_id":43242},{"type":"tv","tmdb_id":1664},{"type":"tv","tmdb_id":19893},{"type":"tv","tmdb_id":12271},{"type":"tv","tmdb_id":35794},{"type":"tv","tmdb_id":34061},{"type":"tv","tmdb_id":5281},{"type":"tv","tmdb_id":55546},{"type":"tv","tmdb_id":15969},{"type":"tv","tmdb_id":7283},{"type":"tv","tmdb_id":31731},{"type":"tv","tmdb_id":31959},{"type":"tv","tmdb_id":34631},{"type":"tv","tmdb_id":194696},{"type":"tv","tmdb_id":8915},{"type":"tv","tmdb_id":15561},{"type":"tv","tmdb_id":46100},{"type":"tv","tmdb_id":721},{"type":"tv","tmdb_id":3072},{"type":"tv","tmdb_id":45382},{"type":"tv","tmdb_id":34102},{"type":"tv","tmdb_id":31952},{"type":"tv","tmdb_id":16173},{"type":"tv","tmdb_id":1994},{"type":"tv","tmdb_id":713},{"type":"tv","tmdb_id":66498},{"type":"tv","tmdb_id":254916},{"type":"tv","tmdb_id":9457},{"type":"tv","tmdb_id":24912},{"type":"tv","tmdb_id":8318},{"type":"tv","tmdb_id":15428},{"type":"tv","tmdb_id":12153},{"type":"tv","tmdb_id":94370},{"type":"tv","tmdb_id":14689},{"type":"tv","tmdb_id":66619},{"type":"tv","tmdb_id":9179},{"type":"tv","tmdb_id":4622},{"type":"tv","tmdb_id":12260},{"type":"tv","tmdb_id":34821},{"type":"tv","tmdb_id":26843},{"type":"tv","tmdb_id":12891},{"type":"tv","tmdb_id":27117},{"type":"tv","tmdb_id":46976},{"type":"tv","tmdb_id":38242},{"type":"tv","tmdb_id":46385},{"type":"tv","tmdb_id":42442},{"type":"tv","tmdb_id":21969},{"type":"tv","tmdb_id":679},{"type":"tv","tmdb_id":4372},{"type":"tv","tmdb_id":76053},{"type":"tv","tmdb_id":45544},{"type":"tv","tmdb_id":64154},{"type":"tv","tmdb_id":28511},{"type":"tv","tmdb_id":18337},{"type":"tv","tmdb_id":2000},{"type":"tv","tmdb_id":37516},{"type":"tv","tmdb_id":56979},{"type":"tv","tmdb_id":34767},{"type":"tv","tmdb_id":13605},{"type":"tv","tmdb_id":8426},{"type":"tv","tmdb_id":24304},{"type":"tv","tmdb_id":11245},{"type":"tv","tmdb_id":34166},{"type":"tv","tmdb_id":243},{"type":"tv","tmdb_id":711},{"type":"tv","tmdb_id":11823},{"type":"tv","tmdb_id":4569},{"type":"tv","tmdb_id":9044},{"type":"tv","tmdb_id":3003},{"type":"tv","tmdb_id":128354},{"type":"tv","tmdb_id":22271},{"type":"tv","tmdb_id":31929},{"type":"tv","tmdb_id":4885},{"type":"tv","tmdb_id":31711},{"type":"tv","tmdb_id":4665},{"type":"tv","tmdb_id":42855},{"type":"tv","tmdb_id":9156},{"type":"tv","tmdb_id":123},{"type":"tv","tmdb_id":9379},{"type":"tv","tmdb_id":18385},{"type":"tv","tmdb_id":16810},{"type":"tv","tmdb_id":237550},{"type":"tv","tmdb_id":13955},{"type":"tv","tmdb_id":9157},{"type":"tv","tmdb_id":43046},{"type":"tv","tmdb_id":7828},{"type":"tv","tmdb_id":1866},{"type":"tv","tmdb_id":1677},{"type":"tv","tmdb_id":34182},{"type":"tv","tmdb_id":109064},{"type":"tv","tmdb_id":25676},{"type":"tv","tmdb_id":242546},{"type":"tv","tmdb_id":20875},{"type":"tv","tmdb_id":13915},{"type":"tv","tmdb_id":57210},{"type":"tv","tmdb_id":4246},{"type":"tv","tmdb_id":15162},{"type":"tv","tmdb_id":35168},{"type":"tv","tmdb_id":10840},{"type":"tv","tmdb_id":26107},{"type":"tv","tmdb_id":24293},{"type":"tv","tmdb_id":38175},{"type":"tv","tmdb_id":25408},{"type":"tv","tmdb_id":86427},{"type":"tv","tmdb_id":77961},{"type":"tv","tmdb_id":2477},{"type":"tv","tmdb_id":32399},{"type":"tv","tmdb_id":4043},{"type":"tv","tmdb_id":4306},{"type":"tv","tmdb_id":8106},{"type":"tv","tmdb_id":2146},{"type":"tv","tmdb_id":5905},{"type":"tv","tmdb_id":6965},{"type":"tv","tmdb_id":8473},{"type":"tv","tmdb_id":1298},{"type":"tv","tmdb_id":31075},{"type":"tv","tmdb_id":76052},{"type":"tv","tmdb_id":993},{"type":"tv","tmdb_id":12341},{"type":"tv","tmdb_id":2059},{"type":"tv","tmdb_id":8792},{"type":"tv","tmdb_id":20177},{"type":"tv","tmdb_id":34709},{"type":"tv","tmdb_id":35797},{"type":"tv","tmdb_id":4506},{"type":"tv","tmdb_id":4204},{"type":"tv","tmdb_id":11229},{"type":"tv","tmdb_id":923},{"type":"tv","tmdb_id":673},{"type":"tv","tmdb_id":44971},{"type":"tv","tmdb_id":13027},{"type":"tv","tmdb_id":4406},{"type":"tv","tmdb_id":68506},{"type":"tv","tmdb_id":2381},{"type":"tv","tmdb_id":56},{"type":"tv","tmdb_id":140},{"type":"tv","tmdb_id":5114},{"type":"tv","tmdb_id":15857},{"type":"tv","tmdb_id":40627},{"type":"tv","tmdb_id":34698},{"type":"tv","tmdb_id":75914},{"type":"tv","tmdb_id":38061},{"type":"tv","tmdb_id":1963},{"type":"tv","tmdb_id":48707},{"type":"tv","tmdb_id":108454},{"type":"tv","tmdb_id":3209},{"type":"tv","tmdb_id":13688},{"type":"tv","tmdb_id":4000},{"type":"tv","tmdb_id":42336},{"type":"tv","tmdb_id":99137},{"type":"tv","tmdb_id":2995},{"type":"tv","tmdb_id":34068},{"type":"tv","tmdb_id":19880},{"type":"tv","tmdb_id":5308},{"type":"tv","tmdb_id":10084},{"type":"tv","tmdb_id":10851},{"type":"tv","tmdb_id":90841},{"type":"tv","tmdb_id":2210},{"type":"tv","tmdb_id":18459},{"type":"tv","tmdb_id":86311},{"type":"tv","tmdb_id":31666},{"type":"tv","tmdb_id":128849},{"type":"tv","tmdb_id":43},{"type":"tv","tmdb_id":67999},{"type":"tv","tmdb_id":202710},{"type":"tv","tmdb_id":28523},{"type":"tv","tmdb_id":24634},{"type":"tv","tmdb_id":38446},{"type":"tv","tmdb_id":36945},{"type":"tv","tmdb_id":1696},{"type":"tv","tmdb_id":2478},{"type":"tv","tmdb_id":241800},{"type":"tv","tmdb_id":64155},{"type":"tv","tmdb_id":9149},{"type":"tv","tmdb_id":5178},{"type":"tv","tmdb_id":288356},{"type":"tv","tmdb_id":19803},{"type":"tv","tmdb_id":15256},{"type":"tv","tmdb_id":108218},{"type":"tv","tmdb_id":4640},{"type":"tv","tmdb_id":1643},{"type":"tv","tmdb_id":15591},{"type":"tv","tmdb_id":21897},{"type":"tv","tmdb_id":8837},{"type":"tv","tmdb_id":13350},{"type":"tv","tmdb_id":24667},{"type":"tv","tmdb_id":88180},{"type":"tv","tmdb_id":31621},{"type":"tv","tmdb_id":9690},{"type":"tv","tmdb_id":4856},{"type":"tv","tmdb_id":92778},{"type":"tv","tmdb_id":10093},{"type":"tv","tmdb_id":97087},{"type":"tv","tmdb_id":17674},{"type":"tv","tmdb_id":35815},{"type":"tv","tmdb_id":57134},{"type":"tv","tmdb_id":17568},{"type":"tv","tmdb_id":371},{"type":"tv","tmdb_id":6678},{"type":"tv","tmdb_id":236691},{"type":"tv","tmdb_id":132273},{"type":"tv","tmdb_id":106745},{"type":"tv","tmdb_id":35129},{"type":"tv","tmdb_id":12297},{"type":"tv","tmdb_id":5605},{"type":"tv","tmdb_id":1699},{"type":"tv","tmdb_id":244179},{"type":"tv","tmdb_id":4535},{"type":"tv","tmdb_id":34840},{"type":"tv","tmdb_id":9885},{"type":"tv","tmdb_id":8332},{"type":"tv","tmdb_id":26883},{"type":"tv","tmdb_id":14749},{"type":"tv","tmdb_id":240679},{"type":"tv","tmdb_id":12352},{"type":"tv","tmdb_id":98651},{"type":"tv","tmdb_id":3751},{"type":"tv","tmdb_id":2922},{"type":"tv","tmdb_id":21286},{"type":"tv","tmdb_id":35037},{"type":"tv","tmdb_id":18650},{"type":"tv","tmdb_id":17119},{"type":"tv","tmdb_id":45157},{"type":"tv","tmdb_id":34599},{"type":"tv","tmdb_id":6749},{"type":"tv","tmdb_id":2945},{"type":"tv","tmdb_id":93328},{"type":"tv","tmdb_id":108215},{"type":"tv","tmdb_id":36218},{"type":"tv","tmdb_id":54069},{"type":"tv","tmdb_id":61693},{"type":"tv","tmdb_id":121426},{"type":"tv","tmdb_id":29162},{"type":"tv","tmdb_id":67151},{"type":"tv","tmdb_id":5067},{"type":"tv","tmdb_id":73551},{"type":"tv","tmdb_id":9806},{"type":"tv","tmdb_id":14351},{"type":"tv","tmdb_id":216643},{"type":"tv","tmdb_id":100326},{"type":"tv","tmdb_id":14235},{"type":"tv","tmdb_id":112019},{"type":"tv","tmdb_id":16033},{"type":"tv","tmdb_id":2687},{"type":"tv","tmdb_id":1131},{"type":"tv","tmdb_id":4539},{"type":"tv","tmdb_id":111730},{"type":"tv","tmdb_id":9897},{"type":"tv","tmdb_id":296618},{"type":"tv","tmdb_id":21277},{"type":"tv","tmdb_id":3708},{"type":"tv","tmdb_id":108254},{"type":"tv","tmdb_id":101719},{"type":"tv","tmdb_id":234368},{"type":"tv","tmdb_id":76649},{"type":"tv","tmdb_id":111235},{"type":"tv","tmdb_id":107054},{"type":"tv","tmdb_id":2961},{"type":"tv","tmdb_id":67889},{"type":"tv","tmdb_id":34252},{"type":"tv","tmdb_id":1721},{"type":"tv","tmdb_id":271992},{"type":"tv","tmdb_id":1865},{"type":"tv","tmdb_id":21673},{"type":"tv","tmdb_id":108251},{"type":"tv","tmdb_id":16362},{"type":"tv","tmdb_id":40689},{"type":"tv","tmdb_id":34073},{"type":"tv","tmdb_id":78617},{"type":"tv","tmdb_id":48447},{"type":"tv","tmdb_id":113459},{"type":"tv","tmdb_id":42422},{"type":"tv","tmdb_id":200856},{"type":"tv","tmdb_id":2293},{"type":"tv","tmdb_id":2915},{"type":"tv","tmdb_id":132657},{"type":"tv","tmdb_id":36529},{"type":"tv","tmdb_id":2887},{"type":"tv","tmdb_id":47903},{"type":"tv","tmdb_id":71708},{"type":"tv","tmdb_id":84577},{"type":"tv","tmdb_id":34192},{"type":"tv","tmdb_id":14099},{"type":"tv","tmdb_id":40805},{"type":"tv","tmdb_id":27647},{"type":"tv","tmdb_id":278131},{"type":"tv","tmdb_id":290111},{"type":"tv","tmdb_id":31592},{"type":"tv","tmdb_id":56748},{"type":"tv","tmdb_id":39025},{"type":"tv","tmdb_id":38956},{"type":"tv","tmdb_id":73137},{"type":"tv","tmdb_id":3873},{"type":"tv","tmdb_id":2058},{"type":"tv","tmdb_id":36208},{"type":"tv","tmdb_id":34205},{"type":"tv","tmdb_id":20},{"type":"tv","tmdb_id":121756},{"type":"tv","tmdb_id":73868},{"type":"tv","tmdb_id":37857},{"type":"tv","tmdb_id":84082},{"type":"tv","tmdb_id":5164},{"type":"tv","tmdb_id":15785},{"type":"tv","tmdb_id":52101},{"type":"tv","tmdb_id":109213},{"type":"tv","tmdb_id":9808},{"type":"tv","tmdb_id":119167},{"type":"tv","tmdb_id":6894},{"type":"tv","tmdb_id":93083},{"type":"tv","tmdb_id":4751},{"type":"tv","tmdb_id":19375},{"type":"tv","tmdb_id":42669},{"type":"tv","tmdb_id":9284},{"type":"tv","tmdb_id":82086},{"type":"tv","tmdb_id":18592},{"type":"tv","tmdb_id":4857},{"type":"tv","tmdb_id":844},{"type":"tv","tmdb_id":1224},{"type":"tv","tmdb_id":18505},{"type":"tv","tmdb_id":119412},{"type":"tv","tmdb_id":34202},{"type":"tv","tmdb_id":19875},{"type":"tv","tmdb_id":15151},{"type":"tv","tmdb_id":115803},{"type":"tv","tmdb_id":2981},{"type":"tv","tmdb_id":2213},{"type":"tv","tmdb_id":42702},{"type":"tv","tmdb_id":65734},{"type":"tv","tmdb_id":117595},{"type":"tv","tmdb_id":25678},{"type":"tv","tmdb_id":36715},{"type":"tv","tmdb_id":51081},{"type":"tv","tmdb_id":10546},{"type":"tv","tmdb_id":21815},{"type":"tv","tmdb_id":279919},{"type":"tv","tmdb_id":302},{"type":"tv","tmdb_id":2099},{"type":"tv","tmdb_id":14098},{"type":"tv","tmdb_id":108220},{"type":"tv","tmdb_id":3682},{"type":"tv","tmdb_id":111643},{"type":"tv","tmdb_id":53301},{"type":"tv","tmdb_id":32002},{"type":"tv","tmdb_id":68187},{"type":"tv","tmdb_id":2220},{"type":"tv","tmdb_id":5374},{"type":"tv","tmdb_id":36709},{"type":"tv","tmdb_id":41775},{"type":"tv","tmdb_id":10675},{"type":"tv","tmdb_id":11133},{"type":"tv","tmdb_id":108245},{"type":"tv","tmdb_id":567},{"type":"tv","tmdb_id":37677},{"type":"tv","tmdb_id":208373},{"type":"tv","tmdb_id":36201},{"type":"tv","tmdb_id":2948},{"type":"tv","tmdb_id":14822},{"type":"tv","tmdb_id":67846},{"type":"tv","tmdb_id":235497},{"type":"tv","tmdb_id":38600},{"type":"tv","tmdb_id":11041},{"type":"tv","tmdb_id":77757},{"type":"tv","tmdb_id":19311},{"type":"tv","tmdb_id":253714},{"type":"tv","tmdb_id":288924},{"type":"tv","tmdb_id":14874},{"type":"tv","tmdb_id":5223},{"type":"tv","tmdb_id":9956},{"type":"tv","tmdb_id":241495},{"type":"tv","tmdb_id":22833},{"type":"tv","tmdb_id":36123},{"type":"tv","tmdb_id":28626},{"type":"tv","tmdb_id":11346},{"type":"tv","tmdb_id":26119},{"type":"tv","tmdb_id":20913},{"type":"tv","tmdb_id":215338},{"type":"tv","tmdb_id":123129},{"type":"tv","tmdb_id":1768},{"type":"tv","tmdb_id":273204},{"type":"tv","tmdb_id":135551},{"type":"tv","tmdb_id":44709},{"type":"tv","tmdb_id":17052},{"type":"tv","tmdb_id":21007},{"type":"tv","tmdb_id":41025},{"type":"tv","tmdb_id":16616},{"type":"tv","tmdb_id":53445},{"type":"tv","tmdb_id":15450},{"type":"tv","tmdb_id":36364},{"type":"tv","tmdb_id":85915},{"type":"tv","tmdb_id":4918},{"type":"tv","tmdb_id":24225},{"type":"tv","tmdb_id":15245},{"type":"tv","tmdb_id":209734},{"type":"tv","tmdb_id":109090},{"type":"tv","tmdb_id":31313},{"type":"tv","tmdb_id":3128},{"type":"tv","tmdb_id":51386},{"type":"tv","tmdb_id":81009},{"type":"tv","tmdb_id":9970},{"type":"tv","tmdb_id":15204},{"type":"tv","tmdb_id":52832},{"type":"tv","tmdb_id":3062},{"type":"tv","tmdb_id":35834},{"type":"tv","tmdb_id":20717},{"type":"tv","tmdb_id":27942},{"type":"tv","tmdb_id":7028},{"type":"tv","tmdb_id":7205},{"type":"tv","tmdb_id":122657},{"type":"tv","tmdb_id":11134},{"type":"tv","tmdb_id":48390},{"type":"tv","tmdb_id":35177},{"type":"tv","tmdb_id":20517},{"type":"tv","tmdb_id":6200},{"type":"tv","tmdb_id":51935},{"type":"tv","tmdb_id":2614},{"type":"tv","tmdb_id":198998},{"type":"tv","tmdb_id":1886},{"type":"tv","tmdb_id":124069},{"type":"tv","tmdb_id":124302},{"type":"tv","tmdb_id":19682},{"type":"tv","tmdb_id":1177},{"type":"tv","tmdb_id":34071},{"type":"tv","tmdb_id":86312},{"type":"tv","tmdb_id":205518},{"type":"tv","tmdb_id":234786},{"type":"tv","tmdb_id":296634},{"type":"tv","tmdb_id":18769},{"type":"tv","tmdb_id":20288},{"type":"tv","tmdb_id":26190},{"type":"tv","tmdb_id":41317},{"type":"tv","tmdb_id":50929},{"type":"tv","tmdb_id":77651},{"type":"tv","tmdb_id":16684},{"type":"tv","tmdb_id":14761},{"type":"tv","tmdb_id":2891},{"type":"tv","tmdb_id":105204},{"type":"tv","tmdb_id":6186},{"type":"tv","tmdb_id":37309},{"type":"tv","tmdb_id":54666},{"type":"tv","tmdb_id":2055},{"type":"tv","tmdb_id":36407},{"type":"tv","tmdb_id":44557},{"type":"tv","tmdb_id":120485},{"type":"tv","tmdb_id":7222},{"type":"tv","tmdb_id":102944},{"type":"tv","tmdb_id":100175},{"type":"tv","tmdb_id":4456},{"type":"tv","tmdb_id":100024},{"type":"tv","tmdb_id":1173},{"type":"tv","tmdb_id":39783},{"type":"tv","tmdb_id":3257},{"type":"tv","tmdb_id":13871},{"type":"tv","tmdb_id":92417},{"type":"tv","tmdb_id":70017},{"type":"tv","tmdb_id":1913},{"type":"tv","tmdb_id":7511},{"type":"tv","tmdb_id":28113},{"type":"tv","tmdb_id":40694},{"type":"tv","tmdb_id":115054},{"type":"tv","tmdb_id":242030},{"type":"tv","tmdb_id":28751},{"type":"tv","tmdb_id":122929},{"type":"tv","tmdb_id":99996},{"type":"tv","tmdb_id":74246},{"type":"tv","tmdb_id":119823},{"type":"tv","tmdb_id":12252},{"type":"tv","tmdb_id":78535},{"type":"tv","tmdb_id":73406},{"type":"tv","tmdb_id":138417},{"type":"tv","tmdb_id":106540},{"type":"tv","tmdb_id":114692},{"type":"tv","tmdb_id":218690},{"type":"tv","tmdb_id":153639},{"type":"tv","tmdb_id":16532},{"type":"tv","tmdb_id":94936},{"type":"tv","tmdb_id":1742},{"type":"tv","tmdb_id":12423},{"type":"tv","tmdb_id":52340},{"type":"tv","tmdb_id":59969},{"type":"tv","tmdb_id":23508},{"type":"tv","tmdb_id":27097},{"type":"tv","tmdb_id":121344},{"type":"tv","tmdb_id":53737},{"type":"tv","tmdb_id":41078},{"type":"tv","tmdb_id":80384},{"type":"tv","tmdb_id":128847},{"type":"tv","tmdb_id":4900},{"type":"tv","tmdb_id":53089},{"type":"tv","tmdb_id":42719},{"type":"tv","tmdb_id":205530},{"type":"tv","tmdb_id":2269},{"type":"tv","tmdb_id":24217},{"type":"tv","tmdb_id":35711},{"type":"tv","tmdb_id":40205},{"type":"tv","tmdb_id":5596},{"type":"tv","tmdb_id":35172},{"type":"tv","tmdb_id":22535},{"type":"tv","tmdb_id":25793},{"type":"tv","tmdb_id":202066},{"type":"tv","tmdb_id":26016},{"type":"tv","tmdb_id":15679},{"type":"tv","tmdb_id":122402},{"type":"tv","tmdb_id":44195},{"type":"tv","tmdb_id":36835},{"type":"tv","tmdb_id":118154},{"type":"tv","tmdb_id":88635},{"type":"tv","tmdb_id":121336},{"type":"tv","tmdb_id":12048},{"type":"tv","tmdb_id":9578},{"type":"tv","tmdb_id":204463},{"type":"tv","tmdb_id":119844},{"type":"tv","tmdb_id":116113},{"type":"tv","tmdb_id":262160},{"type":"tv","tmdb_id":14569},{"type":"tv","tmdb_id":1955},{"type":"tv","tmdb_id":112401}]}