{"ts":1771385426,"year":"2026","mode":"movie","candidates":[{"type":"movie","tmdb_id":840464},{"type":"movie","tmdb_id":1315303},{"type":"movie","tmdb_id":1426964},{"type":"movie","tmdb_id":1168190},{"type":"movie","tmdb_id":1316092},{"type":"movie","tmdb_id":1317672},{"type":"movie","tmdb_id":1601243},{"type":"movie","tmdb_id":1297842},{"type":"movie","tmdb_id":1584215},{"type":"movie","tmdb_id":1171145},{"type":"movie","tmdb_id":1306368},{"type":"movie","tmdb_id":1373198},{"type":"movie","tmdb_id":1243460},{"type":"movie","tmdb_id":1290821},{"type":"movie","tmdb_id":1198994},{"type":"movie","tmdb_id":1110034},{"type":"movie","tmdb_id":1198984},{"type":"movie","tmdb_id":680493},{"type":"movie","tmdb_id":1119449},{"type":"movie","tmdb_id":1454741},{"type":"movie","tmdb_id":1523145},{"type":"movie","tmdb_id":1412598},{"type":"movie","tmdb_id":1272837},{"type":"movie","tmdb_id":1116201},{"type":"movie","tmdb_id":1159559},{"type":"movie","tmdb_id":1291335},{"type":"movie","tmdb_id":1236153},{"type":"movie","tmdb_id":696393},{"type":"movie","tmdb_id":1475490},{"type":"movie","tmdb_id":1429605},{"type":"movie","tmdb_id":1618945},{"type":"movie","tmdb_id":1010755},{"type":"movie","tmdb_id":1548113},{"type":"movie","tmdb_id":1003596},{"type":"movie","tmdb_id":1570282},{"type":"movie","tmdb_id":1575337},{"type":"movie","tmdb_id":1146344},{"type":"movie","tmdb_id":1433842},{"type":"movie","tmdb_id":1327819},{"type":"movie","tmdb_id":1549519},{"type":"movie","tmdb_id":1226863},{"type":"movie","tmdb_id":1022453},{"type":"movie","tmdb_id":1601797},{"type":"movie","tmdb_id":1193501},{"type":"movie","tmdb_id":1340076},{"type":"movie","tmdb_id":1034716},{"type":"movie","tmdb_id":1592032},{"type":"movie","tmdb_id":1180417},{"type":"movie","tmdb_id":1515615},{"type":"movie","tmdb_id":1323625},{"type":"movie","tmdb_id":1159831},{"type":"movie","tmdb_id":1627796},{"type":"movie","tmdb_id":687163},{"type":"movie","tmdb_id":1305781},{"type":"movie","tmdb_id":1596291},{"type":"movie","tmdb_id":1316427},{"type":"movie","tmdb_id":1275779},{"type":"movie","tmdb_id":1600421},{"type":"movie","tmdb_id":1071640},{"type":"movie","tmdb_id":969681},{"type":"movie","tmdb_id":1405769},{"type":"movie","tmdb_id":1249508},{"type":"movie","tmdb_id":1315772},{"type":"movie","tmdb_id":1084244},{"type":"movie","tmdb_id":1368337},{"type":"movie","tmdb_id":1273948},{"type":"movie","tmdb_id":1620991},{"type":"movie","tmdb_id":467905},{"type":"movie","tmdb_id":1301421},{"type":"movie","tmdb_id":1265609},{"type":"movie","tmdb_id":1370123},{"type":"movie","tmdb_id":1108427},{"type":"movie","tmdb_id":1213898},{"type":"movie","tmdb_id":1608982},{"type":"movie","tmdb_id":1445363},{"type":"movie","tmdb_id":1630155},{"type":"movie","tmdb_id":1623740},{"type":"movie","tmdb_id":936075},{"type":"movie","tmdb_id":1291659},{"type":"movie","tmdb_id":1401542},{"type":"movie","tmdb_id":1401542},{"type":"movie","tmdb_id":1413097},{"type":"movie","tmdb_id":1145899},{"type":"movie","tmdb_id":1450527},{"type":"movie","tmdb_id":1314481},{"type":"movie","tmdb_id":1081003},{"type":"movie","tmdb_id":1340110},{"type":"movie","tmdb_id":1627535},{"type":"movie","tmdb_id":454639},{"type":"movie","tmdb_id":1321179},{"type":"movie","tmdb_id":1614061},{"type":"movie","tmdb_id":1189885},{"type":"movie","tmdb_id":1154538},{"type":"movie","tmdb_id":1602705},{"type":"movie","tmdb_id":1292695},{"type":"movie","tmdb_id":1449400},{"type":"movie","tmdb_id":875828},{"type":"movie","tmdb_id":1439713},{"type":"movie","tmdb_id":1244517},{"type":"movie","tmdb_id":1107166},{"type":"movie","tmdb_id":1608616},{"type":"movie","tmdb_id":1363979},{"type":"movie","tmdb_id":1614077},{"type":"movie","tmdb_id":1268127},{"type":"movie","tmdb_id":1357449},{"type":"movie","tmdb_id":1564939},{"type":"movie","tmdb_id":1578018},{"type":"movie","tmdb_id":1436835},{"type":"movie","tmdb_id":1170608},{"type":"movie","tmdb_id":1610413},{"type":"movie","tmdb_id":1228710},{"type":"movie","tmdb_id":1367642},{"type":"movie","tmdb_id":1599090},{"type":"movie","tmdb_id":1611487},{"type":"movie","tmdb_id":1465063},{"type":"movie","tmdb_id":656908},{"type":"movie","tmdb_id":931285},{"type":"movie","tmdb_id":1530067},{"type":"movie","tmdb_id":1196946},{"type":"movie","tmdb_id":1538718},{"type":"movie","tmdb_id":1400763},{"type":"movie","tmdb_id":1422562},{"type":"movie","tmdb_id":1582770},{"type":"movie","tmdb_id":1340206},{"type":"movie","tmdb_id":1403737},{"type":"movie","tmdb_id":1423191},{"type":"movie","tmdb_id":1470130},{"type":"movie","tmdb_id":1407432},{"type":"movie","tmdb_id":1213243},{"type":"movie","tmdb_id":1326522},{"type":"movie","tmdb_id":1266127},{"type":"movie","tmdb_id":1278853},{"type":"movie","tmdb_id":1427838},{"type":"movie","tmdb_id":1199193},{"type":"movie","tmdb_id":1450257},{"type":"movie","tmdb_id":1628484},{"type":"movie","tmdb_id":1621496},{"type":"movie","tmdb_id":1537690},{"type":"movie","tmdb_id":1390382},{"type":"movie","tmdb_id":1245084},{"type":"movie","tmdb_id":965483},{"type":"movie","tmdb_id":68773},{"type":"movie","tmdb_id":1406656},{"type":"movie","tmdb_id":1514803},{"type":"movie","tmdb_id":1437703},{"type":"movie","tmdb_id":1101383},{"type":"movie","tmdb_id":869140},{"type":"movie","tmdb_id":846575},{"type":"movie","tmdb_id":1461211},{"type":"movie","tmdb_id":1461294},{"type":"movie","tmdb_id":1259983},{"type":"movie","tmdb_id":1242332},{"type":"movie","tmdb_id":1168719},{"type":"movie","tmdb_id":1376043},{"type":"movie","tmdb_id":1400940},{"type":"movie","tmdb_id":787844},{"type":"movie","tmdb_id":863149},{"type":"movie","tmdb_id":1432306},{"type":"movie","tmdb_id":1478289},{"type":"movie","tmdb_id":1062545},{"type":"movie","tmdb_id":1616993},{"type":"movie","tmdb_id":998390},{"type":"movie","tmdb_id":1272405},{"type":"movie","tmdb_id":1421552},{"type":"movie","tmdb_id":1083381},{"type":"movie","tmdb_id":999140},{"type":"movie","tmdb_id":1397485},{"type":"movie","tmdb_id":791523},{"type":"movie","tmdb_id":1300968},{"type":"movie","tmdb_id":1364953},{"type":"movie","tmdb_id":1307373},{"type":"movie","tmdb_id":1283515},{"type":"movie","tmdb_id":1455079},{"type":"movie","tmdb_id":1592947},{"type":"movie","tmdb_id":1315657},{"type":"movie","tmdb_id":1512629},{"type":"movie","tmdb_id":1460411},{"type":"movie","tmdb_id":1436061},{"type":"movie","tmdb_id":823429},{"type":"movie","tmdb_id":1373956},{"type":"movie","tmdb_id":1403189},{"type":"movie","tmdb_id":1425784},{"type":"movie","tmdb_id":1195803},{"type":"movie","tmdb_id":1421128},{"type":"movie","tmdb_id":1377237},{"type":"movie","tmdb_id":1120382},{"type":"movie","tmdb_id":1325734},{"type":"movie","tmdb_id":1477170},{"type":"movie","tmdb_id":1300926},{"type":"movie","tmdb_id":1305715},{"type":"movie","tmdb_id":1431677},{"type":"movie","tmdb_id":1266791},{"type":"movie","tmdb_id":1512647},{"type":"movie","tmdb_id":1131087},{"type":"movie","tmdb_id":1551507},{"type":"movie","tmdb_id":1255833},{"type":"movie","tmdb_id":1538497},{"type":"movie","tmdb_id":1403271},{"type":"movie","tmdb_id":1480025},{"type":"movie","tmdb_id":1115030},{"type":"movie","tmdb_id":1131943},{"type":"movie","tmdb_id":1400837},{"type":"movie","tmdb_id":1339876},{"type":"movie","tmdb_id":1249663},{"type":"movie","tmdb_id":1458035},{"type":"movie","tmdb_id":1153576},{"type":"movie","tmdb_id":1609125},{"type":"movie","tmdb_id":1617852},{"type":"movie","tmdb_id":1259211},{"type":"movie","tmdb_id":1525176},{"type":"movie","tmdb_id":896453},{"type":"movie","tmdb_id":1497823},{"type":"movie","tmdb_id":1376415},{"type":"movie","tmdb_id":972232},{"type":"movie","tmdb_id":1242937},{"type":"movie","tmdb_id":1130948},{"type":"movie","tmdb_id":1497348},{"type":"movie","tmdb_id":1321666},{"type":"movie","tmdb_id":1465559},{"type":"movie","tmdb_id":1381087},{"type":"movie","tmdb_id":799882},{"type":"movie","tmdb_id":1198439},{"type":"movie","tmdb_id":1477719},{"type":"movie","tmdb_id":1607593},{"type":"movie","tmdb_id":1515272},{"type":"movie","tmdb_id":1618784},{"type":"movie","tmdb_id":1036081},{"type":"movie","tmdb_id":1251608},{"type":"movie","tmdb_id":1145110},{"type":"movie","tmdb_id":1627792},{"type":"movie","tmdb_id":1147572},{"type":"movie","tmdb_id":1401490},{"type":"movie","tmdb_id":1112564},{"type":"movie","tmdb_id":1418709},{"type":"movie","tmdb_id":1339713},{"type":"movie","tmdb_id":1575557},{"type":"movie","tmdb_id":1537162},{"type":"movie","tmdb_id":1304313},{"type":"movie","tmdb_id":1353860},{"type":"movie","tmdb_id":1370424},{"type":"movie","tmdb_id":1248832},{"type":"movie","tmdb_id":1560166},{"type":"movie","tmdb_id":1438390},{"type":"movie","tmdb_id":1461870},{"type":"movie","tmdb_id":1428990},{"type":"movie","tmdb_id":1535392},{"type":"movie","tmdb_id":1423251},{"type":"movie","tmdb_id":1282440},{"type":"movie","tmdb_id":1273221},{"type":"movie","tmdb_id":1031084},{"type":"movie","tmdb_id":1433117},{"type":"movie","tmdb_id":1599078},{"type":"movie","tmdb_id":1125627},{"type":"movie","tmdb_id":1250502},{"type":"movie","tmdb_id":1309400},{"type":"movie","tmdb_id":1555243},{"type":"movie","tmdb_id":1447971},{"type":"movie","tmdb_id":1388771},{"type":"movie","tmdb_id":1128377},{"type":"movie","tmdb_id":1286491},{"type":"movie","tmdb_id":1205547},{"type":"movie","tmdb_id":1464544},{"type":"movie","tmdb_id":1474226},{"type":"movie","tmdb_id":1613335},{"type":"movie","tmdb_id":1122573},{"type":"movie","tmdb_id":1633513},{"type":"movie","tmdb_id":1527180},{"type":"movie","tmdb_id":1558701},{"type":"movie","tmdb_id":1304530},{"type":"movie","tmdb_id":1240889},{"type":"movie","tmdb_id":1061794},{"type":"movie","tmdb_id":1611398},{"type":"movie","tmdb_id":1379537},{"type":"movie","tmdb_id":1480860},{"type":"movie","tmdb_id":1595481},{"type":"movie","tmdb_id":1623111},{"type":"movie","tmdb_id":1623007},{"type":"movie","tmdb_id":1500648},{"type":"movie","tmdb_id":1627832},{"type":"movie","tmdb_id":1330021},{"type":"movie","tmdb_id":1468846},{"type":"movie","tmdb_id":1451998},{"type":"movie","tmdb_id":1597535},{"type":"movie","tmdb_id":1288445},{"type":"movie","tmdb_id":1428475},{"type":"movie","tmdb_id":1140521},{"type":"movie","tmdb_id":1409860},{"type":"movie","tmdb_id":1498892},{"type":"movie","tmdb_id":1356484},{"type":"movie","tmdb_id":1416281},{"type":"movie","tmdb_id":1286656},{"type":"movie","tmdb_id":1178620},{"type":"movie","tmdb_id":1302904},{"type":"movie","tmdb_id":1381027},{"type":"movie","tmdb_id":1473635},{"type":"movie","tmdb_id":1232569},{"type":"movie","tmdb_id":1215638},{"type":"movie","tmdb_id":1176953},{"type":"movie","tmdb_id":1487062},{"type":"movie","tmdb_id":1262748},{"type":"movie","tmdb_id":1288211},{"type":"movie","tmdb_id":1623607},{"type":"movie","tmdb_id":1324842},{"type":"movie","tmdb_id":1417575},{"type":"movie","tmdb_id":1480387},{"type":"movie","tmdb_id":1458298},{"type":"movie","tmdb_id":1117898},{"type":"movie","tmdb_id":1418998},{"type":"movie","tmdb_id":1309083},{"type":"movie","tmdb_id":1378740},{"type":"movie","tmdb_id":1545835},{"type":"movie","tmdb_id":1260649},{"type":"movie","tmdb_id":1422101},{"type":"movie","tmdb_id":1057265},{"type":"movie","tmdb_id":1383731},{"type":"movie","tmdb_id":683367},{"type":"movie","tmdb_id":1489030},{"type":"movie","tmdb_id":1449709},{"type":"movie","tmdb_id":1586776},{"type":"movie","tmdb_id":1204680},{"type":"movie","tmdb_id":650059},{"type":"movie","tmdb_id":1078581},{"type":"movie","tmdb_id":1460208},{"type":"movie","tmdb_id":677561},{"type":"movie","tmdb_id":1327447},{"type":"movie","tmdb_id":1412214},{"type":"movie","tmdb_id":1288059},{"type":"movie","tmdb_id":1621803},{"type":"movie","tmdb_id":786567},{"type":"movie","tmdb_id":1443774},{"type":"movie","tmdb_id":1602727},{"type":"movie","tmdb_id":1403903},{"type":"movie","tmdb_id":1261188},{"type":"movie","tmdb_id":1462229},{"type":"movie","tmdb_id":843342},{"type":"movie","tmdb_id":1419973},{"type":"movie","tmdb_id":1479852},{"type":"movie","tmdb_id":1384216},{"type":"movie","tmdb_id":1107009},{"type":"movie","tmdb_id":1498047},{"type":"movie","tmdb_id":1400357},{"type":"movie","tmdb_id":1522333},{"type":"movie","tmdb_id":1552684},{"type":"movie","tmdb_id":1363974},{"type":"movie","tmdb_id":1127384},{"type":"movie","tmdb_id":1631346},{"type":"movie","tmdb_id":1239134},{"type":"movie","tmdb_id":1623340},{"type":"movie","tmdb_id":610361},{"type":"movie","tmdb_id":1366906},{"type":"movie","tmdb_id":1615767},{"type":"movie","tmdb_id":1268053},{"type":"movie","tmdb_id":1634479},{"type":"movie","tmdb_id":1049471},{"type":"movie","tmdb_id":1541560},{"type":"movie","tmdb_id":1217584},{"type":"movie","tmdb_id":1215919},{"type":"movie","tmdb_id":910850},{"type":"movie","tmdb_id":1319522},{"type":"movie","tmdb_id":1391847},{"type":"movie","tmdb_id":950028},{"type":"movie","tmdb_id":1397809},{"type":"movie","tmdb_id":1621394},{"type":"movie","tmdb_id":1102883},{"type":"movie","tmdb_id":1530941},{"type":"movie","tmdb_id":1430820},{"type":"movie","tmdb_id":1308691},{"type":"movie","tmdb_id":1315259},{"type":"movie","tmdb_id":1608615},{"type":"movie","tmdb_id":980431},{"type":"movie","tmdb_id":1295722},{"type":"movie","tmdb_id":1242265},{"type":"movie","tmdb_id":1622032},{"type":"movie","tmdb_id":1088434},{"type":"movie","tmdb_id":1378262},{"type":"movie","tmdb_id":1513703},{"type":"movie","tmdb_id":1319125},{"type":"movie","tmdb_id":1281195},{"type":"movie","tmdb_id":539745},{"type":"movie","tmdb_id":1622249},{"type":"movie","tmdb_id":1603819},{"type":"movie","tmdb_id":1451148},{"type":"movie","tmdb_id":1433367},{"type":"movie","tmdb_id":1437873},{"type":"movie","tmdb_id":1400030},{"type":"movie","tmdb_id":1516288},{"type":"movie","tmdb_id":1632509},{"type":"movie","tmdb_id":1592019},{"type":"movie","tmdb_id":1284465},{"type":"movie","tmdb_id":1533029},{"type":"movie","tmdb_id":1421903},{"type":"movie","tmdb_id":1363620},{"type":"movie","tmdb_id":1601082},{"type":"movie","tmdb_id":1558049},{"type":"movie","tmdb_id":1212461},{"type":"movie","tmdb_id":1417849},{"type":"movie","tmdb_id":1185806},{"type":"movie","tmdb_id":1248723},{"type":"movie","tmdb_id":1394098},{"type":"movie","tmdb_id":1398014},{"type":"movie","tmdb_id":1561345},{"type":"movie","tmdb_id":1432547},{"type":"movie","tmdb_id":1135582},{"type":"movie","tmdb_id":1588838},{"type":"movie","tmdb_id":1351705},{"type":"movie","tmdb_id":1560734},{"type":"movie","tmdb_id":1442211},{"type":"movie","tmdb_id":1548749},{"type":"movie","tmdb_id":1439660},{"type":"movie","tmdb_id":1542261},{"type":"movie","tmdb_id":1633107},{"type":"movie","tmdb_id":1571766},{"type":"movie","tmdb_id":1559425},{"type":"movie","tmdb_id":1549315},{"type":"movie","tmdb_id":1433929},{"type":"movie","tmdb_id":1430698},{"type":"movie","tmdb_id":1372178},{"type":"movie","tmdb_id":1212763},{"type":"movie","tmdb_id":1621842},{"type":"movie","tmdb_id":1277016},{"type":"movie","tmdb_id":1493976},{"type":"movie","tmdb_id":1597538},{"type":"movie","tmdb_id":1255779},{"type":"movie","tmdb_id":1635605},{"type":"movie","tmdb_id":1618941},{"type":"movie","tmdb_id":1477377},{"type":"movie","tmdb_id":1612063},{"type":"movie","tmdb_id":677558},{"type":"movie","tmdb_id":1606362},{"type":"movie","tmdb_id":1096963},{"type":"movie","tmdb_id":1433087},{"type":"movie","tmdb_id":1186936},{"type":"movie","tmdb_id":1351772},{"type":"movie","tmdb_id":1400336},{"type":"movie","tmdb_id":7181},{"type":"movie","tmdb_id":1555331},{"type":"movie","tmdb_id":1618718},{"type":"movie","tmdb_id":1308767},{"type":"movie","tmdb_id":1254594},{"type":"movie","tmdb_id":1591834},{"type":"movie","tmdb_id":1265032},{"type":"movie","tmdb_id":1265316},{"type":"movie","tmdb_id":1453096},{"type":"movie","tmdb_id":1227877},{"type":"movie","tmdb_id":1613395},{"type":"movie","tmdb_id":1634301},{"type":"movie","tmdb_id":1236857},{"type":"movie","tmdb_id":1408207},{"type":"movie","tmdb_id":1404346},{"type":"movie","tmdb_id":1002109},{"type":"movie","tmdb_id":1176962},{"type":"movie","tmdb_id":1477435},{"type":"movie","tmdb_id":1443961},{"type":"movie","tmdb_id":1635521},{"type":"movie","tmdb_id":1527004},{"type":"movie","tmdb_id":1495716},{"type":"movie","tmdb_id":1625901},{"type":"movie","tmdb_id":1263532},{"type":"movie","tmdb_id":1536901},{"type":"movie","tmdb_id":1454155},{"type":"movie","tmdb_id":1440304},{"type":"movie","tmdb_id":947036},{"type":"movie","tmdb_id":1251517},{"type":"movie","tmdb_id":1510321},{"type":"movie","tmdb_id":1235303},{"type":"movie","tmdb_id":1528021},{"type":"movie","tmdb_id":1257973},{"type":"movie","tmdb_id":1513996},{"type":"movie","tmdb_id":1401106},{"type":"movie","tmdb_id":1383287},{"type":"movie","tmdb_id":1528625},{"type":"movie","tmdb_id":1162639},{"type":"movie","tmdb_id":1318447},{"type":"movie","tmdb_id":1523304},{"type":"movie","tmdb_id":1612059},{"type":"movie","tmdb_id":1571521},{"type":"movie","tmdb_id":1291595},{"type":"movie","tmdb_id":1372443},{"type":"movie","tmdb_id":1387140},{"type":"movie","tmdb_id":1399253},{"type":"movie","tmdb_id":1241574},{"type":"movie","tmdb_id":847742},{"type":"movie","tmdb_id":1146058},{"type":"movie","tmdb_id":1327688},{"type":"movie","tmdb_id":1600510},{"type":"movie","tmdb_id":1355496},{"type":"movie","tmdb_id":1137627},{"type":"movie","tmdb_id":453989},{"type":"movie","tmdb_id":1624208},{"type":"movie","tmdb_id":1508101},{"type":"movie","tmdb_id":1597670},{"type":"movie","tmdb_id":1319520},{"type":"movie","tmdb_id":1368314},{"type":"movie","tmdb_id":1611531},{"type":"movie","tmdb_id":1515899},{"type":"movie","tmdb_id":1609617},{"type":"movie","tmdb_id":1254800},{"type":"movie","tmdb_id":1359005},{"type":"movie","tmdb_id":1560749},{"type":"movie","tmdb_id":1043789},{"type":"movie","tmdb_id":1204010},{"type":"movie","tmdb_id":1520453},{"type":"movie","tmdb_id":1522716},{"type":"movie","tmdb_id":1299329},{"type":"movie","tmdb_id":1476928},{"type":"movie","tmdb_id":525903},{"type":"movie","tmdb_id":1477572},{"type":"movie","tmdb_id":964849},{"type":"movie","tmdb_id":1632507},{"type":"movie","tmdb_id":891621},{"type":"movie","tmdb_id":1469036},{"type":"movie","tmdb_id":1339586},{"type":"movie","tmdb_id":1247047},{"type":"movie","tmdb_id":1559575},{"type":"movie","tmdb_id":1584720},{"type":"movie","tmdb_id":1571101},{"type":"movie","tmdb_id":1588101},{"type":"movie","tmdb_id":1378791},{"type":"movie","tmdb_id":1493021},{"type":"movie","tmdb_id":1567605},{"type":"movie","tmdb_id":1613798},{"type":"movie","tmdb_id":1622972},{"type":"movie","tmdb_id":1623526},{"type":"movie","tmdb_id":1206628},{"type":"movie","tmdb_id":1602783},{"type":"movie","tmdb_id":1322562},{"type":"movie","tmdb_id":1318413},{"type":"movie","tmdb_id":1359211},{"type":"movie","tmdb_id":1559637},{"type":"movie","tmdb_id":1512841},{"type":"movie","tmdb_id":1420457},{"type":"movie","tmdb_id":1399525},{"type":"movie","tmdb_id":1554956},{"type":"movie","tmdb_id":1219542},{"type":"movie","tmdb_id":1476528},{"type":"movie","tmdb_id":1633492},{"type":"movie","tmdb_id":1396640},{"type":"movie","tmdb_id":1433027},{"type":"movie","tmdb_id":1336794},{"type":"movie","tmdb_id":1367220},{"type":"movie","tmdb_id":846049},{"type":"movie","tmdb_id":1557886},{"type":"movie","tmdb_id":1632245},{"type":"movie","tmdb_id":999592},{"type":"movie","tmdb_id":675871},{"type":"movie","tmdb_id":1508779},{"type":"movie","tmdb_id":1622247},{"type":"movie","tmdb_id":1461432},{"type":"movie","tmdb_id":1419306},{"type":"movie","tmdb_id":445466},{"type":"movie","tmdb_id":1473027},{"type":"movie","tmdb_id":1220522},{"type":"movie","tmdb_id":964311},{"type":"movie","tmdb_id":1628678},{"type":"movie","tmdb_id":1209628},{"type":"movie","tmdb_id":1575826},{"type":"movie","tmdb_id":1263037},{"type":"movie","tmdb_id":1318043},{"type":"movie","tmdb_id":1420742},{"type":"movie","tmdb_id":1362786},{"type":"movie","tmdb_id":1598225},{"type":"movie","tmdb_id":1584452},{"type":"movie","tmdb_id":1241693},{"type":"movie","tmdb_id":1443959},{"type":"movie","tmdb_id":1440050},{"type":"movie","tmdb_id":1300501},{"type":"movie","tmdb_id":1635518},{"type":"movie","tmdb_id":1397201},{"type":"movie","tmdb_id":1426728},{"type":"movie","tmdb_id":1279548},{"type":"movie","tmdb_id":1384514},{"type":"movie","tmdb_id":1488635},{"type":"movie","tmdb_id":1134517},{"type":"movie","tmdb_id":1357366},{"type":"movie","tmdb_id":1534530},{"type":"movie","tmdb_id":1494140},{"type":"movie","tmdb_id":1552265},{"type":"movie","tmdb_id":1365378},{"type":"movie","tmdb_id":1630968},{"type":"movie","tmdb_id":1621113},{"type":"movie","tmdb_id":1281331},{"type":"movie","tmdb_id":1331344},{"type":"movie","tmdb_id":1583583},{"type":"movie","tmdb_id":938606},{"type":"movie","tmdb_id":1389373},{"type":"movie","tmdb_id":797716},{"type":"movie","tmdb_id":1591919},{"type":"movie","tmdb_id":1565649},{"type":"movie","tmdb_id":1608620},{"type":"movie","tmdb_id":1610901},{"type":"movie","tmdb_id":1631577},{"type":"movie","tmdb_id":1429319},{"type":"movie","tmdb_id":1453313},{"type":"movie","tmdb_id":1217931},{"type":"movie","tmdb_id":1056494},{"type":"movie","tmdb_id":1631292},{"type":"movie","tmdb_id":1084187},{"type":"movie","tmdb_id":1535977},{"type":"movie","tmdb_id":1341341},{"type":"movie","tmdb_id":1395353}]}