{"ts":1771263064,"year":"2009","mode":"movie","candidates":[{"type":"movie","tmdb_id":19995},{"type":"movie","tmdb_id":22949},{"type":"movie","tmdb_id":12403},{"type":"movie","tmdb_id":362668},{"type":"movie","tmdb_id":14160},{"type":"movie","tmdb_id":16869},{"type":"movie","tmdb_id":14836},{"type":"movie","tmdb_id":767},{"type":"movie","tmdb_id":23527},{"type":"movie","tmdb_id":18785},{"type":"movie","tmdb_id":14161},{"type":"movie","tmdb_id":13183},{"type":"movie","tmdb_id":13207},{"type":"movie","tmdb_id":19913},{"type":"movie","tmdb_id":10198},{"type":"movie","tmdb_id":8355},{"type":"movie","tmdb_id":22832},{"type":"movie","tmdb_id":18240},{"type":"movie","tmdb_id":13448},{"type":"movie","tmdb_id":22803},{"type":"movie","tmdb_id":534},{"type":"movie","tmdb_id":7445},{"type":"movie","tmdb_id":28178},{"type":"movie","tmdb_id":10315},{"type":"movie","tmdb_id":13475},{"type":"movie","tmdb_id":19908},{"type":"movie","tmdb_id":15512},{"type":"movie","tmdb_id":17654},{"type":"movie","tmdb_id":10528},{"type":"movie","tmdb_id":18239},{"type":"movie","tmdb_id":19994},{"type":"movie","tmdb_id":14435},{"type":"movie","tmdb_id":18360},{"type":"movie","tmdb_id":22881},{"type":"movie","tmdb_id":22794},{"type":"movie","tmdb_id":36728},{"type":"movie","tmdb_id":25793},{"type":"movie","tmdb_id":20453},{"type":"movie","tmdb_id":23823},{"type":"movie","tmdb_id":12244},{"type":"movie","tmdb_id":21208},{"type":"movie","tmdb_id":19912},{"type":"movie","tmdb_id":22787},{"type":"movie","tmdb_id":13811},{"type":"movie","tmdb_id":10184},{"type":"movie","tmdb_id":17979},{"type":"movie","tmdb_id":54398},{"type":"movie","tmdb_id":37169},{"type":"movie","tmdb_id":68335},{"type":"movie","tmdb_id":32985},{"type":"movie","tmdb_id":19918},{"type":"movie","tmdb_id":22825},{"type":"movie","tmdb_id":20766},{"type":"movie","tmdb_id":32395},{"type":"movie","tmdb_id":17431},{"type":"movie","tmdb_id":13532},{"type":"movie","tmdb_id":30289},{"type":"movie","tmdb_id":26428},{"type":"movie","tmdb_id":14869},{"type":"movie","tmdb_id":69371},{"type":"movie","tmdb_id":17899},{"type":"movie","tmdb_id":23398},{"type":"movie","tmdb_id":69371},{"type":"movie","tmdb_id":26625},{"type":"movie","tmdb_id":16871},{"type":"movie","tmdb_id":14451},{"type":"movie","tmdb_id":13532},{"type":"movie","tmdb_id":12137},{"type":"movie","tmdb_id":250140},{"type":"movie","tmdb_id":19724},{"type":"movie","tmdb_id":54579},{"type":"movie","tmdb_id":15472},{"type":"movie","tmdb_id":17886},{"type":"movie","tmdb_id":857942},{"type":"movie","tmdb_id":7980},{"type":"movie","tmdb_id":31011},{"type":"movie","tmdb_id":22947},{"type":"movie","tmdb_id":320956},{"type":"movie","tmdb_id":26428},{"type":"movie","tmdb_id":16996},{"type":"movie","tmdb_id":20943},{"type":"movie","tmdb_id":26466},{"type":"movie","tmdb_id":19265},{"type":"movie","tmdb_id":17740},{"type":"movie","tmdb_id":22800},{"type":"movie","tmdb_id":19074},{"type":"movie","tmdb_id":268744},{"type":"movie","tmdb_id":269586},{"type":"movie","tmdb_id":68555},{"type":"movie","tmdb_id":37178},{"type":"movie","tmdb_id":22804},{"type":"movie","tmdb_id":22164},{"type":"movie","tmdb_id":19959},{"type":"movie","tmdb_id":16287},{"type":"movie","tmdb_id":23173},{"type":"movie","tmdb_id":17336},{"type":"movie","tmdb_id":19585},{"type":"movie","tmdb_id":10664},{"type":"movie","tmdb_id":11928},{"type":"movie","tmdb_id":34989},{"type":"movie","tmdb_id":33997},{"type":"movie","tmdb_id":14834},{"type":"movie","tmdb_id":78432},{"type":"movie","tmdb_id":39057},{"type":"movie","tmdb_id":27735},{"type":"movie","tmdb_id":452386},{"type":"movie","tmdb_id":15571},{"type":"movie","tmdb_id":43619},{"type":"movie","tmdb_id":44419},{"type":"movie","tmdb_id":39072},{"type":"movie","tmdb_id":18739},{"type":"movie","tmdb_id":30239},{"type":"movie","tmdb_id":12471},{"type":"movie","tmdb_id":25446},{"type":"movie","tmdb_id":22084},{"type":"movie","tmdb_id":25846},{"type":"movie","tmdb_id":12437},{"type":"movie","tmdb_id":25132},{"type":"movie","tmdb_id":15670},{"type":"movie","tmdb_id":26715},{"type":"movie","tmdb_id":72985},{"type":"movie","tmdb_id":12437},{"type":"movie","tmdb_id":25132},{"type":"movie","tmdb_id":15670},{"type":"movie","tmdb_id":26715},{"type":"movie","tmdb_id":18480},{"type":"movie","tmdb_id":16558},{"type":"movie","tmdb_id":26320},{"type":"movie","tmdb_id":19575},{"type":"movie","tmdb_id":55224},{"type":"movie","tmdb_id":228573},{"type":"movie","tmdb_id":28891},{"type":"movie","tmdb_id":36565},{"type":"movie","tmdb_id":33974},{"type":"movie","tmdb_id":259676},{"type":"movie","tmdb_id":25376},{"type":"movie","tmdb_id":21026},{"type":"movie","tmdb_id":31160},{"type":"movie","tmdb_id":119632},{"type":"movie","tmdb_id":24832},{"type":"movie","tmdb_id":18405},{"type":"movie","tmdb_id":16538},{"type":"movie","tmdb_id":25769},{"type":"movie","tmdb_id":52373},{"type":"movie","tmdb_id":19898},{"type":"movie","tmdb_id":33613},{"type":"movie","tmdb_id":31686},{"type":"movie","tmdb_id":52791},{"type":"movie","tmdb_id":790430},{"type":"movie","tmdb_id":34626},{"type":"movie","tmdb_id":72985},{"type":"movie","tmdb_id":24420},{"type":"movie","tmdb_id":37903},{"type":"movie","tmdb_id":208227},{"type":"movie","tmdb_id":36409},{"type":"movie","tmdb_id":24238},{"type":"movie","tmdb_id":51384},{"type":"movie","tmdb_id":209581},{"type":"movie","tmdb_id":22215},{"type":"movie","tmdb_id":57106},{"type":"movie","tmdb_id":761753},{"type":"movie","tmdb_id":51384},{"type":"movie","tmdb_id":22215},{"type":"movie","tmdb_id":790430},{"type":"movie","tmdb_id":215408},{"type":"movie","tmdb_id":57106},{"type":"movie","tmdb_id":225055},{"type":"movie","tmdb_id":209581},{"type":"movie","tmdb_id":16523},{"type":"movie","tmdb_id":170563},{"type":"movie","tmdb_id":54612},{"type":"movie","tmdb_id":36419},{"type":"movie","tmdb_id":57903},{"type":"movie","tmdb_id":20048},{"type":"movie","tmdb_id":216604},{"type":"movie","tmdb_id":85089},{"type":"movie","tmdb_id":40854},{"type":"movie","tmdb_id":43950},{"type":"movie","tmdb_id":11322},{"type":"movie","tmdb_id":123992},{"type":"movie","tmdb_id":55684},{"type":"movie","tmdb_id":29109},{"type":"movie","tmdb_id":85089},{"type":"movie","tmdb_id":25704},{"type":"movie","tmdb_id":38842},{"type":"movie","tmdb_id":27595},{"type":"movie","tmdb_id":16257},{"type":"movie","tmdb_id":123992},{"type":"movie","tmdb_id":16866},{"type":"movie","tmdb_id":477704},{"type":"movie","tmdb_id":4959},{"type":"movie","tmdb_id":119632},{"type":"movie","tmdb_id":165586},{"type":"movie","tmdb_id":21191},{"type":"movie","tmdb_id":51123},{"type":"movie","tmdb_id":218078},{"type":"movie","tmdb_id":761753},{"type":"movie","tmdb_id":60705},{"type":"movie","tmdb_id":170563},{"type":"movie","tmdb_id":19899},{"type":"movie","tmdb_id":27960},{"type":"movie","tmdb_id":434651},{"type":"movie","tmdb_id":60705},{"type":"movie","tmdb_id":37903},{"type":"movie","tmdb_id":36419},{"type":"movie","tmdb_id":36800},{"type":"movie","tmdb_id":1182045},{"type":"movie","tmdb_id":872489},{"type":"movie","tmdb_id":300393},{"type":"movie","tmdb_id":28118},{"type":"movie","tmdb_id":22164},{"type":"movie","tmdb_id":13836},{"type":"movie","tmdb_id":20371},{"type":"movie","tmdb_id":24253},{"type":"movie","tmdb_id":49690},{"type":"movie","tmdb_id":38087},{"type":"movie","tmdb_id":21607},{"type":"movie","tmdb_id":10024},{"type":"movie","tmdb_id":19900},{"type":"movie","tmdb_id":22843},{"type":"movie","tmdb_id":724238},{"type":"movie","tmdb_id":37630},{"type":"movie","tmdb_id":16257},{"type":"movie","tmdb_id":40850},{"type":"movie","tmdb_id":255058},{"type":"movie","tmdb_id":253866},{"type":"movie","tmdb_id":60586},{"type":"movie","tmdb_id":16866},{"type":"movie","tmdb_id":98383},{"type":"movie","tmdb_id":4959},{"type":"movie","tmdb_id":489618},{"type":"movie","tmdb_id":35689},{"type":"movie","tmdb_id":26123},{"type":"movie","tmdb_id":22683},{"type":"movie","tmdb_id":8054},{"type":"movie","tmdb_id":319939},{"type":"movie","tmdb_id":37190},{"type":"movie","tmdb_id":68941},{"type":"movie","tmdb_id":21190},{"type":"movie","tmdb_id":13455},{"type":"movie","tmdb_id":24150},{"type":"movie","tmdb_id":39488},{"type":"movie","tmdb_id":26123},{"type":"movie","tmdb_id":193309},{"type":"movie","tmdb_id":102121},{"type":"movie","tmdb_id":37190},{"type":"movie","tmdb_id":982869},{"type":"movie","tmdb_id":28118},{"type":"movie","tmdb_id":271130},{"type":"movie","tmdb_id":243786},{"type":"movie","tmdb_id":68614},{"type":"movie","tmdb_id":367724},{"type":"movie","tmdb_id":979270},{"type":"movie","tmdb_id":1182045},{"type":"movie","tmdb_id":269843},{"type":"movie","tmdb_id":29150},{"type":"movie","tmdb_id":21371},{"type":"movie","tmdb_id":20856},{"type":"movie","tmdb_id":113395},{"type":"movie","tmdb_id":36800},{"type":"movie","tmdb_id":37630},{"type":"movie","tmdb_id":434651},{"type":"movie","tmdb_id":25868},{"type":"movie","tmdb_id":18826},{"type":"movie","tmdb_id":40850},{"type":"movie","tmdb_id":250394},{"type":"movie","tmdb_id":225997},{"type":"movie","tmdb_id":33120},{"type":"movie","tmdb_id":29989},{"type":"movie","tmdb_id":22155},{"type":"movie","tmdb_id":15384},{"type":"movie","tmdb_id":18487},{"type":"movie","tmdb_id":48746},{"type":"movie","tmdb_id":18533},{"type":"movie","tmdb_id":76620},{"type":"movie","tmdb_id":37897},{"type":"movie","tmdb_id":98383},{"type":"movie","tmdb_id":754344},{"type":"movie","tmdb_id":523326},{"type":"movie","tmdb_id":53520},{"type":"movie","tmdb_id":26505},{"type":"movie","tmdb_id":489618},{"type":"movie","tmdb_id":108830},{"type":"movie","tmdb_id":22897},{"type":"movie","tmdb_id":8054},{"type":"movie","tmdb_id":365899},{"type":"movie","tmdb_id":206521},{"type":"movie","tmdb_id":197490},{"type":"movie","tmdb_id":289425},{"type":"movie","tmdb_id":38810},{"type":"movie","tmdb_id":62195},{"type":"movie","tmdb_id":934333},{"type":"movie","tmdb_id":20458},{"type":"movie","tmdb_id":749577},{"type":"movie","tmdb_id":13836},{"type":"movie","tmdb_id":57001},{"type":"movie","tmdb_id":1131482},{"type":"movie","tmdb_id":123613},{"type":"movie","tmdb_id":34824},{"type":"movie","tmdb_id":1299374},{"type":"movie","tmdb_id":1542561},{"type":"movie","tmdb_id":15646},{"type":"movie","tmdb_id":1187254},{"type":"movie","tmdb_id":37007},{"type":"movie","tmdb_id":15576},{"type":"movie","tmdb_id":328454},{"type":"movie","tmdb_id":21607},{"type":"movie","tmdb_id":85462},{"type":"movie","tmdb_id":34420},{"type":"movie","tmdb_id":37583},{"type":"movie","tmdb_id":182908},{"type":"movie","tmdb_id":113555},{"type":"movie","tmdb_id":41498},{"type":"movie","tmdb_id":28465},{"type":"movie","tmdb_id":36432},{"type":"movie","tmdb_id":791245},{"type":"movie","tmdb_id":25844},{"type":"movie","tmdb_id":1137657},{"type":"movie","tmdb_id":59992},{"type":"movie","tmdb_id":472881},{"type":"movie","tmdb_id":53520},{"type":"movie","tmdb_id":37429},{"type":"movie","tmdb_id":56560},{"type":"movie","tmdb_id":21283},{"type":"movie","tmdb_id":34769},{"type":"movie","tmdb_id":310364},{"type":"movie","tmdb_id":25642},{"type":"movie","tmdb_id":41498},{"type":"movie","tmdb_id":716028},{"type":"movie","tmdb_id":479972},{"type":"movie","tmdb_id":979270},{"type":"movie","tmdb_id":26688},{"type":"movie","tmdb_id":676379},{"type":"movie","tmdb_id":16614},{"type":"movie","tmdb_id":1235625},{"type":"movie","tmdb_id":24418},{"type":"movie","tmdb_id":987582},{"type":"movie","tmdb_id":21407},{"type":"movie","tmdb_id":59399},{"type":"movie","tmdb_id":472881},{"type":"movie","tmdb_id":1187254},{"type":"movie","tmdb_id":703244},{"type":"movie","tmdb_id":323264},{"type":"movie","tmdb_id":1298288},{"type":"movie","tmdb_id":53957},{"type":"movie","tmdb_id":35436},{"type":"movie","tmdb_id":276357},{"type":"movie","tmdb_id":123613},{"type":"movie","tmdb_id":1299374},{"type":"movie","tmdb_id":760693},{"type":"movie","tmdb_id":17610},{"type":"movie","tmdb_id":419349},{"type":"movie","tmdb_id":188209},{"type":"movie","tmdb_id":22136},{"type":"movie","tmdb_id":998959},{"type":"movie","tmdb_id":179315},{"type":"movie","tmdb_id":36698},{"type":"movie","tmdb_id":352514},{"type":"movie","tmdb_id":263569},{"type":"movie","tmdb_id":286781},{"type":"movie","tmdb_id":1137657},{"type":"movie","tmdb_id":34279},{"type":"movie","tmdb_id":40664},{"type":"movie","tmdb_id":23348},{"type":"movie","tmdb_id":1378745},{"type":"movie","tmdb_id":224199},{"type":"movie","tmdb_id":28764},{"type":"movie","tmdb_id":384503},{"type":"movie","tmdb_id":279748},{"type":"movie","tmdb_id":23382},{"type":"movie","tmdb_id":46217},{"type":"movie","tmdb_id":444552},{"type":"movie","tmdb_id":857976},{"type":"movie","tmdb_id":507371},{"type":"movie","tmdb_id":17335},{"type":"movie","tmdb_id":19543},{"type":"movie","tmdb_id":934333},{"type":"movie","tmdb_id":564168},{"type":"movie","tmdb_id":26736},{"type":"movie","tmdb_id":330927},{"type":"movie","tmdb_id":365899},{"type":"movie","tmdb_id":22620},{"type":"movie","tmdb_id":23128},{"type":"movie","tmdb_id":1119940},{"type":"movie","tmdb_id":201129},{"type":"movie","tmdb_id":18126},{"type":"movie","tmdb_id":1313047},{"type":"movie","tmdb_id":294076},{"type":"movie","tmdb_id":1194501},{"type":"movie","tmdb_id":345309},{"type":"movie","tmdb_id":55638},{"type":"movie","tmdb_id":394305},{"type":"movie","tmdb_id":275568},{"type":"movie","tmdb_id":404001},{"type":"movie","tmdb_id":14254},{"type":"movie","tmdb_id":981394},{"type":"movie","tmdb_id":351730},{"type":"movie","tmdb_id":687901},{"type":"movie","tmdb_id":43669},{"type":"movie","tmdb_id":33926},{"type":"movie","tmdb_id":672911},{"type":"movie","tmdb_id":55007},{"type":"movie","tmdb_id":28227},{"type":"movie","tmdb_id":23566},{"type":"movie","tmdb_id":15384},{"type":"movie","tmdb_id":1210080},{"type":"movie","tmdb_id":41871},{"type":"movie","tmdb_id":408148},{"type":"movie","tmdb_id":100126},{"type":"movie","tmdb_id":989445},{"type":"movie","tmdb_id":757482},{"type":"movie","tmdb_id":1018398},{"type":"movie","tmdb_id":1131482},{"type":"movie","tmdb_id":444362},{"type":"movie","tmdb_id":791715},{"type":"movie","tmdb_id":202723},{"type":"movie","tmdb_id":26430},{"type":"movie","tmdb_id":237958},{"type":"movie","tmdb_id":32005},{"type":"movie","tmdb_id":19969},{"type":"movie","tmdb_id":142754},{"type":"movie","tmdb_id":258023},{"type":"movie","tmdb_id":266711},{"type":"movie","tmdb_id":35720},{"type":"movie","tmdb_id":28473},{"type":"movie","tmdb_id":120252},{"type":"movie","tmdb_id":899880},{"type":"movie","tmdb_id":100554},{"type":"movie","tmdb_id":491125},{"type":"movie","tmdb_id":955243},{"type":"movie","tmdb_id":37980},{"type":"movie","tmdb_id":512939},{"type":"movie","tmdb_id":381136},{"type":"movie","tmdb_id":4597},{"type":"movie","tmdb_id":201094},{"type":"movie","tmdb_id":352752},{"type":"movie","tmdb_id":73202},{"type":"movie","tmdb_id":28874},{"type":"movie","tmdb_id":451998},{"type":"movie","tmdb_id":25478},{"type":"movie","tmdb_id":25844},{"type":"movie","tmdb_id":31337},{"type":"movie","tmdb_id":66113},{"type":"movie","tmdb_id":22954},{"type":"movie","tmdb_id":8373},{"type":"movie","tmdb_id":777427},{"type":"movie","tmdb_id":1281795},{"type":"movie","tmdb_id":723063},{"type":"movie","tmdb_id":479729},{"type":"movie","tmdb_id":545661},{"type":"movie","tmdb_id":93285},{"type":"movie","tmdb_id":497143},{"type":"movie","tmdb_id":26809},{"type":"movie","tmdb_id":316050},{"type":"movie","tmdb_id":324520},{"type":"movie","tmdb_id":1088903},{"type":"movie","tmdb_id":324124},{"type":"movie","tmdb_id":24056},{"type":"movie","tmdb_id":236667},{"type":"movie","tmdb_id":71883},{"type":"movie","tmdb_id":15576},{"type":"movie","tmdb_id":72852},{"type":"movie","tmdb_id":830857},{"type":"movie","tmdb_id":29917},{"type":"movie","tmdb_id":340075},{"type":"movie","tmdb_id":305243},{"type":"movie","tmdb_id":34703},{"type":"movie","tmdb_id":19840},{"type":"movie","tmdb_id":496747},{"type":"movie","tmdb_id":80831},{"type":"movie","tmdb_id":24821},{"type":"movie","tmdb_id":363180},{"type":"movie","tmdb_id":18162},{"type":"movie","tmdb_id":157763},{"type":"movie","tmdb_id":40537},{"type":"movie","tmdb_id":21575},{"type":"movie","tmdb_id":677691},{"type":"movie","tmdb_id":51853},{"type":"movie","tmdb_id":295148},{"type":"movie","tmdb_id":197490},{"type":"movie","tmdb_id":21167},{"type":"movie","tmdb_id":240873},{"type":"movie","tmdb_id":1067636},{"type":"movie","tmdb_id":1060250},{"type":"movie","tmdb_id":262501},{"type":"movie","tmdb_id":33296},{"type":"movie","tmdb_id":66178},{"type":"movie","tmdb_id":17959},{"type":"movie","tmdb_id":25983},{"type":"movie","tmdb_id":25405},{"type":"movie","tmdb_id":716806},{"type":"movie","tmdb_id":18557},{"type":"movie","tmdb_id":58450},{"type":"movie","tmdb_id":83351},{"type":"movie","tmdb_id":286083},{"type":"movie","tmdb_id":128184},{"type":"movie","tmdb_id":464248},{"type":"movie","tmdb_id":259598},{"type":"movie","tmdb_id":190699},{"type":"movie","tmdb_id":26835},{"type":"movie","tmdb_id":74024},{"type":"movie","tmdb_id":531805},{"type":"movie","tmdb_id":177140},{"type":"movie","tmdb_id":17413},{"type":"movie","tmdb_id":34696},{"type":"movie","tmdb_id":792812},{"type":"movie","tmdb_id":24024},{"type":"movie","tmdb_id":1417466},{"type":"movie","tmdb_id":19556},{"type":"movie","tmdb_id":1374169},{"type":"movie","tmdb_id":24385},{"type":"movie","tmdb_id":260975},{"type":"movie","tmdb_id":121291},{"type":"movie","tmdb_id":329774},{"type":"movie","tmdb_id":137637},{"type":"movie","tmdb_id":791633},{"type":"movie","tmdb_id":36628},{"type":"movie","tmdb_id":291420},{"type":"movie","tmdb_id":417743},{"type":"movie","tmdb_id":58079},{"type":"movie","tmdb_id":436604},{"type":"movie","tmdb_id":674059},{"type":"movie","tmdb_id":943576},{"type":"movie","tmdb_id":32124},{"type":"movie","tmdb_id":26171},{"type":"movie","tmdb_id":330611},{"type":"movie","tmdb_id":602576},{"type":"movie","tmdb_id":817791},{"type":"movie","tmdb_id":59957},{"type":"movie","tmdb_id":10313},{"type":"movie","tmdb_id":186324},{"type":"movie","tmdb_id":1229027},{"type":"movie","tmdb_id":23706},{"type":"movie","tmdb_id":26986},{"type":"movie","tmdb_id":413861},{"type":"movie","tmdb_id":209313},{"type":"movie","tmdb_id":268362},{"type":"movie","tmdb_id":24803},{"type":"movie","tmdb_id":1388093},{"type":"movie","tmdb_id":185015},{"type":"movie","tmdb_id":675601},{"type":"movie","tmdb_id":367762},{"type":"movie","tmdb_id":41339},{"type":"movie","tmdb_id":154547},{"type":"movie","tmdb_id":14164},{"type":"movie","tmdb_id":49926},{"type":"movie","tmdb_id":34749},{"type":"movie","tmdb_id":37849},{"type":"movie","tmdb_id":316682},{"type":"movie","tmdb_id":1324937},{"type":"movie","tmdb_id":1413215},{"type":"movie","tmdb_id":33091},{"type":"movie","tmdb_id":22855},{"type":"movie","tmdb_id":255711},{"type":"movie","tmdb_id":1977},{"type":"movie","tmdb_id":54181},{"type":"movie","tmdb_id":364589},{"type":"movie","tmdb_id":923602},{"type":"movie","tmdb_id":579478},{"type":"movie","tmdb_id":753983},{"type":"movie","tmdb_id":25196},{"type":"movie","tmdb_id":1379281},{"type":"movie","tmdb_id":569066},{"type":"movie","tmdb_id":20029},{"type":"movie","tmdb_id":39373},{"type":"movie","tmdb_id":26963},{"type":"movie","tmdb_id":917257},{"type":"movie","tmdb_id":15189},{"type":"movie","tmdb_id":383005},{"type":"movie","tmdb_id":578353},{"type":"movie","tmdb_id":262964},{"type":"movie","tmdb_id":347312},{"type":"movie","tmdb_id":874651},{"type":"movie","tmdb_id":364731},{"type":"movie","tmdb_id":16272},{"type":"movie","tmdb_id":1182341},{"type":"movie","tmdb_id":969980},{"type":"movie","tmdb_id":15357},{"type":"movie","tmdb_id":25602},{"type":"movie","tmdb_id":533129},{"type":"movie","tmdb_id":116583},{"type":"movie","tmdb_id":17046},{"type":"movie","tmdb_id":656301},{"type":"movie","tmdb_id":41203},{"type":"movie","tmdb_id":878825},{"type":"movie","tmdb_id":51517},{"type":"movie","tmdb_id":330509},{"type":"movie","tmdb_id":428383},{"type":"movie","tmdb_id":854831},{"type":"movie","tmdb_id":94340},{"type":"movie","tmdb_id":15359},{"type":"movie","tmdb_id":111088},{"type":"movie","tmdb_id":361434},{"type":"movie","tmdb_id":240774},{"type":"movie","tmdb_id":23488},{"type":"movie","tmdb_id":22536},{"type":"movie","tmdb_id":755168},{"type":"movie","tmdb_id":41232},{"type":"movie","tmdb_id":345562},{"type":"movie","tmdb_id":8895}]}