{"ts":1771271830,"year":"2023","mode":"movie","candidates":[{"type":"movie","tmdb_id":666433},{"type":"movie","tmdb_id":1097046},{"type":"movie","tmdb_id":1010581},{"type":"movie","tmdb_id":569094},{"type":"movie","tmdb_id":872585},{"type":"movie","tmdb_id":346698},{"type":"movie","tmdb_id":502356},{"type":"movie","tmdb_id":447365},{"type":"movie","tmdb_id":603692},{"type":"movie","tmdb_id":575264},{"type":"movie","tmdb_id":507089},{"type":"movie","tmdb_id":385687},{"type":"movie","tmdb_id":298618},{"type":"movie","tmdb_id":1072790},{"type":"movie","tmdb_id":572802},{"type":"movie","tmdb_id":667538},{"type":"movie","tmdb_id":934433},{"type":"movie","tmdb_id":299054},{"type":"movie","tmdb_id":447277},{"type":"movie","tmdb_id":868759},{"type":"movie","tmdb_id":1152491},{"type":"movie","tmdb_id":882569},{"type":"movie","tmdb_id":792307},{"type":"movie","tmdb_id":615656},{"type":"movie","tmdb_id":466420},{"type":"movie","tmdb_id":1029575},{"type":"movie","tmdb_id":335977},{"type":"movie","tmdb_id":787699},{"type":"movie","tmdb_id":640146},{"type":"movie","tmdb_id":976573},{"type":"movie","tmdb_id":508883},{"type":"movie","tmdb_id":940551},{"type":"movie","tmdb_id":1078023},{"type":"movie","tmdb_id":940721},{"type":"movie","tmdb_id":926393},{"type":"movie","tmdb_id":753342},{"type":"movie","tmdb_id":695721},{"type":"movie","tmdb_id":670292},{"type":"movie","tmdb_id":980489},{"type":"movie","tmdb_id":493529},{"type":"movie","tmdb_id":930564},{"type":"movie","tmdb_id":1181678},{"type":"movie","tmdb_id":666277},{"type":"movie","tmdb_id":897087},{"type":"movie","tmdb_id":594767},{"type":"movie","tmdb_id":1134055},{"type":"movie","tmdb_id":609681},{"type":"movie","tmdb_id":565770},{"type":"movie","tmdb_id":1064312},{"type":"movie","tmdb_id":951491},{"type":"movie","tmdb_id":678512},{"type":"movie","tmdb_id":893723},{"type":"movie","tmdb_id":467244},{"type":"movie","tmdb_id":877703},{"type":"movie","tmdb_id":1022796},{"type":"movie","tmdb_id":713704},{"type":"movie","tmdb_id":747188},{"type":"movie","tmdb_id":945729},{"type":"movie","tmdb_id":1083862},{"type":"movie","tmdb_id":944401},{"type":"movie","tmdb_id":980026},{"type":"movie","tmdb_id":884605},{"type":"movie","tmdb_id":717930},{"type":"movie","tmdb_id":897160},{"type":"movie","tmdb_id":814776},{"type":"movie","tmdb_id":1117061},{"type":"movie","tmdb_id":800158},{"type":"movie","tmdb_id":697843},{"type":"movie","tmdb_id":739405},{"type":"movie","tmdb_id":677179},{"type":"movie","tmdb_id":930094},{"type":"movie","tmdb_id":1008042},{"type":"movie","tmdb_id":1173558},{"type":"movie","tmdb_id":1050035},{"type":"movie","tmdb_id":976893},{"type":"movie","tmdb_id":520758},{"type":"movie","tmdb_id":856289},{"type":"movie","tmdb_id":957314},{"type":"movie","tmdb_id":1057491},{"type":"movie","tmdb_id":614930},{"type":"movie","tmdb_id":1071215},{"type":"movie","tmdb_id":558915},{"type":"movie","tmdb_id":968051},{"type":"movie","tmdb_id":1040148},{"type":"movie","tmdb_id":964980},{"type":"movie","tmdb_id":915935},{"type":"movie","tmdb_id":646389},{"type":"movie","tmdb_id":734002},{"type":"movie","tmdb_id":723347},{"type":"movie","tmdb_id":1064551},{"type":"movie","tmdb_id":1075536},{"type":"movie","tmdb_id":856289},{"type":"movie","tmdb_id":420808},{"type":"movie","tmdb_id":866463},{"type":"movie","tmdb_id":809787},{"type":"movie","tmdb_id":983044},{"type":"movie","tmdb_id":1062807},{"type":"movie","tmdb_id":1096563},{"type":"movie","tmdb_id":1075515},{"type":"movie","tmdb_id":842544},{"type":"movie","tmdb_id":983044},{"type":"movie","tmdb_id":593341},{"type":"movie","tmdb_id":646389},{"type":"movie","tmdb_id":816904},{"type":"movie","tmdb_id":536437},{"type":"movie","tmdb_id":1135873},{"type":"movie","tmdb_id":842544},{"type":"movie","tmdb_id":913673},{"type":"movie","tmdb_id":1075536},{"type":"movie","tmdb_id":620705},{"type":"movie","tmdb_id":1020006},{"type":"movie","tmdb_id":1158706},{"type":"movie","tmdb_id":734002},{"type":"movie","tmdb_id":1494265},{"type":"movie","tmdb_id":1063422},{"type":"movie","tmdb_id":809787},{"type":"movie","tmdb_id":1169765},{"type":"movie","tmdb_id":638974},{"type":"movie","tmdb_id":955555},{"type":"movie","tmdb_id":1172676},{"type":"movie","tmdb_id":955555},{"type":"movie","tmdb_id":1172676},{"type":"movie","tmdb_id":823482},{"type":"movie","tmdb_id":901362},{"type":"movie","tmdb_id":1197633},{"type":"movie","tmdb_id":866463},{"type":"movie","tmdb_id":961331},{"type":"movie","tmdb_id":804150},{"type":"movie","tmdb_id":1075794},{"type":"movie","tmdb_id":1147542},{"type":"movie","tmdb_id":1383330},{"type":"movie","tmdb_id":974931},{"type":"movie","tmdb_id":762430},{"type":"movie","tmdb_id":842945},{"type":"movie","tmdb_id":1190586},{"type":"movie","tmdb_id":1027867},{"type":"movie","tmdb_id":760774},{"type":"movie","tmdb_id":820609},{"type":"movie","tmdb_id":956262},{"type":"movie","tmdb_id":1068607},{"type":"movie","tmdb_id":820525},{"type":"movie","tmdb_id":990140},{"type":"movie","tmdb_id":1060060},{"type":"movie","tmdb_id":631842},{"type":"movie","tmdb_id":1209575},{"type":"movie","tmdb_id":943930},{"type":"movie","tmdb_id":758323},{"type":"movie","tmdb_id":839369},{"type":"movie","tmdb_id":912908},{"type":"movie","tmdb_id":796185},{"type":"movie","tmdb_id":1258405},{"type":"movie","tmdb_id":1019444},{"type":"movie","tmdb_id":744857},{"type":"movie","tmdb_id":1058619},{"type":"movie","tmdb_id":982932},{"type":"movie","tmdb_id":1213199},{"type":"movie","tmdb_id":1177908},{"type":"movie","tmdb_id":932738},{"type":"movie","tmdb_id":961268},{"type":"movie","tmdb_id":800279},{"type":"movie","tmdb_id":1170944},{"type":"movie","tmdb_id":838240},{"type":"movie","tmdb_id":1196632},{"type":"movie","tmdb_id":724209},{"type":"movie","tmdb_id":1160164},{"type":"movie","tmdb_id":552688},{"type":"movie","tmdb_id":850165},{"type":"movie","tmdb_id":843394},{"type":"movie","tmdb_id":676727},{"type":"movie","tmdb_id":961718},{"type":"movie","tmdb_id":872906},{"type":"movie","tmdb_id":1055077},{"type":"movie","tmdb_id":527969},{"type":"movie","tmdb_id":941019},{"type":"movie","tmdb_id":807172},{"type":"movie","tmdb_id":960082},{"type":"movie","tmdb_id":760245},{"type":"movie","tmdb_id":1151534},{"type":"movie","tmdb_id":1193662},{"type":"movie","tmdb_id":700391},{"type":"movie","tmdb_id":1029634},{"type":"movie","tmdb_id":1140692},{"type":"movie","tmdb_id":1220565},{"type":"movie","tmdb_id":878361},{"type":"movie","tmdb_id":1052025},{"type":"movie","tmdb_id":842675},{"type":"movie","tmdb_id":915523},{"type":"movie","tmdb_id":957752},{"type":"movie","tmdb_id":1115396},{"type":"movie","tmdb_id":1056803},{"type":"movie","tmdb_id":1103501},{"type":"movie","tmdb_id":1103856},{"type":"movie","tmdb_id":988078},{"type":"movie","tmdb_id":643215},{"type":"movie","tmdb_id":783427},{"type":"movie","tmdb_id":812225},{"type":"movie","tmdb_id":1118824},{"type":"movie","tmdb_id":635910},{"type":"movie","tmdb_id":1210234},{"type":"movie","tmdb_id":1157275},{"type":"movie","tmdb_id":1150112},{"type":"movie","tmdb_id":722149},{"type":"movie","tmdb_id":1215316},{"type":"movie","tmdb_id":1186661},{"type":"movie","tmdb_id":986263},{"type":"movie","tmdb_id":1039757},{"type":"movie","tmdb_id":614479},{"type":"movie","tmdb_id":1080980},{"type":"movie","tmdb_id":974320},{"type":"movie","tmdb_id":976923},{"type":"movie","tmdb_id":459003},{"type":"movie","tmdb_id":1094481},{"type":"movie","tmdb_id":1200071},{"type":"movie","tmdb_id":994143},{"type":"movie","tmdb_id":1145758},{"type":"movie","tmdb_id":1130818},{"type":"movie","tmdb_id":1183886},{"type":"movie","tmdb_id":1185652},{"type":"movie","tmdb_id":817471},{"type":"movie","tmdb_id":881164},{"type":"movie","tmdb_id":961323},{"type":"movie","tmdb_id":1064451},{"type":"movie","tmdb_id":1189798},{"type":"movie","tmdb_id":1134754},{"type":"movie","tmdb_id":1026463},{"type":"movie","tmdb_id":772515},{"type":"movie","tmdb_id":994108},{"type":"movie","tmdb_id":753336},{"type":"movie","tmdb_id":987257},{"type":"movie","tmdb_id":999125},{"type":"movie","tmdb_id":937249},{"type":"movie","tmdb_id":1143319},{"type":"movie","tmdb_id":1070463},{"type":"movie","tmdb_id":1235727},{"type":"movie","tmdb_id":948713},{"type":"movie","tmdb_id":845111},{"type":"movie","tmdb_id":781732},{"type":"movie","tmdb_id":1199878},{"type":"movie","tmdb_id":959005},{"type":"movie","tmdb_id":726759},{"type":"movie","tmdb_id":709631},{"type":"movie","tmdb_id":1068427},{"type":"movie","tmdb_id":1131198},{"type":"movie","tmdb_id":458662},{"type":"movie","tmdb_id":1077670},{"type":"movie","tmdb_id":1084145},{"type":"movie","tmdb_id":1047041},{"type":"movie","tmdb_id":1076364},{"type":"movie","tmdb_id":1110358},{"type":"movie","tmdb_id":940241},{"type":"movie","tmdb_id":649609},{"type":"movie","tmdb_id":1194025},{"type":"movie","tmdb_id":798021},{"type":"movie","tmdb_id":1027389},{"type":"movie","tmdb_id":1180262},{"type":"movie","tmdb_id":936374},{"type":"movie","tmdb_id":1211494},{"type":"movie","tmdb_id":1094403},{"type":"movie","tmdb_id":605886},{"type":"movie","tmdb_id":502345},{"type":"movie","tmdb_id":1162791},{"type":"movie","tmdb_id":1243309},{"type":"movie","tmdb_id":458662},{"type":"movie","tmdb_id":1071815},{"type":"movie","tmdb_id":1032681},{"type":"movie","tmdb_id":1027073},{"type":"movie","tmdb_id":667216},{"type":"movie","tmdb_id":1027269},{"type":"movie","tmdb_id":976830},{"type":"movie","tmdb_id":843889},{"type":"movie","tmdb_id":1154269},{"type":"movie","tmdb_id":616747},{"type":"movie","tmdb_id":1034886},{"type":"movie","tmdb_id":740049},{"type":"movie","tmdb_id":365620},{"type":"movie","tmdb_id":1072567},{"type":"movie","tmdb_id":1073079},{"type":"movie","tmdb_id":1124717},{"type":"movie","tmdb_id":964819},{"type":"movie","tmdb_id":1135847},{"type":"movie","tmdb_id":1146143},{"type":"movie","tmdb_id":790493},{"type":"movie","tmdb_id":1135630},{"type":"movie","tmdb_id":758769},{"type":"movie","tmdb_id":1056234},{"type":"movie","tmdb_id":1266251},{"type":"movie","tmdb_id":1157960},{"type":"movie","tmdb_id":1181403},{"type":"movie","tmdb_id":1127235},{"type":"movie","tmdb_id":1189547},{"type":"movie","tmdb_id":1132302},{"type":"movie","tmdb_id":1015303},{"type":"movie","tmdb_id":1039690},{"type":"movie","tmdb_id":792293},{"type":"movie","tmdb_id":1243172},{"type":"movie","tmdb_id":1266361},{"type":"movie","tmdb_id":1197031},{"type":"movie","tmdb_id":768362},{"type":"movie","tmdb_id":1130439},{"type":"movie","tmdb_id":965657},{"type":"movie","tmdb_id":891699},{"type":"movie","tmdb_id":770906},{"type":"movie","tmdb_id":845659},{"type":"movie","tmdb_id":1087621},{"type":"movie","tmdb_id":1303090},{"type":"movie","tmdb_id":1243309},{"type":"movie","tmdb_id":1154864},{"type":"movie","tmdb_id":1144827},{"type":"movie","tmdb_id":1083929},{"type":"movie","tmdb_id":1203097},{"type":"movie","tmdb_id":763165},{"type":"movie","tmdb_id":1155067},{"type":"movie","tmdb_id":1157991},{"type":"movie","tmdb_id":1058906},{"type":"movie","tmdb_id":1065250},{"type":"movie","tmdb_id":1013221},{"type":"movie","tmdb_id":1175302},{"type":"movie","tmdb_id":1073125},{"type":"movie","tmdb_id":1098249},{"type":"movie","tmdb_id":936472},{"type":"movie","tmdb_id":1144738},{"type":"movie","tmdb_id":1010928},{"type":"movie","tmdb_id":1071107},{"type":"movie","tmdb_id":1053544},{"type":"movie","tmdb_id":1225367},{"type":"movie","tmdb_id":982506},{"type":"movie","tmdb_id":1116298},{"type":"movie","tmdb_id":1004290},{"type":"movie","tmdb_id":1202364},{"type":"movie","tmdb_id":1148643},{"type":"movie","tmdb_id":1291499},{"type":"movie","tmdb_id":976581},{"type":"movie","tmdb_id":1085108},{"type":"movie","tmdb_id":1275849},{"type":"movie","tmdb_id":1083322},{"type":"movie","tmdb_id":1109146},{"type":"movie","tmdb_id":1025881},{"type":"movie","tmdb_id":862557},{"type":"movie","tmdb_id":983282},{"type":"movie","tmdb_id":1063639},{"type":"movie","tmdb_id":1304145},{"type":"movie","tmdb_id":1301116},{"type":"movie","tmdb_id":1171612},{"type":"movie","tmdb_id":643885},{"type":"movie","tmdb_id":1068452},{"type":"movie","tmdb_id":899445},{"type":"movie","tmdb_id":986677},{"type":"movie","tmdb_id":980279},{"type":"movie","tmdb_id":1192961},{"type":"movie","tmdb_id":939335},{"type":"movie","tmdb_id":1073547},{"type":"movie","tmdb_id":647121},{"type":"movie","tmdb_id":1220070},{"type":"movie","tmdb_id":1150580},{"type":"movie","tmdb_id":921636},{"type":"movie","tmdb_id":746524},{"type":"movie","tmdb_id":925113},{"type":"movie","tmdb_id":1372555},{"type":"movie","tmdb_id":832502},{"type":"movie","tmdb_id":1057835},{"type":"movie","tmdb_id":1287766},{"type":"movie","tmdb_id":1393850},{"type":"movie","tmdb_id":1177411},{"type":"movie","tmdb_id":908327},{"type":"movie","tmdb_id":1087205},{"type":"movie","tmdb_id":939338},{"type":"movie","tmdb_id":1219066},{"type":"movie","tmdb_id":1230630},{"type":"movie","tmdb_id":1196656},{"type":"movie","tmdb_id":1184276},{"type":"movie","tmdb_id":1210293},{"type":"movie","tmdb_id":1211223},{"type":"movie","tmdb_id":980996},{"type":"movie","tmdb_id":1134865},{"type":"movie","tmdb_id":457332},{"type":"movie","tmdb_id":1444018},{"type":"movie","tmdb_id":1084742},{"type":"movie","tmdb_id":1076168},{"type":"movie","tmdb_id":1139819},{"type":"movie","tmdb_id":888768},{"type":"movie","tmdb_id":1153080},{"type":"movie","tmdb_id":1134521},{"type":"movie","tmdb_id":1109456},{"type":"movie","tmdb_id":852436},{"type":"movie","tmdb_id":843843},{"type":"movie","tmdb_id":958234},{"type":"movie","tmdb_id":1221896},{"type":"movie","tmdb_id":927107},{"type":"movie","tmdb_id":1362105},{"type":"movie","tmdb_id":1098938},{"type":"movie","tmdb_id":1070254},{"type":"movie","tmdb_id":478530},{"type":"movie","tmdb_id":818721},{"type":"movie","tmdb_id":1100094},{"type":"movie","tmdb_id":1168560},{"type":"movie","tmdb_id":1034119},{"type":"movie","tmdb_id":932430},{"type":"movie","tmdb_id":1269981},{"type":"movie","tmdb_id":1174411},{"type":"movie","tmdb_id":798286},{"type":"movie","tmdb_id":1095460},{"type":"movie","tmdb_id":1032666},{"type":"movie","tmdb_id":1056360},{"type":"movie","tmdb_id":1093354},{"type":"movie","tmdb_id":1181817},{"type":"movie","tmdb_id":1139116},{"type":"movie","tmdb_id":848187},{"type":"movie","tmdb_id":972230},{"type":"movie","tmdb_id":925615},{"type":"movie","tmdb_id":1086268},{"type":"movie","tmdb_id":1181039},{"type":"movie","tmdb_id":1114579},{"type":"movie","tmdb_id":1197856},{"type":"movie","tmdb_id":1000094},{"type":"movie","tmdb_id":1105579},{"type":"movie","tmdb_id":1152767},{"type":"movie","tmdb_id":995757},{"type":"movie","tmdb_id":1198092},{"type":"movie","tmdb_id":1097517},{"type":"movie","tmdb_id":884184},{"type":"movie","tmdb_id":1016121},{"type":"movie","tmdb_id":756044},{"type":"movie","tmdb_id":1190712},{"type":"movie","tmdb_id":767663},{"type":"movie","tmdb_id":1105212},{"type":"movie","tmdb_id":937738},{"type":"movie","tmdb_id":1208884},{"type":"movie","tmdb_id":900309},{"type":"movie","tmdb_id":1117388},{"type":"movie","tmdb_id":1034940},{"type":"movie","tmdb_id":1139231},{"type":"movie","tmdb_id":1181542},{"type":"movie","tmdb_id":1299672},{"type":"movie","tmdb_id":808396},{"type":"movie","tmdb_id":1168931},{"type":"movie","tmdb_id":1171320},{"type":"movie","tmdb_id":1119744},{"type":"movie","tmdb_id":1039641},{"type":"movie","tmdb_id":1199670},{"type":"movie","tmdb_id":1069327},{"type":"movie","tmdb_id":1143512},{"type":"movie","tmdb_id":1128692},{"type":"movie","tmdb_id":1233564},{"type":"movie","tmdb_id":626332},{"type":"movie","tmdb_id":994887},{"type":"movie","tmdb_id":1167913},{"type":"movie","tmdb_id":1152306},{"type":"movie","tmdb_id":527832},{"type":"movie","tmdb_id":1018754},{"type":"movie","tmdb_id":1070885},{"type":"movie","tmdb_id":923939},{"type":"movie","tmdb_id":1011119},{"type":"movie","tmdb_id":758336},{"type":"movie","tmdb_id":745993},{"type":"movie","tmdb_id":1182215},{"type":"movie","tmdb_id":1167985},{"type":"movie","tmdb_id":870358},{"type":"movie","tmdb_id":1141178},{"type":"movie","tmdb_id":1212114},{"type":"movie","tmdb_id":1200630},{"type":"movie","tmdb_id":1175873},{"type":"movie","tmdb_id":1178876},{"type":"movie","tmdb_id":1192089},{"type":"movie","tmdb_id":1138749},{"type":"movie","tmdb_id":1187050},{"type":"movie","tmdb_id":1075175},{"type":"movie","tmdb_id":1189126},{"type":"movie","tmdb_id":826805},{"type":"movie","tmdb_id":992787},{"type":"movie","tmdb_id":1120558},{"type":"movie","tmdb_id":962852},{"type":"movie","tmdb_id":1169207},{"type":"movie","tmdb_id":1144962},{"type":"movie","tmdb_id":1090694},{"type":"movie","tmdb_id":1194620},{"type":"movie","tmdb_id":1109317},{"type":"movie","tmdb_id":1250625},{"type":"movie","tmdb_id":852783},{"type":"movie","tmdb_id":1140787},{"type":"movie","tmdb_id":983073},{"type":"movie","tmdb_id":1033470},{"type":"movie","tmdb_id":792614},{"type":"movie","tmdb_id":1158855},{"type":"movie","tmdb_id":1201395},{"type":"movie","tmdb_id":1116353},{"type":"movie","tmdb_id":667710},{"type":"movie","tmdb_id":1109649},{"type":"movie","tmdb_id":1114191},{"type":"movie","tmdb_id":1132260},{"type":"movie","tmdb_id":1101344},{"type":"movie","tmdb_id":1153239},{"type":"movie","tmdb_id":1086990},{"type":"movie","tmdb_id":1178383},{"type":"movie","tmdb_id":1139087},{"type":"movie","tmdb_id":1179034},{"type":"movie","tmdb_id":1168320},{"type":"movie","tmdb_id":1215094},{"type":"movie","tmdb_id":1161340},{"type":"movie","tmdb_id":989473},{"type":"movie","tmdb_id":1055134},{"type":"movie","tmdb_id":1059811},{"type":"movie","tmdb_id":717980},{"type":"movie","tmdb_id":1145612},{"type":"movie","tmdb_id":1137207},{"type":"movie","tmdb_id":1285049},{"type":"movie","tmdb_id":995034},{"type":"movie","tmdb_id":919207},{"type":"movie","tmdb_id":1099040},{"type":"movie","tmdb_id":1205036},{"type":"movie","tmdb_id":976553},{"type":"movie","tmdb_id":943165},{"type":"movie","tmdb_id":961256},{"type":"movie","tmdb_id":1194599},{"type":"movie","tmdb_id":864692},{"type":"movie","tmdb_id":1126389},{"type":"movie","tmdb_id":1127227},{"type":"movie","tmdb_id":1035059},{"type":"movie","tmdb_id":1120996},{"type":"movie","tmdb_id":1196244},{"type":"movie","tmdb_id":1107175},{"type":"movie","tmdb_id":845783},{"type":"movie","tmdb_id":1077399},{"type":"movie","tmdb_id":1071561},{"type":"movie","tmdb_id":1417218},{"type":"movie","tmdb_id":1422717},{"type":"movie","tmdb_id":736769},{"type":"movie","tmdb_id":1143746},{"type":"movie","tmdb_id":1114861},{"type":"movie","tmdb_id":1077280},{"type":"movie","tmdb_id":1154352},{"type":"movie","tmdb_id":1108490},{"type":"movie","tmdb_id":1158332},{"type":"movie","tmdb_id":1151627},{"type":"movie","tmdb_id":986280},{"type":"movie","tmdb_id":866413},{"type":"movie","tmdb_id":1020910},{"type":"movie","tmdb_id":1053836},{"type":"movie","tmdb_id":1353659},{"type":"movie","tmdb_id":1367854},{"type":"movie","tmdb_id":1132793},{"type":"movie","tmdb_id":1072528},{"type":"movie","tmdb_id":1195553},{"type":"movie","tmdb_id":1204156},{"type":"movie","tmdb_id":934153},{"type":"movie","tmdb_id":1027159},{"type":"movie","tmdb_id":1203799},{"type":"movie","tmdb_id":1252397},{"type":"movie","tmdb_id":1148460},{"type":"movie","tmdb_id":1057001},{"type":"movie","tmdb_id":1153764},{"type":"movie","tmdb_id":1143190},{"type":"movie","tmdb_id":1119575},{"type":"movie","tmdb_id":1157132},{"type":"movie","tmdb_id":1205025},{"type":"movie","tmdb_id":1092806},{"type":"movie","tmdb_id":507532},{"type":"movie","tmdb_id":1127635},{"type":"movie","tmdb_id":1017796},{"type":"movie","tmdb_id":664341},{"type":"movie","tmdb_id":1077279},{"type":"movie","tmdb_id":1104175},{"type":"movie","tmdb_id":1064647},{"type":"movie","tmdb_id":1395155},{"type":"movie","tmdb_id":823452},{"type":"movie","tmdb_id":663036},{"type":"movie","tmdb_id":1076446},{"type":"movie","tmdb_id":1072799},{"type":"movie","tmdb_id":326316},{"type":"movie","tmdb_id":1069153},{"type":"movie","tmdb_id":1276976},{"type":"movie","tmdb_id":1406503},{"type":"movie","tmdb_id":1078920},{"type":"movie","tmdb_id":975902},{"type":"movie","tmdb_id":862552},{"type":"movie","tmdb_id":1056237},{"type":"movie","tmdb_id":1032115},{"type":"movie","tmdb_id":996933},{"type":"movie","tmdb_id":1007337},{"type":"movie","tmdb_id":1128001},{"type":"movie","tmdb_id":1099930},{"type":"movie","tmdb_id":1388378},{"type":"movie","tmdb_id":1205278},{"type":"movie","tmdb_id":1387037},{"type":"movie","tmdb_id":1492049},{"type":"movie","tmdb_id":1082220},{"type":"movie","tmdb_id":849869},{"type":"movie","tmdb_id":1184431},{"type":"movie","tmdb_id":1056102},{"type":"movie","tmdb_id":986070},{"type":"movie","tmdb_id":1106717},{"type":"movie","tmdb_id":1147765},{"type":"movie","tmdb_id":848887},{"type":"movie","tmdb_id":1151162},{"type":"movie","tmdb_id":1173635},{"type":"movie","tmdb_id":985617},{"type":"movie","tmdb_id":1257623},{"type":"movie","tmdb_id":1241063},{"type":"movie","tmdb_id":1417208},{"type":"movie","tmdb_id":1022964},{"type":"movie","tmdb_id":837335}]}