{"ts":1771085808,"year":"2017","mode":"tv","candidates":[{"type":"tv","tmdb_id":71712},{"type":"tv","tmdb_id":71790},{"type":"tv","tmdb_id":71728},{"type":"tv","tmdb_id":79481},{"type":"tv","tmdb_id":69050},{"type":"tv","tmdb_id":67198},{"type":"tv","tmdb_id":71789},{"type":"tv","tmdb_id":69478},{"type":"tv","tmdb_id":69158},{"type":"tv","tmdb_id":71738},{"type":"tv","tmdb_id":70523},{"type":"tv","tmdb_id":69740},{"type":"tv","tmdb_id":66788},{"type":"tv","tmdb_id":74204},{"type":"tv","tmdb_id":72350},{"type":"tv","tmdb_id":71694},{"type":"tv","tmdb_id":67178},{"type":"tv","tmdb_id":73833},{"type":"tv","tmdb_id":46639},{"type":"tv","tmdb_id":70485},{"type":"tv","tmdb_id":70485},{"type":"tv","tmdb_id":75230},{"type":"tv","tmdb_id":70785},{"type":"tv","tmdb_id":70796},{"type":"tv","tmdb_id":72755},{"type":"tv","tmdb_id":67744},{"type":"tv","tmdb_id":91759},{"type":"tv","tmdb_id":68006},{"type":"tv","tmdb_id":72517},{"type":"tv","tmdb_id":70128},{"type":"tv","tmdb_id":69629},{"type":"tv","tmdb_id":88939},{"type":"tv","tmdb_id":72002},{"type":"tv","tmdb_id":39852},{"type":"tv","tmdb_id":72636},{"type":"tv","tmdb_id":72027},{"type":"tv","tmdb_id":67195},{"type":"tv","tmdb_id":91914},{"type":"tv","tmdb_id":73223},{"type":"tv","tmdb_id":74321},{"type":"tv","tmdb_id":66292},{"type":"tv","tmdb_id":69291},{"type":"tv","tmdb_id":73223},{"type":"tv","tmdb_id":74321},{"type":"tv","tmdb_id":72581},{"type":"tv","tmdb_id":72879},{"type":"tv","tmdb_id":88939},{"type":"tv","tmdb_id":69470},{"type":"tv","tmdb_id":72637},{"type":"tv","tmdb_id":66980},{"type":"tv","tmdb_id":70391},{"type":"tv","tmdb_id":70798},{"type":"tv","tmdb_id":65708},{"type":"tv","tmdb_id":66551},{"type":"tv","tmdb_id":67466},{"type":"tv","tmdb_id":71096},{"type":"tv","tmdb_id":62285},{"type":"tv","tmdb_id":72597},{"type":"tv","tmdb_id":71024},{"type":"tv","tmdb_id":72610},{"type":"tv","tmdb_id":71024},{"type":"tv","tmdb_id":71096},{"type":"tv","tmdb_id":70513},{"type":"tv","tmdb_id":70391},{"type":"tv","tmdb_id":65817},{"type":"tv","tmdb_id":71810},{"type":"tv","tmdb_id":72748},{"type":"tv","tmdb_id":73157},{"type":"tv","tmdb_id":71412},{"type":"tv","tmdb_id":72705},{"type":"tv","tmdb_id":121848},{"type":"tv","tmdb_id":72505},{"type":"tv","tmdb_id":68315},{"type":"tv","tmdb_id":68716},{"type":"tv","tmdb_id":63646},{"type":"tv","tmdb_id":70881},{"type":"tv","tmdb_id":74577},{"type":"tv","tmdb_id":73625},{"type":"tv","tmdb_id":70047},{"type":"tv","tmdb_id":70649},{"type":"tv","tmdb_id":69346},{"type":"tv","tmdb_id":72505},{"type":"tv","tmdb_id":69630},{"type":"tv","tmdb_id":71411},{"type":"tv","tmdb_id":76560},{"type":"tv","tmdb_id":74577},{"type":"tv","tmdb_id":63646},{"type":"tv","tmdb_id":157362},{"type":"tv","tmdb_id":70649},{"type":"tv","tmdb_id":66871},{"type":"tv","tmdb_id":121848},{"type":"tv","tmdb_id":70788},{"type":"tv","tmdb_id":71013},{"type":"tv","tmdb_id":301034},{"type":"tv","tmdb_id":76806},{"type":"tv","tmdb_id":69555},{"type":"tv","tmdb_id":67861},{"type":"tv","tmdb_id":66789},{"type":"tv","tmdb_id":117393},{"type":"tv","tmdb_id":72736},{"type":"tv","tmdb_id":66789},{"type":"tv","tmdb_id":71951},{"type":"tv","tmdb_id":75517},{"type":"tv","tmdb_id":77191},{"type":"tv","tmdb_id":70788},{"type":"tv","tmdb_id":157362},{"type":"tv","tmdb_id":70964},{"type":"tv","tmdb_id":69555},{"type":"tv","tmdb_id":71739},{"type":"tv","tmdb_id":71209},{"type":"tv","tmdb_id":78075},{"type":"tv","tmdb_id":72305},{"type":"tv","tmdb_id":219497},{"type":"tv","tmdb_id":117393},{"type":"tv","tmdb_id":70823},{"type":"tv","tmdb_id":72509},{"type":"tv","tmdb_id":71528},{"type":"tv","tmdb_id":74323},{"type":"tv","tmdb_id":80929},{"type":"tv","tmdb_id":73467},{"type":"tv","tmdb_id":68018},{"type":"tv","tmdb_id":103863},{"type":"tv","tmdb_id":70823},{"type":"tv","tmdb_id":69309},{"type":"tv","tmdb_id":74225},{"type":"tv","tmdb_id":71528},{"type":"tv","tmdb_id":67993},{"type":"tv","tmdb_id":71005},{"type":"tv","tmdb_id":70384},{"type":"tv","tmdb_id":76500},{"type":"tv","tmdb_id":74402},{"type":"tv","tmdb_id":70030},{"type":"tv","tmdb_id":69820},{"type":"tv","tmdb_id":69017},{"type":"tv","tmdb_id":68814},{"type":"tv","tmdb_id":69295},{"type":"tv","tmdb_id":70592},{"type":"tv","tmdb_id":72305},{"type":"tv","tmdb_id":78397},{"type":"tv","tmdb_id":69293},{"type":"tv","tmdb_id":65856},{"type":"tv","tmdb_id":72509},{"type":"tv","tmdb_id":68000},{"type":"tv","tmdb_id":73933},{"type":"tv","tmdb_id":73126},{"type":"tv","tmdb_id":76950},{"type":"tv","tmdb_id":75517},{"type":"tv","tmdb_id":74074},{"type":"tv","tmdb_id":71655},{"type":"tv","tmdb_id":71225},{"type":"tv","tmdb_id":71000},{"type":"tv","tmdb_id":73340},{"type":"tv","tmdb_id":73117},{"type":"tv","tmdb_id":69087},{"type":"tv","tmdb_id":68001},{"type":"tv","tmdb_id":72468},{"type":"tv","tmdb_id":77532},{"type":"tv","tmdb_id":72339},{"type":"tv","tmdb_id":72519},{"type":"tv","tmdb_id":72304},{"type":"tv","tmdb_id":72312},{"type":"tv","tmdb_id":69581},{"type":"tv","tmdb_id":71453},{"type":"tv","tmdb_id":62417},{"type":"tv","tmdb_id":67232},{"type":"tv","tmdb_id":72615},{"type":"tv","tmdb_id":74317},{"type":"tv","tmdb_id":72511},{"type":"tv","tmdb_id":69292},{"type":"tv","tmdb_id":87012},{"type":"tv","tmdb_id":74091},{"type":"tv","tmdb_id":93509},{"type":"tv","tmdb_id":72788},{"type":"tv","tmdb_id":76241},{"type":"tv","tmdb_id":70590},{"type":"tv","tmdb_id":71419},{"type":"tv","tmdb_id":75132},{"type":"tv","tmdb_id":72425},{"type":"tv","tmdb_id":72635},{"type":"tv","tmdb_id":84698},{"type":"tv","tmdb_id":84299},{"type":"tv","tmdb_id":70828},{"type":"tv","tmdb_id":67129},{"type":"tv","tmdb_id":75501},{"type":"tv","tmdb_id":72362},{"type":"tv","tmdb_id":71100},{"type":"tv","tmdb_id":71014},{"type":"tv","tmdb_id":69298},{"type":"tv","tmdb_id":103960},{"type":"tv","tmdb_id":71349},{"type":"tv","tmdb_id":75907},{"type":"tv","tmdb_id":74185},{"type":"tv","tmdb_id":70880},{"type":"tv","tmdb_id":85087},{"type":"tv","tmdb_id":69289},{"type":"tv","tmdb_id":70878},{"type":"tv","tmdb_id":73132},{"type":"tv","tmdb_id":72544},{"type":"tv","tmdb_id":74916},{"type":"tv","tmdb_id":69659},{"type":"tv","tmdb_id":103386},{"type":"tv","tmdb_id":71673},{"type":"tv","tmdb_id":72528},{"type":"tv","tmdb_id":69225},{"type":"tv","tmdb_id":69513},{"type":"tv","tmdb_id":70390},{"type":"tv","tmdb_id":74313},{"type":"tv","tmdb_id":76047},{"type":"tv","tmdb_id":69541},{"type":"tv","tmdb_id":70637},{"type":"tv","tmdb_id":76033},{"type":"tv","tmdb_id":73068},{"type":"tv","tmdb_id":74239},{"type":"tv","tmdb_id":71890},{"type":"tv","tmdb_id":78358},{"type":"tv","tmdb_id":70496},{"type":"tv","tmdb_id":70813},{"type":"tv","tmdb_id":67726},{"type":"tv","tmdb_id":70540},{"type":"tv","tmdb_id":72757},{"type":"tv","tmdb_id":70260},{"type":"tv","tmdb_id":71693},{"type":"tv","tmdb_id":70215},{"type":"tv","tmdb_id":71199},{"type":"tv","tmdb_id":74081},{"type":"tv","tmdb_id":71969},{"type":"tv","tmdb_id":62127},{"type":"tv","tmdb_id":74096},{"type":"tv","tmdb_id":70882},{"type":"tv","tmdb_id":75123},{"type":"tv","tmdb_id":68898},{"type":"tv","tmdb_id":99487},{"type":"tv","tmdb_id":72851},{"type":"tv","tmdb_id":74284},{"type":"tv","tmdb_id":68002},{"type":"tv","tmdb_id":70639},{"type":"tv","tmdb_id":74089},{"type":"tv","tmdb_id":73200},{"type":"tv","tmdb_id":74821},{"type":"tv","tmdb_id":70967},{"type":"tv","tmdb_id":70767},{"type":"tv","tmdb_id":84516},{"type":"tv","tmdb_id":72296},{"type":"tv","tmdb_id":261504},{"type":"tv","tmdb_id":118443},{"type":"tv","tmdb_id":69632},{"type":"tv","tmdb_id":71328},{"type":"tv","tmdb_id":74087},{"type":"tv","tmdb_id":113329},{"type":"tv","tmdb_id":71761},{"type":"tv","tmdb_id":72752},{"type":"tv","tmdb_id":72737},{"type":"tv","tmdb_id":66620},{"type":"tv","tmdb_id":69480},{"type":"tv","tmdb_id":81728},{"type":"tv","tmdb_id":73524},{"type":"tv","tmdb_id":69237},{"type":"tv","tmdb_id":80398},{"type":"tv","tmdb_id":71725},{"type":"tv","tmdb_id":76530},{"type":"tv","tmdb_id":70837},{"type":"tv","tmdb_id":72508},{"type":"tv","tmdb_id":74286},{"type":"tv","tmdb_id":71611},{"type":"tv","tmdb_id":78036},{"type":"tv","tmdb_id":66939},{"type":"tv","tmdb_id":71012},{"type":"tv","tmdb_id":67804},{"type":"tv","tmdb_id":72690},{"type":"tv","tmdb_id":73028},{"type":"tv","tmdb_id":242623},{"type":"tv","tmdb_id":73982},{"type":"tv","tmdb_id":99706},{"type":"tv","tmdb_id":71867},{"type":"tv","tmdb_id":74682},{"type":"tv","tmdb_id":67925},{"type":"tv","tmdb_id":69230},{"type":"tv","tmdb_id":72502},{"type":"tv","tmdb_id":71367},{"type":"tv","tmdb_id":73169},{"type":"tv","tmdb_id":120781},{"type":"tv","tmdb_id":73017},{"type":"tv","tmdb_id":71717},{"type":"tv","tmdb_id":70886},{"type":"tv","tmdb_id":90686},{"type":"tv","tmdb_id":69949},{"type":"tv","tmdb_id":73671},{"type":"tv","tmdb_id":71308},{"type":"tv","tmdb_id":69931},{"type":"tv","tmdb_id":72442},{"type":"tv","tmdb_id":71733},{"type":"tv","tmdb_id":73920},{"type":"tv","tmdb_id":102838},{"type":"tv","tmdb_id":91278},{"type":"tv","tmdb_id":90483},{"type":"tv","tmdb_id":73953},{"type":"tv","tmdb_id":74095},{"type":"tv","tmdb_id":72487},{"type":"tv","tmdb_id":46434},{"type":"tv","tmdb_id":73924},{"type":"tv","tmdb_id":75209},{"type":"tv","tmdb_id":83205},{"type":"tv","tmdb_id":71272},{"type":"tv","tmdb_id":74739},{"type":"tv","tmdb_id":72025},{"type":"tv","tmdb_id":75186},{"type":"tv","tmdb_id":74097},{"type":"tv","tmdb_id":74098},{"type":"tv","tmdb_id":68950},{"type":"tv","tmdb_id":75287},{"type":"tv","tmdb_id":76818},{"type":"tv","tmdb_id":74237},{"type":"tv","tmdb_id":74851},{"type":"tv","tmdb_id":70307},{"type":"tv","tmdb_id":74689},{"type":"tv","tmdb_id":67936},{"type":"tv","tmdb_id":74163},{"type":"tv","tmdb_id":73694},{"type":"tv","tmdb_id":72368},{"type":"tv","tmdb_id":72026},{"type":"tv","tmdb_id":70301},{"type":"tv","tmdb_id":138787},{"type":"tv","tmdb_id":72328},{"type":"tv","tmdb_id":75165},{"type":"tv","tmdb_id":113670},{"type":"tv","tmdb_id":77988},{"type":"tv","tmdb_id":73451},{"type":"tv","tmdb_id":69373},{"type":"tv","tmdb_id":71016},{"type":"tv","tmdb_id":75469},{"type":"tv","tmdb_id":72976},{"type":"tv","tmdb_id":71569},{"type":"tv","tmdb_id":73479},{"type":"tv","tmdb_id":69342},{"type":"tv","tmdb_id":99688},{"type":"tv","tmdb_id":98940},{"type":"tv","tmdb_id":70112},{"type":"tv","tmdb_id":73984},{"type":"tv","tmdb_id":73472},{"type":"tv","tmdb_id":98329},{"type":"tv","tmdb_id":75382},{"type":"tv","tmdb_id":133527},{"type":"tv","tmdb_id":71654},{"type":"tv","tmdb_id":75036},{"type":"tv","tmdb_id":69288},{"type":"tv","tmdb_id":67725},{"type":"tv","tmdb_id":73321},{"type":"tv","tmdb_id":70595},{"type":"tv","tmdb_id":70594},{"type":"tv","tmdb_id":74974},{"type":"tv","tmdb_id":71061},{"type":"tv","tmdb_id":69345},{"type":"tv","tmdb_id":69720},{"type":"tv","tmdb_id":75065},{"type":"tv","tmdb_id":75953},{"type":"tv","tmdb_id":69045},{"type":"tv","tmdb_id":99571},{"type":"tv","tmdb_id":106223},{"type":"tv","tmdb_id":68035},{"type":"tv","tmdb_id":70748},{"type":"tv","tmdb_id":72340},{"type":"tv","tmdb_id":73506},{"type":"tv","tmdb_id":74180},{"type":"tv","tmdb_id":70508},{"type":"tv","tmdb_id":74092},{"type":"tv","tmdb_id":74386},{"type":"tv","tmdb_id":71313},{"type":"tv","tmdb_id":73112},{"type":"tv","tmdb_id":71714},{"type":"tv","tmdb_id":70440},{"type":"tv","tmdb_id":74630},{"type":"tv","tmdb_id":95683},{"type":"tv","tmdb_id":93508},{"type":"tv","tmdb_id":82437},{"type":"tv","tmdb_id":45596},{"type":"tv","tmdb_id":75262},{"type":"tv","tmdb_id":72426},{"type":"tv","tmdb_id":71727},{"type":"tv","tmdb_id":72504},{"type":"tv","tmdb_id":157270},{"type":"tv","tmdb_id":70194},{"type":"tv","tmdb_id":71920},{"type":"tv","tmdb_id":68892},{"type":"tv","tmdb_id":71979},{"type":"tv","tmdb_id":216989},{"type":"tv","tmdb_id":74035},{"type":"tv","tmdb_id":69997},{"type":"tv","tmdb_id":70998},{"type":"tv","tmdb_id":72462},{"type":"tv","tmdb_id":80746},{"type":"tv","tmdb_id":71771},{"type":"tv","tmdb_id":90911},{"type":"tv","tmdb_id":70491},{"type":"tv","tmdb_id":73030},{"type":"tv","tmdb_id":73325},{"type":"tv","tmdb_id":105075},{"type":"tv","tmdb_id":72506},{"type":"tv","tmdb_id":72124},{"type":"tv","tmdb_id":73944},{"type":"tv","tmdb_id":158642},{"type":"tv","tmdb_id":97403},{"type":"tv","tmdb_id":72898},{"type":"tv","tmdb_id":74083},{"type":"tv","tmdb_id":101449},{"type":"tv","tmdb_id":95793},{"type":"tv","tmdb_id":72092},{"type":"tv","tmdb_id":70690},{"type":"tv","tmdb_id":75066},{"type":"tv","tmdb_id":69751},{"type":"tv","tmdb_id":72313},{"type":"tv","tmdb_id":74801},{"type":"tv","tmdb_id":71347},{"type":"tv","tmdb_id":82235},{"type":"tv","tmdb_id":73192},{"type":"tv","tmdb_id":73178},{"type":"tv","tmdb_id":69692},{"type":"tv","tmdb_id":73919},{"type":"tv","tmdb_id":71837},{"type":"tv","tmdb_id":124484},{"type":"tv","tmdb_id":78986},{"type":"tv","tmdb_id":73099},{"type":"tv","tmdb_id":73554},{"type":"tv","tmdb_id":71391},{"type":"tv","tmdb_id":72218},{"type":"tv","tmdb_id":74508},{"type":"tv","tmdb_id":75814},{"type":"tv","tmdb_id":73660},{"type":"tv","tmdb_id":206957},{"type":"tv","tmdb_id":81102},{"type":"tv","tmdb_id":73987},{"type":"tv","tmdb_id":75455},{"type":"tv","tmdb_id":70883},{"type":"tv","tmdb_id":86673},{"type":"tv","tmdb_id":83649},{"type":"tv","tmdb_id":74187},{"type":"tv","tmdb_id":107300},{"type":"tv","tmdb_id":72515},{"type":"tv","tmdb_id":72380},{"type":"tv","tmdb_id":87384},{"type":"tv","tmdb_id":78089},{"type":"tv","tmdb_id":70134},{"type":"tv","tmdb_id":74189},{"type":"tv","tmdb_id":86704},{"type":"tv","tmdb_id":91829},{"type":"tv","tmdb_id":73139},{"type":"tv","tmdb_id":72510},{"type":"tv","tmdb_id":73341},{"type":"tv","tmdb_id":70503},{"type":"tv","tmdb_id":71141},{"type":"tv","tmdb_id":70389},{"type":"tv","tmdb_id":76968},{"type":"tv","tmdb_id":69296},{"type":"tv","tmdb_id":79526},{"type":"tv","tmdb_id":72035},{"type":"tv","tmdb_id":75247},{"type":"tv","tmdb_id":73613},{"type":"tv","tmdb_id":72633},{"type":"tv","tmdb_id":110960},{"type":"tv","tmdb_id":105046},{"type":"tv","tmdb_id":260609},{"type":"tv","tmdb_id":78840},{"type":"tv","tmdb_id":75116},{"type":"tv","tmdb_id":70178},{"type":"tv","tmdb_id":69285},{"type":"tv","tmdb_id":74064},{"type":"tv","tmdb_id":69284},{"type":"tv","tmdb_id":71640},{"type":"tv","tmdb_id":80093},{"type":"tv","tmdb_id":77567},{"type":"tv","tmdb_id":74024},{"type":"tv","tmdb_id":73715},{"type":"tv","tmdb_id":75232},{"type":"tv","tmdb_id":73000},{"type":"tv","tmdb_id":76330},{"type":"tv","tmdb_id":74831},{"type":"tv","tmdb_id":72926},{"type":"tv","tmdb_id":72028},{"type":"tv","tmdb_id":73752},{"type":"tv","tmdb_id":285136},{"type":"tv","tmdb_id":70026},{"type":"tv","tmdb_id":72922},{"type":"tv","tmdb_id":70875},{"type":"tv","tmdb_id":74182},{"type":"tv","tmdb_id":72549},{"type":"tv","tmdb_id":76941},{"type":"tv","tmdb_id":72429},{"type":"tv","tmdb_id":69240},{"type":"tv","tmdb_id":75746},{"type":"tv","tmdb_id":75808},{"type":"tv","tmdb_id":72785},{"type":"tv","tmdb_id":72821},{"type":"tv","tmdb_id":207645},{"type":"tv","tmdb_id":68003},{"type":"tv","tmdb_id":73505},{"type":"tv","tmdb_id":73778},{"type":"tv","tmdb_id":95587},{"type":"tv","tmdb_id":74086},{"type":"tv","tmdb_id":71645},{"type":"tv","tmdb_id":69239},{"type":"tv","tmdb_id":70455},{"type":"tv","tmdb_id":74731},{"type":"tv","tmdb_id":83174},{"type":"tv","tmdb_id":71004},{"type":"tv","tmdb_id":75956},{"type":"tv","tmdb_id":74685},{"type":"tv","tmdb_id":71986},{"type":"tv","tmdb_id":69975},{"type":"tv","tmdb_id":94833},{"type":"tv","tmdb_id":74769},{"type":"tv","tmdb_id":72742},{"type":"tv","tmdb_id":77192},{"type":"tv","tmdb_id":72306},{"type":"tv","tmdb_id":71680},{"type":"tv","tmdb_id":71009},{"type":"tv","tmdb_id":121868},{"type":"tv","tmdb_id":71495},{"type":"tv","tmdb_id":71887},{"type":"tv","tmdb_id":71008},{"type":"tv","tmdb_id":72235},{"type":"tv","tmdb_id":72520},{"type":"tv","tmdb_id":72739},{"type":"tv","tmdb_id":71818},{"type":"tv","tmdb_id":74080},{"type":"tv","tmdb_id":96782},{"type":"tv","tmdb_id":74666},{"type":"tv","tmdb_id":72432},{"type":"tv","tmdb_id":72514},{"type":"tv","tmdb_id":72095},{"type":"tv","tmdb_id":73602},{"type":"tv","tmdb_id":70452},{"type":"tv","tmdb_id":73415},{"type":"tv","tmdb_id":74093},{"type":"tv","tmdb_id":75682},{"type":"tv","tmdb_id":70537},{"type":"tv","tmdb_id":246631},{"type":"tv","tmdb_id":72396},{"type":"tv","tmdb_id":71957},{"type":"tv","tmdb_id":80088},{"type":"tv","tmdb_id":72547},{"type":"tv","tmdb_id":103914},{"type":"tv","tmdb_id":72525},{"type":"tv","tmdb_id":70045},{"type":"tv","tmdb_id":73323},{"type":"tv","tmdb_id":77473},{"type":"tv","tmdb_id":72744},{"type":"tv","tmdb_id":69286},{"type":"tv","tmdb_id":105984},{"type":"tv","tmdb_id":272139},{"type":"tv","tmdb_id":69812},{"type":"tv","tmdb_id":87619},{"type":"tv","tmdb_id":73575},{"type":"tv","tmdb_id":72764},{"type":"tv","tmdb_id":71953},{"type":"tv","tmdb_id":69219},{"type":"tv","tmdb_id":68890},{"type":"tv","tmdb_id":70793},{"type":"tv","tmdb_id":74647},{"type":"tv","tmdb_id":75404},{"type":"tv","tmdb_id":90422},{"type":"tv","tmdb_id":72575},{"type":"tv","tmdb_id":69641},{"type":"tv","tmdb_id":71795},{"type":"tv","tmdb_id":71233},{"type":"tv","tmdb_id":71006},{"type":"tv","tmdb_id":73199},{"type":"tv","tmdb_id":73693},{"type":"tv","tmdb_id":124660},{"type":"tv","tmdb_id":70719},{"type":"tv","tmdb_id":71021},{"type":"tv","tmdb_id":71342},{"type":"tv","tmdb_id":69274},{"type":"tv","tmdb_id":70650},{"type":"tv","tmdb_id":96375},{"type":"tv","tmdb_id":72140},{"type":"tv","tmdb_id":70284},{"type":"tv","tmdb_id":71683},{"type":"tv","tmdb_id":102387},{"type":"tv","tmdb_id":74495},{"type":"tv","tmdb_id":69190},{"type":"tv","tmdb_id":67991},{"type":"tv","tmdb_id":72300},{"type":"tv","tmdb_id":79594},{"type":"tv","tmdb_id":71813},{"type":"tv","tmdb_id":72331},{"type":"tv","tmdb_id":72205},{"type":"tv","tmdb_id":72289},{"type":"tv","tmdb_id":73386},{"type":"tv","tmdb_id":69283},{"type":"tv","tmdb_id":68498},{"type":"tv","tmdb_id":70580},{"type":"tv","tmdb_id":71222},{"type":"tv","tmdb_id":73031},{"type":"tv","tmdb_id":72763},{"type":"tv","tmdb_id":68947},{"type":"tv","tmdb_id":74830},{"type":"tv","tmdb_id":163813},{"type":"tv","tmdb_id":75486},{"type":"tv","tmdb_id":71128},{"type":"tv","tmdb_id":88078},{"type":"tv","tmdb_id":72043}]}