{"ts":1771263126,"year":"2010","mode":"movie","candidates":[{"type":"movie","tmdb_id":27205},{"type":"movie","tmdb_id":10138},{"type":"movie","tmdb_id":73861},{"type":"movie","tmdb_id":38757},{"type":"movie","tmdb_id":11324},{"type":"movie","tmdb_id":12444},{"type":"movie","tmdb_id":20352},{"type":"movie","tmdb_id":10191},{"type":"movie","tmdb_id":46738},{"type":"movie","tmdb_id":32856},{"type":"movie","tmdb_id":37799},{"type":"movie","tmdb_id":38365},{"type":"movie","tmdb_id":12155},{"type":"movie","tmdb_id":34851},{"type":"movie","tmdb_id":10193},{"type":"movie","tmdb_id":44214},{"type":"movie","tmdb_id":23483},{"type":"movie","tmdb_id":38055},{"type":"movie","tmdb_id":38575},{"type":"movie","tmdb_id":20526},{"type":"movie","tmdb_id":10192},{"type":"movie","tmdb_id":22894},{"type":"movie","tmdb_id":20526},{"type":"movie","tmdb_id":27578},{"type":"movie","tmdb_id":32657},{"type":"movie","tmdb_id":24021},{"type":"movie","tmdb_id":22538},{"type":"movie","tmdb_id":23168},{"type":"movie","tmdb_id":20504},{"type":"movie","tmdb_id":39514},{"type":"movie","tmdb_id":23631},{"type":"movie","tmdb_id":37931},{"type":"movie","tmdb_id":19901},{"type":"movie","tmdb_id":61979},{"type":"movie","tmdb_id":38579},{"type":"movie","tmdb_id":27581},{"type":"movie","tmdb_id":49797},{"type":"movie","tmdb_id":43347},{"type":"movie","tmdb_id":43947},{"type":"movie","tmdb_id":39053},{"type":"movie","tmdb_id":23759},{"type":"movie","tmdb_id":37735},{"type":"movie","tmdb_id":38234},{"type":"movie","tmdb_id":18823},{"type":"movie","tmdb_id":44363},{"type":"movie","tmdb_id":31867},{"type":"movie","tmdb_id":45132},{"type":"movie","tmdb_id":50723},{"type":"movie","tmdb_id":34544},{"type":"movie","tmdb_id":51739},{"type":"movie","tmdb_id":20662},{"type":"movie","tmdb_id":39486},{"type":"movie","tmdb_id":34016},{"type":"movie","tmdb_id":10140},{"type":"movie","tmdb_id":43947},{"type":"movie","tmdb_id":35217},{"type":"movie","tmdb_id":37834},{"type":"movie","tmdb_id":44264},{"type":"movie","tmdb_id":57521},{"type":"movie","tmdb_id":9543},{"type":"movie","tmdb_id":46146},{"type":"movie","tmdb_id":44835},{"type":"movie","tmdb_id":45269},{"type":"movie","tmdb_id":50727},{"type":"movie","tmdb_id":33217},{"type":"movie","tmdb_id":268513},{"type":"movie","tmdb_id":58396},{"type":"movie","tmdb_id":44683},{"type":"movie","tmdb_id":27022},{"type":"movie","tmdb_id":40264},{"type":"movie","tmdb_id":65496},{"type":"movie","tmdb_id":46636},{"type":"movie","tmdb_id":41439},{"type":"movie","tmdb_id":54493},{"type":"movie","tmdb_id":44115},{"type":"movie","tmdb_id":48650},{"type":"movie","tmdb_id":30618},{"type":"movie","tmdb_id":51608},{"type":"movie","tmdb_id":35402},{"type":"movie","tmdb_id":26389},{"type":"movie","tmdb_id":42194},{"type":"movie","tmdb_id":39053},{"type":"movie","tmdb_id":12201},{"type":"movie","tmdb_id":49679},{"type":"movie","tmdb_id":264210},{"type":"movie","tmdb_id":57186},{"type":"movie","tmdb_id":10196},{"type":"movie","tmdb_id":44946},{"type":"movie","tmdb_id":53389},{"type":"movie","tmdb_id":63706},{"type":"movie","tmdb_id":46837},{"type":"movie","tmdb_id":628443},{"type":"movie","tmdb_id":122576},{"type":"movie","tmdb_id":112963},{"type":"movie","tmdb_id":35552},{"type":"movie","tmdb_id":68254},{"type":"movie","tmdb_id":53358},{"type":"movie","tmdb_id":51736},{"type":"movie","tmdb_id":44113},{"type":"movie","tmdb_id":23437},{"type":"movie","tmdb_id":68790},{"type":"movie","tmdb_id":171769},{"type":"movie","tmdb_id":25195},{"type":"movie","tmdb_id":80188},{"type":"movie","tmdb_id":49679},{"type":"movie","tmdb_id":45595},{"type":"movie","tmdb_id":44961},{"type":"movie","tmdb_id":61410},{"type":"movie","tmdb_id":41402},{"type":"movie","tmdb_id":44946},{"type":"movie","tmdb_id":78369},{"type":"movie","tmdb_id":75910},{"type":"movie","tmdb_id":54551},{"type":"movie","tmdb_id":35552},{"type":"movie","tmdb_id":10196},{"type":"movie","tmdb_id":35056},{"type":"movie","tmdb_id":46705},{"type":"movie","tmdb_id":51447},{"type":"movie","tmdb_id":995368},{"type":"movie","tmdb_id":37056},{"type":"movie","tmdb_id":45595},{"type":"movie","tmdb_id":38167},{"type":"movie","tmdb_id":46705},{"type":"movie","tmdb_id":75910},{"type":"movie","tmdb_id":54551},{"type":"movie","tmdb_id":35056},{"type":"movie","tmdb_id":27485},{"type":"movie","tmdb_id":41283},{"type":"movie","tmdb_id":42917},{"type":"movie","tmdb_id":41216},{"type":"movie","tmdb_id":38199},{"type":"movie","tmdb_id":45958},{"type":"movie","tmdb_id":995368},{"type":"movie","tmdb_id":43593},{"type":"movie","tmdb_id":41733},{"type":"movie","tmdb_id":365101},{"type":"movie","tmdb_id":45317},{"type":"movie","tmdb_id":74008},{"type":"movie","tmdb_id":244490},{"type":"movie","tmdb_id":38257},{"type":"movie","tmdb_id":37710},{"type":"movie","tmdb_id":67198},{"type":"movie","tmdb_id":74546},{"type":"movie","tmdb_id":1169486},{"type":"movie","tmdb_id":1084744},{"type":"movie","tmdb_id":38745},{"type":"movie","tmdb_id":23048},{"type":"movie","tmdb_id":45649},{"type":"movie","tmdb_id":38642},{"type":"movie","tmdb_id":270413},{"type":"movie","tmdb_id":1131365},{"type":"movie","tmdb_id":57734},{"type":"movie","tmdb_id":40247},{"type":"movie","tmdb_id":46788},{"type":"movie","tmdb_id":83481},{"type":"movie","tmdb_id":188301},{"type":"movie","tmdb_id":37786},{"type":"movie","tmdb_id":65997},{"type":"movie","tmdb_id":48161},{"type":"movie","tmdb_id":478809},{"type":"movie","tmdb_id":48468},{"type":"movie","tmdb_id":48946},{"type":"movie","tmdb_id":23169},{"type":"movie","tmdb_id":49958},{"type":"movie","tmdb_id":33909},{"type":"movie","tmdb_id":22907},{"type":"movie","tmdb_id":216913},{"type":"movie","tmdb_id":451573},{"type":"movie","tmdb_id":28397},{"type":"movie","tmdb_id":52629},{"type":"movie","tmdb_id":28420},{"type":"movie","tmdb_id":83315},{"type":"movie","tmdb_id":1066784},{"type":"movie","tmdb_id":119425},{"type":"movie","tmdb_id":43939},{"type":"movie","tmdb_id":432982},{"type":"movie","tmdb_id":174007},{"type":"movie","tmdb_id":40662},{"type":"movie","tmdb_id":105952},{"type":"movie","tmdb_id":27579},{"type":"movie","tmdb_id":26388},{"type":"movie","tmdb_id":284584},{"type":"movie","tmdb_id":42684},{"type":"movie","tmdb_id":451718},{"type":"movie","tmdb_id":44549},{"type":"movie","tmdb_id":46838},{"type":"movie","tmdb_id":46509},{"type":"movie","tmdb_id":50037},{"type":"movie","tmdb_id":22971},{"type":"movie","tmdb_id":43942},{"type":"movie","tmdb_id":1067135},{"type":"movie","tmdb_id":1356604},{"type":"movie","tmdb_id":34813},{"type":"movie","tmdb_id":58857},{"type":"movie","tmdb_id":58251},{"type":"movie","tmdb_id":173416},{"type":"movie","tmdb_id":28211},{"type":"movie","tmdb_id":405960},{"type":"movie","tmdb_id":54553},{"type":"movie","tmdb_id":453981},{"type":"movie","tmdb_id":453452},{"type":"movie","tmdb_id":42484},{"type":"movie","tmdb_id":45146},{"type":"movie","tmdb_id":289423},{"type":"movie","tmdb_id":48395},{"type":"movie","tmdb_id":22972},{"type":"movie","tmdb_id":257610},{"type":"movie","tmdb_id":525956},{"type":"movie","tmdb_id":50021},{"type":"movie","tmdb_id":1397486},{"type":"movie","tmdb_id":734454},{"type":"movie","tmdb_id":54469},{"type":"movie","tmdb_id":46660},{"type":"movie","tmdb_id":66157},{"type":"movie","tmdb_id":45202},{"type":"movie","tmdb_id":56440},{"type":"movie","tmdb_id":46207},{"type":"movie","tmdb_id":120044},{"type":"movie","tmdb_id":23172},{"type":"movie","tmdb_id":92613},{"type":"movie","tmdb_id":26022},{"type":"movie","tmdb_id":46020},{"type":"movie","tmdb_id":58496},{"type":"movie","tmdb_id":233861},{"type":"movie","tmdb_id":73085},{"type":"movie","tmdb_id":107748},{"type":"movie","tmdb_id":59392},{"type":"movie","tmdb_id":679497},{"type":"movie","tmdb_id":60447},{"type":"movie","tmdb_id":564252},{"type":"movie","tmdb_id":41515},{"type":"movie","tmdb_id":226615},{"type":"movie","tmdb_id":66111},{"type":"movie","tmdb_id":270763},{"type":"movie","tmdb_id":256568},{"type":"movie","tmdb_id":47931},{"type":"movie","tmdb_id":248670},{"type":"movie","tmdb_id":75353},{"type":"movie","tmdb_id":58718},{"type":"movie","tmdb_id":375558},{"type":"movie","tmdb_id":592806},{"type":"movie","tmdb_id":23023},{"type":"movie","tmdb_id":52225},{"type":"movie","tmdb_id":998898},{"type":"movie","tmdb_id":45324},{"type":"movie","tmdb_id":271897},{"type":"movie","tmdb_id":321116},{"type":"movie","tmdb_id":539723},{"type":"movie","tmdb_id":44225},{"type":"movie","tmdb_id":109613},{"type":"movie","tmdb_id":204239},{"type":"movie","tmdb_id":39013},{"type":"movie","tmdb_id":49347},{"type":"movie","tmdb_id":20533},{"type":"movie","tmdb_id":7978},{"type":"movie","tmdb_id":32823},{"type":"movie","tmdb_id":45959},{"type":"movie","tmdb_id":80293},{"type":"movie","tmdb_id":742201},{"type":"movie","tmdb_id":37828},{"type":"movie","tmdb_id":522072},{"type":"movie","tmdb_id":1222403},{"type":"movie","tmdb_id":46953},{"type":"movie","tmdb_id":38277},{"type":"movie","tmdb_id":62543},{"type":"movie","tmdb_id":45756},{"type":"movie","tmdb_id":573169},{"type":"movie","tmdb_id":955661},{"type":"movie","tmdb_id":218375},{"type":"movie","tmdb_id":85219},{"type":"movie","tmdb_id":200094},{"type":"movie","tmdb_id":928166},{"type":"movie","tmdb_id":47386},{"type":"movie","tmdb_id":609197},{"type":"movie","tmdb_id":37503},{"type":"movie","tmdb_id":46528},{"type":"movie","tmdb_id":544735},{"type":"movie","tmdb_id":261622},{"type":"movie","tmdb_id":41436},{"type":"movie","tmdb_id":126827},{"type":"movie","tmdb_id":53269},{"type":"movie","tmdb_id":42188},{"type":"movie","tmdb_id":301307},{"type":"movie","tmdb_id":179719},{"type":"movie","tmdb_id":63784},{"type":"movie","tmdb_id":23830},{"type":"movie","tmdb_id":345588},{"type":"movie","tmdb_id":59835},{"type":"movie","tmdb_id":797017},{"type":"movie","tmdb_id":26390},{"type":"movie","tmdb_id":353660},{"type":"movie","tmdb_id":59505},{"type":"movie","tmdb_id":49953},{"type":"movie","tmdb_id":344686},{"type":"movie","tmdb_id":282608},{"type":"movie","tmdb_id":123828},{"type":"movie","tmdb_id":211249},{"type":"movie","tmdb_id":353033},{"type":"movie","tmdb_id":1019892},{"type":"movie","tmdb_id":228639},{"type":"movie","tmdb_id":37645},{"type":"movie","tmdb_id":42480},{"type":"movie","tmdb_id":289434},{"type":"movie","tmdb_id":522072},{"type":"movie","tmdb_id":353033},{"type":"movie","tmdb_id":75353},{"type":"movie","tmdb_id":29427},{"type":"movie","tmdb_id":50038},{"type":"movie","tmdb_id":646297},{"type":"movie","tmdb_id":46873},{"type":"movie","tmdb_id":271897},{"type":"movie","tmdb_id":47386},{"type":"movie","tmdb_id":52225},{"type":"movie","tmdb_id":947066},{"type":"movie","tmdb_id":338527},{"type":"movie","tmdb_id":452463},{"type":"movie","tmdb_id":60207},{"type":"movie","tmdb_id":50105},{"type":"movie","tmdb_id":39691},{"type":"movie","tmdb_id":43090},{"type":"movie","tmdb_id":42480},{"type":"movie","tmdb_id":376074},{"type":"movie","tmdb_id":171602},{"type":"movie","tmdb_id":415675},{"type":"movie","tmdb_id":90544},{"type":"movie","tmdb_id":44945},{"type":"movie","tmdb_id":747055},{"type":"movie","tmdb_id":60120},{"type":"movie","tmdb_id":254041},{"type":"movie","tmdb_id":69795},{"type":"movie","tmdb_id":54746},{"type":"movie","tmdb_id":40619},{"type":"movie","tmdb_id":69333},{"type":"movie","tmdb_id":58280},{"type":"movie","tmdb_id":27573},{"type":"movie","tmdb_id":37707},{"type":"movie","tmdb_id":40900},{"type":"movie","tmdb_id":54425},{"type":"movie","tmdb_id":50053},{"type":"movie","tmdb_id":68791},{"type":"movie","tmdb_id":57011},{"type":"movie","tmdb_id":289434},{"type":"movie","tmdb_id":415549},{"type":"movie","tmdb_id":199800},{"type":"movie","tmdb_id":976907},{"type":"movie","tmdb_id":244830},{"type":"movie","tmdb_id":974986},{"type":"movie","tmdb_id":43813},{"type":"movie","tmdb_id":338527},{"type":"movie","tmdb_id":506121},{"type":"movie","tmdb_id":1437262},{"type":"movie","tmdb_id":438240},{"type":"movie","tmdb_id":674872},{"type":"movie","tmdb_id":37645},{"type":"movie","tmdb_id":75828},{"type":"movie","tmdb_id":46420},{"type":"movie","tmdb_id":50105},{"type":"movie","tmdb_id":42747},{"type":"movie","tmdb_id":81622},{"type":"movie","tmdb_id":661940},{"type":"movie","tmdb_id":89866},{"type":"movie","tmdb_id":211284},{"type":"movie","tmdb_id":947066},{"type":"movie","tmdb_id":48669},{"type":"movie","tmdb_id":108614},{"type":"movie","tmdb_id":284874},{"type":"movie","tmdb_id":491295},{"type":"movie","tmdb_id":417784},{"type":"movie","tmdb_id":306831},{"type":"movie","tmdb_id":270050},{"type":"movie","tmdb_id":478579},{"type":"movie","tmdb_id":71622},{"type":"movie","tmdb_id":43090},{"type":"movie","tmdb_id":37234},{"type":"movie","tmdb_id":66849},{"type":"movie","tmdb_id":38357},{"type":"movie","tmdb_id":51170},{"type":"movie","tmdb_id":348986},{"type":"movie","tmdb_id":271212},{"type":"movie","tmdb_id":27586},{"type":"movie","tmdb_id":319815},{"type":"movie","tmdb_id":37821},{"type":"movie","tmdb_id":34647},{"type":"movie","tmdb_id":116633},{"type":"movie","tmdb_id":233194},{"type":"movie","tmdb_id":47407},{"type":"movie","tmdb_id":473032},{"type":"movie","tmdb_id":1239322},{"type":"movie","tmdb_id":42949},{"type":"movie","tmdb_id":108774},{"type":"movie","tmdb_id":71860},{"type":"movie","tmdb_id":91950},{"type":"movie","tmdb_id":38778},{"type":"movie","tmdb_id":1247596},{"type":"movie","tmdb_id":70695},{"type":"movie","tmdb_id":60207},{"type":"movie","tmdb_id":230708},{"type":"movie","tmdb_id":11439},{"type":"movie","tmdb_id":77098},{"type":"movie","tmdb_id":35558},{"type":"movie","tmdb_id":45162},{"type":"movie","tmdb_id":925163},{"type":"movie","tmdb_id":29427},{"type":"movie","tmdb_id":39312},{"type":"movie","tmdb_id":54559},{"type":"movie","tmdb_id":452463},{"type":"movie","tmdb_id":75717},{"type":"movie","tmdb_id":27569},{"type":"movie","tmdb_id":46503},{"type":"movie","tmdb_id":49594},{"type":"movie","tmdb_id":56320},{"type":"movie","tmdb_id":232888},{"type":"movie","tmdb_id":1061904},{"type":"movie","tmdb_id":54186},{"type":"movie","tmdb_id":526011},{"type":"movie","tmdb_id":5489},{"type":"movie","tmdb_id":880500},{"type":"movie","tmdb_id":188282},{"type":"movie","tmdb_id":44918},{"type":"movie","tmdb_id":637838},{"type":"movie","tmdb_id":99779},{"type":"movie","tmdb_id":65766},{"type":"movie","tmdb_id":352448},{"type":"movie","tmdb_id":26222},{"type":"movie","tmdb_id":39352},{"type":"movie","tmdb_id":765164},{"type":"movie","tmdb_id":41156},{"type":"movie","tmdb_id":37034},{"type":"movie","tmdb_id":154936},{"type":"movie","tmdb_id":41233},{"type":"movie","tmdb_id":43209},{"type":"movie","tmdb_id":551783},{"type":"movie","tmdb_id":734464},{"type":"movie","tmdb_id":59903},{"type":"movie","tmdb_id":88703},{"type":"movie","tmdb_id":401205},{"type":"movie","tmdb_id":44282},{"type":"movie","tmdb_id":34134},{"type":"movie","tmdb_id":42297},{"type":"movie","tmdb_id":35690},{"type":"movie","tmdb_id":247283},{"type":"movie","tmdb_id":44092},{"type":"movie","tmdb_id":43609},{"type":"movie","tmdb_id":30061},{"type":"movie","tmdb_id":298730},{"type":"movie","tmdb_id":418790},{"type":"movie","tmdb_id":202607},{"type":"movie","tmdb_id":1304968},{"type":"movie","tmdb_id":268761},{"type":"movie","tmdb_id":587757},{"type":"movie","tmdb_id":1077491},{"type":"movie","tmdb_id":132219},{"type":"movie","tmdb_id":351915},{"type":"movie","tmdb_id":864395},{"type":"movie","tmdb_id":58249},{"type":"movie","tmdb_id":57399},{"type":"movie","tmdb_id":37950},{"type":"movie","tmdb_id":269336},{"type":"movie","tmdb_id":488048},{"type":"movie","tmdb_id":313806},{"type":"movie","tmdb_id":68798},{"type":"movie","tmdb_id":248187},{"type":"movie","tmdb_id":123343},{"type":"movie","tmdb_id":44629},{"type":"movie","tmdb_id":441506},{"type":"movie","tmdb_id":12819},{"type":"movie","tmdb_id":975273},{"type":"movie","tmdb_id":68861},{"type":"movie","tmdb_id":732347},{"type":"movie","tmdb_id":470895},{"type":"movie","tmdb_id":37638},{"type":"movie","tmdb_id":37495},{"type":"movie","tmdb_id":57733},{"type":"movie","tmdb_id":95468},{"type":"movie","tmdb_id":555427},{"type":"movie","tmdb_id":1417712},{"type":"movie","tmdb_id":641906},{"type":"movie","tmdb_id":498226},{"type":"movie","tmdb_id":262592},{"type":"movie","tmdb_id":656210},{"type":"movie","tmdb_id":696731},{"type":"movie","tmdb_id":351056},{"type":"movie","tmdb_id":293430},{"type":"movie","tmdb_id":37058},{"type":"movie","tmdb_id":959964},{"type":"movie","tmdb_id":138481},{"type":"movie","tmdb_id":43926},{"type":"movie","tmdb_id":790539},{"type":"movie","tmdb_id":462002},{"type":"movie","tmdb_id":442644},{"type":"movie","tmdb_id":366154},{"type":"movie","tmdb_id":1501670},{"type":"movie","tmdb_id":43641},{"type":"movie","tmdb_id":1055945},{"type":"movie","tmdb_id":1253591},{"type":"movie","tmdb_id":443083},{"type":"movie","tmdb_id":707113},{"type":"movie","tmdb_id":48492},{"type":"movie","tmdb_id":97375},{"type":"movie","tmdb_id":513087},{"type":"movie","tmdb_id":43933},{"type":"movie","tmdb_id":95432},{"type":"movie","tmdb_id":1455969},{"type":"movie","tmdb_id":43923},{"type":"movie","tmdb_id":331453},{"type":"movie","tmdb_id":48393},{"type":"movie","tmdb_id":1290318},{"type":"movie","tmdb_id":177189},{"type":"movie","tmdb_id":725147},{"type":"movie","tmdb_id":586487},{"type":"movie","tmdb_id":317130},{"type":"movie","tmdb_id":45657},{"type":"movie","tmdb_id":55552},{"type":"movie","tmdb_id":903544},{"type":"movie","tmdb_id":41180},{"type":"movie","tmdb_id":242341},{"type":"movie","tmdb_id":100278},{"type":"movie","tmdb_id":82628},{"type":"movie","tmdb_id":348155},{"type":"movie","tmdb_id":680445},{"type":"movie","tmdb_id":211617},{"type":"movie","tmdb_id":44040},{"type":"movie","tmdb_id":62638},{"type":"movie","tmdb_id":63415},{"type":"movie","tmdb_id":50393},{"type":"movie","tmdb_id":51533},{"type":"movie","tmdb_id":653829},{"type":"movie","tmdb_id":109433},{"type":"movie","tmdb_id":34803},{"type":"movie","tmdb_id":52208},{"type":"movie","tmdb_id":439071},{"type":"movie","tmdb_id":41505},{"type":"movie","tmdb_id":602947},{"type":"movie","tmdb_id":832543},{"type":"movie","tmdb_id":539536},{"type":"movie","tmdb_id":555135},{"type":"movie","tmdb_id":726158},{"type":"movie","tmdb_id":216424},{"type":"movie","tmdb_id":183392},{"type":"movie","tmdb_id":47626},{"type":"movie","tmdb_id":30675},{"type":"movie","tmdb_id":1517141},{"type":"movie","tmdb_id":79073},{"type":"movie","tmdb_id":442573},{"type":"movie","tmdb_id":173652},{"type":"movie","tmdb_id":81301},{"type":"movie","tmdb_id":970416},{"type":"movie","tmdb_id":417999},{"type":"movie","tmdb_id":253433},{"type":"movie","tmdb_id":44949},{"type":"movie","tmdb_id":580565},{"type":"movie","tmdb_id":327958},{"type":"movie","tmdb_id":1196787},{"type":"movie","tmdb_id":176750},{"type":"movie","tmdb_id":1166211},{"type":"movie","tmdb_id":559407},{"type":"movie","tmdb_id":121723},{"type":"movie","tmdb_id":347309},{"type":"movie","tmdb_id":386357},{"type":"movie","tmdb_id":461055},{"type":"movie","tmdb_id":773318},{"type":"movie","tmdb_id":929684},{"type":"movie","tmdb_id":92119},{"type":"movie","tmdb_id":73211},{"type":"movie","tmdb_id":50087},{"type":"movie","tmdb_id":71350},{"type":"movie","tmdb_id":267454},{"type":"movie","tmdb_id":400640},{"type":"movie","tmdb_id":388710},{"type":"movie","tmdb_id":59507},{"type":"movie","tmdb_id":573352},{"type":"movie","tmdb_id":40205},{"type":"movie","tmdb_id":44010},{"type":"movie","tmdb_id":72946},{"type":"movie","tmdb_id":284661},{"type":"movie","tmdb_id":229813},{"type":"movie","tmdb_id":44186},{"type":"movie","tmdb_id":47902},{"type":"movie","tmdb_id":503038},{"type":"movie","tmdb_id":433274},{"type":"movie","tmdb_id":46062},{"type":"movie","tmdb_id":1278132},{"type":"movie","tmdb_id":176031},{"type":"movie","tmdb_id":44244},{"type":"movie","tmdb_id":324133},{"type":"movie","tmdb_id":402972},{"type":"movie","tmdb_id":105891},{"type":"movie","tmdb_id":44044},{"type":"movie","tmdb_id":8952},{"type":"movie","tmdb_id":46304},{"type":"movie","tmdb_id":38363},{"type":"movie","tmdb_id":185203},{"type":"movie","tmdb_id":61984},{"type":"movie","tmdb_id":44811},{"type":"movie","tmdb_id":48763},{"type":"movie","tmdb_id":41271},{"type":"movie","tmdb_id":16290},{"type":"movie","tmdb_id":48844},{"type":"movie","tmdb_id":44603},{"type":"movie","tmdb_id":48414}]}