{"ts":1771171198,"year":"2020","mode":"tv","candidates":[{"type":"tv","tmdb_id":95479},{"type":"tv","tmdb_id":91239},{"type":"tv","tmdb_id":98123},{"type":"tv","tmdb_id":85949},{"type":"tv","tmdb_id":101172},{"type":"tv","tmdb_id":106449},{"type":"tv","tmdb_id":89393},{"type":"tv","tmdb_id":95897},{"type":"tv","tmdb_id":85948},{"type":"tv","tmdb_id":94372},{"type":"tv","tmdb_id":112888},{"type":"tv","tmdb_id":104716},{"type":"tv","tmdb_id":97546},{"type":"tv","tmdb_id":110316},{"type":"tv","tmdb_id":79680},{"type":"tv","tmdb_id":103913},{"type":"tv","tmdb_id":97645},{"type":"tv","tmdb_id":107124},{"type":"tv","tmdb_id":111453},{"type":"tv","tmdb_id":96316},{"type":"tv","tmdb_id":80986},{"type":"tv","tmdb_id":82596},{"type":"tv","tmdb_id":104877},{"type":"tv","tmdb_id":125364},{"type":"tv","tmdb_id":97617},{"type":"tv","tmdb_id":92685},{"type":"tv","tmdb_id":90812},{"type":"tv","tmdb_id":221606},{"type":"tv","tmdb_id":113218},{"type":"tv","tmdb_id":102321},{"type":"tv","tmdb_id":108255},{"type":"tv","tmdb_id":97860},{"type":"tv","tmdb_id":105897},{"type":"tv","tmdb_id":96648},{"type":"tv","tmdb_id":79622},{"type":"tv","tmdb_id":107371},{"type":"tv","tmdb_id":112732},{"type":"tv","tmdb_id":100883},{"type":"tv","tmdb_id":88384},{"type":"tv","tmdb_id":113268},{"type":"tv","tmdb_id":103506},{"type":"tv","tmdb_id":113268},{"type":"tv","tmdb_id":97890},{"type":"tv","tmdb_id":98034},{"type":"tv","tmdb_id":94951},{"type":"tv","tmdb_id":285479},{"type":"tv","tmdb_id":100010},{"type":"tv","tmdb_id":85021},{"type":"tv","tmdb_id":102085},{"type":"tv","tmdb_id":100757},{"type":"tv","tmdb_id":93812},{"type":"tv","tmdb_id":96884},{"type":"tv","tmdb_id":93653},{"type":"tv","tmdb_id":85853},{"type":"tv","tmdb_id":85922},{"type":"tv","tmdb_id":86248},{"type":"tv","tmdb_id":84503},{"type":"tv","tmdb_id":94904},{"type":"tv","tmdb_id":100868},{"type":"tv","tmdb_id":93287},{"type":"tv","tmdb_id":99353},{"type":"tv","tmdb_id":93816},{"type":"tv","tmdb_id":95269},{"type":"tv","tmdb_id":103254},{"type":"tv","tmdb_id":97084},{"type":"tv","tmdb_id":116479},{"type":"tv","tmdb_id":108178},{"type":"tv","tmdb_id":99489},{"type":"tv","tmdb_id":289892},{"type":"tv","tmdb_id":100049},{"type":"tv","tmdb_id":101972},{"type":"tv","tmdb_id":86430},{"type":"tv","tmdb_id":96450},{"type":"tv","tmdb_id":136915},{"type":"tv","tmdb_id":96102},{"type":"tv","tmdb_id":232929},{"type":"tv","tmdb_id":86423},{"type":"tv","tmdb_id":100281},{"type":"tv","tmdb_id":107703},{"type":"tv","tmdb_id":96402},{"type":"tv","tmdb_id":126506},{"type":"tv","tmdb_id":85723},{"type":"tv","tmdb_id":93741},{"type":"tv","tmdb_id":97186},{"type":"tv","tmdb_id":101918},{"type":"tv","tmdb_id":99530},{"type":"tv","tmdb_id":99962},{"type":"tv","tmdb_id":98986},{"type":"tv","tmdb_id":94523},{"type":"tv","tmdb_id":99084},{"type":"tv","tmdb_id":94064},{"type":"tv","tmdb_id":207553},{"type":"tv","tmdb_id":112470},{"type":"tv","tmdb_id":106251},{"type":"tv","tmdb_id":96444},{"type":"tv","tmdb_id":109360},{"type":"tv","tmdb_id":105214},{"type":"tv","tmdb_id":92579},{"type":"tv","tmdb_id":84661},{"type":"tv","tmdb_id":86382},{"type":"tv","tmdb_id":94693},{"type":"tv","tmdb_id":99778},{"type":"tv","tmdb_id":98178},{"type":"tv","tmdb_id":111111},{"type":"tv","tmdb_id":95697},{"type":"tv","tmdb_id":110181},{"type":"tv","tmdb_id":115994},{"type":"tv","tmdb_id":90811},{"type":"tv","tmdb_id":94305},{"type":"tv","tmdb_id":95941},{"type":"tv","tmdb_id":109958},{"type":"tv","tmdb_id":250681},{"type":"tv","tmdb_id":99583},{"type":"tv","tmdb_id":96026},{"type":"tv","tmdb_id":81349},{"type":"tv","tmdb_id":93292},{"type":"tv","tmdb_id":98888},{"type":"tv","tmdb_id":99072},{"type":"tv","tmdb_id":101005},{"type":"tv","tmdb_id":99995},{"type":"tv","tmdb_id":104416},{"type":"tv","tmdb_id":92592},{"type":"tv","tmdb_id":97085},{"type":"tv","tmdb_id":98823},{"type":"tv","tmdb_id":95676},{"type":"tv","tmdb_id":113367},{"type":"tv","tmdb_id":89905},{"type":"tv","tmdb_id":115641},{"type":"tv","tmdb_id":89844},{"type":"tv","tmdb_id":97852},{"type":"tv","tmdb_id":109930},{"type":"tv","tmdb_id":97317},{"type":"tv","tmdb_id":102316},{"type":"tv","tmdb_id":100436},{"type":"tv","tmdb_id":93846},{"type":"tv","tmdb_id":99969},{"type":"tv","tmdb_id":107408},{"type":"tv","tmdb_id":94404},{"type":"tv","tmdb_id":104288},{"type":"tv","tmdb_id":116777},{"type":"tv","tmdb_id":102823},{"type":"tv","tmdb_id":98827},{"type":"tv","tmdb_id":101048},{"type":"tv","tmdb_id":96462},{"type":"tv","tmdb_id":87784},{"type":"tv","tmdb_id":92588},{"type":"tv","tmdb_id":90795},{"type":"tv","tmdb_id":112063},{"type":"tv","tmdb_id":99490},{"type":"tv","tmdb_id":112398},{"type":"tv","tmdb_id":89233},{"type":"tv","tmdb_id":92137},{"type":"tv","tmdb_id":87689},{"type":"tv","tmdb_id":103051},{"type":"tv","tmdb_id":82816},{"type":"tv","tmdb_id":96120},{"type":"tv","tmdb_id":96231},{"type":"tv","tmdb_id":99799},{"type":"tv","tmdb_id":100988},{"type":"tv","tmdb_id":110562},{"type":"tv","tmdb_id":107116},{"type":"tv","tmdb_id":90999},{"type":"tv","tmdb_id":106617},{"type":"tv","tmdb_id":97083},{"type":"tv","tmdb_id":96150},{"type":"tv","tmdb_id":285581},{"type":"tv","tmdb_id":121720},{"type":"tv","tmdb_id":98161},{"type":"tv","tmdb_id":88408},{"type":"tv","tmdb_id":100368},{"type":"tv","tmdb_id":102518},{"type":"tv","tmdb_id":239870},{"type":"tv","tmdb_id":105177},{"type":"tv","tmdb_id":95386},{"type":"tv","tmdb_id":99080},{"type":"tv","tmdb_id":93289},{"type":"tv","tmdb_id":98177},{"type":"tv","tmdb_id":87017},{"type":"tv","tmdb_id":79525},{"type":"tv","tmdb_id":92053},{"type":"tv","tmdb_id":91977},{"type":"tv","tmdb_id":95433},{"type":"tv","tmdb_id":88166},{"type":"tv","tmdb_id":110283},{"type":"tv","tmdb_id":93784},{"type":"tv","tmdb_id":81292},{"type":"tv","tmdb_id":95670},{"type":"tv","tmdb_id":96608},{"type":"tv","tmdb_id":99779},{"type":"tv","tmdb_id":100412},{"type":"tv","tmdb_id":95599},{"type":"tv","tmdb_id":91764},{"type":"tv","tmdb_id":108849},{"type":"tv","tmdb_id":96162},{"type":"tv","tmdb_id":103934},{"type":"tv","tmdb_id":88987},{"type":"tv","tmdb_id":83851},{"type":"tv","tmdb_id":93149},{"type":"tv","tmdb_id":110834},{"type":"tv","tmdb_id":102655},{"type":"tv","tmdb_id":98748},{"type":"tv","tmdb_id":80336},{"type":"tv","tmdb_id":104674},{"type":"tv","tmdb_id":96914},{"type":"tv","tmdb_id":108261},{"type":"tv","tmdb_id":97782},{"type":"tv","tmdb_id":100698},{"type":"tv","tmdb_id":109330},{"type":"tv","tmdb_id":100937},{"type":"tv","tmdb_id":293270},{"type":"tv","tmdb_id":102904},{"type":"tv","tmdb_id":81354},{"type":"tv","tmdb_id":81141},{"type":"tv","tmdb_id":98903},{"type":"tv","tmdb_id":99123},{"type":"tv","tmdb_id":100383},{"type":"tv","tmdb_id":108877},{"type":"tv","tmdb_id":113378},{"type":"tv","tmdb_id":96160},{"type":"tv","tmdb_id":102905},{"type":"tv","tmdb_id":90260},{"type":"tv","tmdb_id":113784},{"type":"tv","tmdb_id":83125},{"type":"tv","tmdb_id":83685},{"type":"tv","tmdb_id":93786},{"type":"tv","tmdb_id":92602},{"type":"tv","tmdb_id":105479},{"type":"tv","tmdb_id":95550},{"type":"tv","tmdb_id":107673},{"type":"tv","tmdb_id":86850},{"type":"tv","tmdb_id":102619},{"type":"tv","tmdb_id":102086},{"type":"tv","tmdb_id":93875},{"type":"tv","tmdb_id":97872},{"type":"tv","tmdb_id":131659},{"type":"tv","tmdb_id":86588},{"type":"tv","tmdb_id":111743},{"type":"tv","tmdb_id":106978},{"type":"tv","tmdb_id":99480},{"type":"tv","tmdb_id":106803},{"type":"tv","tmdb_id":96128},{"type":"tv","tmdb_id":96488},{"type":"tv","tmdb_id":104691},{"type":"tv","tmdb_id":111521},{"type":"tv","tmdb_id":101149},{"type":"tv","tmdb_id":104518},{"type":"tv","tmdb_id":104229},{"type":"tv","tmdb_id":96203},{"type":"tv","tmdb_id":90293},{"type":"tv","tmdb_id":108466},{"type":"tv","tmdb_id":113890},{"type":"tv","tmdb_id":102434},{"type":"tv","tmdb_id":103741},{"type":"tv","tmdb_id":93785},{"type":"tv","tmdb_id":87050},{"type":"tv","tmdb_id":91557},{"type":"tv","tmdb_id":124331},{"type":"tv","tmdb_id":101099},{"type":"tv","tmdb_id":112542},{"type":"tv","tmdb_id":103190},{"type":"tv","tmdb_id":103511},{"type":"tv","tmdb_id":94541},{"type":"tv","tmdb_id":110222},{"type":"tv","tmdb_id":115212},{"type":"tv","tmdb_id":118974},{"type":"tv","tmdb_id":102903},{"type":"tv","tmdb_id":93825},{"type":"tv","tmdb_id":91585},{"type":"tv","tmdb_id":103992},{"type":"tv","tmdb_id":99494},{"type":"tv","tmdb_id":101359},{"type":"tv","tmdb_id":105052},{"type":"tv","tmdb_id":112951},{"type":"tv","tmdb_id":113085},{"type":"tv","tmdb_id":94631},{"type":"tv","tmdb_id":117180},{"type":"tv","tmdb_id":98811},{"type":"tv","tmdb_id":96481},{"type":"tv","tmdb_id":295070},{"type":"tv","tmdb_id":106227},{"type":"tv","tmdb_id":101007},{"type":"tv","tmdb_id":114619},{"type":"tv","tmdb_id":109577},{"type":"tv","tmdb_id":117006},{"type":"tv","tmdb_id":109331},{"type":"tv","tmdb_id":111368},{"type":"tv","tmdb_id":113975},{"type":"tv","tmdb_id":103578},{"type":"tv","tmdb_id":88713},{"type":"tv","tmdb_id":99048},{"type":"tv","tmdb_id":101352},{"type":"tv","tmdb_id":96734},{"type":"tv","tmdb_id":100604},{"type":"tv","tmdb_id":108480},{"type":"tv","tmdb_id":99654},{"type":"tv","tmdb_id":96660},{"type":"tv","tmdb_id":102690},{"type":"tv","tmdb_id":94038},{"type":"tv","tmdb_id":104714},{"type":"tv","tmdb_id":99491},{"type":"tv","tmdb_id":108369},{"type":"tv","tmdb_id":99292},{"type":"tv","tmdb_id":99631},{"type":"tv","tmdb_id":92591},{"type":"tv","tmdb_id":94251},{"type":"tv","tmdb_id":97923},{"type":"tv","tmdb_id":107309},{"type":"tv","tmdb_id":99632},{"type":"tv","tmdb_id":102966},{"type":"tv","tmdb_id":95213},{"type":"tv","tmdb_id":98830},{"type":"tv","tmdb_id":105276},{"type":"tv","tmdb_id":98491},{"type":"tv","tmdb_id":84896},{"type":"tv","tmdb_id":99910},{"type":"tv","tmdb_id":94359},{"type":"tv","tmdb_id":101978},{"type":"tv","tmdb_id":209672},{"type":"tv","tmdb_id":96713},{"type":"tv","tmdb_id":105797},{"type":"tv","tmdb_id":115479},{"type":"tv","tmdb_id":107329},{"type":"tv","tmdb_id":105848},{"type":"tv","tmdb_id":83050},{"type":"tv","tmdb_id":107416},{"type":"tv","tmdb_id":108382},{"type":"tv","tmdb_id":288233},{"type":"tv","tmdb_id":125249},{"type":"tv","tmdb_id":108284},{"type":"tv","tmdb_id":108904},{"type":"tv","tmdb_id":106292},{"type":"tv","tmdb_id":101881},{"type":"tv","tmdb_id":114043},{"type":"tv","tmdb_id":108861},{"type":"tv","tmdb_id":94626},{"type":"tv","tmdb_id":105301},{"type":"tv","tmdb_id":96139},{"type":"tv","tmdb_id":98632},{"type":"tv","tmdb_id":99741},{"type":"tv","tmdb_id":111465},{"type":"tv","tmdb_id":103319},{"type":"tv","tmdb_id":98410},{"type":"tv","tmdb_id":104085},{"type":"tv","tmdb_id":87841},{"type":"tv","tmdb_id":123593},{"type":"tv","tmdb_id":102790},{"type":"tv","tmdb_id":94167},{"type":"tv","tmdb_id":91343},{"type":"tv","tmdb_id":101146},{"type":"tv","tmdb_id":90257},{"type":"tv","tmdb_id":98198},{"type":"tv","tmdb_id":105903},{"type":"tv","tmdb_id":100347},{"type":"tv","tmdb_id":115013},{"type":"tv","tmdb_id":92628},{"type":"tv","tmdb_id":118704},{"type":"tv","tmdb_id":85942},{"type":"tv","tmdb_id":94810},{"type":"tv","tmdb_id":99047},{"type":"tv","tmdb_id":137680},{"type":"tv","tmdb_id":95272},{"type":"tv","tmdb_id":111956},{"type":"tv","tmdb_id":104972},{"type":"tv","tmdb_id":110818},{"type":"tv","tmdb_id":105961},{"type":"tv","tmdb_id":127000},{"type":"tv","tmdb_id":83605},{"type":"tv","tmdb_id":106172},{"type":"tv","tmdb_id":131663},{"type":"tv","tmdb_id":204887},{"type":"tv","tmdb_id":112945},{"type":"tv","tmdb_id":114030},{"type":"tv","tmdb_id":90241},{"type":"tv","tmdb_id":101858},{"type":"tv","tmdb_id":104160},{"type":"tv","tmdb_id":126060},{"type":"tv","tmdb_id":90705},{"type":"tv","tmdb_id":91848},{"type":"tv","tmdb_id":81241},{"type":"tv","tmdb_id":110494},{"type":"tv","tmdb_id":113445},{"type":"tv","tmdb_id":101251},{"type":"tv","tmdb_id":93826},{"type":"tv","tmdb_id":99144},{"type":"tv","tmdb_id":243919},{"type":"tv","tmdb_id":109866},{"type":"tv","tmdb_id":106524},{"type":"tv","tmdb_id":105465},{"type":"tv","tmdb_id":26059},{"type":"tv","tmdb_id":106840},{"type":"tv","tmdb_id":108924},{"type":"tv","tmdb_id":90814},{"type":"tv","tmdb_id":99671},{"type":"tv","tmdb_id":101571},{"type":"tv","tmdb_id":114113},{"type":"tv","tmdb_id":87523},{"type":"tv","tmdb_id":102533},{"type":"tv","tmdb_id":100575},{"type":"tv","tmdb_id":98685},{"type":"tv","tmdb_id":102788},{"type":"tv","tmdb_id":111117},{"type":"tv","tmdb_id":89571},{"type":"tv","tmdb_id":108179},{"type":"tv","tmdb_id":93522},{"type":"tv","tmdb_id":112164},{"type":"tv","tmdb_id":100975},{"type":"tv","tmdb_id":109629},{"type":"tv","tmdb_id":104127},{"type":"tv","tmdb_id":100803},{"type":"tv","tmdb_id":98867},{"type":"tv","tmdb_id":217857},{"type":"tv","tmdb_id":94795},{"type":"tv","tmdb_id":103841},{"type":"tv","tmdb_id":109086},{"type":"tv","tmdb_id":90319},{"type":"tv","tmdb_id":96860},{"type":"tv","tmdb_id":122902},{"type":"tv","tmdb_id":99610},{"type":"tv","tmdb_id":93811},{"type":"tv","tmdb_id":97604},{"type":"tv","tmdb_id":108954},{"type":"tv","tmdb_id":97220},{"type":"tv","tmdb_id":97976},{"type":"tv","tmdb_id":100877},{"type":"tv","tmdb_id":93290},{"type":"tv","tmdb_id":96420},{"type":"tv","tmdb_id":134088},{"type":"tv","tmdb_id":101413},{"type":"tv","tmdb_id":111414},{"type":"tv","tmdb_id":108298},{"type":"tv","tmdb_id":287526},{"type":"tv","tmdb_id":96977},{"type":"tv","tmdb_id":90766},{"type":"tv","tmdb_id":106761},{"type":"tv","tmdb_id":110911},{"type":"tv","tmdb_id":111226},{"type":"tv","tmdb_id":97363},{"type":"tv","tmdb_id":113185},{"type":"tv","tmdb_id":111798},{"type":"tv","tmdb_id":113240},{"type":"tv","tmdb_id":102168},{"type":"tv","tmdb_id":103830},{"type":"tv","tmdb_id":307779},{"type":"tv","tmdb_id":111372},{"type":"tv","tmdb_id":114497},{"type":"tv","tmdb_id":111354},{"type":"tv","tmdb_id":100941},{"type":"tv","tmdb_id":98928},{"type":"tv","tmdb_id":103425},{"type":"tv","tmdb_id":113098},{"type":"tv","tmdb_id":103411},{"type":"tv","tmdb_id":111671},{"type":"tv","tmdb_id":101046},{"type":"tv","tmdb_id":99517},{"type":"tv","tmdb_id":95834},{"type":"tv","tmdb_id":110632},{"type":"tv","tmdb_id":107588},{"type":"tv","tmdb_id":119293},{"type":"tv","tmdb_id":114183},{"type":"tv","tmdb_id":123889},{"type":"tv","tmdb_id":112217},{"type":"tv","tmdb_id":115238},{"type":"tv","tmdb_id":113720},{"type":"tv","tmdb_id":112752},{"type":"tv","tmdb_id":95485},{"type":"tv","tmdb_id":113594},{"type":"tv","tmdb_id":102406},{"type":"tv","tmdb_id":108303},{"type":"tv","tmdb_id":93688},{"type":"tv","tmdb_id":99477},{"type":"tv","tmdb_id":93705},{"type":"tv","tmdb_id":99363},{"type":"tv","tmdb_id":113113},{"type":"tv","tmdb_id":99645},{"type":"tv","tmdb_id":111625},{"type":"tv","tmdb_id":109477},{"type":"tv","tmdb_id":96164},{"type":"tv","tmdb_id":99486},{"type":"tv","tmdb_id":114215},{"type":"tv","tmdb_id":111834},{"type":"tv","tmdb_id":16952},{"type":"tv","tmdb_id":109288},{"type":"tv","tmdb_id":102394},{"type":"tv","tmdb_id":122524},{"type":"tv","tmdb_id":231864},{"type":"tv","tmdb_id":95317},{"type":"tv","tmdb_id":94761},{"type":"tv","tmdb_id":83870},{"type":"tv","tmdb_id":99841},{"type":"tv","tmdb_id":105699},{"type":"tv","tmdb_id":110381},{"type":"tv","tmdb_id":99624},{"type":"tv","tmdb_id":102432},{"type":"tv","tmdb_id":102359},{"type":"tv","tmdb_id":102014},{"type":"tv","tmdb_id":101666},{"type":"tv","tmdb_id":92045},{"type":"tv","tmdb_id":110343},{"type":"tv","tmdb_id":101712},{"type":"tv","tmdb_id":100833},{"type":"tv","tmdb_id":102041},{"type":"tv","tmdb_id":112364},{"type":"tv","tmdb_id":108371},{"type":"tv","tmdb_id":98039},{"type":"tv","tmdb_id":94412},{"type":"tv","tmdb_id":95766},{"type":"tv","tmdb_id":100095},{"type":"tv","tmdb_id":97219},{"type":"tv","tmdb_id":103052},{"type":"tv","tmdb_id":99693},{"type":"tv","tmdb_id":96161},{"type":"tv","tmdb_id":113452},{"type":"tv","tmdb_id":97488},{"type":"tv","tmdb_id":89446},{"type":"tv","tmdb_id":94405},{"type":"tv","tmdb_id":103383},{"type":"tv","tmdb_id":105759},{"type":"tv","tmdb_id":99595},{"type":"tv","tmdb_id":99918},{"type":"tv","tmdb_id":108389},{"type":"tv","tmdb_id":93874},{"type":"tv","tmdb_id":113710},{"type":"tv","tmdb_id":233017},{"type":"tv","tmdb_id":196256},{"type":"tv","tmdb_id":94277},{"type":"tv","tmdb_id":111685},{"type":"tv","tmdb_id":97425},{"type":"tv","tmdb_id":99858},{"type":"tv","tmdb_id":102871},{"type":"tv","tmdb_id":96628},{"type":"tv","tmdb_id":111412},{"type":"tv","tmdb_id":98967},{"type":"tv","tmdb_id":78903},{"type":"tv","tmdb_id":223782},{"type":"tv","tmdb_id":116865},{"type":"tv","tmdb_id":98240},{"type":"tv","tmdb_id":103156},{"type":"tv","tmdb_id":107257},{"type":"tv","tmdb_id":97198},{"type":"tv","tmdb_id":97079},{"type":"tv","tmdb_id":105763},{"type":"tv","tmdb_id":102712},{"type":"tv","tmdb_id":94572},{"type":"tv","tmdb_id":79694},{"type":"tv","tmdb_id":104735},{"type":"tv","tmdb_id":107484},{"type":"tv","tmdb_id":101283},{"type":"tv","tmdb_id":112280},{"type":"tv","tmdb_id":116498},{"type":"tv","tmdb_id":99169},{"type":"tv","tmdb_id":105929},{"type":"tv","tmdb_id":110971},{"type":"tv","tmdb_id":101339},{"type":"tv","tmdb_id":136166},{"type":"tv","tmdb_id":112258},{"type":"tv","tmdb_id":97656},{"type":"tv","tmdb_id":110641},{"type":"tv","tmdb_id":95909},{"type":"tv","tmdb_id":113995},{"type":"tv","tmdb_id":96371},{"type":"tv","tmdb_id":236521},{"type":"tv","tmdb_id":206080},{"type":"tv","tmdb_id":105179},{"type":"tv","tmdb_id":101825},{"type":"tv","tmdb_id":97948},{"type":"tv","tmdb_id":122081},{"type":"tv","tmdb_id":98584},{"type":"tv","tmdb_id":111311},{"type":"tv","tmdb_id":104399},{"type":"tv","tmdb_id":111900},{"type":"tv","tmdb_id":95623},{"type":"tv","tmdb_id":99509},{"type":"tv","tmdb_id":104690},{"type":"tv","tmdb_id":86784},{"type":"tv","tmdb_id":96907},{"type":"tv","tmdb_id":105211},{"type":"tv","tmdb_id":101214},{"type":"tv","tmdb_id":101998},{"type":"tv","tmdb_id":95346},{"type":"tv","tmdb_id":97685},{"type":"tv","tmdb_id":103431},{"type":"tv","tmdb_id":211060},{"type":"tv","tmdb_id":99478},{"type":"tv","tmdb_id":100033},{"type":"tv","tmdb_id":98842},{"type":"tv","tmdb_id":106342},{"type":"tv","tmdb_id":99917},{"type":"tv","tmdb_id":123055},{"type":"tv","tmdb_id":101562},{"type":"tv","tmdb_id":114395},{"type":"tv","tmdb_id":111998},{"type":"tv","tmdb_id":95110},{"type":"tv","tmdb_id":110360},{"type":"tv","tmdb_id":114187},{"type":"tv","tmdb_id":91024},{"type":"tv","tmdb_id":234575},{"type":"tv","tmdb_id":106868},{"type":"tv","tmdb_id":118543},{"type":"tv","tmdb_id":112712},{"type":"tv","tmdb_id":104647}]}