{"ts":1771271238,"year":"2020","mode":"movie","candidates":[{"type":"movie","tmdb_id":524047},{"type":"movie","tmdb_id":454626},{"type":"movie","tmdb_id":464052},{"type":"movie","tmdb_id":508442},{"type":"movie","tmdb_id":545609},{"type":"movie","tmdb_id":495764},{"type":"movie","tmdb_id":38700},{"type":"movie","tmdb_id":635302},{"type":"movie","tmdb_id":577922},{"type":"movie","tmdb_id":514847},{"type":"movie","tmdb_id":337401},{"type":"movie","tmdb_id":497582},{"type":"movie","tmdb_id":587792},{"type":"movie","tmdb_id":441130},{"type":"movie","tmdb_id":582014},{"type":"movie","tmdb_id":529203},{"type":"movie","tmdb_id":547016},{"type":"movie","tmdb_id":516486},{"type":"movie","tmdb_id":448119},{"type":"movie","tmdb_id":531219},{"type":"movie","tmdb_id":770156},{"type":"movie","tmdb_id":529203},{"type":"movie","tmdb_id":592834},{"type":"movie","tmdb_id":570670},{"type":"movie","tmdb_id":481848},{"type":"movie","tmdb_id":441130},{"type":"movie","tmdb_id":531219},{"type":"movie","tmdb_id":547016},{"type":"movie","tmdb_id":340102},{"type":"movie","tmdb_id":710356},{"type":"movie","tmdb_id":614560},{"type":"movie","tmdb_id":615665},{"type":"movie","tmdb_id":508439},{"type":"movie","tmdb_id":665488},{"type":"movie","tmdb_id":615677},{"type":"movie","tmdb_id":400160},{"type":"movie","tmdb_id":693158},{"type":"movie","tmdb_id":752721},{"type":"movie","tmdb_id":539537},{"type":"movie","tmdb_id":520318},{"type":"movie","tmdb_id":553604},{"type":"movie","tmdb_id":606625},{"type":"movie","tmdb_id":716273},{"type":"movie","tmdb_id":664413},{"type":"movie","tmdb_id":613504},{"type":"movie","tmdb_id":556678},{"type":"movie","tmdb_id":443791},{"type":"movie","tmdb_id":517412},{"type":"movie","tmdb_id":728123},{"type":"movie","tmdb_id":586461},{"type":"movie","tmdb_id":664593},{"type":"movie","tmdb_id":509635},{"type":"movie","tmdb_id":502033},{"type":"movie","tmdb_id":642208},{"type":"movie","tmdb_id":571265},{"type":"movie","tmdb_id":446893},{"type":"movie","tmdb_id":750109},{"type":"movie","tmdb_id":549294},{"type":"movie","tmdb_id":614696},{"type":"movie","tmdb_id":646593},{"type":"movie","tmdb_id":580175},{"type":"movie","tmdb_id":600354},{"type":"movie","tmdb_id":501979},{"type":"movie","tmdb_id":702699},{"type":"movie","tmdb_id":630566},{"type":"movie","tmdb_id":669444},{"type":"movie","tmdb_id":429422},{"type":"movie","tmdb_id":715123},{"type":"movie","tmdb_id":653601},{"type":"movie","tmdb_id":581392},{"type":"movie","tmdb_id":727097},{"type":"movie","tmdb_id":659943},{"type":"movie","tmdb_id":625568},{"type":"movie","tmdb_id":715756},{"type":"movie","tmdb_id":565379},{"type":"movie","tmdb_id":738968},{"type":"movie","tmdb_id":338762},{"type":"movie","tmdb_id":670466},{"type":"movie","tmdb_id":382748},{"type":"movie","tmdb_id":353047},{"type":"movie","tmdb_id":646453},{"type":"movie","tmdb_id":547017},{"type":"movie","tmdb_id":521007},{"type":"movie","tmdb_id":539181},{"type":"movie","tmdb_id":741592},{"type":"movie","tmdb_id":647745},{"type":"movie","tmdb_id":574489},{"type":"movie","tmdb_id":721625},{"type":"movie","tmdb_id":613339},{"type":"movie","tmdb_id":590223},{"type":"movie","tmdb_id":458576},{"type":"movie","tmdb_id":698818},{"type":"movie","tmdb_id":623491},{"type":"movie","tmdb_id":662546},{"type":"movie","tmdb_id":648168},{"type":"movie","tmdb_id":522098},{"type":"movie","tmdb_id":663124},{"type":"movie","tmdb_id":385103},{"type":"movie","tmdb_id":614911},{"type":"movie","tmdb_id":639798},{"type":"movie","tmdb_id":461123},{"type":"movie","tmdb_id":653615},{"type":"movie","tmdb_id":619918},{"type":"movie","tmdb_id":448509},{"type":"movie","tmdb_id":750638},{"type":"movie","tmdb_id":725228},{"type":"movie","tmdb_id":752657},{"type":"movie","tmdb_id":761226},{"type":"movie","tmdb_id":717634},{"type":"movie","tmdb_id":656483},{"type":"movie","tmdb_id":550738},{"type":"movie","tmdb_id":737741},{"type":"movie","tmdb_id":775324},{"type":"movie","tmdb_id":757388},{"type":"movie","tmdb_id":680734},{"type":"movie","tmdb_id":669770},{"type":"movie","tmdb_id":562600},{"type":"movie","tmdb_id":658428},{"type":"movie","tmdb_id":720026},{"type":"movie","tmdb_id":714412},{"type":"movie","tmdb_id":853783},{"type":"movie","tmdb_id":729483},{"type":"movie","tmdb_id":499932},{"type":"movie","tmdb_id":665135},{"type":"movie","tmdb_id":674025},{"type":"movie","tmdb_id":446574},{"type":"movie","tmdb_id":695429},{"type":"movie","tmdb_id":660982},{"type":"movie","tmdb_id":720124},{"type":"movie","tmdb_id":657849},{"type":"movie","tmdb_id":662883},{"type":"movie","tmdb_id":527660},{"type":"movie","tmdb_id":1009722},{"type":"movie","tmdb_id":567965},{"type":"movie","tmdb_id":587660},{"type":"movie","tmdb_id":667520},{"type":"movie","tmdb_id":548755},{"type":"movie","tmdb_id":807979},{"type":"movie","tmdb_id":778042},{"type":"movie","tmdb_id":816614},{"type":"movie","tmdb_id":546121},{"type":"movie","tmdb_id":722261},{"type":"movie","tmdb_id":654902},{"type":"movie","tmdb_id":641212},{"type":"movie","tmdb_id":593655},{"type":"movie","tmdb_id":514207},{"type":"movie","tmdb_id":655297},{"type":"movie","tmdb_id":1043922},{"type":"movie","tmdb_id":616331},{"type":"movie","tmdb_id":656279},{"type":"movie","tmdb_id":515466},{"type":"movie","tmdb_id":556984},{"type":"movie","tmdb_id":712024},{"type":"movie","tmdb_id":718400},{"type":"movie","tmdb_id":535404},{"type":"movie","tmdb_id":532654},{"type":"movie","tmdb_id":602654},{"type":"movie","tmdb_id":732498},{"type":"movie","tmdb_id":938449},{"type":"movie","tmdb_id":435615},{"type":"movie","tmdb_id":539885},{"type":"movie","tmdb_id":684684},{"type":"movie","tmdb_id":703980},{"type":"movie","tmdb_id":637645},{"type":"movie","tmdb_id":664561},{"type":"movie","tmdb_id":583984},{"type":"movie","tmdb_id":653643},{"type":"movie","tmdb_id":399363},{"type":"movie","tmdb_id":705559},{"type":"movie","tmdb_id":1080569},{"type":"movie","tmdb_id":621749},{"type":"movie","tmdb_id":650625},{"type":"movie","tmdb_id":1281982},{"type":"movie","tmdb_id":893710},{"type":"movie","tmdb_id":579828},{"type":"movie","tmdb_id":861653},{"type":"movie","tmdb_id":661671},{"type":"movie","tmdb_id":639247},{"type":"movie","tmdb_id":707610},{"type":"movie","tmdb_id":883987},{"type":"movie","tmdb_id":652837},{"type":"movie","tmdb_id":597233},{"type":"movie","tmdb_id":655297},{"type":"movie","tmdb_id":653643},{"type":"movie","tmdb_id":425001},{"type":"movie","tmdb_id":560050},{"type":"movie","tmdb_id":712150},{"type":"movie","tmdb_id":720124},{"type":"movie","tmdb_id":657849},{"type":"movie","tmdb_id":531876},{"type":"movie","tmdb_id":666353},{"type":"movie","tmdb_id":684684},{"type":"movie","tmdb_id":717553},{"type":"movie","tmdb_id":470610},{"type":"movie","tmdb_id":740985},{"type":"movie","tmdb_id":776291},{"type":"movie","tmdb_id":658795},{"type":"movie","tmdb_id":751496},{"type":"movie","tmdb_id":521034},{"type":"movie","tmdb_id":741919},{"type":"movie","tmdb_id":618746},{"type":"movie","tmdb_id":515466},{"type":"movie","tmdb_id":656704},{"type":"movie","tmdb_id":567360},{"type":"movie","tmdb_id":816614},{"type":"movie","tmdb_id":531454},{"type":"movie","tmdb_id":660632},{"type":"movie","tmdb_id":1497687},{"type":"movie","tmdb_id":782917},{"type":"movie","tmdb_id":624484},{"type":"movie","tmdb_id":705559},{"type":"movie","tmdb_id":705433},{"type":"movie","tmdb_id":758846},{"type":"movie","tmdb_id":664767},{"type":"movie","tmdb_id":749407},{"type":"movie","tmdb_id":750457},{"type":"movie","tmdb_id":755812},{"type":"movie","tmdb_id":548511},{"type":"movie","tmdb_id":694209},{"type":"movie","tmdb_id":582922},{"type":"movie","tmdb_id":753756},{"type":"movie","tmdb_id":863525},{"type":"movie","tmdb_id":665139},{"type":"movie","tmdb_id":667520},{"type":"movie","tmdb_id":656561},{"type":"movie","tmdb_id":736203},{"type":"movie","tmdb_id":585244},{"type":"movie","tmdb_id":599377},{"type":"movie","tmdb_id":770034},{"type":"movie","tmdb_id":749047},{"type":"movie","tmdb_id":579828},{"type":"movie","tmdb_id":751545},{"type":"movie","tmdb_id":616331},{"type":"movie","tmdb_id":708600},{"type":"movie","tmdb_id":531499},{"type":"movie","tmdb_id":608649},{"type":"movie","tmdb_id":673640},{"type":"movie","tmdb_id":701437},{"type":"movie","tmdb_id":690259},{"type":"movie","tmdb_id":602147},{"type":"movie","tmdb_id":596247},{"type":"movie","tmdb_id":724109},{"type":"movie","tmdb_id":768051},{"type":"movie","tmdb_id":740903},{"type":"movie","tmdb_id":1463079},{"type":"movie","tmdb_id":673640},{"type":"movie","tmdb_id":682124},{"type":"movie","tmdb_id":821353},{"type":"movie","tmdb_id":758846},{"type":"movie","tmdb_id":706568},{"type":"movie","tmdb_id":780714},{"type":"movie","tmdb_id":708600},{"type":"movie","tmdb_id":723072},{"type":"movie","tmdb_id":832677},{"type":"movie","tmdb_id":460290},{"type":"movie","tmdb_id":1433044},{"type":"movie","tmdb_id":625658},{"type":"movie","tmdb_id":475908},{"type":"movie","tmdb_id":516632},{"type":"movie","tmdb_id":770034},{"type":"movie","tmdb_id":757951},{"type":"movie","tmdb_id":1411810},{"type":"movie","tmdb_id":718887},{"type":"movie","tmdb_id":618228},{"type":"movie","tmdb_id":665643},{"type":"movie","tmdb_id":812498},{"type":"movie","tmdb_id":771111},{"type":"movie","tmdb_id":706568},{"type":"movie","tmdb_id":787933},{"type":"movie","tmdb_id":1463079},{"type":"movie","tmdb_id":596247},{"type":"movie","tmdb_id":770160},{"type":"movie","tmdb_id":742340},{"type":"movie","tmdb_id":573730},{"type":"movie","tmdb_id":718135},{"type":"movie","tmdb_id":663870},{"type":"movie","tmdb_id":776670},{"type":"movie","tmdb_id":750752},{"type":"movie","tmdb_id":821353},{"type":"movie","tmdb_id":767756},{"type":"movie","tmdb_id":718011},{"type":"movie","tmdb_id":832677},{"type":"movie","tmdb_id":676372},{"type":"movie","tmdb_id":893728},{"type":"movie","tmdb_id":581600},{"type":"movie","tmdb_id":707610},{"type":"movie","tmdb_id":896382},{"type":"movie","tmdb_id":460290},{"type":"movie","tmdb_id":743013},{"type":"movie","tmdb_id":1433044},{"type":"movie","tmdb_id":625658},{"type":"movie","tmdb_id":475908},{"type":"movie","tmdb_id":547523},{"type":"movie","tmdb_id":709147},{"type":"movie","tmdb_id":677574},{"type":"movie","tmdb_id":663881},{"type":"movie","tmdb_id":618344},{"type":"movie","tmdb_id":548473},{"type":"movie","tmdb_id":1281982},{"type":"movie","tmdb_id":606234},{"type":"movie","tmdb_id":716898},{"type":"movie","tmdb_id":692000},{"type":"movie","tmdb_id":749580},{"type":"movie","tmdb_id":479259},{"type":"movie","tmdb_id":1055414},{"type":"movie","tmdb_id":750421},{"type":"movie","tmdb_id":751640},{"type":"movie","tmdb_id":516632},{"type":"movie","tmdb_id":663993},{"type":"movie","tmdb_id":764520},{"type":"movie","tmdb_id":724109},{"type":"movie","tmdb_id":730749},{"type":"movie","tmdb_id":640923},{"type":"movie","tmdb_id":586695},{"type":"movie","tmdb_id":660521},{"type":"movie","tmdb_id":682124},{"type":"movie","tmdb_id":760604},{"type":"movie","tmdb_id":667154},{"type":"movie","tmdb_id":1520531},{"type":"movie","tmdb_id":783333},{"type":"movie","tmdb_id":696002},{"type":"movie","tmdb_id":773837},{"type":"movie","tmdb_id":674450},{"type":"movie","tmdb_id":763642},{"type":"movie","tmdb_id":729097},{"type":"movie","tmdb_id":667154},{"type":"movie","tmdb_id":663993},{"type":"movie","tmdb_id":713607},{"type":"movie","tmdb_id":701437},{"type":"movie","tmdb_id":718135},{"type":"movie","tmdb_id":760604},{"type":"movie","tmdb_id":565426},{"type":"movie","tmdb_id":676372},{"type":"movie","tmdb_id":716898},{"type":"movie","tmdb_id":767802},{"type":"movie","tmdb_id":965187},{"type":"movie","tmdb_id":745265},{"type":"movie","tmdb_id":1520531},{"type":"movie","tmdb_id":756801},{"type":"movie","tmdb_id":1179546},{"type":"movie","tmdb_id":716898},{"type":"movie","tmdb_id":965187},{"type":"movie","tmdb_id":750693},{"type":"movie","tmdb_id":745265},{"type":"movie","tmdb_id":1520531},{"type":"movie","tmdb_id":1179546},{"type":"movie","tmdb_id":749580},{"type":"movie","tmdb_id":542224},{"type":"movie","tmdb_id":613319},{"type":"movie","tmdb_id":787245},{"type":"movie","tmdb_id":1055414},{"type":"movie","tmdb_id":761340},{"type":"movie","tmdb_id":675453},{"type":"movie","tmdb_id":765548},{"type":"movie","tmdb_id":718158},{"type":"movie","tmdb_id":776052},{"type":"movie","tmdb_id":789530},{"type":"movie","tmdb_id":547523},{"type":"movie","tmdb_id":772875},{"type":"movie","tmdb_id":680297},{"type":"movie","tmdb_id":531499},{"type":"movie","tmdb_id":755340},{"type":"movie","tmdb_id":682153},{"type":"movie","tmdb_id":738388},{"type":"movie","tmdb_id":650783},{"type":"movie","tmdb_id":466622},{"type":"movie","tmdb_id":715384},{"type":"movie","tmdb_id":489280},{"type":"movie","tmdb_id":1069616},{"type":"movie","tmdb_id":686684},{"type":"movie","tmdb_id":533514},{"type":"movie","tmdb_id":665139},{"type":"movie","tmdb_id":660521},{"type":"movie","tmdb_id":715365},{"type":"movie","tmdb_id":637961},{"type":"movie","tmdb_id":736203},{"type":"movie","tmdb_id":691228},{"type":"movie","tmdb_id":759084},{"type":"movie","tmdb_id":467026},{"type":"movie","tmdb_id":780714},{"type":"movie","tmdb_id":650498},{"type":"movie","tmdb_id":802828},{"type":"movie","tmdb_id":698862},{"type":"movie","tmdb_id":407652},{"type":"movie","tmdb_id":655368},{"type":"movie","tmdb_id":767802},{"type":"movie","tmdb_id":1167360},{"type":"movie","tmdb_id":644409},{"type":"movie","tmdb_id":639848},{"type":"movie","tmdb_id":1363293},{"type":"movie","tmdb_id":672822},{"type":"movie","tmdb_id":586422},{"type":"movie","tmdb_id":741886},{"type":"movie","tmdb_id":522444},{"type":"movie","tmdb_id":763642},{"type":"movie","tmdb_id":759213},{"type":"movie","tmdb_id":581526},{"type":"movie","tmdb_id":520946},{"type":"movie","tmdb_id":694020},{"type":"movie","tmdb_id":669943},{"type":"movie","tmdb_id":763642},{"type":"movie","tmdb_id":581526},{"type":"movie","tmdb_id":565426},{"type":"movie","tmdb_id":520946},{"type":"movie","tmdb_id":694020},{"type":"movie","tmdb_id":669943},{"type":"movie","tmdb_id":757323},{"type":"movie","tmdb_id":659707},{"type":"movie","tmdb_id":674703},{"type":"movie","tmdb_id":741652},{"type":"movie","tmdb_id":750809},{"type":"movie","tmdb_id":603119},{"type":"movie","tmdb_id":689962},{"type":"movie","tmdb_id":662231},{"type":"movie","tmdb_id":606679},{"type":"movie","tmdb_id":728604},{"type":"movie","tmdb_id":1186946},{"type":"movie","tmdb_id":531454},{"type":"movie","tmdb_id":759870},{"type":"movie","tmdb_id":482273},{"type":"movie","tmdb_id":759213},{"type":"movie","tmdb_id":707683},{"type":"movie","tmdb_id":675308},{"type":"movie","tmdb_id":449756},{"type":"movie","tmdb_id":618738},{"type":"movie","tmdb_id":1148091},{"type":"movie","tmdb_id":896382},{"type":"movie","tmdb_id":963966},{"type":"movie","tmdb_id":399363},{"type":"movie","tmdb_id":663870},{"type":"movie","tmdb_id":682833},{"type":"movie","tmdb_id":749928},{"type":"movie","tmdb_id":637969},{"type":"movie","tmdb_id":819076},{"type":"movie","tmdb_id":767285},{"type":"movie","tmdb_id":732342},{"type":"movie","tmdb_id":609242},{"type":"movie","tmdb_id":827548},{"type":"movie","tmdb_id":522241},{"type":"movie","tmdb_id":743635},{"type":"movie","tmdb_id":817120},{"type":"movie","tmdb_id":672684},{"type":"movie","tmdb_id":769489},{"type":"movie","tmdb_id":505379},{"type":"movie","tmdb_id":643550},{"type":"movie","tmdb_id":390635},{"type":"movie","tmdb_id":703198},{"type":"movie","tmdb_id":925346},{"type":"movie","tmdb_id":645519},{"type":"movie","tmdb_id":760830},{"type":"movie","tmdb_id":514593},{"type":"movie","tmdb_id":1488085},{"type":"movie","tmdb_id":635918},{"type":"movie","tmdb_id":730972},{"type":"movie","tmdb_id":654028},{"type":"movie","tmdb_id":1209895},{"type":"movie","tmdb_id":776052},{"type":"movie","tmdb_id":653734},{"type":"movie","tmdb_id":651070},{"type":"movie","tmdb_id":579583},{"type":"movie","tmdb_id":802828},{"type":"movie","tmdb_id":749928},{"type":"movie","tmdb_id":407652},{"type":"movie","tmdb_id":579831},{"type":"movie","tmdb_id":710667},{"type":"movie","tmdb_id":757323},{"type":"movie","tmdb_id":728754},{"type":"movie","tmdb_id":864312},{"type":"movie","tmdb_id":717804},{"type":"movie","tmdb_id":1167360},{"type":"movie","tmdb_id":581526},{"type":"movie","tmdb_id":682428},{"type":"movie","tmdb_id":502425},{"type":"movie","tmdb_id":869753},{"type":"movie","tmdb_id":658156},{"type":"movie","tmdb_id":1002381},{"type":"movie","tmdb_id":1454720},{"type":"movie","tmdb_id":674869},{"type":"movie","tmdb_id":586422},{"type":"movie","tmdb_id":782946},{"type":"movie","tmdb_id":821093},{"type":"movie","tmdb_id":617505},{"type":"movie","tmdb_id":592640},{"type":"movie","tmdb_id":743027},{"type":"movie","tmdb_id":581032},{"type":"movie","tmdb_id":734309},{"type":"movie","tmdb_id":737043},{"type":"movie","tmdb_id":656274},{"type":"movie","tmdb_id":623184},{"type":"movie","tmdb_id":581577},{"type":"movie","tmdb_id":613022},{"type":"movie","tmdb_id":594718},{"type":"movie","tmdb_id":836025},{"type":"movie","tmdb_id":736198},{"type":"movie","tmdb_id":720914},{"type":"movie","tmdb_id":644373},{"type":"movie","tmdb_id":738596},{"type":"movie","tmdb_id":634174},{"type":"movie","tmdb_id":710667},{"type":"movie","tmdb_id":728754},{"type":"movie","tmdb_id":835372},{"type":"movie","tmdb_id":682428},{"type":"movie","tmdb_id":502425},{"type":"movie","tmdb_id":430268},{"type":"movie","tmdb_id":869753},{"type":"movie","tmdb_id":658156},{"type":"movie","tmdb_id":1454720},{"type":"movie","tmdb_id":674869},{"type":"movie","tmdb_id":740625},{"type":"movie","tmdb_id":721398},{"type":"movie","tmdb_id":751640},{"type":"movie","tmdb_id":643612},{"type":"movie","tmdb_id":1002381},{"type":"movie","tmdb_id":654894},{"type":"movie","tmdb_id":753492},{"type":"movie","tmdb_id":663881},{"type":"movie","tmdb_id":949505},{"type":"movie","tmdb_id":641662},{"type":"movie","tmdb_id":802119},{"type":"movie","tmdb_id":665452},{"type":"movie","tmdb_id":764946},{"type":"movie","tmdb_id":493065},{"type":"movie","tmdb_id":566960},{"type":"movie","tmdb_id":761884},{"type":"movie","tmdb_id":818374},{"type":"movie","tmdb_id":665852},{"type":"movie","tmdb_id":621737},{"type":"movie","tmdb_id":663868},{"type":"movie","tmdb_id":619592},{"type":"movie","tmdb_id":572430},{"type":"movie","tmdb_id":775906},{"type":"movie","tmdb_id":684779},{"type":"movie","tmdb_id":728069},{"type":"movie","tmdb_id":508935},{"type":"movie","tmdb_id":500840},{"type":"movie","tmdb_id":756167},{"type":"movie","tmdb_id":782946},{"type":"movie","tmdb_id":1083026},{"type":"movie","tmdb_id":737568},{"type":"movie","tmdb_id":775283},{"type":"movie","tmdb_id":1010616},{"type":"movie","tmdb_id":732554},{"type":"movie","tmdb_id":777459},{"type":"movie","tmdb_id":608195},{"type":"movie","tmdb_id":708040},{"type":"movie","tmdb_id":1435725},{"type":"movie","tmdb_id":733906},{"type":"movie","tmdb_id":552219},{"type":"movie","tmdb_id":984779},{"type":"movie","tmdb_id":555974},{"type":"movie","tmdb_id":729839},{"type":"movie","tmdb_id":715882},{"type":"movie","tmdb_id":677638},{"type":"movie","tmdb_id":846853},{"type":"movie","tmdb_id":741105},{"type":"movie","tmdb_id":594328},{"type":"movie","tmdb_id":819101},{"type":"movie","tmdb_id":719128},{"type":"movie","tmdb_id":447362},{"type":"movie","tmdb_id":1387468},{"type":"movie","tmdb_id":852363},{"type":"movie","tmdb_id":879220},{"type":"movie","tmdb_id":748620},{"type":"movie","tmdb_id":726352},{"type":"movie","tmdb_id":715287},{"type":"movie","tmdb_id":673798},{"type":"movie","tmdb_id":524216},{"type":"movie","tmdb_id":662516},{"type":"movie","tmdb_id":828834},{"type":"movie","tmdb_id":703745},{"type":"movie","tmdb_id":654742},{"type":"movie","tmdb_id":582596},{"type":"movie","tmdb_id":671583},{"type":"movie","tmdb_id":830250},{"type":"movie","tmdb_id":717972},{"type":"movie","tmdb_id":775644},{"type":"movie","tmdb_id":791136},{"type":"movie","tmdb_id":757312},{"type":"movie","tmdb_id":667703},{"type":"movie","tmdb_id":741630},{"type":"movie","tmdb_id":803392},{"type":"movie","tmdb_id":730785},{"type":"movie","tmdb_id":670900},{"type":"movie","tmdb_id":753492},{"type":"movie","tmdb_id":646352},{"type":"movie","tmdb_id":709637},{"type":"movie","tmdb_id":662769},{"type":"movie","tmdb_id":720188},{"type":"movie","tmdb_id":797998},{"type":"movie","tmdb_id":797106},{"type":"movie","tmdb_id":688397},{"type":"movie","tmdb_id":678584},{"type":"movie","tmdb_id":764632},{"type":"movie","tmdb_id":707886},{"type":"movie","tmdb_id":689652},{"type":"movie","tmdb_id":994694},{"type":"movie","tmdb_id":761583},{"type":"movie","tmdb_id":750809},{"type":"movie","tmdb_id":727961},{"type":"movie","tmdb_id":833457}]}