{"ts":1771263233,"year":"2012","mode":"movie","candidates":[{"type":"movie","tmdb_id":24428},{"type":"movie","tmdb_id":49026},{"type":"movie","tmdb_id":68718},{"type":"movie","tmdb_id":49051},{"type":"movie","tmdb_id":70981},{"type":"movie","tmdb_id":1930},{"type":"movie","tmdb_id":82690},{"type":"movie","tmdb_id":84332},{"type":"movie","tmdb_id":37724},{"type":"movie","tmdb_id":57800},{"type":"movie","tmdb_id":62177},{"type":"movie","tmdb_id":76492},{"type":"movie","tmdb_id":82507},{"type":"movie","tmdb_id":61012},{"type":"movie","tmdb_id":80321},{"type":"movie","tmdb_id":72105},{"type":"movie","tmdb_id":70160},{"type":"movie","tmdb_id":84892},{"type":"movie","tmdb_id":82633},{"type":"movie","tmdb_id":50620},{"type":"movie","tmdb_id":82633},{"type":"movie","tmdb_id":70160},{"type":"movie","tmdb_id":59967},{"type":"movie","tmdb_id":49049},{"type":"movie","tmdb_id":44833},{"type":"movie","tmdb_id":75780},{"type":"movie","tmdb_id":114150},{"type":"movie","tmdb_id":73723},{"type":"movie","tmdb_id":72976},{"type":"movie","tmdb_id":49529},{"type":"movie","tmdb_id":81188},{"type":"movie","tmdb_id":112160},{"type":"movie","tmdb_id":82695},{"type":"movie","tmdb_id":82675},{"type":"movie","tmdb_id":64635},{"type":"movie","tmdb_id":41154},{"type":"movie","tmdb_id":68734},{"type":"movie","tmdb_id":76163},{"type":"movie","tmdb_id":82693},{"type":"movie","tmdb_id":64688},{"type":"movie","tmdb_id":73935},{"type":"movie","tmdb_id":62213},{"type":"movie","tmdb_id":112160},{"type":"movie","tmdb_id":57214},{"type":"movie","tmdb_id":75258},{"type":"movie","tmdb_id":80278},{"type":"movie","tmdb_id":82693},{"type":"movie","tmdb_id":87502},{"type":"movie","tmdb_id":76726},{"type":"movie","tmdb_id":118957},{"type":"movie","tmdb_id":103663},{"type":"movie","tmdb_id":127372},{"type":"movie","tmdb_id":72545},{"type":"movie","tmdb_id":241697},{"type":"movie","tmdb_id":72331},{"type":"movie","tmdb_id":125509},{"type":"movie","tmdb_id":98203},{"type":"movie","tmdb_id":77016},{"type":"movie","tmdb_id":57165},{"type":"movie","tmdb_id":76493},{"type":"movie","tmdb_id":77877},{"type":"movie","tmdb_id":111839},{"type":"movie","tmdb_id":71668},{"type":"movie","tmdb_id":72387},{"type":"movie","tmdb_id":113082},{"type":"movie","tmdb_id":94204},{"type":"movie","tmdb_id":58595},{"type":"movie","tmdb_id":60599},{"type":"movie","tmdb_id":94329},{"type":"movie","tmdb_id":115290},{"type":"movie","tmdb_id":83542},{"type":"movie","tmdb_id":110420},{"type":"movie","tmdb_id":71552},{"type":"movie","tmdb_id":227213},{"type":"movie","tmdb_id":86838},{"type":"movie","tmdb_id":93858},{"type":"movie","tmdb_id":93837},{"type":"movie","tmdb_id":86467},{"type":"movie","tmdb_id":75638},{"type":"movie","tmdb_id":133764},{"type":"movie","tmdb_id":151476},{"type":"movie","tmdb_id":72570},{"type":"movie","tmdb_id":71668},{"type":"movie","tmdb_id":86838},{"type":"movie","tmdb_id":133764},{"type":"movie","tmdb_id":114961},{"type":"movie","tmdb_id":72387},{"type":"movie","tmdb_id":93837},{"type":"movie","tmdb_id":212334},{"type":"movie","tmdb_id":62764},{"type":"movie","tmdb_id":52520},{"type":"movie","tmdb_id":82679},{"type":"movie","tmdb_id":140441},{"type":"movie","tmdb_id":96085},{"type":"movie","tmdb_id":94329},{"type":"movie","tmdb_id":122126},{"type":"movie","tmdb_id":227213},{"type":"movie","tmdb_id":75638},{"type":"movie","tmdb_id":60747},{"type":"movie","tmdb_id":86837},{"type":"movie","tmdb_id":176983},{"type":"movie","tmdb_id":140420},{"type":"movie","tmdb_id":82825},{"type":"movie","tmdb_id":51996},{"type":"movie","tmdb_id":109689},{"type":"movie","tmdb_id":334311},{"type":"movie","tmdb_id":97630},{"type":"movie","tmdb_id":121875},{"type":"movie","tmdb_id":372548},{"type":"movie","tmdb_id":103686},{"type":"movie","tmdb_id":82881},{"type":"movie","tmdb_id":110398},{"type":"movie","tmdb_id":518966},{"type":"movie","tmdb_id":92393},{"type":"movie","tmdb_id":98567},{"type":"movie","tmdb_id":110490},{"type":"movie","tmdb_id":89325},{"type":"movie","tmdb_id":72197},{"type":"movie","tmdb_id":129439},{"type":"movie","tmdb_id":59962},{"type":"movie","tmdb_id":258156},{"type":"movie","tmdb_id":331168},{"type":"movie","tmdb_id":232453},{"type":"movie","tmdb_id":168608},{"type":"movie","tmdb_id":246895},{"type":"movie","tmdb_id":109513},{"type":"movie","tmdb_id":189179},{"type":"movie","tmdb_id":114958},{"type":"movie","tmdb_id":100024},{"type":"movie","tmdb_id":110447},{"type":"movie","tmdb_id":1157301},{"type":"movie","tmdb_id":80271},{"type":"movie","tmdb_id":12693},{"type":"movie","tmdb_id":138496},{"type":"movie","tmdb_id":60540},{"type":"movie","tmdb_id":77174},{"type":"movie","tmdb_id":89604},{"type":"movie","tmdb_id":121830},{"type":"movie","tmdb_id":171587},{"type":"movie","tmdb_id":138705},{"type":"movie","tmdb_id":62214},{"type":"movie","tmdb_id":80585},{"type":"movie","tmdb_id":94360},{"type":"movie","tmdb_id":252215},{"type":"movie","tmdb_id":121244},{"type":"movie","tmdb_id":128203},{"type":"movie","tmdb_id":142534},{"type":"movie","tmdb_id":59961},{"type":"movie","tmdb_id":137683},{"type":"movie","tmdb_id":133458},{"type":"movie","tmdb_id":116977},{"type":"movie","tmdb_id":135877},{"type":"movie","tmdb_id":110420},{"type":"movie","tmdb_id":46429},{"type":"movie","tmdb_id":926984},{"type":"movie","tmdb_id":1025831},{"type":"movie","tmdb_id":322838},{"type":"movie","tmdb_id":138735},{"type":"movie","tmdb_id":77930},{"type":"movie","tmdb_id":133121},{"type":"movie","tmdb_id":84204},{"type":"movie","tmdb_id":72334},{"type":"movie","tmdb_id":80035},{"type":"movie","tmdb_id":335864},{"type":"movie","tmdb_id":159389},{"type":"movie","tmdb_id":120194},{"type":"movie","tmdb_id":199277},{"type":"movie","tmdb_id":97684},{"type":"movie","tmdb_id":65086},{"type":"movie","tmdb_id":630868},{"type":"movie","tmdb_id":229794},{"type":"movie","tmdb_id":1401403},{"type":"movie","tmdb_id":137955},{"type":"movie","tmdb_id":122930},{"type":"movie","tmdb_id":123362},{"type":"movie","tmdb_id":136403},{"type":"movie","tmdb_id":168027},{"type":"movie","tmdb_id":122080},{"type":"movie","tmdb_id":323707},{"type":"movie","tmdb_id":102632},{"type":"movie","tmdb_id":122930},{"type":"movie","tmdb_id":596925},{"type":"movie","tmdb_id":121268},{"type":"movie","tmdb_id":123678},{"type":"movie","tmdb_id":128110},{"type":"movie","tmdb_id":355102},{"type":"movie","tmdb_id":578297},{"type":"movie","tmdb_id":720977},{"type":"movie","tmdb_id":149854},{"type":"movie","tmdb_id":75204},{"type":"movie","tmdb_id":630868},{"type":"movie","tmdb_id":1401403},{"type":"movie","tmdb_id":77930},{"type":"movie","tmdb_id":134764},{"type":"movie","tmdb_id":199277},{"type":"movie","tmdb_id":123025},{"type":"movie","tmdb_id":137955},{"type":"movie","tmdb_id":98066},{"type":"movie","tmdb_id":91333},{"type":"movie","tmdb_id":1025831},{"type":"movie","tmdb_id":65086},{"type":"movie","tmdb_id":77866},{"type":"movie","tmdb_id":129530},{"type":"movie","tmdb_id":79935},{"type":"movie","tmdb_id":68722},{"type":"movie","tmdb_id":252215},{"type":"movie","tmdb_id":96724},{"type":"movie","tmdb_id":229785},{"type":"movie","tmdb_id":416713},{"type":"movie","tmdb_id":926984},{"type":"movie","tmdb_id":299840},{"type":"movie","tmdb_id":138419},{"type":"movie","tmdb_id":119640},{"type":"movie","tmdb_id":118512},{"type":"movie","tmdb_id":473509},{"type":"movie","tmdb_id":136403},{"type":"movie","tmdb_id":467564},{"type":"movie","tmdb_id":765534},{"type":"movie","tmdb_id":167948},{"type":"movie","tmdb_id":62517},{"type":"movie","tmdb_id":890034},{"type":"movie","tmdb_id":84330},{"type":"movie","tmdb_id":213386},{"type":"movie","tmdb_id":773471},{"type":"movie","tmdb_id":119278},{"type":"movie","tmdb_id":224746},{"type":"movie","tmdb_id":128110},{"type":"movie","tmdb_id":475354},{"type":"movie","tmdb_id":204634},{"type":"movie","tmdb_id":84907},{"type":"movie","tmdb_id":77866},{"type":"movie","tmdb_id":129530},{"type":"movie","tmdb_id":118512},{"type":"movie","tmdb_id":98066},{"type":"movie","tmdb_id":127874},{"type":"movie","tmdb_id":213857},{"type":"movie","tmdb_id":586318},{"type":"movie","tmdb_id":134764},{"type":"movie","tmdb_id":286398},{"type":"movie","tmdb_id":75204},{"type":"movie","tmdb_id":83201},{"type":"movie","tmdb_id":76489},{"type":"movie","tmdb_id":127509},{"type":"movie","tmdb_id":438090},{"type":"movie","tmdb_id":228653},{"type":"movie","tmdb_id":201006},{"type":"movie","tmdb_id":89492},{"type":"movie","tmdb_id":149854},{"type":"movie","tmdb_id":286483},{"type":"movie","tmdb_id":170349},{"type":"movie","tmdb_id":246850},{"type":"movie","tmdb_id":130593},{"type":"movie","tmdb_id":419485},{"type":"movie","tmdb_id":127533},{"type":"movie","tmdb_id":331173},{"type":"movie","tmdb_id":128195},{"type":"movie","tmdb_id":144566},{"type":"movie","tmdb_id":160311},{"type":"movie","tmdb_id":85870},{"type":"movie","tmdb_id":82525},{"type":"movie","tmdb_id":259490},{"type":"movie","tmdb_id":201006},{"type":"movie","tmdb_id":136231},{"type":"movie","tmdb_id":133121},{"type":"movie","tmdb_id":122080},{"type":"movie","tmdb_id":856552},{"type":"movie","tmdb_id":82525},{"type":"movie","tmdb_id":529258},{"type":"movie","tmdb_id":144566},{"type":"movie","tmdb_id":135451},{"type":"movie","tmdb_id":68812},{"type":"movie","tmdb_id":172234},{"type":"movie","tmdb_id":288737},{"type":"movie","tmdb_id":80714},{"type":"movie","tmdb_id":645272},{"type":"movie","tmdb_id":716518},{"type":"movie","tmdb_id":687936},{"type":"movie","tmdb_id":94348},{"type":"movie","tmdb_id":265811},{"type":"movie","tmdb_id":127874},{"type":"movie","tmdb_id":204634},{"type":"movie","tmdb_id":130593},{"type":"movie","tmdb_id":279912},{"type":"movie","tmdb_id":108039},{"type":"movie","tmdb_id":961883},{"type":"movie","tmdb_id":139575},{"type":"movie","tmdb_id":133783},{"type":"movie","tmdb_id":123362},{"type":"movie","tmdb_id":85870},{"type":"movie","tmdb_id":137174},{"type":"movie","tmdb_id":331173},{"type":"movie","tmdb_id":213386},{"type":"movie","tmdb_id":470913},{"type":"movie","tmdb_id":76489},{"type":"movie","tmdb_id":255396},{"type":"movie","tmdb_id":113947},{"type":"movie","tmdb_id":586318},{"type":"movie","tmdb_id":117660},{"type":"movie","tmdb_id":83201},{"type":"movie","tmdb_id":103332},{"type":"movie","tmdb_id":100830},{"type":"movie","tmdb_id":122583},{"type":"movie","tmdb_id":463182},{"type":"movie","tmdb_id":1411762},{"type":"movie","tmdb_id":127242},{"type":"movie","tmdb_id":138890},{"type":"movie","tmdb_id":97614},{"type":"movie","tmdb_id":167313},{"type":"movie","tmdb_id":945386},{"type":"movie","tmdb_id":133557},{"type":"movie","tmdb_id":168344},{"type":"movie","tmdb_id":93856},{"type":"movie","tmdb_id":286398},{"type":"movie","tmdb_id":64689},{"type":"movie","tmdb_id":72358},{"type":"movie","tmdb_id":170349},{"type":"movie","tmdb_id":873738},{"type":"movie","tmdb_id":129533},{"type":"movie","tmdb_id":118412},{"type":"movie","tmdb_id":165567},{"type":"movie","tmdb_id":268863},{"type":"movie","tmdb_id":858423},{"type":"movie","tmdb_id":424258},{"type":"movie","tmdb_id":132313},{"type":"movie","tmdb_id":256424},{"type":"movie","tmdb_id":441352},{"type":"movie","tmdb_id":1184838},{"type":"movie","tmdb_id":94380},{"type":"movie","tmdb_id":224301},{"type":"movie","tmdb_id":133741},{"type":"movie","tmdb_id":1478074},{"type":"movie","tmdb_id":1063628},{"type":"movie","tmdb_id":121824},{"type":"movie","tmdb_id":171982},{"type":"movie","tmdb_id":177083},{"type":"movie","tmdb_id":442194},{"type":"movie","tmdb_id":173392},{"type":"movie","tmdb_id":1196546},{"type":"movie","tmdb_id":161043},{"type":"movie","tmdb_id":139862},{"type":"movie","tmdb_id":160311},{"type":"movie","tmdb_id":72207},{"type":"movie","tmdb_id":658941},{"type":"movie","tmdb_id":143800},{"type":"movie","tmdb_id":572429},{"type":"movie","tmdb_id":190410},{"type":"movie","tmdb_id":307692},{"type":"movie","tmdb_id":132561},{"type":"movie","tmdb_id":97430},{"type":"movie","tmdb_id":1004986},{"type":"movie","tmdb_id":99758},{"type":"movie","tmdb_id":135695},{"type":"movie","tmdb_id":1187447},{"type":"movie","tmdb_id":178135},{"type":"movie","tmdb_id":151505},{"type":"movie","tmdb_id":523948},{"type":"movie","tmdb_id":87584},{"type":"movie","tmdb_id":70074},{"type":"movie","tmdb_id":180759},{"type":"movie","tmdb_id":111083},{"type":"movie","tmdb_id":186556},{"type":"movie","tmdb_id":159121},{"type":"movie","tmdb_id":104636},{"type":"movie","tmdb_id":130733},{"type":"movie","tmdb_id":388732},{"type":"movie","tmdb_id":644203},{"type":"movie","tmdb_id":139948},{"type":"movie","tmdb_id":49526},{"type":"movie","tmdb_id":117667},{"type":"movie","tmdb_id":85446},{"type":"movie","tmdb_id":97434},{"type":"movie","tmdb_id":134885},{"type":"movie","tmdb_id":194894},{"type":"movie","tmdb_id":135047},{"type":"movie","tmdb_id":264047},{"type":"movie","tmdb_id":80389},{"type":"movie","tmdb_id":1367017},{"type":"movie","tmdb_id":449687},{"type":"movie","tmdb_id":113329},{"type":"movie","tmdb_id":547119},{"type":"movie","tmdb_id":1370604},{"type":"movie","tmdb_id":724770},{"type":"movie","tmdb_id":107033},{"type":"movie","tmdb_id":130753},{"type":"movie","tmdb_id":137923},{"type":"movie","tmdb_id":77948},{"type":"movie","tmdb_id":74387},{"type":"movie","tmdb_id":147171},{"type":"movie","tmdb_id":151197},{"type":"movie","tmdb_id":127872},{"type":"movie","tmdb_id":318184},{"type":"movie","tmdb_id":1202239},{"type":"movie","tmdb_id":82650},{"type":"movie","tmdb_id":121730},{"type":"movie","tmdb_id":128195},{"type":"movie","tmdb_id":189890},{"type":"movie","tmdb_id":107203},{"type":"movie","tmdb_id":267677},{"type":"movie","tmdb_id":116167},{"type":"movie","tmdb_id":483643},{"type":"movie","tmdb_id":180759},{"type":"movie","tmdb_id":70074},{"type":"movie","tmdb_id":1063628},{"type":"movie","tmdb_id":501463},{"type":"movie","tmdb_id":334584},{"type":"movie","tmdb_id":1151155},{"type":"movie","tmdb_id":318184},{"type":"movie","tmdb_id":83686},{"type":"movie","tmdb_id":86541},{"type":"movie","tmdb_id":190410},{"type":"movie","tmdb_id":1370604},{"type":"movie","tmdb_id":49527},{"type":"movie","tmdb_id":103332},{"type":"movie","tmdb_id":288737},{"type":"movie","tmdb_id":147825},{"type":"movie","tmdb_id":82990},{"type":"movie","tmdb_id":426680},{"type":"movie","tmdb_id":137614},{"type":"movie","tmdb_id":845274},{"type":"movie","tmdb_id":170748},{"type":"movie","tmdb_id":48809},{"type":"movie","tmdb_id":446877},{"type":"movie","tmdb_id":592208},{"type":"movie","tmdb_id":170748},{"type":"movie","tmdb_id":131822},{"type":"movie","tmdb_id":246871},{"type":"movie","tmdb_id":98886},{"type":"movie","tmdb_id":231629},{"type":"movie","tmdb_id":115604},{"type":"movie","tmdb_id":121765},{"type":"movie","tmdb_id":239840},{"type":"movie","tmdb_id":82505},{"type":"movie","tmdb_id":100271},{"type":"movie","tmdb_id":106021},{"type":"movie","tmdb_id":295387},{"type":"movie","tmdb_id":134597},{"type":"movie","tmdb_id":73567},{"type":"movie","tmdb_id":633207},{"type":"movie","tmdb_id":135832},{"type":"movie","tmdb_id":1110633},{"type":"movie","tmdb_id":730204},{"type":"movie","tmdb_id":105121},{"type":"movie","tmdb_id":103370},{"type":"movie","tmdb_id":123005},{"type":"movie","tmdb_id":366874},{"type":"movie","tmdb_id":50647},{"type":"movie","tmdb_id":940152},{"type":"movie","tmdb_id":330708},{"type":"movie","tmdb_id":121876},{"type":"movie","tmdb_id":270534},{"type":"movie","tmdb_id":541951},{"type":"movie","tmdb_id":336382},{"type":"movie","tmdb_id":134375},{"type":"movie","tmdb_id":599658},{"type":"movie","tmdb_id":345330},{"type":"movie","tmdb_id":82990},{"type":"movie","tmdb_id":1435698},{"type":"movie","tmdb_id":67660},{"type":"movie","tmdb_id":84195},{"type":"movie","tmdb_id":1151155},{"type":"movie","tmdb_id":84194},{"type":"movie","tmdb_id":520221},{"type":"movie","tmdb_id":483643},{"type":"movie","tmdb_id":147760},{"type":"movie","tmdb_id":162272},{"type":"movie","tmdb_id":458636},{"type":"movie","tmdb_id":93094},{"type":"movie","tmdb_id":1354500},{"type":"movie","tmdb_id":102207},{"type":"movie","tmdb_id":113294},{"type":"movie","tmdb_id":77948},{"type":"movie","tmdb_id":64689},{"type":"movie","tmdb_id":1437989},{"type":"movie","tmdb_id":273802},{"type":"movie","tmdb_id":109416},{"type":"movie","tmdb_id":633207},{"type":"movie","tmdb_id":131822},{"type":"movie","tmdb_id":100271},{"type":"movie","tmdb_id":344447},{"type":"movie","tmdb_id":503265},{"type":"movie","tmdb_id":200488},{"type":"movie","tmdb_id":102207},{"type":"movie","tmdb_id":137614},{"type":"movie","tmdb_id":101731},{"type":"movie","tmdb_id":1148240},{"type":"movie","tmdb_id":103620},{"type":"movie","tmdb_id":151136},{"type":"movie","tmdb_id":586312},{"type":"movie","tmdb_id":930812},{"type":"movie","tmdb_id":520221},{"type":"movie","tmdb_id":256109},{"type":"movie","tmdb_id":503265},{"type":"movie","tmdb_id":139567},{"type":"movie","tmdb_id":932885},{"type":"movie","tmdb_id":120956},{"type":"movie","tmdb_id":274056},{"type":"movie","tmdb_id":686038},{"type":"movie","tmdb_id":802703},{"type":"movie","tmdb_id":755450},{"type":"movie","tmdb_id":1372881},{"type":"movie","tmdb_id":79548},{"type":"movie","tmdb_id":501463},{"type":"movie","tmdb_id":656174},{"type":"movie","tmdb_id":270458},{"type":"movie","tmdb_id":140443},{"type":"movie","tmdb_id":516557},{"type":"movie","tmdb_id":181215},{"type":"movie","tmdb_id":411132},{"type":"movie","tmdb_id":374625},{"type":"movie","tmdb_id":120961},{"type":"movie","tmdb_id":221240},{"type":"movie","tmdb_id":434582},{"type":"movie","tmdb_id":147760},{"type":"movie","tmdb_id":458636},{"type":"movie","tmdb_id":93094},{"type":"movie","tmdb_id":151703},{"type":"movie","tmdb_id":74306},{"type":"movie","tmdb_id":121567},{"type":"movie","tmdb_id":142377},{"type":"movie","tmdb_id":192404},{"type":"movie","tmdb_id":1354500},{"type":"movie","tmdb_id":476676},{"type":"movie","tmdb_id":307153},{"type":"movie","tmdb_id":293569},{"type":"movie","tmdb_id":300526},{"type":"movie","tmdb_id":82684},{"type":"movie","tmdb_id":408188},{"type":"movie","tmdb_id":69537},{"type":"movie","tmdb_id":797742},{"type":"movie","tmdb_id":624477},{"type":"movie","tmdb_id":160642},{"type":"movie","tmdb_id":561172},{"type":"movie","tmdb_id":189817},{"type":"movie","tmdb_id":542844},{"type":"movie","tmdb_id":86541},{"type":"movie","tmdb_id":151512},{"type":"movie","tmdb_id":749696},{"type":"movie","tmdb_id":164046},{"type":"movie","tmdb_id":574884},{"type":"movie","tmdb_id":123797},{"type":"movie","tmdb_id":115421},{"type":"movie","tmdb_id":205092},{"type":"movie","tmdb_id":155622},{"type":"movie","tmdb_id":903489},{"type":"movie","tmdb_id":845274},{"type":"movie","tmdb_id":1015935},{"type":"movie","tmdb_id":84188},{"type":"movie","tmdb_id":524303},{"type":"movie","tmdb_id":159701},{"type":"movie","tmdb_id":212234},{"type":"movie","tmdb_id":84348},{"type":"movie","tmdb_id":127493},{"type":"movie","tmdb_id":127489},{"type":"movie","tmdb_id":366762},{"type":"movie","tmdb_id":140250},{"type":"movie","tmdb_id":1483306},{"type":"movie","tmdb_id":1190428},{"type":"movie","tmdb_id":85041},{"type":"movie","tmdb_id":128552},{"type":"movie","tmdb_id":300930},{"type":"movie","tmdb_id":273802},{"type":"movie","tmdb_id":344447},{"type":"movie","tmdb_id":716521},{"type":"movie","tmdb_id":305027},{"type":"movie","tmdb_id":1540792},{"type":"movie","tmdb_id":1475190},{"type":"movie","tmdb_id":207125},{"type":"movie","tmdb_id":10679},{"type":"movie","tmdb_id":259851},{"type":"movie","tmdb_id":133763},{"type":"movie","tmdb_id":142303},{"type":"movie","tmdb_id":551019},{"type":"movie","tmdb_id":188527},{"type":"movie","tmdb_id":101852},{"type":"movie","tmdb_id":570676},{"type":"movie","tmdb_id":200256},{"type":"movie","tmdb_id":185321},{"type":"movie","tmdb_id":98548},{"type":"movie","tmdb_id":594269},{"type":"movie","tmdb_id":110182},{"type":"movie","tmdb_id":84320},{"type":"movie","tmdb_id":179863},{"type":"movie","tmdb_id":121498},{"type":"movie","tmdb_id":137752},{"type":"movie","tmdb_id":376688},{"type":"movie","tmdb_id":142366},{"type":"movie","tmdb_id":699466},{"type":"movie","tmdb_id":89191},{"type":"movie","tmdb_id":450979},{"type":"movie","tmdb_id":1424130},{"type":"movie","tmdb_id":161479},{"type":"movie","tmdb_id":111728},{"type":"movie","tmdb_id":171950},{"type":"movie","tmdb_id":113294},{"type":"movie","tmdb_id":78049},{"type":"movie","tmdb_id":642944},{"type":"movie","tmdb_id":273585},{"type":"movie","tmdb_id":84201},{"type":"movie","tmdb_id":351887},{"type":"movie","tmdb_id":128281}]}