{"ts":1771218917,"year":"2004","mode":"movie","candidates":[{"type":"movie","tmdb_id":11036},{"type":"movie","tmdb_id":673},{"type":"movie","tmdb_id":4935},{"type":"movie","tmdb_id":12153},{"type":"movie","tmdb_id":38},{"type":"movie","tmdb_id":9806},{"type":"movie","tmdb_id":652},{"type":"movie","tmdb_id":809},{"type":"movie","tmdb_id":7131},{"type":"movie","tmdb_id":10625},{"type":"movie","tmdb_id":176},{"type":"movie","tmdb_id":615},{"type":"movie","tmdb_id":747},{"type":"movie","tmdb_id":393},{"type":"movie","tmdb_id":9470},{"type":"movie","tmdb_id":11836},{"type":"movie","tmdb_id":1824},{"type":"movie","tmdb_id":10591},{"type":"movie","tmdb_id":2502},{"type":"movie","tmdb_id":10555},{"type":"movie","tmdb_id":8920},{"type":"movie","tmdb_id":1954},{"type":"movie","tmdb_id":2048},{"type":"movie","tmdb_id":27},{"type":"movie","tmdb_id":1586},{"type":"movie","tmdb_id":5255},{"type":"movie","tmdb_id":2023},{"type":"movie","tmdb_id":924},{"type":"movie","tmdb_id":435},{"type":"movie","tmdb_id":2059},{"type":"movie","tmdb_id":1538},{"type":"movie","tmdb_id":2567},{"type":"movie","tmdb_id":70},{"type":"movie","tmdb_id":558},{"type":"movie","tmdb_id":9509},{"type":"movie","tmdb_id":10718},{"type":"movie","tmdb_id":85430},{"type":"movie","tmdb_id":594},{"type":"movie","tmdb_id":395},{"type":"movie","tmdb_id":1487},{"type":"movie","tmdb_id":163},{"type":"movie","tmdb_id":71241},{"type":"movie","tmdb_id":11774},{"type":"movie","tmdb_id":29952},{"type":"movie","tmdb_id":36648},{"type":"movie","tmdb_id":13700},{"type":"movie","tmdb_id":4289},{"type":"movie","tmdb_id":11282},{"type":"movie","tmdb_id":5528},{"type":"movie","tmdb_id":16907},{"type":"movie","tmdb_id":80517},{"type":"movie","tmdb_id":13572},{"type":"movie","tmdb_id":29004},{"type":"movie","tmdb_id":46342},{"type":"movie","tmdb_id":11247},{"type":"movie","tmdb_id":1004992},{"type":"movie","tmdb_id":7220},{"type":"movie","tmdb_id":9352},{"type":"movie","tmdb_id":23594},{"type":"movie","tmdb_id":14247},{"type":"movie","tmdb_id":693},{"type":"movie","tmdb_id":11249},{"type":"movie","tmdb_id":10096},{"type":"movie","tmdb_id":613},{"type":"movie","tmdb_id":16617},{"type":"movie","tmdb_id":9541},{"type":"movie","tmdb_id":39850},{"type":"movie","tmdb_id":1966},{"type":"movie","tmdb_id":9472},{"type":"movie","tmdb_id":14623},{"type":"movie","tmdb_id":9477},{"type":"movie","tmdb_id":6947},{"type":"movie","tmdb_id":23056},{"type":"movie","tmdb_id":36984},{"type":"movie","tmdb_id":12242},{"type":"movie","tmdb_id":47336},{"type":"movie","tmdb_id":7548},{"type":"movie","tmdb_id":11430},{"type":"movie","tmdb_id":9833},{"type":"movie","tmdb_id":33636},{"type":"movie","tmdb_id":20364},{"type":"movie","tmdb_id":48895},{"type":"movie","tmdb_id":55502},{"type":"movie","tmdb_id":59555},{"type":"movie","tmdb_id":1599},{"type":"movie","tmdb_id":11130},{"type":"movie","tmdb_id":314},{"type":"movie","tmdb_id":35693},{"type":"movie","tmdb_id":11045},{"type":"movie","tmdb_id":38046},{"type":"movie","tmdb_id":126058},{"type":"movie","tmdb_id":423230},{"type":"movie","tmdb_id":9830},{"type":"movie","tmdb_id":11237},{"type":"movie","tmdb_id":538649},{"type":"movie","tmdb_id":9384},{"type":"movie","tmdb_id":32528},{"type":"movie","tmdb_id":3989},{"type":"movie","tmdb_id":256422},{"type":"movie","tmdb_id":205},{"type":"movie","tmdb_id":116560},{"type":"movie","tmdb_id":15058},{"type":"movie","tmdb_id":13468},{"type":"movie","tmdb_id":376986},{"type":"movie","tmdb_id":98584},{"type":"movie","tmdb_id":214643},{"type":"movie","tmdb_id":1577},{"type":"movie","tmdb_id":82164},{"type":"movie","tmdb_id":18442},{"type":"movie","tmdb_id":231160},{"type":"movie","tmdb_id":106052},{"type":"movie","tmdb_id":61165},{"type":"movie","tmdb_id":16131},{"type":"movie","tmdb_id":57825},{"type":"movie","tmdb_id":4553},{"type":"movie","tmdb_id":221245},{"type":"movie","tmdb_id":71848},{"type":"movie","tmdb_id":291541},{"type":"movie","tmdb_id":619432},{"type":"movie","tmdb_id":34560},{"type":"movie","tmdb_id":11540},{"type":"movie","tmdb_id":80},{"type":"movie","tmdb_id":182858},{"type":"movie","tmdb_id":69934},{"type":"movie","tmdb_id":96140},{"type":"movie","tmdb_id":20103},{"type":"movie","tmdb_id":39758},{"type":"movie","tmdb_id":73452},{"type":"movie","tmdb_id":17209},{"type":"movie","tmdb_id":855404},{"type":"movie","tmdb_id":11346},{"type":"movie","tmdb_id":74101},{"type":"movie","tmdb_id":8699},{"type":"movie","tmdb_id":28419},{"type":"movie","tmdb_id":340625},{"type":"movie","tmdb_id":10589},{"type":"movie","tmdb_id":115153},{"type":"movie","tmdb_id":7296},{"type":"movie","tmdb_id":1311317},{"type":"movie","tmdb_id":11636},{"type":"movie","tmdb_id":1219383},{"type":"movie","tmdb_id":84807},{"type":"movie","tmdb_id":430554},{"type":"movie","tmdb_id":41567},{"type":"movie","tmdb_id":245381},{"type":"movie","tmdb_id":21778},{"type":"movie","tmdb_id":13969},{"type":"movie","tmdb_id":21385},{"type":"movie","tmdb_id":21198},{"type":"movie","tmdb_id":1913},{"type":"movie","tmdb_id":77085},{"type":"movie","tmdb_id":342},{"type":"movie","tmdb_id":2288},{"type":"movie","tmdb_id":71198},{"type":"movie","tmdb_id":42318},{"type":"movie","tmdb_id":201912},{"type":"movie","tmdb_id":24775},{"type":"movie","tmdb_id":43755},{"type":"movie","tmdb_id":1677},{"type":"movie","tmdb_id":10204},{"type":"movie","tmdb_id":78628},{"type":"movie","tmdb_id":1970},{"type":"movie","tmdb_id":25313},{"type":"movie","tmdb_id":21776},{"type":"movie","tmdb_id":15165},{"type":"movie","tmdb_id":10045},{"type":"movie","tmdb_id":1277712},{"type":"movie","tmdb_id":87614},{"type":"movie","tmdb_id":360683},{"type":"movie","tmdb_id":305849},{"type":"movie","tmdb_id":439905},{"type":"movie","tmdb_id":71248},{"type":"movie","tmdb_id":540708},{"type":"movie","tmdb_id":8193},{"type":"movie","tmdb_id":66926},{"type":"movie","tmdb_id":216978},{"type":"movie","tmdb_id":55396},{"type":"movie","tmdb_id":528613},{"type":"movie","tmdb_id":311445},{"type":"movie","tmdb_id":4836},{"type":"movie","tmdb_id":20502},{"type":"movie","tmdb_id":135760},{"type":"movie","tmdb_id":247420},{"type":"movie","tmdb_id":125919},{"type":"movie","tmdb_id":53124},{"type":"movie","tmdb_id":252293},{"type":"movie","tmdb_id":56348},{"type":"movie","tmdb_id":24143},{"type":"movie","tmdb_id":134299},{"type":"movie","tmdb_id":45113},{"type":"movie","tmdb_id":155508},{"type":"movie","tmdb_id":244252},{"type":"movie","tmdb_id":218152},{"type":"movie","tmdb_id":144275},{"type":"movie","tmdb_id":78549},{"type":"movie","tmdb_id":113072},{"type":"movie","tmdb_id":16430},{"type":"movie","tmdb_id":20200},{"type":"movie","tmdb_id":1142451},{"type":"movie","tmdb_id":150445},{"type":"movie","tmdb_id":47187},{"type":"movie","tmdb_id":11358},{"type":"movie","tmdb_id":1305242},{"type":"movie","tmdb_id":231495},{"type":"movie","tmdb_id":1149649},{"type":"movie","tmdb_id":462852},{"type":"movie","tmdb_id":746703},{"type":"movie","tmdb_id":1335855},{"type":"movie","tmdb_id":447501},{"type":"movie","tmdb_id":570595},{"type":"movie","tmdb_id":22808},{"type":"movie","tmdb_id":66505},{"type":"movie","tmdb_id":14442},{"type":"movie","tmdb_id":361866},{"type":"movie","tmdb_id":1464018},{"type":"movie","tmdb_id":600046},{"type":"movie","tmdb_id":108299},{"type":"movie","tmdb_id":146546},{"type":"movie","tmdb_id":886218},{"type":"movie","tmdb_id":1142519},{"type":"movie","tmdb_id":4974},{"type":"movie","tmdb_id":14337},{"type":"movie","tmdb_id":510428},{"type":"movie","tmdb_id":678878},{"type":"movie","tmdb_id":57190},{"type":"movie","tmdb_id":1243890},{"type":"movie","tmdb_id":14399},{"type":"movie","tmdb_id":1424},{"type":"movie","tmdb_id":49968},{"type":"movie","tmdb_id":161311},{"type":"movie","tmdb_id":372961},{"type":"movie","tmdb_id":884648},{"type":"movie","tmdb_id":145902},{"type":"movie","tmdb_id":1420236},{"type":"movie","tmdb_id":33440},{"type":"movie","tmdb_id":69871},{"type":"movie","tmdb_id":27860},{"type":"movie","tmdb_id":172513},{"type":"movie","tmdb_id":636651},{"type":"movie","tmdb_id":330584},{"type":"movie","tmdb_id":1163472},{"type":"movie","tmdb_id":21536},{"type":"movie","tmdb_id":45829},{"type":"movie","tmdb_id":1099230},{"type":"movie","tmdb_id":10870},{"type":"movie","tmdb_id":44728},{"type":"movie","tmdb_id":81503},{"type":"movie","tmdb_id":30385},{"type":"movie","tmdb_id":47109},{"type":"movie","tmdb_id":334620},{"type":"movie","tmdb_id":453635},{"type":"movie","tmdb_id":12657},{"type":"movie","tmdb_id":274281},{"type":"movie","tmdb_id":48266},{"type":"movie","tmdb_id":11024},{"type":"movie","tmdb_id":9759},{"type":"movie","tmdb_id":1313053},{"type":"movie","tmdb_id":305132},{"type":"movie","tmdb_id":277100},{"type":"movie","tmdb_id":78705},{"type":"movie","tmdb_id":2789},{"type":"movie","tmdb_id":58529},{"type":"movie","tmdb_id":305933},{"type":"movie","tmdb_id":25060},{"type":"movie","tmdb_id":276480},{"type":"movie","tmdb_id":9998},{"type":"movie","tmdb_id":561334},{"type":"movie","tmdb_id":14462},{"type":"movie","tmdb_id":986167},{"type":"movie","tmdb_id":53750},{"type":"movie","tmdb_id":85757},{"type":"movie","tmdb_id":1530229},{"type":"movie","tmdb_id":540550},{"type":"movie","tmdb_id":51827},{"type":"movie","tmdb_id":436221},{"type":"movie","tmdb_id":370047},{"type":"movie","tmdb_id":584971},{"type":"movie","tmdb_id":10762},{"type":"movie","tmdb_id":345295},{"type":"movie","tmdb_id":33294},{"type":"movie","tmdb_id":305556},{"type":"movie","tmdb_id":178385},{"type":"movie","tmdb_id":69129},{"type":"movie","tmdb_id":421},{"type":"movie","tmdb_id":325319},{"type":"movie","tmdb_id":1499109},{"type":"movie","tmdb_id":242421},{"type":"movie","tmdb_id":1230476},{"type":"movie","tmdb_id":955258},{"type":"movie","tmdb_id":97081},{"type":"movie","tmdb_id":561763},{"type":"movie","tmdb_id":40635},{"type":"movie","tmdb_id":111934},{"type":"movie","tmdb_id":759692},{"type":"movie","tmdb_id":9550},{"type":"movie","tmdb_id":45759},{"type":"movie","tmdb_id":329574},{"type":"movie","tmdb_id":7281},{"type":"movie","tmdb_id":75016},{"type":"movie","tmdb_id":73625},{"type":"movie","tmdb_id":213202},{"type":"movie","tmdb_id":588909},{"type":"movie","tmdb_id":27357},{"type":"movie","tmdb_id":39203},{"type":"movie","tmdb_id":4380},{"type":"movie","tmdb_id":423369},{"type":"movie","tmdb_id":1777},{"type":"movie","tmdb_id":753818},{"type":"movie","tmdb_id":79767},{"type":"movie","tmdb_id":140278},{"type":"movie","tmdb_id":185114},{"type":"movie","tmdb_id":1036003},{"type":"movie","tmdb_id":746278},{"type":"movie","tmdb_id":1416616},{"type":"movie","tmdb_id":189351},{"type":"movie","tmdb_id":38911},{"type":"movie","tmdb_id":21616},{"type":"movie","tmdb_id":290903},{"type":"movie","tmdb_id":20544},{"type":"movie","tmdb_id":440096},{"type":"movie","tmdb_id":650482},{"type":"movie","tmdb_id":49681},{"type":"movie","tmdb_id":21810},{"type":"movie","tmdb_id":408589},{"type":"movie","tmdb_id":1090428},{"type":"movie","tmdb_id":57113},{"type":"movie","tmdb_id":13673},{"type":"movie","tmdb_id":970355},{"type":"movie","tmdb_id":92069},{"type":"movie","tmdb_id":661178},{"type":"movie","tmdb_id":5137},{"type":"movie","tmdb_id":328391},{"type":"movie","tmdb_id":281158},{"type":"movie","tmdb_id":1281783},{"type":"movie","tmdb_id":12140},{"type":"movie","tmdb_id":710830},{"type":"movie","tmdb_id":298053},{"type":"movie","tmdb_id":34076},{"type":"movie","tmdb_id":101914},{"type":"movie","tmdb_id":802897},{"type":"movie","tmdb_id":694052},{"type":"movie","tmdb_id":1085616},{"type":"movie","tmdb_id":76622},{"type":"movie","tmdb_id":1503953},{"type":"movie","tmdb_id":9675},{"type":"movie","tmdb_id":630443},{"type":"movie","tmdb_id":36353},{"type":"movie","tmdb_id":11866},{"type":"movie","tmdb_id":1251781},{"type":"movie","tmdb_id":1364025},{"type":"movie","tmdb_id":45246},{"type":"movie","tmdb_id":504132},{"type":"movie","tmdb_id":526098},{"type":"movie","tmdb_id":14207},{"type":"movie","tmdb_id":766084},{"type":"movie","tmdb_id":386397},{"type":"movie","tmdb_id":340922},{"type":"movie","tmdb_id":108796},{"type":"movie","tmdb_id":377820},{"type":"movie","tmdb_id":507060},{"type":"movie","tmdb_id":1317524},{"type":"movie","tmdb_id":1006528},{"type":"movie","tmdb_id":605398},{"type":"movie","tmdb_id":50253},{"type":"movie","tmdb_id":291},{"type":"movie","tmdb_id":411401},{"type":"movie","tmdb_id":521374},{"type":"movie","tmdb_id":14648},{"type":"movie","tmdb_id":4251},{"type":"movie","tmdb_id":10458},{"type":"movie","tmdb_id":597956},{"type":"movie","tmdb_id":200758},{"type":"movie","tmdb_id":2122},{"type":"movie","tmdb_id":1901},{"type":"movie","tmdb_id":477108},{"type":"movie","tmdb_id":1653},{"type":"movie","tmdb_id":362188},{"type":"movie","tmdb_id":96141},{"type":"movie","tmdb_id":1502616},{"type":"movie","tmdb_id":36345},{"type":"movie","tmdb_id":428095},{"type":"movie","tmdb_id":43655},{"type":"movie","tmdb_id":5443},{"type":"movie","tmdb_id":178905},{"type":"movie","tmdb_id":51055},{"type":"movie","tmdb_id":155542},{"type":"movie","tmdb_id":664515},{"type":"movie","tmdb_id":327444},{"type":"movie","tmdb_id":613943},{"type":"movie","tmdb_id":137129},{"type":"movie","tmdb_id":866},{"type":"movie","tmdb_id":416267},{"type":"movie","tmdb_id":317798},{"type":"movie","tmdb_id":370960},{"type":"movie","tmdb_id":1530036},{"type":"movie","tmdb_id":594232},{"type":"movie","tmdb_id":10304},{"type":"movie","tmdb_id":34065},{"type":"movie","tmdb_id":15767},{"type":"movie","tmdb_id":844},{"type":"movie","tmdb_id":49643},{"type":"movie","tmdb_id":986548},{"type":"movie","tmdb_id":9372},{"type":"movie","tmdb_id":672733},{"type":"movie","tmdb_id":74056},{"type":"movie","tmdb_id":883},{"type":"movie","tmdb_id":288500},{"type":"movie","tmdb_id":1156938},{"type":"movie","tmdb_id":1554011},{"type":"movie","tmdb_id":17111},{"type":"movie","tmdb_id":557268},{"type":"movie","tmdb_id":547366},{"type":"movie","tmdb_id":54671},{"type":"movie","tmdb_id":10145},{"type":"movie","tmdb_id":12902},{"type":"movie","tmdb_id":1527087},{"type":"movie","tmdb_id":1264983},{"type":"movie","tmdb_id":15566},{"type":"movie","tmdb_id":366651},{"type":"movie","tmdb_id":423008},{"type":"movie","tmdb_id":1021675},{"type":"movie","tmdb_id":52538},{"type":"movie","tmdb_id":25025},{"type":"movie","tmdb_id":9801},{"type":"movie","tmdb_id":257654},{"type":"movie","tmdb_id":814365},{"type":"movie","tmdb_id":44489},{"type":"movie","tmdb_id":483122},{"type":"movie","tmdb_id":190390},{"type":"movie","tmdb_id":121977},{"type":"movie","tmdb_id":4676},{"type":"movie","tmdb_id":17271},{"type":"movie","tmdb_id":5966},{"type":"movie","tmdb_id":476939},{"type":"movie","tmdb_id":18497},{"type":"movie","tmdb_id":415145},{"type":"movie","tmdb_id":878418},{"type":"movie","tmdb_id":352711},{"type":"movie","tmdb_id":267956},{"type":"movie","tmdb_id":41171},{"type":"movie","tmdb_id":292047},{"type":"movie","tmdb_id":307393},{"type":"movie","tmdb_id":1169299},{"type":"movie","tmdb_id":73395},{"type":"movie","tmdb_id":561029},{"type":"movie","tmdb_id":79463},{"type":"movie","tmdb_id":2539},{"type":"movie","tmdb_id":41472},{"type":"movie","tmdb_id":1121951},{"type":"movie","tmdb_id":36971},{"type":"movie","tmdb_id":504214},{"type":"movie","tmdb_id":528211},{"type":"movie","tmdb_id":34672},{"type":"movie","tmdb_id":15644},{"type":"movie","tmdb_id":12580},{"type":"movie","tmdb_id":230468},{"type":"movie","tmdb_id":45362},{"type":"movie","tmdb_id":10740},{"type":"movie","tmdb_id":619690},{"type":"movie","tmdb_id":650483},{"type":"movie","tmdb_id":55748},{"type":"movie","tmdb_id":52095},{"type":"movie","tmdb_id":1499064},{"type":"movie","tmdb_id":188571},{"type":"movie","tmdb_id":311965},{"type":"movie","tmdb_id":9893},{"type":"movie","tmdb_id":419030},{"type":"movie","tmdb_id":323994},{"type":"movie","tmdb_id":380383},{"type":"movie","tmdb_id":438},{"type":"movie","tmdb_id":78806},{"type":"movie","tmdb_id":1461589},{"type":"movie","tmdb_id":1530280},{"type":"movie","tmdb_id":66889},{"type":"movie","tmdb_id":5516},{"type":"movie","tmdb_id":817928},{"type":"movie","tmdb_id":218112},{"type":"movie","tmdb_id":445680},{"type":"movie","tmdb_id":47554},{"type":"movie","tmdb_id":318664},{"type":"movie","tmdb_id":472418},{"type":"movie","tmdb_id":2841},{"type":"movie","tmdb_id":1103283},{"type":"movie","tmdb_id":13416},{"type":"movie","tmdb_id":1448396},{"type":"movie","tmdb_id":1097109},{"type":"movie","tmdb_id":345289},{"type":"movie","tmdb_id":455735},{"type":"movie","tmdb_id":117598},{"type":"movie","tmdb_id":13378},{"type":"movie","tmdb_id":1411297},{"type":"movie","tmdb_id":482218},{"type":"movie","tmdb_id":16394},{"type":"movie","tmdb_id":43979},{"type":"movie","tmdb_id":667206},{"type":"movie","tmdb_id":14292},{"type":"movie","tmdb_id":497571},{"type":"movie","tmdb_id":377238},{"type":"movie","tmdb_id":309160},{"type":"movie","tmdb_id":192437},{"type":"movie","tmdb_id":450393},{"type":"movie","tmdb_id":585186},{"type":"movie","tmdb_id":447843},{"type":"movie","tmdb_id":10891},{"type":"movie","tmdb_id":261446},{"type":"movie","tmdb_id":912250},{"type":"movie","tmdb_id":687174},{"type":"movie","tmdb_id":153275},{"type":"movie","tmdb_id":395897},{"type":"movie","tmdb_id":41252},{"type":"movie","tmdb_id":792560},{"type":"movie","tmdb_id":71578},{"type":"movie","tmdb_id":375481},{"type":"movie","tmdb_id":352715},{"type":"movie","tmdb_id":238336},{"type":"movie","tmdb_id":126238},{"type":"movie","tmdb_id":1208404},{"type":"movie","tmdb_id":1157899},{"type":"movie","tmdb_id":267254},{"type":"movie","tmdb_id":441418},{"type":"movie","tmdb_id":215807},{"type":"movie","tmdb_id":34297},{"type":"movie","tmdb_id":965987},{"type":"movie","tmdb_id":669859},{"type":"movie","tmdb_id":11823},{"type":"movie","tmdb_id":600624},{"type":"movie","tmdb_id":69629},{"type":"movie","tmdb_id":15775},{"type":"movie","tmdb_id":414612},{"type":"movie","tmdb_id":1402461},{"type":"movie","tmdb_id":2517},{"type":"movie","tmdb_id":11208},{"type":"movie","tmdb_id":792256},{"type":"movie","tmdb_id":291545},{"type":"movie","tmdb_id":160109},{"type":"movie","tmdb_id":60672},{"type":"movie","tmdb_id":1502901},{"type":"movie","tmdb_id":37694},{"type":"movie","tmdb_id":24593},{"type":"movie","tmdb_id":414728},{"type":"movie","tmdb_id":29620},{"type":"movie","tmdb_id":683554},{"type":"movie","tmdb_id":11081},{"type":"movie","tmdb_id":1181703},{"type":"movie","tmdb_id":11132},{"type":"movie","tmdb_id":1040257},{"type":"movie","tmdb_id":477047},{"type":"movie","tmdb_id":437855},{"type":"movie","tmdb_id":11026},{"type":"movie","tmdb_id":1085924},{"type":"movie","tmdb_id":53301},{"type":"movie","tmdb_id":17047},{"type":"movie","tmdb_id":565821},{"type":"movie","tmdb_id":1476363},{"type":"movie","tmdb_id":10733},{"type":"movie","tmdb_id":1181696},{"type":"movie","tmdb_id":60030},{"type":"movie","tmdb_id":245383},{"type":"movie","tmdb_id":894944},{"type":"movie","tmdb_id":11137},{"type":"movie","tmdb_id":16226},{"type":"movie","tmdb_id":273784},{"type":"movie","tmdb_id":920055},{"type":"movie","tmdb_id":18338},{"type":"movie","tmdb_id":9890},{"type":"movie","tmdb_id":11662},{"type":"movie","tmdb_id":1180277},{"type":"movie","tmdb_id":9393},{"type":"movie","tmdb_id":9528},{"type":"movie","tmdb_id":65897},{"type":"movie","tmdb_id":1353797},{"type":"movie","tmdb_id":13505},{"type":"movie","tmdb_id":649930},{"type":"movie","tmdb_id":505730},{"type":"movie","tmdb_id":857750},{"type":"movie","tmdb_id":1041047},{"type":"movie","tmdb_id":677537},{"type":"movie","tmdb_id":11099},{"type":"movie","tmdb_id":103788},{"type":"movie","tmdb_id":1997},{"type":"movie","tmdb_id":1053414},{"type":"movie","tmdb_id":1005609},{"type":"movie","tmdb_id":14134},{"type":"movie","tmdb_id":28738},{"type":"movie","tmdb_id":636511},{"type":"movie","tmdb_id":472048},{"type":"movie","tmdb_id":1192150},{"type":"movie","tmdb_id":732125},{"type":"movie","tmdb_id":401},{"type":"movie","tmdb_id":19936},{"type":"movie","tmdb_id":1413726},{"type":"movie","tmdb_id":4896},{"type":"movie","tmdb_id":460},{"type":"movie","tmdb_id":131924},{"type":"movie","tmdb_id":18804},{"type":"movie","tmdb_id":71507},{"type":"movie","tmdb_id":370682},{"type":"movie","tmdb_id":58433},{"type":"movie","tmdb_id":557987},{"type":"movie","tmdb_id":12249}]}