{"ts":1771222754,"year":"2008","mode":"movie","candidates":[{"type":"movie","tmdb_id":155},{"type":"movie","tmdb_id":1726},{"type":"movie","tmdb_id":10681},{"type":"movie","tmdb_id":8966},{"type":"movie","tmdb_id":8681},{"type":"movie","tmdb_id":9502},{"type":"movie","tmdb_id":1724},{"type":"movie","tmdb_id":10527},{"type":"movie","tmdb_id":7446},{"type":"movie","tmdb_id":10764},{"type":"movie","tmdb_id":217},{"type":"movie","tmdb_id":7555},{"type":"movie","tmdb_id":6557},{"type":"movie","tmdb_id":14574},{"type":"movie","tmdb_id":12429},{"type":"movie","tmdb_id":11631},{"type":"movie","tmdb_id":4922},{"type":"movie","tmdb_id":8909},{"type":"movie","tmdb_id":13053},{"type":"movie","tmdb_id":7191},{"type":"movie","tmdb_id":4564},{"type":"movie","tmdb_id":1735},{"type":"movie","tmdb_id":8338},{"type":"movie","tmdb_id":8960},{"type":"movie","tmdb_id":13027},{"type":"movie","tmdb_id":2454},{"type":"movie","tmdb_id":6972},{"type":"movie","tmdb_id":42341},{"type":"movie","tmdb_id":13223},{"type":"movie","tmdb_id":8247},{"type":"movie","tmdb_id":17581},{"type":"movie","tmdb_id":12405},{"type":"movie","tmdb_id":9029},{"type":"movie","tmdb_id":2309},{"type":"movie","tmdb_id":8204},{"type":"movie","tmdb_id":12222},{"type":"movie","tmdb_id":12162},{"type":"movie","tmdb_id":8065},{"type":"movie","tmdb_id":13523},{"type":"movie","tmdb_id":209379},{"type":"movie","tmdb_id":8321},{"type":"movie","tmdb_id":12783},{"type":"movie","tmdb_id":8617},{"type":"movie","tmdb_id":88751},{"type":"movie","tmdb_id":20653},{"type":"movie","tmdb_id":17845},{"type":"movie","tmdb_id":23966},{"type":"movie","tmdb_id":11802},{"type":"movie","tmdb_id":10661},{"type":"movie","tmdb_id":10200},{"type":"movie","tmdb_id":8645},{"type":"movie","tmdb_id":13009},{"type":"movie","tmdb_id":10483},{"type":"movie","tmdb_id":31299},{"type":"movie","tmdb_id":14248},{"type":"movie","tmdb_id":66039},{"type":"movie","tmdb_id":11671},{"type":"movie","tmdb_id":13179},{"type":"movie","tmdb_id":11253},{"type":"movie","tmdb_id":13510},{"type":"movie","tmdb_id":34025},{"type":"movie","tmdb_id":10358},{"type":"movie","tmdb_id":11321},{"type":"movie","tmdb_id":11665},{"type":"movie","tmdb_id":832075},{"type":"movie","tmdb_id":60628},{"type":"movie","tmdb_id":13220},{"type":"movie","tmdb_id":213576},{"type":"movie","tmdb_id":8456},{"type":"movie","tmdb_id":13809},{"type":"movie","tmdb_id":8938},{"type":"movie","tmdb_id":2253},{"type":"movie","tmdb_id":8461},{"type":"movie","tmdb_id":549775},{"type":"movie","tmdb_id":8848},{"type":"movie","tmdb_id":185312},{"type":"movie","tmdb_id":4944},{"type":"movie","tmdb_id":127445},{"type":"movie","tmdb_id":120437},{"type":"movie","tmdb_id":12133},{"type":"movie","tmdb_id":22371},{"type":"movie","tmdb_id":277615},{"type":"movie","tmdb_id":14299},{"type":"movie","tmdb_id":10189},{"type":"movie","tmdb_id":14325},{"type":"movie","tmdb_id":16564},{"type":"movie","tmdb_id":67628},{"type":"movie","tmdb_id":226369},{"type":"movie","tmdb_id":8055},{"type":"movie","tmdb_id":13387},{"type":"movie","tmdb_id":9539},{"type":"movie","tmdb_id":13648},{"type":"movie","tmdb_id":1085068},{"type":"movie","tmdb_id":10201},{"type":"movie","tmdb_id":438679},{"type":"movie","tmdb_id":16166},{"type":"movie","tmdb_id":3580},{"type":"movie","tmdb_id":1399111},{"type":"movie","tmdb_id":15544},{"type":"movie","tmdb_id":753623},{"type":"movie","tmdb_id":231507},{"type":"movie","tmdb_id":659813},{"type":"movie","tmdb_id":561870},{"type":"movie","tmdb_id":10190},{"type":"movie","tmdb_id":7840},{"type":"movie","tmdb_id":1266},{"type":"movie","tmdb_id":17347},{"type":"movie","tmdb_id":13600},{"type":"movie","tmdb_id":142869},{"type":"movie","tmdb_id":1482072},{"type":"movie","tmdb_id":331590},{"type":"movie","tmdb_id":8890},{"type":"movie","tmdb_id":13827},{"type":"movie","tmdb_id":19506},{"type":"movie","tmdb_id":39054},{"type":"movie","tmdb_id":13518},{"type":"movie","tmdb_id":208802},{"type":"movie","tmdb_id":4627},{"type":"movie","tmdb_id":4942},{"type":"movie","tmdb_id":1729},{"type":"movie","tmdb_id":12085},{"type":"movie","tmdb_id":210422},{"type":"movie","tmdb_id":20382},{"type":"movie","tmdb_id":16164},{"type":"movie","tmdb_id":482758},{"type":"movie","tmdb_id":11917},{"type":"movie","tmdb_id":2395},{"type":"movie","tmdb_id":39493},{"type":"movie","tmdb_id":174611},{"type":"movie","tmdb_id":10665},{"type":"movie","tmdb_id":24202},{"type":"movie","tmdb_id":13971},{"type":"movie","tmdb_id":29406},{"type":"movie","tmdb_id":45554},{"type":"movie","tmdb_id":434216},{"type":"movie","tmdb_id":25715},{"type":"movie","tmdb_id":113987},{"type":"movie","tmdb_id":72135},{"type":"movie","tmdb_id":67868},{"type":"movie","tmdb_id":15838},{"type":"movie","tmdb_id":13291},{"type":"movie","tmdb_id":1409218},{"type":"movie","tmdb_id":12568},{"type":"movie","tmdb_id":15542},{"type":"movie","tmdb_id":108547},{"type":"movie","tmdb_id":4148},{"type":"movie","tmdb_id":8676},{"type":"movie","tmdb_id":16095},{"type":"movie","tmdb_id":31294},{"type":"movie","tmdb_id":861598},{"type":"movie","tmdb_id":570599},{"type":"movie","tmdb_id":37970},{"type":"movie","tmdb_id":13690},{"type":"movie","tmdb_id":467972},{"type":"movie","tmdb_id":12410},{"type":"movie","tmdb_id":18613},{"type":"movie","tmdb_id":46651},{"type":"movie","tmdb_id":16383},{"type":"movie","tmdb_id":383044},{"type":"movie","tmdb_id":17903},{"type":"movie","tmdb_id":5759},{"type":"movie","tmdb_id":74723},{"type":"movie","tmdb_id":200785},{"type":"movie","tmdb_id":60366},{"type":"movie","tmdb_id":14306},{"type":"movie","tmdb_id":24786},{"type":"movie","tmdb_id":50714},{"type":"movie","tmdb_id":38413},{"type":"movie","tmdb_id":12890},{"type":"movie","tmdb_id":17582},{"type":"movie","tmdb_id":742926},{"type":"movie","tmdb_id":783155},{"type":"movie","tmdb_id":14748},{"type":"movie","tmdb_id":450321},{"type":"movie","tmdb_id":389647},{"type":"movie","tmdb_id":210584},{"type":"movie","tmdb_id":10139},{"type":"movie","tmdb_id":117844},{"type":"movie","tmdb_id":320392},{"type":"movie","tmdb_id":14863},{"type":"movie","tmdb_id":12572},{"type":"movie","tmdb_id":46930},{"type":"movie","tmdb_id":13941},{"type":"movie","tmdb_id":14145},{"type":"movie","tmdb_id":1570218},{"type":"movie","tmdb_id":584554},{"type":"movie","tmdb_id":67376},{"type":"movie","tmdb_id":34219},{"type":"movie","tmdb_id":12620},{"type":"movie","tmdb_id":548810},{"type":"movie","tmdb_id":30124},{"type":"movie","tmdb_id":21034},{"type":"movie","tmdb_id":12113},{"type":"movie","tmdb_id":41362},{"type":"movie","tmdb_id":874405},{"type":"movie","tmdb_id":22515},{"type":"movie","tmdb_id":11260},{"type":"movie","tmdb_id":10362},{"type":"movie","tmdb_id":14765},{"type":"movie","tmdb_id":14579},{"type":"movie","tmdb_id":21431},{"type":"movie","tmdb_id":228505},{"type":"movie","tmdb_id":8836},{"type":"movie","tmdb_id":21145},{"type":"movie","tmdb_id":20542},{"type":"movie","tmdb_id":20365},{"type":"movie","tmdb_id":8328},{"type":"movie","tmdb_id":16699},{"type":"movie","tmdb_id":18380},{"type":"movie","tmdb_id":13688},{"type":"movie","tmdb_id":2324},{"type":"movie","tmdb_id":400038},{"type":"movie","tmdb_id":7459},{"type":"movie","tmdb_id":11918},{"type":"movie","tmdb_id":182356},{"type":"movie","tmdb_id":12411},{"type":"movie","tmdb_id":79111},{"type":"movie","tmdb_id":14524},{"type":"movie","tmdb_id":16324},{"type":"movie","tmdb_id":386742},{"type":"movie","tmdb_id":1066127},{"type":"movie","tmdb_id":1181096},{"type":"movie","tmdb_id":1782},{"type":"movie","tmdb_id":84217},{"type":"movie","tmdb_id":933067},{"type":"movie","tmdb_id":220919},{"type":"movie","tmdb_id":59493},{"type":"movie","tmdb_id":27258},{"type":"movie","tmdb_id":14197},{"type":"movie","tmdb_id":351282},{"type":"movie","tmdb_id":17892},{"type":"movie","tmdb_id":290071},{"type":"movie","tmdb_id":340936},{"type":"movie","tmdb_id":57957},{"type":"movie","tmdb_id":14756},{"type":"movie","tmdb_id":186580},{"type":"movie","tmdb_id":20497},{"type":"movie","tmdb_id":679735},{"type":"movie","tmdb_id":536218},{"type":"movie","tmdb_id":167885},{"type":"movie","tmdb_id":25922},{"type":"movie","tmdb_id":13855},{"type":"movie","tmdb_id":13902},{"type":"movie","tmdb_id":12289},{"type":"movie","tmdb_id":13121},{"type":"movie","tmdb_id":113457},{"type":"movie","tmdb_id":126302},{"type":"movie","tmdb_id":10529},{"type":"movie","tmdb_id":271869},{"type":"movie","tmdb_id":392499},{"type":"movie","tmdb_id":533780},{"type":"movie","tmdb_id":239424},{"type":"movie","tmdb_id":406788},{"type":"movie","tmdb_id":291860},{"type":"movie","tmdb_id":1330026},{"type":"movie","tmdb_id":128819},{"type":"movie","tmdb_id":475463},{"type":"movie","tmdb_id":13056},{"type":"movie","tmdb_id":13851},{"type":"movie","tmdb_id":15671},{"type":"movie","tmdb_id":282622},{"type":"movie","tmdb_id":223974},{"type":"movie","tmdb_id":20789},{"type":"movie","tmdb_id":54185},{"type":"movie","tmdb_id":37417},{"type":"movie","tmdb_id":13813},{"type":"movie","tmdb_id":27206},{"type":"movie","tmdb_id":12180},{"type":"movie","tmdb_id":69858},{"type":"movie","tmdb_id":463069},{"type":"movie","tmdb_id":14405},{"type":"movie","tmdb_id":10202},{"type":"movie","tmdb_id":7461},{"type":"movie","tmdb_id":15994},{"type":"movie","tmdb_id":12163},{"type":"movie","tmdb_id":28704},{"type":"movie","tmdb_id":78401},{"type":"movie","tmdb_id":1085071},{"type":"movie","tmdb_id":14882},{"type":"movie","tmdb_id":117875},{"type":"movie","tmdb_id":409464},{"type":"movie","tmdb_id":126439},{"type":"movie","tmdb_id":56017},{"type":"movie","tmdb_id":222403},{"type":"movie","tmdb_id":15460},{"type":"movie","tmdb_id":167155},{"type":"movie","tmdb_id":9870},{"type":"movie","tmdb_id":142252},{"type":"movie","tmdb_id":13737},{"type":"movie","tmdb_id":19392},{"type":"movie","tmdb_id":951435},{"type":"movie","tmdb_id":136681},{"type":"movie","tmdb_id":380910},{"type":"movie","tmdb_id":1473503},{"type":"movie","tmdb_id":267219},{"type":"movie","tmdb_id":566599},{"type":"movie","tmdb_id":8390},{"type":"movie","tmdb_id":13058},{"type":"movie","tmdb_id":416452},{"type":"movie","tmdb_id":5038},{"type":"movie","tmdb_id":391990},{"type":"movie","tmdb_id":39279},{"type":"movie","tmdb_id":113398},{"type":"movie","tmdb_id":706281},{"type":"movie","tmdb_id":19222},{"type":"movie","tmdb_id":1277930},{"type":"movie","tmdb_id":15866},{"type":"movie","tmdb_id":13944},{"type":"movie","tmdb_id":7278},{"type":"movie","tmdb_id":10286},{"type":"movie","tmdb_id":13389},{"type":"movie","tmdb_id":215561},{"type":"movie","tmdb_id":111188},{"type":"movie","tmdb_id":75852},{"type":"movie","tmdb_id":251000},{"type":"movie","tmdb_id":156341},{"type":"movie","tmdb_id":13004},{"type":"movie","tmdb_id":4960},{"type":"movie","tmdb_id":10185},{"type":"movie","tmdb_id":68655},{"type":"movie","tmdb_id":15373},{"type":"movie","tmdb_id":52110},{"type":"movie","tmdb_id":16309},{"type":"movie","tmdb_id":14751},{"type":"movie","tmdb_id":58171},{"type":"movie","tmdb_id":11887},{"type":"movie","tmdb_id":36556},{"type":"movie","tmdb_id":275508},{"type":"movie","tmdb_id":19319},{"type":"movie","tmdb_id":24411},{"type":"movie","tmdb_id":75886},{"type":"movie","tmdb_id":173089},{"type":"movie","tmdb_id":585811},{"type":"movie","tmdb_id":1372397},{"type":"movie","tmdb_id":15810},{"type":"movie","tmdb_id":54923},{"type":"movie","tmdb_id":48931},{"type":"movie","tmdb_id":1131315},{"type":"movie","tmdb_id":1085063},{"type":"movie","tmdb_id":14438},{"type":"movie","tmdb_id":22152},{"type":"movie","tmdb_id":111790},{"type":"movie","tmdb_id":795333},{"type":"movie","tmdb_id":301509},{"type":"movie","tmdb_id":683829},{"type":"movie","tmdb_id":785702},{"type":"movie","tmdb_id":1416760},{"type":"movie","tmdb_id":7735},{"type":"movie","tmdb_id":238536},{"type":"movie","tmdb_id":1473499},{"type":"movie","tmdb_id":9381},{"type":"movie","tmdb_id":256928},{"type":"movie","tmdb_id":12797},{"type":"movie","tmdb_id":242521},{"type":"movie","tmdb_id":18761},{"type":"movie","tmdb_id":83101},{"type":"movie","tmdb_id":30302},{"type":"movie","tmdb_id":13741},{"type":"movie","tmdb_id":18198},{"type":"movie","tmdb_id":325819},{"type":"movie","tmdb_id":14795},{"type":"movie","tmdb_id":232780},{"type":"movie","tmdb_id":15068},{"type":"movie","tmdb_id":420497},{"type":"movie","tmdb_id":137672},{"type":"movie","tmdb_id":37205},{"type":"movie","tmdb_id":927586},{"type":"movie","tmdb_id":8285},{"type":"movie","tmdb_id":635540},{"type":"movie","tmdb_id":93905},{"type":"movie","tmdb_id":36292},{"type":"movie","tmdb_id":13259},{"type":"movie","tmdb_id":33569},{"type":"movie","tmdb_id":13310},{"type":"movie","tmdb_id":1287755},{"type":"movie","tmdb_id":13459},{"type":"movie","tmdb_id":204584},{"type":"movie","tmdb_id":13390},{"type":"movie","tmdb_id":28726},{"type":"movie","tmdb_id":12184},{"type":"movie","tmdb_id":567746},{"type":"movie","tmdb_id":14215},{"type":"movie","tmdb_id":13825},{"type":"movie","tmdb_id":79772},{"type":"movie","tmdb_id":10199},{"type":"movie","tmdb_id":49265},{"type":"movie","tmdb_id":752068},{"type":"movie","tmdb_id":1367527},{"type":"movie","tmdb_id":380162},{"type":"movie","tmdb_id":13460},{"type":"movie","tmdb_id":341033},{"type":"movie","tmdb_id":30713},{"type":"movie","tmdb_id":471635},{"type":"movie","tmdb_id":1450391},{"type":"movie","tmdb_id":13051},{"type":"movie","tmdb_id":14192},{"type":"movie","tmdb_id":19173},{"type":"movie","tmdb_id":13078},{"type":"movie","tmdb_id":47292},{"type":"movie","tmdb_id":14098},{"type":"movie","tmdb_id":87952},{"type":"movie","tmdb_id":1104567},{"type":"movie","tmdb_id":119444},{"type":"movie","tmdb_id":104114},{"type":"movie","tmdb_id":442825},{"type":"movie","tmdb_id":279736},{"type":"movie","tmdb_id":16350},{"type":"movie","tmdb_id":762457},{"type":"movie","tmdb_id":20513},{"type":"movie","tmdb_id":407910},{"type":"movie","tmdb_id":13515},{"type":"movie","tmdb_id":40925},{"type":"movie","tmdb_id":13012},{"type":"movie","tmdb_id":258803},{"type":"movie","tmdb_id":16804},{"type":"movie","tmdb_id":207465},{"type":"movie","tmdb_id":188216},{"type":"movie","tmdb_id":167273},{"type":"movie","tmdb_id":925875},{"type":"movie","tmdb_id":12083},{"type":"movie","tmdb_id":1192872},{"type":"movie","tmdb_id":19623},{"type":"movie","tmdb_id":23516},{"type":"movie","tmdb_id":605796},{"type":"movie","tmdb_id":69747},{"type":"movie","tmdb_id":512330},{"type":"movie","tmdb_id":142228},{"type":"movie","tmdb_id":12177},{"type":"movie","tmdb_id":25573},{"type":"movie","tmdb_id":935165},{"type":"movie","tmdb_id":69449},{"type":"movie","tmdb_id":97393},{"type":"movie","tmdb_id":52139},{"type":"movie","tmdb_id":84367},{"type":"movie","tmdb_id":14555},{"type":"movie","tmdb_id":452102},{"type":"movie","tmdb_id":1454519},{"type":"movie","tmdb_id":179449},{"type":"movie","tmdb_id":13812},{"type":"movie","tmdb_id":1083806},{"type":"movie","tmdb_id":713396},{"type":"movie","tmdb_id":107156},{"type":"movie","tmdb_id":49946},{"type":"movie","tmdb_id":14011},{"type":"movie","tmdb_id":176163},{"type":"movie","tmdb_id":15616},{"type":"movie","tmdb_id":373249},{"type":"movie","tmdb_id":197497},{"type":"movie","tmdb_id":74091},{"type":"movie","tmdb_id":20548},{"type":"movie","tmdb_id":33332},{"type":"movie","tmdb_id":1388097},{"type":"movie","tmdb_id":975824},{"type":"movie","tmdb_id":15157},{"type":"movie","tmdb_id":86255},{"type":"movie","tmdb_id":62112},{"type":"movie","tmdb_id":445302},{"type":"movie","tmdb_id":8090},{"type":"movie","tmdb_id":849505},{"type":"movie","tmdb_id":354107},{"type":"movie","tmdb_id":1101409},{"type":"movie","tmdb_id":191134},{"type":"movie","tmdb_id":137624},{"type":"movie","tmdb_id":16353},{"type":"movie","tmdb_id":355779},{"type":"movie","tmdb_id":509570},{"type":"movie","tmdb_id":1512340},{"type":"movie","tmdb_id":55807},{"type":"movie","tmdb_id":28422},{"type":"movie","tmdb_id":13991},{"type":"movie","tmdb_id":288687},{"type":"movie","tmdb_id":56762},{"type":"movie","tmdb_id":40659},{"type":"movie","tmdb_id":15932},{"type":"movie","tmdb_id":37736},{"type":"movie","tmdb_id":930703},{"type":"movie","tmdb_id":104108},{"type":"movie","tmdb_id":33774},{"type":"movie","tmdb_id":1003969},{"type":"movie","tmdb_id":5658},{"type":"movie","tmdb_id":13276},{"type":"movie","tmdb_id":10761},{"type":"movie","tmdb_id":9030},{"type":"movie","tmdb_id":782291},{"type":"movie","tmdb_id":514479},{"type":"movie","tmdb_id":183427},{"type":"movie","tmdb_id":82799},{"type":"movie","tmdb_id":12523},{"type":"movie","tmdb_id":272574},{"type":"movie","tmdb_id":274070},{"type":"movie","tmdb_id":567065},{"type":"movie","tmdb_id":76237},{"type":"movie","tmdb_id":122348},{"type":"movie","tmdb_id":360494},{"type":"movie","tmdb_id":1304251},{"type":"movie","tmdb_id":25112},{"type":"movie","tmdb_id":900038},{"type":"movie","tmdb_id":8988},{"type":"movie","tmdb_id":98518},{"type":"movie","tmdb_id":38594},{"type":"movie","tmdb_id":39207},{"type":"movie","tmdb_id":43587},{"type":"movie","tmdb_id":838458},{"type":"movie","tmdb_id":382188},{"type":"movie","tmdb_id":52148},{"type":"movie","tmdb_id":26577},{"type":"movie","tmdb_id":1313062},{"type":"movie","tmdb_id":439022},{"type":"movie","tmdb_id":136940},{"type":"movie","tmdb_id":8880},{"type":"movie","tmdb_id":13486},{"type":"movie","tmdb_id":311370},{"type":"movie","tmdb_id":305700},{"type":"movie","tmdb_id":65087},{"type":"movie","tmdb_id":349008},{"type":"movie","tmdb_id":780198},{"type":"movie","tmdb_id":323436},{"type":"movie","tmdb_id":1310090},{"type":"movie","tmdb_id":244581},{"type":"movie","tmdb_id":13001},{"type":"movie","tmdb_id":294664},{"type":"movie","tmdb_id":402210},{"type":"movie","tmdb_id":19197},{"type":"movie","tmdb_id":664363},{"type":"movie","tmdb_id":27440},{"type":"movie","tmdb_id":267698},{"type":"movie","tmdb_id":56816},{"type":"movie","tmdb_id":14359},{"type":"movie","tmdb_id":1282034},{"type":"movie","tmdb_id":110641},{"type":"movie","tmdb_id":1399396},{"type":"movie","tmdb_id":726137},{"type":"movie","tmdb_id":857256},{"type":"movie","tmdb_id":41797},{"type":"movie","tmdb_id":1083846},{"type":"movie","tmdb_id":413980},{"type":"movie","tmdb_id":13279},{"type":"movie","tmdb_id":69142},{"type":"movie","tmdb_id":239532},{"type":"movie","tmdb_id":71007},{"type":"movie","tmdb_id":10360},{"type":"movie","tmdb_id":11152},{"type":"movie","tmdb_id":15282},{"type":"movie","tmdb_id":17436},{"type":"movie","tmdb_id":211355},{"type":"movie","tmdb_id":616562},{"type":"movie","tmdb_id":37134},{"type":"movie","tmdb_id":13578},{"type":"movie","tmdb_id":33818},{"type":"movie","tmdb_id":1275390},{"type":"movie","tmdb_id":56245},{"type":"movie","tmdb_id":10885},{"type":"movie","tmdb_id":522056},{"type":"movie","tmdb_id":298543},{"type":"movie","tmdb_id":644572},{"type":"movie","tmdb_id":16207},{"type":"movie","tmdb_id":517293},{"type":"movie","tmdb_id":15381},{"type":"movie","tmdb_id":115753},{"type":"movie","tmdb_id":42384},{"type":"movie","tmdb_id":338593},{"type":"movie","tmdb_id":16000},{"type":"movie","tmdb_id":386597},{"type":"movie","tmdb_id":591303},{"type":"movie","tmdb_id":586554},{"type":"movie","tmdb_id":19929},{"type":"movie","tmdb_id":224568},{"type":"movie","tmdb_id":294035},{"type":"movie","tmdb_id":100586},{"type":"movie","tmdb_id":22554},{"type":"movie","tmdb_id":5952},{"type":"movie","tmdb_id":12914},{"type":"movie","tmdb_id":575397},{"type":"movie","tmdb_id":927225},{"type":"movie","tmdb_id":13150},{"type":"movie","tmdb_id":1433227},{"type":"movie","tmdb_id":15801},{"type":"movie","tmdb_id":13260},{"type":"movie","tmdb_id":511612},{"type":"movie","tmdb_id":1549144},{"type":"movie","tmdb_id":1065959},{"type":"movie","tmdb_id":1038901},{"type":"movie","tmdb_id":775653},{"type":"movie","tmdb_id":77969},{"type":"movie","tmdb_id":22370},{"type":"movie","tmdb_id":27956},{"type":"movie","tmdb_id":297969},{"type":"movie","tmdb_id":8881},{"type":"movie","tmdb_id":75101},{"type":"movie","tmdb_id":268227},{"type":"movie","tmdb_id":879858},{"type":"movie","tmdb_id":8457},{"type":"movie","tmdb_id":261894},{"type":"movie","tmdb_id":97636},{"type":"movie","tmdb_id":663127},{"type":"movie","tmdb_id":13018},{"type":"movie","tmdb_id":164495},{"type":"movie","tmdb_id":534647},{"type":"movie","tmdb_id":464739},{"type":"movie","tmdb_id":341343}]}