{"ts":1771263820,"year":"2016","mode":"all","candidates":[{"type":"movie","tmdb_id":269149},{"type":"movie","tmdb_id":271110},{"type":"movie","tmdb_id":372058},{"type":"movie","tmdb_id":209112},{"type":"movie","tmdb_id":329865},{"type":"movie","tmdb_id":296096},{"type":"movie","tmdb_id":324786},{"type":"movie","tmdb_id":313369},{"type":"movie","tmdb_id":293660},{"type":"movie","tmdb_id":284052},{"type":"movie","tmdb_id":330459},{"type":"movie","tmdb_id":396535},{"type":"movie","tmdb_id":291805},{"type":"movie","tmdb_id":423502},{"type":"movie","tmdb_id":334541},{"type":"movie","tmdb_id":381284},{"type":"movie","tmdb_id":140300},{"type":"movie","tmdb_id":290098},{"type":"movie","tmdb_id":43074},{"type":"movie","tmdb_id":259316},{"type":"movie","tmdb_id":259693},{"type":"movie","tmdb_id":333371},{"type":"movie","tmdb_id":278927},{"type":"movie","tmdb_id":43074},{"type":"movie","tmdb_id":363676},{"type":"movie","tmdb_id":246655},{"type":"movie","tmdb_id":310131},{"type":"movie","tmdb_id":308266},{"type":"movie","tmdb_id":1206145},{"type":"movie","tmdb_id":333484},{"type":"movie","tmdb_id":378064},{"type":"movie","tmdb_id":302946},{"type":"movie","tmdb_id":376867},{"type":"movie","tmdb_id":311324},{"type":"movie","tmdb_id":274870},{"type":"movie","tmdb_id":334524},{"type":"movie","tmdb_id":408866},{"type":"movie","tmdb_id":335797},{"type":"movie","tmdb_id":297761},{"type":"movie","tmdb_id":223702},{"type":"movie","tmdb_id":300669},{"type":"movie","tmdb_id":416148},{"type":"movie","tmdb_id":300671},{"type":"movie","tmdb_id":324668},{"type":"movie","tmdb_id":188927},{"type":"movie","tmdb_id":342473},{"type":"movie","tmdb_id":419116},{"type":"movie","tmdb_id":334533},{"type":"movie","tmdb_id":283366},{"type":"movie","tmdb_id":308531},{"type":"movie","tmdb_id":127380},{"type":"movie","tmdb_id":207932},{"type":"movie","tmdb_id":408866},{"type":"movie","tmdb_id":47933},{"type":"movie","tmdb_id":333385},{"type":"movie","tmdb_id":241259},{"type":"movie","tmdb_id":278154},{"type":"movie","tmdb_id":457697},{"type":"movie","tmdb_id":1206145},{"type":"movie","tmdb_id":68735},{"type":"movie","tmdb_id":371462},{"type":"movie","tmdb_id":267935},{"type":"movie","tmdb_id":213681},{"type":"movie","tmdb_id":291870},{"type":"movie","tmdb_id":290250},{"type":"movie","tmdb_id":334543},{"type":"movie","tmdb_id":262504},{"type":"movie","tmdb_id":347647},{"type":"movie","tmdb_id":457697},{"type":"movie","tmdb_id":403310},{"type":"movie","tmdb_id":258489},{"type":"movie","tmdb_id":331962},{"type":"movie","tmdb_id":310307},{"type":"movie","tmdb_id":153518},{"type":"movie","tmdb_id":338766},{"type":"movie","tmdb_id":205584},{"type":"movie","tmdb_id":379170},{"type":"movie","tmdb_id":346672},{"type":"movie","tmdb_id":336455},{"type":"movie","tmdb_id":412013},{"type":"movie","tmdb_id":433969},{"type":"movie","tmdb_id":205584},{"type":"movie","tmdb_id":270487},{"type":"movie","tmdb_id":376290},{"type":"movie","tmdb_id":267193},{"type":"movie","tmdb_id":412013},{"type":"movie","tmdb_id":336455},{"type":"movie","tmdb_id":346651},{"type":"movie","tmdb_id":299687},{"type":"movie","tmdb_id":371449},{"type":"movie","tmdb_id":415132},{"type":"movie","tmdb_id":316727},{"type":"movie","tmdb_id":346672},{"type":"movie","tmdb_id":332210},{"type":"movie","tmdb_id":328387},{"type":"movie","tmdb_id":121856},{"type":"movie","tmdb_id":376004},{"type":"movie","tmdb_id":302401},{"type":"movie","tmdb_id":421679},{"type":"movie","tmdb_id":332411},{"type":"movie","tmdb_id":400411},{"type":"movie","tmdb_id":278924},{"type":"movie","tmdb_id":379170},{"type":"movie","tmdb_id":419560},{"type":"movie","tmdb_id":68730},{"type":"movie","tmdb_id":412092},{"type":"movie","tmdb_id":258230},{"type":"movie","tmdb_id":324670},{"type":"movie","tmdb_id":413279},{"type":"movie","tmdb_id":410199},{"type":"movie","tmdb_id":352695},{"type":"movie","tmdb_id":340666},{"type":"movie","tmdb_id":405817},{"type":"movie","tmdb_id":364223},{"type":"movie","tmdb_id":419027},{"type":"movie","tmdb_id":397243},{"type":"movie","tmdb_id":408579},{"type":"movie","tmdb_id":376659},{"type":"movie","tmdb_id":354979},{"type":"movie","tmdb_id":445480},{"type":"movie","tmdb_id":313297},{"type":"movie","tmdb_id":376660},{"type":"movie","tmdb_id":410118},{"type":"movie","tmdb_id":365923},{"type":"movie","tmdb_id":763762},{"type":"movie","tmdb_id":410191},{"type":"movie","tmdb_id":402693},{"type":"movie","tmdb_id":402370},{"type":"movie","tmdb_id":376570},{"type":"movie","tmdb_id":293670},{"type":"movie","tmdb_id":412924},{"type":"movie","tmdb_id":368031},{"type":"movie","tmdb_id":378350},{"type":"movie","tmdb_id":337556},{"type":"movie","tmdb_id":408272},{"type":"movie","tmdb_id":381018},{"type":"movie","tmdb_id":345911},{"type":"movie","tmdb_id":341006},{"type":"movie","tmdb_id":376261},{"type":"movie","tmdb_id":290825},{"type":"movie","tmdb_id":410191},{"type":"movie","tmdb_id":646695},{"type":"movie","tmdb_id":573907},{"type":"movie","tmdb_id":341006},{"type":"movie","tmdb_id":293670},{"type":"movie","tmdb_id":378350},{"type":"movie","tmdb_id":303991},{"type":"movie","tmdb_id":337674},{"type":"movie","tmdb_id":290825},{"type":"movie","tmdb_id":502403},{"type":"movie","tmdb_id":168098},{"type":"movie","tmdb_id":315011},{"type":"movie","tmdb_id":332567},{"type":"movie","tmdb_id":380054},{"type":"movie","tmdb_id":375366},{"type":"movie","tmdb_id":262841},{"type":"movie","tmdb_id":381018},{"type":"movie","tmdb_id":391774},{"type":"movie","tmdb_id":466476},{"type":"movie","tmdb_id":429589},{"type":"movie","tmdb_id":332567},{"type":"movie","tmdb_id":375366},{"type":"movie","tmdb_id":407789},{"type":"movie","tmdb_id":418718},{"type":"movie","tmdb_id":371865},{"type":"movie","tmdb_id":432788},{"type":"movie","tmdb_id":303991},{"type":"movie","tmdb_id":411678},{"type":"movie","tmdb_id":520176},{"type":"movie","tmdb_id":408033},{"type":"movie","tmdb_id":381070},{"type":"movie","tmdb_id":407624},{"type":"movie","tmdb_id":510061},{"type":"movie","tmdb_id":391757},{"type":"movie","tmdb_id":422874},{"type":"movie","tmdb_id":462879},{"type":"movie","tmdb_id":381092},{"type":"movie","tmdb_id":421724},{"type":"movie","tmdb_id":451964},{"type":"movie","tmdb_id":374205},{"type":"movie","tmdb_id":404961},{"type":"movie","tmdb_id":1048177},{"type":"movie","tmdb_id":393457},{"type":"movie","tmdb_id":345911},{"type":"movie","tmdb_id":432788},{"type":"movie","tmdb_id":329718},{"type":"movie","tmdb_id":372758},{"type":"movie","tmdb_id":451964},{"type":"movie","tmdb_id":375154},{"type":"movie","tmdb_id":371645},{"type":"movie","tmdb_id":341012},{"type":"movie","tmdb_id":337556},{"type":"movie","tmdb_id":418399},{"type":"movie","tmdb_id":418718},{"type":"movie","tmdb_id":360814},{"type":"movie","tmdb_id":374205},{"type":"movie","tmdb_id":402737},{"type":"movie","tmdb_id":1515185},{"type":"movie","tmdb_id":373473},{"type":"movie","tmdb_id":462879},{"type":"movie","tmdb_id":462183},{"type":"movie","tmdb_id":381092},{"type":"movie","tmdb_id":353069},{"type":"movie","tmdb_id":424873},{"type":"movie","tmdb_id":376570},{"type":"movie","tmdb_id":412209},{"type":"movie","tmdb_id":245703},{"type":"movie","tmdb_id":418218},{"type":"movie","tmdb_id":477185},{"type":"movie","tmdb_id":380623},{"type":"movie","tmdb_id":267192},{"type":"movie","tmdb_id":367195},{"type":"movie","tmdb_id":401698},{"type":"movie","tmdb_id":330483},{"type":"movie","tmdb_id":296524},{"type":"movie","tmdb_id":352162},{"type":"movie","tmdb_id":400610},{"type":"movie","tmdb_id":374052},{"type":"movie","tmdb_id":397511},{"type":"movie","tmdb_id":421724},{"type":"movie","tmdb_id":58431},{"type":"movie","tmdb_id":1423331},{"type":"movie","tmdb_id":961330},{"type":"movie","tmdb_id":347757},{"type":"movie","tmdb_id":933187},{"type":"movie","tmdb_id":425773},{"type":"movie","tmdb_id":419148},{"type":"movie","tmdb_id":374452},{"type":"movie","tmdb_id":377985},{"type":"movie","tmdb_id":447848},{"type":"movie","tmdb_id":736643},{"type":"movie","tmdb_id":306947},{"type":"movie","tmdb_id":385999},{"type":"movie","tmdb_id":374461},{"type":"movie","tmdb_id":432342},{"type":"movie","tmdb_id":412711},{"type":"movie","tmdb_id":315664},{"type":"movie","tmdb_id":404516},{"type":"movie","tmdb_id":377757},{"type":"movie","tmdb_id":424647},{"type":"movie","tmdb_id":378018},{"type":"movie","tmdb_id":146198},{"type":"movie","tmdb_id":402381},{"type":"movie","tmdb_id":168098},{"type":"movie","tmdb_id":354859},{"type":"movie","tmdb_id":418218},{"type":"movie","tmdb_id":331393},{"type":"movie","tmdb_id":1515185},{"type":"movie","tmdb_id":375290},{"type":"movie","tmdb_id":270774},{"type":"movie","tmdb_id":315664},{"type":"movie","tmdb_id":425773},{"type":"movie","tmdb_id":419546},{"type":"movie","tmdb_id":385317},{"type":"movie","tmdb_id":441719},{"type":"movie","tmdb_id":365324},{"type":"movie","tmdb_id":347031},{"type":"movie","tmdb_id":1160209},{"type":"movie","tmdb_id":822511},{"type":"movie","tmdb_id":306947},{"type":"movie","tmdb_id":408033},{"type":"movie","tmdb_id":390401},{"type":"movie","tmdb_id":391423},{"type":"movie","tmdb_id":370464},{"type":"movie","tmdb_id":385114},{"type":"movie","tmdb_id":378018},{"type":"movie","tmdb_id":277834},{"type":"movie","tmdb_id":321258},{"type":"movie","tmdb_id":373247},{"type":"movie","tmdb_id":461698},{"type":"movie","tmdb_id":435671},{"type":"movie","tmdb_id":1267206},{"type":"movie","tmdb_id":381341},{"type":"movie","tmdb_id":1352951},{"type":"movie","tmdb_id":426207},{"type":"movie","tmdb_id":408387},{"type":"movie","tmdb_id":303854},{"type":"movie","tmdb_id":419192},{"type":"movie","tmdb_id":1132977},{"type":"movie","tmdb_id":402381},{"type":"movie","tmdb_id":385922},{"type":"movie","tmdb_id":404132},{"type":"movie","tmdb_id":340945},{"type":"movie","tmdb_id":482207},{"type":"movie","tmdb_id":412380},{"type":"movie","tmdb_id":356305},{"type":"movie","tmdb_id":377264},{"type":"movie","tmdb_id":413666},{"type":"movie","tmdb_id":565707},{"type":"movie","tmdb_id":303244},{"type":"movie","tmdb_id":375290},{"type":"movie","tmdb_id":376047},{"type":"movie","tmdb_id":349012},{"type":"movie","tmdb_id":339547},{"type":"movie","tmdb_id":401523},{"type":"movie","tmdb_id":419627},{"type":"movie","tmdb_id":428473},{"type":"movie","tmdb_id":354979},{"type":"movie","tmdb_id":1160209},{"type":"movie","tmdb_id":400190},{"type":"movie","tmdb_id":391629},{"type":"movie","tmdb_id":427930},{"type":"movie","tmdb_id":1132977},{"type":"movie","tmdb_id":407455},{"type":"movie","tmdb_id":458802},{"type":"movie","tmdb_id":385114},{"type":"movie","tmdb_id":435671},{"type":"movie","tmdb_id":714528},{"type":"movie","tmdb_id":412711},{"type":"movie","tmdb_id":329010},{"type":"movie","tmdb_id":440911},{"type":"movie","tmdb_id":513603},{"type":"movie","tmdb_id":450374},{"type":"movie","tmdb_id":377452},{"type":"movie","tmdb_id":400190},{"type":"movie","tmdb_id":1352951},{"type":"movie","tmdb_id":376534},{"type":"movie","tmdb_id":463765},{"type":"movie","tmdb_id":337674},{"type":"movie","tmdb_id":345920},{"type":"movie","tmdb_id":403790},{"type":"movie","tmdb_id":536730},{"type":"movie","tmdb_id":373632},{"type":"movie","tmdb_id":347123},{"type":"movie","tmdb_id":390446},{"type":"movie","tmdb_id":649024},{"type":"movie","tmdb_id":386890},{"type":"movie","tmdb_id":799533},{"type":"movie","tmdb_id":417705},{"type":"movie","tmdb_id":430293},{"type":"movie","tmdb_id":377798},{"type":"movie","tmdb_id":356184},{"type":"movie","tmdb_id":403895},{"type":"movie","tmdb_id":822511},{"type":"movie","tmdb_id":427930},{"type":"movie","tmdb_id":416097},{"type":"movie","tmdb_id":263341},{"type":"movie","tmdb_id":352490},{"type":"movie","tmdb_id":399173},{"type":"movie","tmdb_id":417978},{"type":"movie","tmdb_id":392572},{"type":"movie","tmdb_id":409361},{"type":"movie","tmdb_id":407433},{"type":"movie","tmdb_id":458802},{"type":"movie","tmdb_id":659133},{"type":"movie","tmdb_id":419261},{"type":"movie","tmdb_id":420613},{"type":"movie","tmdb_id":424722},{"type":"movie","tmdb_id":300673},{"type":"movie","tmdb_id":453443},{"type":"movie","tmdb_id":422154},{"type":"movie","tmdb_id":376581},{"type":"movie","tmdb_id":714528},{"type":"movie","tmdb_id":413452},{"type":"movie","tmdb_id":354859},{"type":"movie","tmdb_id":339397},{"type":"movie","tmdb_id":463765},{"type":"movie","tmdb_id":450374},{"type":"movie","tmdb_id":359871},{"type":"movie","tmdb_id":513603},{"type":"movie","tmdb_id":510797},{"type":"movie","tmdb_id":381890},{"type":"movie","tmdb_id":376534},{"type":"movie","tmdb_id":409550},{"type":"movie","tmdb_id":302156},{"type":"movie","tmdb_id":940358},{"type":"movie","tmdb_id":380731},{"type":"movie","tmdb_id":427928},{"type":"movie","tmdb_id":403667},{"type":"movie","tmdb_id":396917},{"type":"movie","tmdb_id":417451},{"type":"movie","tmdb_id":303858},{"type":"movie","tmdb_id":375082},{"type":"movie","tmdb_id":573746},{"type":"movie","tmdb_id":408248},{"type":"movie","tmdb_id":392599},{"type":"movie","tmdb_id":375804},{"type":"movie","tmdb_id":308017},{"type":"movie","tmdb_id":409155},{"type":"movie","tmdb_id":547781},{"type":"movie","tmdb_id":482036},{"type":"movie","tmdb_id":429755},{"type":"movie","tmdb_id":409282},{"type":"movie","tmdb_id":412150},{"type":"movie","tmdb_id":431594},{"type":"movie","tmdb_id":458107},{"type":"movie","tmdb_id":478173},{"type":"movie","tmdb_id":411608},{"type":"movie","tmdb_id":433355},{"type":"movie","tmdb_id":426780},{"type":"movie","tmdb_id":393003},{"type":"movie","tmdb_id":791156},{"type":"movie","tmdb_id":527332},{"type":"movie","tmdb_id":331393},{"type":"movie","tmdb_id":351454},{"type":"movie","tmdb_id":681430},{"type":"movie","tmdb_id":407455},{"type":"movie","tmdb_id":432296},{"type":"movie","tmdb_id":945168},{"type":"movie","tmdb_id":382251},{"type":"movie","tmdb_id":1026813},{"type":"movie","tmdb_id":421377},{"type":"movie","tmdb_id":444462},{"type":"movie","tmdb_id":1153200},{"type":"movie","tmdb_id":474810},{"type":"movie","tmdb_id":406449},{"type":"movie","tmdb_id":401442},{"type":"movie","tmdb_id":622071},{"type":"movie","tmdb_id":323675},{"type":"movie","tmdb_id":393731},{"type":"movie","tmdb_id":442303},{"type":"movie","tmdb_id":339526},{"type":"movie","tmdb_id":245627},{"type":"movie","tmdb_id":406302},{"type":"movie","tmdb_id":335778},{"type":"movie","tmdb_id":533471},{"type":"movie","tmdb_id":445334},{"type":"movie","tmdb_id":530287},{"type":"movie","tmdb_id":402992},{"type":"movie","tmdb_id":431267},{"type":"movie","tmdb_id":411608},{"type":"movie","tmdb_id":318781},{"type":"movie","tmdb_id":518181},{"type":"movie","tmdb_id":594571},{"type":"movie","tmdb_id":1100284},{"type":"movie","tmdb_id":425379},{"type":"movie","tmdb_id":433355},{"type":"movie","tmdb_id":323675},{"type":"movie","tmdb_id":403667},{"type":"movie","tmdb_id":940358},{"type":"movie","tmdb_id":721139},{"type":"movie","tmdb_id":464254},{"type":"movie","tmdb_id":553443},{"type":"movie","tmdb_id":393731},{"type":"movie","tmdb_id":339397},{"type":"movie","tmdb_id":482207},{"type":"movie","tmdb_id":791156},{"type":"movie","tmdb_id":426780},{"type":"movie","tmdb_id":444462},{"type":"movie","tmdb_id":323561},{"type":"movie","tmdb_id":396917},{"type":"movie","tmdb_id":432296},{"type":"movie","tmdb_id":554659},{"type":"movie","tmdb_id":442303},{"type":"movie","tmdb_id":369557},{"type":"movie","tmdb_id":422154},{"type":"movie","tmdb_id":466678},{"type":"movie","tmdb_id":1311268},{"type":"movie","tmdb_id":392807},{"type":"movie","tmdb_id":424398},{"type":"movie","tmdb_id":401520},{"type":"movie","tmdb_id":547781},{"type":"movie","tmdb_id":380655},{"type":"movie","tmdb_id":1494497},{"type":"movie","tmdb_id":1192085},{"type":"movie","tmdb_id":368940},{"type":"movie","tmdb_id":533618},{"type":"movie","tmdb_id":530287},{"type":"movie","tmdb_id":316152},{"type":"movie","tmdb_id":388092},{"type":"movie","tmdb_id":339405},{"type":"movie","tmdb_id":392599},{"type":"movie","tmdb_id":423331},{"type":"movie","tmdb_id":598096},{"type":"movie","tmdb_id":404378},{"type":"movie","tmdb_id":598940},{"type":"movie","tmdb_id":1083501},{"type":"movie","tmdb_id":413287},{"type":"movie","tmdb_id":411545},{"type":"movie","tmdb_id":337703},{"type":"movie","tmdb_id":659133},{"type":"movie","tmdb_id":532561},{"type":"movie","tmdb_id":390833},{"type":"movie","tmdb_id":263341},{"type":"movie","tmdb_id":1153783},{"type":"movie","tmdb_id":622071},{"type":"movie","tmdb_id":447925},{"type":"movie","tmdb_id":527332},{"type":"movie","tmdb_id":380731},{"type":"movie","tmdb_id":359871},{"type":"movie","tmdb_id":767083},{"type":"movie","tmdb_id":359770},{"type":"movie","tmdb_id":508617},{"type":"movie","tmdb_id":418630},{"type":"movie","tmdb_id":822024},{"type":"movie","tmdb_id":393003},{"type":"movie","tmdb_id":442932},{"type":"movie","tmdb_id":377273},{"type":"movie","tmdb_id":389107},{"type":"movie","tmdb_id":393659},{"type":"movie","tmdb_id":435008},{"type":"movie","tmdb_id":339526},{"type":"movie","tmdb_id":675853},{"type":"movie","tmdb_id":1207853},{"type":"movie","tmdb_id":372411},{"type":"movie","tmdb_id":405050},{"type":"movie","tmdb_id":393989},{"type":"movie","tmdb_id":799533},{"type":"movie","tmdb_id":425358},{"type":"movie","tmdb_id":376866},{"type":"movie","tmdb_id":360139},{"type":"movie","tmdb_id":377757},{"type":"movie","tmdb_id":1055375},{"type":"movie","tmdb_id":1073344},{"type":"movie","tmdb_id":272820},{"type":"movie","tmdb_id":413658},{"type":"movie","tmdb_id":286258},{"type":"movie","tmdb_id":403637},{"type":"movie","tmdb_id":376858},{"type":"movie","tmdb_id":696211},{"type":"movie","tmdb_id":447670},{"type":"movie","tmdb_id":846252},{"type":"movie","tmdb_id":328111},{"type":"movie","tmdb_id":309886},{"type":"movie","tmdb_id":360389},{"type":"movie","tmdb_id":392054},{"type":"movie","tmdb_id":409282},{"type":"movie","tmdb_id":428916},{"type":"movie","tmdb_id":574731},{"type":"movie","tmdb_id":460556},{"type":"movie","tmdb_id":329440},{"type":"movie","tmdb_id":1153200},{"type":"movie","tmdb_id":325133},{"type":"movie","tmdb_id":412588},{"type":"movie","tmdb_id":645078},{"type":"movie","tmdb_id":632902},{"type":"movie","tmdb_id":445564},{"type":"movie","tmdb_id":572009},{"type":"movie","tmdb_id":845257},{"type":"movie","tmdb_id":432554},{"type":"movie","tmdb_id":417341},{"type":"movie","tmdb_id":383559},{"type":"movie","tmdb_id":467174},{"type":"movie","tmdb_id":506758},{"type":"movie","tmdb_id":523419},{"type":"movie","tmdb_id":384798},{"type":"movie","tmdb_id":386242},{"type":"movie","tmdb_id":374856},{"type":"movie","tmdb_id":431224},{"type":"movie","tmdb_id":437636},{"type":"movie","tmdb_id":452617},{"type":"movie","tmdb_id":382251},{"type":"movie","tmdb_id":592851},{"type":"movie","tmdb_id":616245},{"type":"movie","tmdb_id":535535},{"type":"movie","tmdb_id":395339},{"type":"movie","tmdb_id":375242},{"type":"movie","tmdb_id":378356},{"type":"movie","tmdb_id":347882},{"type":"movie","tmdb_id":475280},{"type":"movie","tmdb_id":340674},{"type":"movie","tmdb_id":375533},{"type":"movie","tmdb_id":389301},{"type":"movie","tmdb_id":409299},{"type":"movie","tmdb_id":478264},{"type":"movie","tmdb_id":1070769},{"type":"movie","tmdb_id":402696},{"type":"movie","tmdb_id":348748},{"type":"movie","tmdb_id":380622},{"type":"movie","tmdb_id":529181},{"type":"movie","tmdb_id":416251},{"type":"movie","tmdb_id":504300},{"type":"movie","tmdb_id":843801},{"type":"movie","tmdb_id":462618},{"type":"movie","tmdb_id":419330},{"type":"movie","tmdb_id":670471},{"type":"movie","tmdb_id":413337},{"type":"movie","tmdb_id":395961},{"type":"movie","tmdb_id":386861},{"type":"movie","tmdb_id":1184463},{"type":"movie","tmdb_id":384682},{"type":"movie","tmdb_id":459127},{"type":"movie","tmdb_id":756611},{"type":"movie","tmdb_id":379811},{"type":"movie","tmdb_id":383809},{"type":"movie","tmdb_id":370133},{"type":"movie","tmdb_id":445715},{"type":"movie","tmdb_id":412338},{"type":"movie","tmdb_id":334538},{"type":"movie","tmdb_id":280156},{"type":"movie","tmdb_id":596123},{"type":"movie","tmdb_id":324560},{"type":"movie","tmdb_id":1275699},{"type":"movie","tmdb_id":382602},{"type":"movie","tmdb_id":378108},{"type":"movie","tmdb_id":420613},{"type":"movie","tmdb_id":645662},{"type":"movie","tmdb_id":390734},{"type":"movie","tmdb_id":433157},{"type":"movie","tmdb_id":769834},{"type":"movie","tmdb_id":446216},{"type":"movie","tmdb_id":430384},{"type":"movie","tmdb_id":422286},{"type":"movie","tmdb_id":429209},{"type":"movie","tmdb_id":394045},{"type":"movie","tmdb_id":383256},{"type":"movie","tmdb_id":419329},{"type":"movie","tmdb_id":478193},{"type":"movie","tmdb_id":407375},{"type":"movie","tmdb_id":694656},{"type":"tv","tmdb_id":66732},{"type":"tv","tmdb_id":63174},{"type":"tv","tmdb_id":67136},{"type":"tv","tmdb_id":63247},{"type":"tv","tmdb_id":65942},{"type":"tv","tmdb_id":67384},{"type":"tv","tmdb_id":65494},{"type":"tv","tmdb_id":66025},{"type":"tv","tmdb_id":62643},{"type":"tv","tmdb_id":74561},{"type":"tv","tmdb_id":62852},{"type":"tv","tmdb_id":67133},{"type":"tv","tmdb_id":66840},{"type":"tv","tmdb_id":104396},{"type":"tv","tmdb_id":67116},{"type":"tv","tmdb_id":66573},{"type":"tv","tmdb_id":96804},{"type":"tv","tmdb_id":66786},{"type":"tv","tmdb_id":65931},{"type":"tv","tmdb_id":68073},{"type":"tv","tmdb_id":67026},{"type":"tv","tmdb_id":62858},{"type":"tv","tmdb_id":61859},{"type":"tv","tmdb_id":67419},{"type":"tv","tmdb_id":63210},{"type":"tv","tmdb_id":66370},{"type":"tv","tmdb_id":68604},{"type":"tv","tmdb_id":67557},{"type":"tv","tmdb_id":65844},{"type":"tv","tmdb_id":64513},{"type":"tv","tmdb_id":67335},{"type":"tv","tmdb_id":66857},{"type":"tv","tmdb_id":305237},{"type":"tv","tmdb_id":67063},{"type":"tv","tmdb_id":67683},{"type":"tv","tmdb_id":65820},{"type":"tv","tmdb_id":66465},{"type":"tv","tmdb_id":72896},{"type":"tv","tmdb_id":62126},{"type":"tv","tmdb_id":67075},{"type":"tv","tmdb_id":62126},{"type":"tv","tmdb_id":61969},{"type":"tv","tmdb_id":72896},{"type":"tv","tmdb_id":83509},{"type":"tv","tmdb_id":69061},{"type":"tv","tmdb_id":74415},{"type":"tv","tmdb_id":67915},{"type":"tv","tmdb_id":68398},{"type":"tv","tmdb_id":67549},{"type":"tv","tmdb_id":65988},{"type":"tv","tmdb_id":63623},{"type":"tv","tmdb_id":70983},{"type":"tv","tmdb_id":70311},{"type":"tv","tmdb_id":67040},{"type":"tv","tmdb_id":88580},{"type":"tv","tmdb_id":66676},{"type":"tv","tmdb_id":66599},{"type":"tv","tmdb_id":65930},{"type":"tv","tmdb_id":67156},{"type":"tv","tmdb_id":65291},{"type":"tv","tmdb_id":67117},{"type":"tv","tmdb_id":67883},{"type":"tv","tmdb_id":67040},{"type":"tv","tmdb_id":67676},{"type":"tv","tmdb_id":66558},{"type":"tv","tmdb_id":67773},{"type":"tv","tmdb_id":65784},{"type":"tv","tmdb_id":66830},{"type":"tv","tmdb_id":67667},{"type":"tv","tmdb_id":66203},{"type":"tv","tmdb_id":66310},{"type":"tv","tmdb_id":66488},{"type":"tv","tmdb_id":67824},{"type":"tv","tmdb_id":64387},{"type":"tv","tmdb_id":64464},{"type":"tv","tmdb_id":65493},{"type":"tv","tmdb_id":92369},{"type":"tv","tmdb_id":68267},{"type":"tv","tmdb_id":139710},{"type":"tv","tmdb_id":65336},{"type":"tv","tmdb_id":65493},{"type":"tv","tmdb_id":68780},{"type":"tv","tmdb_id":66134},{"type":"tv","tmdb_id":69344},{"type":"tv","tmdb_id":92369},{"type":"tv","tmdb_id":53606},{"type":"tv","tmdb_id":67229},{"type":"tv","tmdb_id":66078},{"type":"tv","tmdb_id":65292},{"type":"tv","tmdb_id":68295},{"type":"tv","tmdb_id":64122},{"type":"tv","tmdb_id":70387},{"type":"tv","tmdb_id":67070},{"type":"tv","tmdb_id":65929},{"type":"tv","tmdb_id":64099},{"type":"tv","tmdb_id":66761},{"type":"tv","tmdb_id":65249},{"type":"tv","tmdb_id":66276},{"type":"tv","tmdb_id":66103},{"type":"tv","tmdb_id":67697},{"type":"tv","tmdb_id":68569},{"type":"tv","tmdb_id":139710},{"type":"tv","tmdb_id":66077},{"type":"tv","tmdb_id":64752},{"type":"tv","tmdb_id":74428},{"type":"tv","tmdb_id":67175},{"type":"tv","tmdb_id":66859},{"type":"tv","tmdb_id":91444},{"type":"tv","tmdb_id":65579},{"type":"tv","tmdb_id":65227},{"type":"tv","tmdb_id":66671},{"type":"tv","tmdb_id":66837},{"type":"tv","tmdb_id":68106},{"type":"tv","tmdb_id":67487},{"type":"tv","tmdb_id":66023},{"type":"tv","tmdb_id":65712},{"type":"tv","tmdb_id":68695},{"type":"tv","tmdb_id":66282},{"type":"tv","tmdb_id":70923},{"type":"tv","tmdb_id":65592},{"type":"tv","tmdb_id":96269},{"type":"tv","tmdb_id":70249},{"type":"tv","tmdb_id":84443},{"type":"tv","tmdb_id":66825},{"type":"tv","tmdb_id":64433},{"type":"tv","tmdb_id":66784},{"type":"tv","tmdb_id":67166},{"type":"tv","tmdb_id":67135},{"type":"tv","tmdb_id":83964},{"type":"tv","tmdb_id":106009},{"type":"tv","tmdb_id":84547},{"type":"tv","tmdb_id":67674},{"type":"tv","tmdb_id":10957},{"type":"tv","tmdb_id":65143},{"type":"tv","tmdb_id":71322},{"type":"tv","tmdb_id":74824},{"type":"tv","tmdb_id":66556},{"type":"tv","tmdb_id":66912},{"type":"tv","tmdb_id":95903},{"type":"tv","tmdb_id":78115},{"type":"tv","tmdb_id":66111},{"type":"tv","tmdb_id":66958},{"type":"tv","tmdb_id":67391},{"type":"tv","tmdb_id":67141},{"type":"tv","tmdb_id":63535},{"type":"tv","tmdb_id":66584},{"type":"tv","tmdb_id":68099},{"type":"tv","tmdb_id":64437},{"type":"tv","tmdb_id":67752},{"type":"tv","tmdb_id":66941},{"type":"tv","tmdb_id":62699},{"type":"tv","tmdb_id":65214},{"type":"tv","tmdb_id":71963},{"type":"tv","tmdb_id":66256},{"type":"tv","tmdb_id":66502},{"type":"tv","tmdb_id":66433},{"type":"tv","tmdb_id":82416},{"type":"tv","tmdb_id":66149},{"type":"tv","tmdb_id":95112},{"type":"tv","tmdb_id":85983},{"type":"tv","tmdb_id":68878},{"type":"tv","tmdb_id":66456},{"type":"tv","tmdb_id":68595},{"type":"tv","tmdb_id":64435},{"type":"tv","tmdb_id":64555},{"type":"tv","tmdb_id":67684},{"type":"tv","tmdb_id":69459},{"type":"tv","tmdb_id":66862},{"type":"tv","tmdb_id":73369},{"type":"tv","tmdb_id":66101},{"type":"tv","tmdb_id":67015},{"type":"tv","tmdb_id":106099},{"type":"tv","tmdb_id":67324},{"type":"tv","tmdb_id":64394},{"type":"tv","tmdb_id":66389},{"type":"tv","tmdb_id":68455},{"type":"tv","tmdb_id":64551},{"type":"tv","tmdb_id":66979},{"type":"tv","tmdb_id":68427},{"type":"tv","tmdb_id":65949},{"type":"tv","tmdb_id":68071},{"type":"tv","tmdb_id":65150},{"type":"tv","tmdb_id":66080},{"type":"tv","tmdb_id":66902},{"type":"tv","tmdb_id":69463},{"type":"tv","tmdb_id":68921},{"type":"tv","tmdb_id":64481},{"type":"tv","tmdb_id":66894},{"type":"tv","tmdb_id":64150},{"type":"tv","tmdb_id":67132},{"type":"tv","tmdb_id":108433},{"type":"tv","tmdb_id":65945},{"type":"tv","tmdb_id":67011},{"type":"tv","tmdb_id":65798},{"type":"tv","tmdb_id":66053},{"type":"tv","tmdb_id":68098},{"type":"tv","tmdb_id":116661},{"type":"tv","tmdb_id":102774},{"type":"tv","tmdb_id":68135},{"type":"tv","tmdb_id":67345},{"type":"tv","tmdb_id":66256},{"type":"tv","tmdb_id":68071},{"type":"tv","tmdb_id":65949},{"type":"tv","tmdb_id":70208},{"type":"tv","tmdb_id":66080},{"type":"tv","tmdb_id":67243},{"type":"tv","tmdb_id":68654},{"type":"tv","tmdb_id":65854},{"type":"tv","tmdb_id":65945},{"type":"tv","tmdb_id":68467},{"type":"tv","tmdb_id":68349},{"type":"tv","tmdb_id":67345},{"type":"tv","tmdb_id":67679},{"type":"tv","tmdb_id":70603},{"type":"tv","tmdb_id":75021},{"type":"tv","tmdb_id":68098},{"type":"tv","tmdb_id":68388},{"type":"tv","tmdb_id":106221},{"type":"tv","tmdb_id":68126},{"type":"tv","tmdb_id":67780},{"type":"tv","tmdb_id":65153},{"type":"tv","tmdb_id":69463},{"type":"tv","tmdb_id":67012},{"type":"tv","tmdb_id":88768},{"type":"tv","tmdb_id":89074},{"type":"tv","tmdb_id":66991},{"type":"tv","tmdb_id":75127},{"type":"tv","tmdb_id":68882},{"type":"tv","tmdb_id":65816},{"type":"tv","tmdb_id":64175},{"type":"tv","tmdb_id":92408},{"type":"tv","tmdb_id":66496},{"type":"tv","tmdb_id":115785},{"type":"tv","tmdb_id":66803},{"type":"tv","tmdb_id":66885},{"type":"tv","tmdb_id":86758},{"type":"tv","tmdb_id":67570},{"type":"tv","tmdb_id":70288},{"type":"tv","tmdb_id":68875},{"type":"tv","tmdb_id":65693},{"type":"tv","tmdb_id":68423},{"type":"tv","tmdb_id":94585},{"type":"tv","tmdb_id":66776},{"type":"tv","tmdb_id":67593},{"type":"tv","tmdb_id":68225},{"type":"tv","tmdb_id":138207},{"type":"tv","tmdb_id":67043},{"type":"tv","tmdb_id":103373},{"type":"tv","tmdb_id":66330},{"type":"tv","tmdb_id":58057},{"type":"tv","tmdb_id":67639},{"type":"tv","tmdb_id":67757},{"type":"tv","tmdb_id":154615},{"type":"tv","tmdb_id":66733},{"type":"tv","tmdb_id":68358},{"type":"tv","tmdb_id":64840},{"type":"tv","tmdb_id":72392},{"type":"tv","tmdb_id":65369},{"type":"tv","tmdb_id":66659},{"type":"tv","tmdb_id":69088},{"type":"tv","tmdb_id":87310},{"type":"tv","tmdb_id":67832},{"type":"tv","tmdb_id":68708},{"type":"tv","tmdb_id":65330},{"type":"tv","tmdb_id":67727},{"type":"tv","tmdb_id":69020},{"type":"tv","tmdb_id":65333},{"type":"tv","tmdb_id":62904},{"type":"tv","tmdb_id":67118},{"type":"tv","tmdb_id":100659},{"type":"tv","tmdb_id":66104},{"type":"tv","tmdb_id":68435},{"type":"tv","tmdb_id":65564},{"type":"tv","tmdb_id":72412},{"type":"tv","tmdb_id":67280},{"type":"tv","tmdb_id":68735},{"type":"tv","tmdb_id":248095},{"type":"tv","tmdb_id":90745},{"type":"tv","tmdb_id":67728},{"type":"tv","tmdb_id":67235},{"type":"tv","tmdb_id":68757},{"type":"tv","tmdb_id":80534},{"type":"tv","tmdb_id":68103},{"type":"tv","tmdb_id":66730},{"type":"tv","tmdb_id":69306},{"type":"tv","tmdb_id":66357},{"type":"tv","tmdb_id":67814},{"type":"tv","tmdb_id":80476},{"type":"tv","tmdb_id":65954},{"type":"tv","tmdb_id":240407},{"type":"tv","tmdb_id":65448},{"type":"tv","tmdb_id":68430},{"type":"tv","tmdb_id":68973},{"type":"tv","tmdb_id":64726},{"type":"tv","tmdb_id":72090},{"type":"tv","tmdb_id":74719},{"type":"tv","tmdb_id":67584},{"type":"tv","tmdb_id":83933},{"type":"tv","tmdb_id":70940},{"type":"tv","tmdb_id":66870},{"type":"tv","tmdb_id":66911},{"type":"tv","tmdb_id":65454},{"type":"tv","tmdb_id":68272},{"type":"tv","tmdb_id":67018},{"type":"tv","tmdb_id":64554},{"type":"tv","tmdb_id":93983},{"type":"tv","tmdb_id":76456},{"type":"tv","tmdb_id":97888},{"type":"tv","tmdb_id":69924},{"type":"tv","tmdb_id":93804},{"type":"tv","tmdb_id":67524},{"type":"tv","tmdb_id":68380},{"type":"tv","tmdb_id":127050},{"type":"tv","tmdb_id":68901},{"type":"tv","tmdb_id":96056},{"type":"tv","tmdb_id":64673},{"type":"tv","tmdb_id":72838},{"type":"tv","tmdb_id":106628},{"type":"tv","tmdb_id":65876},{"type":"tv","tmdb_id":75487},{"type":"tv","tmdb_id":68734},{"type":"tv","tmdb_id":71594},{"type":"tv","tmdb_id":68518},{"type":"tv","tmdb_id":67359},{"type":"tv","tmdb_id":68945},{"type":"tv","tmdb_id":72469},{"type":"tv","tmdb_id":71431},{"type":"tv","tmdb_id":74826},{"type":"tv","tmdb_id":67148},{"type":"tv","tmdb_id":65944},{"type":"tv","tmdb_id":79681},{"type":"tv","tmdb_id":68799},{"type":"tv","tmdb_id":62856},{"type":"tv","tmdb_id":65628},{"type":"tv","tmdb_id":67831},{"type":"tv","tmdb_id":77221},{"type":"tv","tmdb_id":116958},{"type":"tv","tmdb_id":74872},{"type":"tv","tmdb_id":66738},{"type":"tv","tmdb_id":67014},{"type":"tv","tmdb_id":85278},{"type":"tv","tmdb_id":67595},{"type":"tv","tmdb_id":107683},{"type":"tv","tmdb_id":66329},{"type":"tv","tmdb_id":65523},{"type":"tv","tmdb_id":66109},{"type":"tv","tmdb_id":65228},{"type":"tv","tmdb_id":67145},{"type":"tv","tmdb_id":71740},{"type":"tv","tmdb_id":67371},{"type":"tv","tmdb_id":78906},{"type":"tv","tmdb_id":64836},{"type":"tv","tmdb_id":66751},{"type":"tv","tmdb_id":70936},{"type":"tv","tmdb_id":67334},{"type":"tv","tmdb_id":68133},{"type":"tv","tmdb_id":106677},{"type":"tv","tmdb_id":67710},{"type":"tv","tmdb_id":68293},{"type":"tv","tmdb_id":65345},{"type":"tv","tmdb_id":65339},{"type":"tv","tmdb_id":65950},{"type":"tv","tmdb_id":68880},{"type":"tv","tmdb_id":65774},{"type":"tv","tmdb_id":68753},{"type":"tv","tmdb_id":208092},{"type":"tv","tmdb_id":66560},{"type":"tv","tmdb_id":63508},{"type":"tv","tmdb_id":68101},{"type":"tv","tmdb_id":68848},{"type":"tv","tmdb_id":66238},{"type":"tv","tmdb_id":68271},{"type":"tv","tmdb_id":66008},{"type":"tv","tmdb_id":99957},{"type":"tv","tmdb_id":68425},{"type":"tv","tmdb_id":66844},{"type":"tv","tmdb_id":66393},{"type":"tv","tmdb_id":65367},{"type":"tv","tmdb_id":112492},{"type":"tv","tmdb_id":83556},{"type":"tv","tmdb_id":65948},{"type":"tv","tmdb_id":67054},{"type":"tv","tmdb_id":67826},{"type":"tv","tmdb_id":65152},{"type":"tv","tmdb_id":71955},{"type":"tv","tmdb_id":65386},{"type":"tv","tmdb_id":70934},{"type":"tv","tmdb_id":94454},{"type":"tv","tmdb_id":111167},{"type":"tv","tmdb_id":65879},{"type":"tv","tmdb_id":65815},{"type":"tv","tmdb_id":65956},{"type":"tv","tmdb_id":68424},{"type":"tv","tmdb_id":68402},{"type":"tv","tmdb_id":74447},{"type":"tv","tmdb_id":68188},{"type":"tv","tmdb_id":67800},{"type":"tv","tmdb_id":66489},{"type":"tv","tmdb_id":65566},{"type":"tv","tmdb_id":67904},{"type":"tv","tmdb_id":65210},{"type":"tv","tmdb_id":221536},{"type":"tv","tmdb_id":67853},{"type":"tv","tmdb_id":19033},{"type":"tv","tmdb_id":68185},{"type":"tv","tmdb_id":79888},{"type":"tv","tmdb_id":67157},{"type":"tv","tmdb_id":98022},{"type":"tv","tmdb_id":75161},{"type":"tv","tmdb_id":129926},{"type":"tv","tmdb_id":69533},{"type":"tv","tmdb_id":67868},{"type":"tv","tmdb_id":158299},{"type":"tv","tmdb_id":67656},{"type":"tv","tmdb_id":68460},{"type":"tv","tmdb_id":68285},{"type":"tv","tmdb_id":65612},{"type":"tv","tmdb_id":69832},{"type":"tv","tmdb_id":66402},{"type":"tv","tmdb_id":218558},{"type":"tv","tmdb_id":90709},{"type":"tv","tmdb_id":65439},{"type":"tv","tmdb_id":289719},{"type":"tv","tmdb_id":65206},{"type":"tv","tmdb_id":70437},{"type":"tv","tmdb_id":111593},{"type":"tv","tmdb_id":65497},{"type":"tv","tmdb_id":66272},{"type":"tv","tmdb_id":65928},{"type":"tv","tmdb_id":70161},{"type":"tv","tmdb_id":67882},{"type":"tv","tmdb_id":89244},{"type":"tv","tmdb_id":281002},{"type":"tv","tmdb_id":68079},{"type":"tv","tmdb_id":77743},{"type":"tv","tmdb_id":64593},{"type":"tv","tmdb_id":62814},{"type":"tv","tmdb_id":89496},{"type":"tv","tmdb_id":75642},{"type":"tv","tmdb_id":68985},{"type":"tv","tmdb_id":68097},{"type":"tv","tmdb_id":66230},{"type":"tv","tmdb_id":68136},{"type":"tv","tmdb_id":67429},{"type":"tv","tmdb_id":86925},{"type":"tv","tmdb_id":66504},{"type":"tv","tmdb_id":68975},{"type":"tv","tmdb_id":65430},{"type":"tv","tmdb_id":93421},{"type":"tv","tmdb_id":66606},{"type":"tv","tmdb_id":67483},{"type":"tv","tmdb_id":154273},{"type":"tv","tmdb_id":65352},{"type":"tv","tmdb_id":68597},{"type":"tv","tmdb_id":74747},{"type":"tv","tmdb_id":104269},{"type":"tv","tmdb_id":70101},{"type":"tv","tmdb_id":65667},{"type":"tv","tmdb_id":67052},{"type":"tv","tmdb_id":67443},{"type":"tv","tmdb_id":65837},{"type":"tv","tmdb_id":76755},{"type":"tv","tmdb_id":68043},{"type":"tv","tmdb_id":66185},{"type":"tv","tmdb_id":66107},{"type":"tv","tmdb_id":231404},{"type":"tv","tmdb_id":75905},{"type":"tv","tmdb_id":75203},{"type":"tv","tmdb_id":67872},{"type":"tv","tmdb_id":67396},{"type":"tv","tmdb_id":65713},{"type":"tv","tmdb_id":68879},{"type":"tv","tmdb_id":67111},{"type":"tv","tmdb_id":69453},{"type":"tv","tmdb_id":65940},{"type":"tv","tmdb_id":65383},{"type":"tv","tmdb_id":113215},{"type":"tv","tmdb_id":71688},{"type":"tv","tmdb_id":68010},{"type":"tv","tmdb_id":65917},{"type":"tv","tmdb_id":68146},{"type":"tv","tmdb_id":64434},{"type":"tv","tmdb_id":65315},{"type":"tv","tmdb_id":65574},{"type":"tv","tmdb_id":48788},{"type":"tv","tmdb_id":67067},{"type":"tv","tmdb_id":134649},{"type":"tv","tmdb_id":68208},{"type":"tv","tmdb_id":94041},{"type":"tv","tmdb_id":68426},{"type":"tv","tmdb_id":68403},{"type":"tv","tmdb_id":68202},{"type":"tv","tmdb_id":73320},{"type":"tv","tmdb_id":152273},{"type":"tv","tmdb_id":65672},{"type":"tv","tmdb_id":214190},{"type":"tv","tmdb_id":84308},{"type":"tv","tmdb_id":68796},{"type":"tv","tmdb_id":67046},{"type":"tv","tmdb_id":66634},{"type":"tv","tmdb_id":66309},{"type":"tv","tmdb_id":65934},{"type":"tv","tmdb_id":70607},{"type":"tv","tmdb_id":69168},{"type":"tv","tmdb_id":67153},{"type":"tv","tmdb_id":66987},{"type":"tv","tmdb_id":67242},{"type":"tv","tmdb_id":68096},{"type":"tv","tmdb_id":102751},{"type":"tv","tmdb_id":89284},{"type":"tv","tmdb_id":68666},{"type":"tv","tmdb_id":74763},{"type":"tv","tmdb_id":65925},{"type":"tv","tmdb_id":72401},{"type":"tv","tmdb_id":288211},{"type":"tv","tmdb_id":67598},{"type":"tv","tmdb_id":88338},{"type":"tv","tmdb_id":66263},{"type":"tv","tmdb_id":68224},{"type":"tv","tmdb_id":102021},{"type":"tv","tmdb_id":70186},{"type":"tv","tmdb_id":66641},{"type":"tv","tmdb_id":68327},{"type":"tv","tmdb_id":65412},{"type":"tv","tmdb_id":66806},{"type":"tv","tmdb_id":67535},{"type":"tv","tmdb_id":95233},{"type":"tv","tmdb_id":67053},{"type":"tv","tmdb_id":113639},{"type":"tv","tmdb_id":204990},{"type":"tv","tmdb_id":67777},{"type":"tv","tmdb_id":99894},{"type":"tv","tmdb_id":120454},{"type":"tv","tmdb_id":70094},{"type":"tv","tmdb_id":65748},{"type":"tv","tmdb_id":72568},{"type":"tv","tmdb_id":66990},{"type":"tv","tmdb_id":67490},{"type":"tv","tmdb_id":65728},{"type":"tv","tmdb_id":221814},{"type":"tv","tmdb_id":67867},{"type":"tv","tmdb_id":158475},{"type":"tv","tmdb_id":66858},{"type":"tv","tmdb_id":68094},{"type":"tv","tmdb_id":67902},{"type":"tv","tmdb_id":76837},{"type":"tv","tmdb_id":66106},{"type":"tv","tmdb_id":275530},{"type":"tv","tmdb_id":66949},{"type":"tv","tmdb_id":66082},{"type":"tv","tmdb_id":65635},{"type":"tv","tmdb_id":243471},{"type":"tv","tmdb_id":67628},{"type":"tv","tmdb_id":66660},{"type":"tv","tmdb_id":66248},{"type":"tv","tmdb_id":64550},{"type":"tv","tmdb_id":89606},{"type":"tv","tmdb_id":70824},{"type":"tv","tmdb_id":66545},{"type":"tv","tmdb_id":66112},{"type":"tv","tmdb_id":67084},{"type":"tv","tmdb_id":86132},{"type":"tv","tmdb_id":65951},{"type":"tv","tmdb_id":202837},{"type":"tv","tmdb_id":68057},{"type":"tv","tmdb_id":66490},{"type":"tv","tmdb_id":74063},{"type":"tv","tmdb_id":100681},{"type":"tv","tmdb_id":68080},{"type":"tv","tmdb_id":67355},{"type":"tv","tmdb_id":65806},{"type":"tv","tmdb_id":85861},{"type":"tv","tmdb_id":66579},{"type":"tv","tmdb_id":73791},{"type":"tv","tmdb_id":67068},{"type":"tv","tmdb_id":67506},{"type":"tv","tmdb_id":72294},{"type":"tv","tmdb_id":67497},{"type":"tv","tmdb_id":68324},{"type":"tv","tmdb_id":66482},{"type":"tv","tmdb_id":67134},{"type":"tv","tmdb_id":67459},{"type":"tv","tmdb_id":65661},{"type":"tv","tmdb_id":74771},{"type":"tv","tmdb_id":69272},{"type":"tv","tmdb_id":68148},{"type":"tv","tmdb_id":68163},{"type":"tv","tmdb_id":79742},{"type":"tv","tmdb_id":153551},{"type":"tv","tmdb_id":72696},{"type":"tv","tmdb_id":68061},{"type":"tv","tmdb_id":86200},{"type":"tv","tmdb_id":67894},{"type":"tv","tmdb_id":66113},{"type":"tv","tmdb_id":64073},{"type":"tv","tmdb_id":66642},{"type":"tv","tmdb_id":65895},{"type":"tv","tmdb_id":65536},{"type":"tv","tmdb_id":65338},{"type":"tv","tmdb_id":68401}]}