{"ts":1771084697,"year":"2015","mode":"tv","candidates":[{"type":"tv","tmdb_id":62650},{"type":"tv","tmdb_id":65334},{"type":"tv","tmdb_id":63770},{"type":"tv","tmdb_id":60059},{"type":"tv","tmdb_id":70672},{"type":"tv","tmdb_id":62688},{"type":"tv","tmdb_id":63639},{"type":"tv","tmdb_id":62286},{"type":"tv","tmdb_id":62710},{"type":"tv","tmdb_id":60585},{"type":"tv","tmdb_id":72649},{"type":"tv","tmdb_id":61889},{"type":"tv","tmdb_id":61662},{"type":"tv","tmdb_id":63401},{"type":"tv","tmdb_id":62649},{"type":"tv","tmdb_id":63926},{"type":"tv","tmdb_id":62560},{"type":"tv","tmdb_id":61692},{"type":"tv","tmdb_id":62223},{"type":"tv","tmdb_id":63351},{"type":"tv","tmdb_id":60866},{"type":"tv","tmdb_id":38472},{"type":"tv","tmdb_id":65763},{"type":"tv","tmdb_id":62117},{"type":"tv","tmdb_id":63333},{"type":"tv","tmdb_id":61692},{"type":"tv","tmdb_id":71785},{"type":"tv","tmdb_id":96386},{"type":"tv","tmdb_id":62017},{"type":"tv","tmdb_id":64432},{"type":"tv","tmdb_id":62320},{"type":"tv","tmdb_id":61733},{"type":"tv","tmdb_id":62110},{"type":"tv","tmdb_id":62704},{"type":"tv","tmdb_id":62816},{"type":"tv","tmdb_id":60948},{"type":"tv","tmdb_id":61671},{"type":"tv","tmdb_id":64196},{"type":"tv","tmdb_id":63498},{"type":"tv","tmdb_id":64783},{"type":"tv","tmdb_id":61671},{"type":"tv","tmdb_id":254002},{"type":"tv","tmdb_id":63161},{"type":"tv","tmdb_id":63404},{"type":"tv","tmdb_id":78173},{"type":"tv","tmdb_id":65555},{"type":"tv","tmdb_id":230207},{"type":"tv","tmdb_id":76791},{"type":"tv","tmdb_id":64783},{"type":"tv","tmdb_id":63498},{"type":"tv","tmdb_id":63398},{"type":"tv","tmdb_id":242199},{"type":"tv","tmdb_id":62084},{"type":"tv","tmdb_id":63329},{"type":"tv","tmdb_id":61550},{"type":"tv","tmdb_id":62564},{"type":"tv","tmdb_id":61664},{"type":"tv","tmdb_id":62822},{"type":"tv","tmdb_id":62517},{"type":"tv","tmdb_id":62823},{"type":"tv","tmdb_id":64197},{"type":"tv","tmdb_id":62264},{"type":"tv","tmdb_id":63663},{"type":"tv","tmdb_id":61888},{"type":"tv","tmdb_id":62425},{"type":"tv","tmdb_id":223731},{"type":"tv","tmdb_id":61335},{"type":"tv","tmdb_id":62313},{"type":"tv","tmdb_id":238576},{"type":"tv","tmdb_id":63726},{"type":"tv","tmdb_id":61986},{"type":"tv","tmdb_id":69557},{"type":"tv","tmdb_id":53425},{"type":"tv","tmdb_id":64375},{"type":"tv","tmdb_id":62430},{"type":"tv","tmdb_id":77696},{"type":"tv","tmdb_id":62413},{"type":"tv","tmdb_id":235484},{"type":"tv","tmdb_id":61864},{"type":"tv","tmdb_id":89620},{"type":"tv","tmdb_id":63087},{"type":"tv","tmdb_id":62022},{"type":"tv","tmdb_id":62255},{"type":"tv","tmdb_id":61915},{"type":"tv","tmdb_id":82108},{"type":"tv","tmdb_id":62046},{"type":"tv","tmdb_id":62819},{"type":"tv","tmdb_id":62875},{"type":"tv","tmdb_id":62476},{"type":"tv","tmdb_id":64532},{"type":"tv","tmdb_id":62884},{"type":"tv","tmdb_id":62335},{"type":"tv","tmdb_id":65417},{"type":"tv","tmdb_id":62505},{"type":"tv","tmdb_id":75787},{"type":"tv","tmdb_id":47450},{"type":"tv","tmdb_id":78376},{"type":"tv","tmdb_id":62327},{"type":"tv","tmdb_id":69367},{"type":"tv","tmdb_id":63145},{"type":"tv","tmdb_id":62455},{"type":"tv","tmdb_id":64163},{"type":"tv","tmdb_id":62687},{"type":"tv","tmdb_id":83162},{"type":"tv","tmdb_id":65255},{"type":"tv","tmdb_id":64572},{"type":"tv","tmdb_id":64706},{"type":"tv","tmdb_id":62521},{"type":"tv","tmdb_id":64254},{"type":"tv","tmdb_id":63418},{"type":"tv","tmdb_id":114328},{"type":"tv","tmdb_id":63181},{"type":"tv","tmdb_id":64535},{"type":"tv","tmdb_id":83853},{"type":"tv","tmdb_id":67034},{"type":"tv","tmdb_id":61833},{"type":"tv","tmdb_id":62181},{"type":"tv","tmdb_id":63406},{"type":"tv","tmdb_id":64353},{"type":"tv","tmdb_id":62273},{"type":"tv","tmdb_id":84895},{"type":"tv","tmdb_id":63613},{"type":"tv","tmdb_id":64228},{"type":"tv","tmdb_id":63549},{"type":"tv","tmdb_id":67126},{"type":"tv","tmdb_id":71870},{"type":"tv","tmdb_id":63090},{"type":"tv","tmdb_id":84574},{"type":"tv","tmdb_id":62099},{"type":"tv","tmdb_id":63201},{"type":"tv","tmdb_id":63196},{"type":"tv","tmdb_id":61871},{"type":"tv","tmdb_id":66046},{"type":"tv","tmdb_id":64010},{"type":"tv","tmdb_id":62196},{"type":"tv","tmdb_id":61886},{"type":"tv","tmdb_id":61811},{"type":"tv","tmdb_id":110397},{"type":"tv","tmdb_id":64165},{"type":"tv","tmdb_id":61967},{"type":"tv","tmdb_id":61697},{"type":"tv","tmdb_id":63593},{"type":"tv","tmdb_id":60791},{"type":"tv","tmdb_id":68657},{"type":"tv","tmdb_id":62705},{"type":"tv","tmdb_id":62565},{"type":"tv","tmdb_id":62569},{"type":"tv","tmdb_id":70123},{"type":"tv","tmdb_id":62959},{"type":"tv","tmdb_id":74432},{"type":"tv","tmdb_id":65163},{"type":"tv","tmdb_id":63085},{"type":"tv","tmdb_id":61725},{"type":"tv","tmdb_id":66515},{"type":"tv","tmdb_id":62773},{"type":"tv","tmdb_id":67098},{"type":"tv","tmdb_id":64264},{"type":"tv","tmdb_id":60858},{"type":"tv","tmdb_id":71904},{"type":"tv","tmdb_id":63522},{"type":"tv","tmdb_id":61901},{"type":"tv","tmdb_id":62450},{"type":"tv","tmdb_id":62681},{"type":"tv","tmdb_id":62487},{"type":"tv","tmdb_id":62776},{"type":"tv","tmdb_id":64684},{"type":"tv","tmdb_id":62725},{"type":"tv","tmdb_id":64365},{"type":"tv","tmdb_id":65320},{"type":"tv","tmdb_id":61741},{"type":"tv","tmdb_id":64229},{"type":"tv","tmdb_id":63175},{"type":"tv","tmdb_id":62601},{"type":"tv","tmdb_id":97891},{"type":"tv","tmdb_id":63011},{"type":"tv","tmdb_id":66631},{"type":"tv","tmdb_id":61945},{"type":"tv","tmdb_id":44396},{"type":"tv","tmdb_id":61698},{"type":"tv","tmdb_id":65036},{"type":"tv","tmdb_id":64421},{"type":"tv","tmdb_id":71377},{"type":"tv","tmdb_id":73101},{"type":"tv","tmdb_id":67106},{"type":"tv","tmdb_id":64852},{"type":"tv","tmdb_id":66926},{"type":"tv","tmdb_id":63942},{"type":"tv","tmdb_id":63510},{"type":"tv","tmdb_id":70716},{"type":"tv","tmdb_id":62142},{"type":"tv","tmdb_id":62428},{"type":"tv","tmdb_id":67691},{"type":"tv","tmdb_id":64537},{"type":"tv","tmdb_id":68574},{"type":"tv","tmdb_id":74727},{"type":"tv","tmdb_id":63187},{"type":"tv","tmdb_id":42531},{"type":"tv","tmdb_id":62783},{"type":"tv","tmdb_id":66336},{"type":"tv","tmdb_id":103631},{"type":"tv","tmdb_id":64084},{"type":"tv","tmdb_id":25891},{"type":"tv","tmdb_id":79621},{"type":"tv","tmdb_id":64396},{"type":"tv","tmdb_id":70634},{"type":"tv","tmdb_id":65665},{"type":"tv","tmdb_id":63927},{"type":"tv","tmdb_id":63452},{"type":"tv","tmdb_id":62247},{"type":"tv","tmdb_id":72921},{"type":"tv","tmdb_id":61239},{"type":"tv","tmdb_id":66390},{"type":"tv","tmdb_id":71959},{"type":"tv","tmdb_id":67154},{"type":"tv","tmdb_id":100060},{"type":"tv","tmdb_id":64140},{"type":"tv","tmdb_id":60930},{"type":"tv","tmdb_id":69880},{"type":"tv","tmdb_id":62323},{"type":"tv","tmdb_id":64711},{"type":"tv","tmdb_id":62290},{"type":"tv","tmdb_id":63761},{"type":"tv","tmdb_id":89104},{"type":"tv","tmdb_id":107970},{"type":"tv","tmdb_id":66919},{"type":"tv","tmdb_id":68157},{"type":"tv","tmdb_id":62766},{"type":"tv","tmdb_id":64671},{"type":"tv","tmdb_id":62732},{"type":"tv","tmdb_id":62157},{"type":"tv","tmdb_id":69536},{"type":"tv","tmdb_id":62484},{"type":"tv","tmdb_id":64357},{"type":"tv","tmdb_id":62543},{"type":"tv","tmdb_id":63647},{"type":"tv","tmdb_id":61816},{"type":"tv","tmdb_id":64518},{"type":"tv","tmdb_id":63010},{"type":"tv","tmdb_id":65176},{"type":"tv","tmdb_id":64164},{"type":"tv","tmdb_id":65824},{"type":"tv","tmdb_id":71618},{"type":"tv","tmdb_id":64139},{"type":"tv","tmdb_id":97243},{"type":"tv","tmdb_id":63323},{"type":"tv","tmdb_id":68642},{"type":"tv","tmdb_id":63353},{"type":"tv","tmdb_id":62375},{"type":"tv","tmdb_id":76375},{"type":"tv","tmdb_id":62233},{"type":"tv","tmdb_id":64092},{"type":"tv","tmdb_id":69203},{"type":"tv","tmdb_id":61703},{"type":"tv","tmdb_id":82716},{"type":"tv","tmdb_id":61913},{"type":"tv","tmdb_id":63330},{"type":"tv","tmdb_id":73093},{"type":"tv","tmdb_id":61637},{"type":"tv","tmdb_id":95657},{"type":"tv","tmdb_id":62815},{"type":"tv","tmdb_id":110521},{"type":"tv","tmdb_id":63509},{"type":"tv","tmdb_id":62287},{"type":"tv","tmdb_id":62070},{"type":"tv","tmdb_id":110929},{"type":"tv","tmdb_id":64043},{"type":"tv","tmdb_id":94586},{"type":"tv","tmdb_id":89587},{"type":"tv","tmdb_id":63867},{"type":"tv","tmdb_id":82317},{"type":"tv","tmdb_id":90990},{"type":"tv","tmdb_id":80371},{"type":"tv","tmdb_id":74988},{"type":"tv","tmdb_id":61919},{"type":"tv","tmdb_id":62568},{"type":"tv","tmdb_id":63451},{"type":"tv","tmdb_id":65764},{"type":"tv","tmdb_id":69714},{"type":"tv","tmdb_id":157371},{"type":"tv","tmdb_id":63314},{"type":"tv","tmdb_id":73574},{"type":"tv","tmdb_id":62917},{"type":"tv","tmdb_id":82574},{"type":"tv","tmdb_id":66969},{"type":"tv","tmdb_id":64383},{"type":"tv","tmdb_id":63891},{"type":"tv","tmdb_id":62152},{"type":"tv","tmdb_id":62227},{"type":"tv","tmdb_id":119330},{"type":"tv","tmdb_id":104552},{"type":"tv","tmdb_id":69084},{"type":"tv","tmdb_id":62130},{"type":"tv","tmdb_id":62456},{"type":"tv","tmdb_id":64339},{"type":"tv","tmdb_id":65335},{"type":"tv","tmdb_id":62433},{"type":"tv","tmdb_id":67080},{"type":"tv","tmdb_id":219556},{"type":"tv","tmdb_id":65241},{"type":"tv","tmdb_id":62916},{"type":"tv","tmdb_id":69410},{"type":"tv","tmdb_id":62977},{"type":"tv","tmdb_id":62283},{"type":"tv","tmdb_id":304120},{"type":"tv","tmdb_id":63214},{"type":"tv","tmdb_id":62409},{"type":"tv","tmdb_id":76117},{"type":"tv","tmdb_id":64931},{"type":"tv","tmdb_id":63767},{"type":"tv","tmdb_id":63955},{"type":"tv","tmdb_id":65288},{"type":"tv","tmdb_id":65679},{"type":"tv","tmdb_id":62914},{"type":"tv","tmdb_id":70292},{"type":"tv","tmdb_id":62522},{"type":"tv","tmdb_id":121086},{"type":"tv","tmdb_id":87363},{"type":"tv","tmdb_id":154266},{"type":"tv","tmdb_id":81348},{"type":"tv","tmdb_id":80760},{"type":"tv","tmdb_id":75702},{"type":"tv","tmdb_id":68046},{"type":"tv","tmdb_id":91094},{"type":"tv","tmdb_id":76700},{"type":"tv","tmdb_id":62644},{"type":"tv","tmdb_id":15907},{"type":"tv","tmdb_id":221028},{"type":"tv","tmdb_id":63191},{"type":"tv","tmdb_id":62804},{"type":"tv","tmdb_id":62137},{"type":"tv","tmdb_id":63328},{"type":"tv","tmdb_id":223644},{"type":"tv","tmdb_id":64615},{"type":"tv","tmdb_id":62458},{"type":"tv","tmdb_id":63360},{"type":"tv","tmdb_id":66430},{"type":"tv","tmdb_id":128877},{"type":"tv","tmdb_id":63054},{"type":"tv","tmdb_id":67131},{"type":"tv","tmdb_id":76054},{"type":"tv","tmdb_id":62982},{"type":"tv","tmdb_id":64158},{"type":"tv","tmdb_id":68134},{"type":"tv","tmdb_id":65281},{"type":"tv","tmdb_id":62548},{"type":"tv","tmdb_id":63495},{"type":"tv","tmdb_id":93224},{"type":"tv","tmdb_id":62626},{"type":"tv","tmdb_id":88388},{"type":"tv","tmdb_id":70296},{"type":"tv","tmdb_id":80993},{"type":"tv","tmdb_id":76843},{"type":"tv","tmdb_id":62195},{"type":"tv","tmdb_id":95511},{"type":"tv","tmdb_id":67553},{"type":"tv","tmdb_id":93393},{"type":"tv","tmdb_id":69358},{"type":"tv","tmdb_id":64592},{"type":"tv","tmdb_id":77631},{"type":"tv","tmdb_id":121206},{"type":"tv","tmdb_id":136598},{"type":"tv","tmdb_id":62120},{"type":"tv","tmdb_id":61920},{"type":"tv","tmdb_id":64011},{"type":"tv","tmdb_id":62620},{"type":"tv","tmdb_id":47224},{"type":"tv","tmdb_id":61930},{"type":"tv","tmdb_id":67081},{"type":"tv","tmdb_id":97819},{"type":"tv","tmdb_id":64436},{"type":"tv","tmdb_id":63023},{"type":"tv","tmdb_id":69926},{"type":"tv","tmdb_id":219779},{"type":"tv","tmdb_id":61676},{"type":"tv","tmdb_id":73265},{"type":"tv","tmdb_id":62183},{"type":"tv","tmdb_id":65932},{"type":"tv","tmdb_id":63248},{"type":"tv","tmdb_id":123224},{"type":"tv","tmdb_id":61836},{"type":"tv","tmdb_id":63089},{"type":"tv","tmdb_id":106564},{"type":"tv","tmdb_id":50971},{"type":"tv","tmdb_id":63349},{"type":"tv","tmdb_id":104706},{"type":"tv","tmdb_id":62088},{"type":"tv","tmdb_id":74822},{"type":"tv","tmdb_id":63648},{"type":"tv","tmdb_id":66268},{"type":"tv","tmdb_id":62717},{"type":"tv","tmdb_id":250854},{"type":"tv","tmdb_id":73458},{"type":"tv","tmdb_id":104788},{"type":"tv","tmdb_id":81980},{"type":"tv","tmdb_id":78579},{"type":"tv","tmdb_id":66922},{"type":"tv","tmdb_id":68943},{"type":"tv","tmdb_id":64186},{"type":"tv","tmdb_id":62266},{"type":"tv","tmdb_id":63500},{"type":"tv","tmdb_id":61729},{"type":"tv","tmdb_id":72796},{"type":"tv","tmdb_id":63119},{"type":"tv","tmdb_id":62459},{"type":"tv","tmdb_id":65365},{"type":"tv","tmdb_id":64040},{"type":"tv","tmdb_id":63499},{"type":"tv","tmdb_id":83595},{"type":"tv","tmdb_id":64320},{"type":"tv","tmdb_id":69246},{"type":"tv","tmdb_id":65312},{"type":"tv","tmdb_id":64480},{"type":"tv","tmdb_id":75075},{"type":"tv","tmdb_id":66179},{"type":"tv","tmdb_id":111227},{"type":"tv","tmdb_id":62452},{"type":"tv","tmdb_id":64505},{"type":"tv","tmdb_id":63990},{"type":"tv","tmdb_id":62265},{"type":"tv","tmdb_id":66863},{"type":"tv","tmdb_id":84383},{"type":"tv","tmdb_id":64089},{"type":"tv","tmdb_id":70655},{"type":"tv","tmdb_id":62036},{"type":"tv","tmdb_id":306309},{"type":"tv","tmdb_id":65711},{"type":"tv","tmdb_id":137795},{"type":"tv","tmdb_id":62566},{"type":"tv","tmdb_id":62085},{"type":"tv","tmdb_id":63878},{"type":"tv","tmdb_id":72884},{"type":"tv","tmdb_id":196009},{"type":"tv","tmdb_id":63839},{"type":"tv","tmdb_id":64506},{"type":"tv","tmdb_id":64699},{"type":"tv","tmdb_id":75333},{"type":"tv","tmdb_id":61987},{"type":"tv","tmdb_id":64465},{"type":"tv","tmdb_id":66398},{"type":"tv","tmdb_id":64809},{"type":"tv","tmdb_id":65594},{"type":"tv","tmdb_id":64446},{"type":"tv","tmdb_id":63871},{"type":"tv","tmdb_id":100535},{"type":"tv","tmdb_id":61863},{"type":"tv","tmdb_id":62830},{"type":"tv","tmdb_id":90730},{"type":"tv","tmdb_id":61922},{"type":"tv","tmdb_id":63722},{"type":"tv","tmdb_id":222764},{"type":"tv","tmdb_id":64552},{"type":"tv","tmdb_id":62511},{"type":"tv","tmdb_id":65989},{"type":"tv","tmdb_id":70289},{"type":"tv","tmdb_id":135746},{"type":"tv","tmdb_id":63141},{"type":"tv","tmdb_id":62125},{"type":"tv","tmdb_id":84508},{"type":"tv","tmdb_id":52355},{"type":"tv","tmdb_id":63146},{"type":"tv","tmdb_id":65016},{"type":"tv","tmdb_id":82833},{"type":"tv","tmdb_id":131491},{"type":"tv","tmdb_id":64313},{"type":"tv","tmdb_id":91940},{"type":"tv","tmdb_id":80878},{"type":"tv","tmdb_id":69421},{"type":"tv","tmdb_id":74927},{"type":"tv","tmdb_id":63631},{"type":"tv","tmdb_id":60864},{"type":"tv","tmdb_id":80013},{"type":"tv","tmdb_id":70563},{"type":"tv","tmdb_id":62208},{"type":"tv","tmdb_id":62369},{"type":"tv","tmdb_id":89961},{"type":"tv","tmdb_id":66869},{"type":"tv","tmdb_id":63007},{"type":"tv","tmdb_id":61932},{"type":"tv","tmdb_id":72793},{"type":"tv","tmdb_id":64166},{"type":"tv","tmdb_id":62048},{"type":"tv","tmdb_id":62508},{"type":"tv","tmdb_id":64048},{"type":"tv","tmdb_id":157969},{"type":"tv","tmdb_id":63033},{"type":"tv","tmdb_id":63756},{"type":"tv","tmdb_id":62881},{"type":"tv","tmdb_id":62920},{"type":"tv","tmdb_id":64304},{"type":"tv","tmdb_id":70728},{"type":"tv","tmdb_id":62811},{"type":"tv","tmdb_id":61702},{"type":"tv","tmdb_id":62321},{"type":"tv","tmdb_id":117920},{"type":"tv","tmdb_id":62475},{"type":"tv","tmdb_id":93792},{"type":"tv","tmdb_id":84693},{"type":"tv","tmdb_id":63645},{"type":"tv","tmdb_id":63853},{"type":"tv","tmdb_id":63913},{"type":"tv","tmdb_id":61823},{"type":"tv","tmdb_id":85675},{"type":"tv","tmdb_id":64046},{"type":"tv","tmdb_id":64034},{"type":"tv","tmdb_id":127085},{"type":"tv","tmdb_id":203125},{"type":"tv","tmdb_id":62445},{"type":"tv","tmdb_id":65220},{"type":"tv","tmdb_id":63226},{"type":"tv","tmdb_id":62928},{"type":"tv","tmdb_id":196537},{"type":"tv","tmdb_id":66419},{"type":"tv","tmdb_id":62645},{"type":"tv","tmdb_id":69398},{"type":"tv","tmdb_id":115581},{"type":"tv","tmdb_id":116753},{"type":"tv","tmdb_id":62180},{"type":"tv","tmdb_id":69415},{"type":"tv","tmdb_id":110363},{"type":"tv","tmdb_id":203821},{"type":"tv","tmdb_id":70189},{"type":"tv","tmdb_id":76494},{"type":"tv","tmdb_id":62244},{"type":"tv","tmdb_id":62991},{"type":"tv","tmdb_id":231961},{"type":"tv","tmdb_id":62478},{"type":"tv","tmdb_id":64286},{"type":"tv","tmdb_id":69915},{"type":"tv","tmdb_id":62933},{"type":"tv","tmdb_id":61929},{"type":"tv","tmdb_id":85826},{"type":"tv","tmdb_id":62301},{"type":"tv","tmdb_id":83905},{"type":"tv","tmdb_id":63998},{"type":"tv","tmdb_id":75067},{"type":"tv","tmdb_id":69957},{"type":"tv","tmdb_id":108340},{"type":"tv","tmdb_id":64566},{"type":"tv","tmdb_id":62122},{"type":"tv","tmdb_id":62630},{"type":"tv","tmdb_id":64439},{"type":"tv","tmdb_id":84840},{"type":"tv","tmdb_id":67082},{"type":"tv","tmdb_id":129909},{"type":"tv","tmdb_id":62744},{"type":"tv","tmdb_id":62745},{"type":"tv","tmdb_id":74337},{"type":"tv","tmdb_id":72482},{"type":"tv","tmdb_id":62853},{"type":"tv","tmdb_id":62263},{"type":"tv","tmdb_id":82313},{"type":"tv","tmdb_id":68482},{"type":"tv","tmdb_id":94291},{"type":"tv","tmdb_id":66181},{"type":"tv","tmdb_id":62936},{"type":"tv","tmdb_id":65858},{"type":"tv","tmdb_id":213397},{"type":"tv","tmdb_id":64078},{"type":"tv","tmdb_id":65043},{"type":"tv","tmdb_id":107681},{"type":"tv","tmdb_id":64174},{"type":"tv","tmdb_id":62453},{"type":"tv","tmdb_id":99839},{"type":"tv","tmdb_id":62464},{"type":"tv","tmdb_id":62641},{"type":"tv","tmdb_id":74251},{"type":"tv","tmdb_id":64487},{"type":"tv","tmdb_id":65976},{"type":"tv","tmdb_id":83195},{"type":"tv","tmdb_id":62078},{"type":"tv","tmdb_id":63692},{"type":"tv","tmdb_id":69409},{"type":"tv","tmdb_id":152275},{"type":"tv","tmdb_id":61890},{"type":"tv","tmdb_id":71003},{"type":"tv","tmdb_id":63109},{"type":"tv","tmdb_id":93078},{"type":"tv","tmdb_id":62927},{"type":"tv","tmdb_id":77184},{"type":"tv","tmdb_id":96171},{"type":"tv","tmdb_id":82131},{"type":"tv","tmdb_id":121332},{"type":"tv","tmdb_id":62412},{"type":"tv","tmdb_id":75185},{"type":"tv","tmdb_id":64023},{"type":"tv","tmdb_id":92924},{"type":"tv","tmdb_id":64389},{"type":"tv","tmdb_id":63190},{"type":"tv","tmdb_id":132124},{"type":"tv","tmdb_id":104825},{"type":"tv","tmdb_id":63088},{"type":"tv","tmdb_id":64491},{"type":"tv","tmdb_id":153987},{"type":"tv","tmdb_id":62730},{"type":"tv","tmdb_id":64226},{"type":"tv","tmdb_id":83611},{"type":"tv","tmdb_id":62178},{"type":"tv","tmdb_id":69299},{"type":"tv","tmdb_id":66636},{"type":"tv","tmdb_id":94349}]}