{"ts":1771271035,"year":"2018","mode":"movie","candidates":[{"type":"movie","tmdb_id":299536},{"type":"movie","tmdb_id":575466},{"type":"movie","tmdb_id":324857},{"type":"movie","tmdb_id":284054},{"type":"movie","tmdb_id":335983},{"type":"movie","tmdb_id":333339},{"type":"movie","tmdb_id":346910},{"type":"movie","tmdb_id":454619},{"type":"movie","tmdb_id":383498},{"type":"movie","tmdb_id":351286},{"type":"movie","tmdb_id":260513},{"type":"movie","tmdb_id":402900},{"type":"movie","tmdb_id":297802},{"type":"movie","tmdb_id":337167},{"type":"movie","tmdb_id":447332},{"type":"movie","tmdb_id":353081},{"type":"movie","tmdb_id":419743},{"type":"movie","tmdb_id":300668},{"type":"movie","tmdb_id":345887},{"type":"movie","tmdb_id":490132},{"type":"movie","tmdb_id":345887},{"type":"movie","tmdb_id":424783},{"type":"movie","tmdb_id":260513},{"type":"movie","tmdb_id":348350},{"type":"movie","tmdb_id":363088},{"type":"movie","tmdb_id":499546},{"type":"movie","tmdb_id":345940},{"type":"movie","tmdb_id":439079},{"type":"movie","tmdb_id":427641},{"type":"movie","tmdb_id":480530},{"type":"movie","tmdb_id":404368},{"type":"movie","tmdb_id":336843},{"type":"movie","tmdb_id":338970},{"type":"movie","tmdb_id":400535},{"type":"movie","tmdb_id":268896},{"type":"movie","tmdb_id":428078},{"type":"movie","tmdb_id":454983},{"type":"movie","tmdb_id":384521},{"type":"movie","tmdb_id":449443},{"type":"movie","tmdb_id":530254},{"type":"movie","tmdb_id":455207},{"type":"movie","tmdb_id":445571},{"type":"movie","tmdb_id":405774},{"type":"movie","tmdb_id":399402},{"type":"movie","tmdb_id":395990},{"type":"movie","tmdb_id":500664},{"type":"movie","tmdb_id":375588},{"type":"movie","tmdb_id":454983},{"type":"movie","tmdb_id":332562},{"type":"movie","tmdb_id":420814},{"type":"movie","tmdb_id":466282},{"type":"movie","tmdb_id":476299},{"type":"movie","tmdb_id":438689},{"type":"movie","tmdb_id":399174},{"type":"movie","tmdb_id":401981},{"type":"movie","tmdb_id":463272},{"type":"movie","tmdb_id":446807},{"type":"movie","tmdb_id":369972},{"type":"movie","tmdb_id":463821},{"type":"movie","tmdb_id":459910},{"type":"movie","tmdb_id":420634},{"type":"movie","tmdb_id":400155},{"type":"movie","tmdb_id":629131},{"type":"movie","tmdb_id":459910},{"type":"movie","tmdb_id":536115},{"type":"movie","tmdb_id":487558},{"type":"movie","tmdb_id":407451},{"type":"movie","tmdb_id":483184},{"type":"movie","tmdb_id":447200},{"type":"movie","tmdb_id":537996},{"type":"movie","tmdb_id":424139},{"type":"movie","tmdb_id":425148},{"type":"movie","tmdb_id":508642},{"type":"movie","tmdb_id":438799},{"type":"movie","tmdb_id":508003},{"type":"movie","tmdb_id":446021},{"type":"movie","tmdb_id":499191},{"type":"movie","tmdb_id":401371},{"type":"movie","tmdb_id":416494},{"type":"movie","tmdb_id":399035},{"type":"movie","tmdb_id":446021},{"type":"movie","tmdb_id":399035},{"type":"movie","tmdb_id":529972},{"type":"movie","tmdb_id":407436},{"type":"movie","tmdb_id":458423},{"type":"movie","tmdb_id":447200},{"type":"movie","tmdb_id":438799},{"type":"movie","tmdb_id":401469},{"type":"movie","tmdb_id":513427},{"type":"movie","tmdb_id":491418},{"type":"movie","tmdb_id":484247},{"type":"movie","tmdb_id":451925},{"type":"movie","tmdb_id":338952},{"type":"movie","tmdb_id":460885},{"type":"movie","tmdb_id":449176},{"type":"movie","tmdb_id":447665},{"type":"movie","tmdb_id":550104},{"type":"movie","tmdb_id":444000},{"type":"movie","tmdb_id":507732},{"type":"movie","tmdb_id":458594},{"type":"movie","tmdb_id":447665},{"type":"movie","tmdb_id":507732},{"type":"movie","tmdb_id":489430},{"type":"movie","tmdb_id":536593},{"type":"movie","tmdb_id":489999},{"type":"movie","tmdb_id":444000},{"type":"movie","tmdb_id":458594},{"type":"movie","tmdb_id":526558},{"type":"movie","tmdb_id":562446},{"type":"movie","tmdb_id":518471},{"type":"movie","tmdb_id":399360},{"type":"movie","tmdb_id":493623},{"type":"movie","tmdb_id":550134},{"type":"movie","tmdb_id":417812},{"type":"movie","tmdb_id":361292},{"type":"movie","tmdb_id":417261},{"type":"movie","tmdb_id":426543},{"type":"movie","tmdb_id":514782},{"type":"movie","tmdb_id":454992},{"type":"movie","tmdb_id":554617},{"type":"movie","tmdb_id":468091},{"type":"movie","tmdb_id":426543},{"type":"movie","tmdb_id":507256},{"type":"movie","tmdb_id":442249},{"type":"movie","tmdb_id":454992},{"type":"movie","tmdb_id":398173},{"type":"movie","tmdb_id":340601},{"type":"movie","tmdb_id":513223},{"type":"movie","tmdb_id":466928},{"type":"movie","tmdb_id":564140},{"type":"movie","tmdb_id":361292},{"type":"movie","tmdb_id":496915},{"type":"movie","tmdb_id":543749},{"type":"movie","tmdb_id":515042},{"type":"movie","tmdb_id":467938},{"type":"movie","tmdb_id":347866},{"type":"movie","tmdb_id":474392},{"type":"movie","tmdb_id":429197},{"type":"movie","tmdb_id":417812},{"type":"movie","tmdb_id":458969},{"type":"movie","tmdb_id":467938},{"type":"movie","tmdb_id":504172},{"type":"movie","tmdb_id":429197},{"type":"movie","tmdb_id":500475},{"type":"movie","tmdb_id":588654},{"type":"movie","tmdb_id":560910},{"type":"movie","tmdb_id":468287},{"type":"movie","tmdb_id":498301},{"type":"movie","tmdb_id":1156829},{"type":"movie","tmdb_id":1276385},{"type":"movie","tmdb_id":398173},{"type":"movie","tmdb_id":485166},{"type":"movie","tmdb_id":458969},{"type":"movie","tmdb_id":466928},{"type":"movie","tmdb_id":440471},{"type":"movie","tmdb_id":499191},{"type":"movie","tmdb_id":496915},{"type":"movie","tmdb_id":515916},{"type":"movie","tmdb_id":455980},{"type":"movie","tmdb_id":581931},{"type":"movie","tmdb_id":421658},{"type":"movie","tmdb_id":381237},{"type":"movie","tmdb_id":508152},{"type":"movie","tmdb_id":506763},{"type":"movie","tmdb_id":517146},{"type":"movie","tmdb_id":527435},{"type":"movie","tmdb_id":458302},{"type":"movie","tmdb_id":538528},{"type":"movie","tmdb_id":347030},{"type":"movie","tmdb_id":537946},{"type":"movie","tmdb_id":498214},{"type":"movie","tmdb_id":451915},{"type":"movie","tmdb_id":347866},{"type":"movie","tmdb_id":533048},{"type":"movie","tmdb_id":503346},{"type":"movie","tmdb_id":566683},{"type":"movie","tmdb_id":470893},{"type":"movie","tmdb_id":506558},{"type":"movie","tmdb_id":479198},{"type":"movie","tmdb_id":573102},{"type":"movie","tmdb_id":381237},{"type":"movie","tmdb_id":527435},{"type":"movie","tmdb_id":498301},{"type":"movie","tmdb_id":508152},{"type":"movie","tmdb_id":347030},{"type":"movie","tmdb_id":347375},{"type":"movie","tmdb_id":500475},{"type":"movie","tmdb_id":466532},{"type":"movie","tmdb_id":566565},{"type":"movie","tmdb_id":440471},{"type":"movie","tmdb_id":495193},{"type":"movie","tmdb_id":566683},{"type":"movie","tmdb_id":498214},{"type":"movie","tmdb_id":439015},{"type":"movie","tmdb_id":1276385},{"type":"movie","tmdb_id":548204},{"type":"movie","tmdb_id":457136},{"type":"movie","tmdb_id":538260},{"type":"movie","tmdb_id":371608},{"type":"movie","tmdb_id":510334},{"type":"movie","tmdb_id":515916},{"type":"movie","tmdb_id":525554},{"type":"movie","tmdb_id":554776},{"type":"movie","tmdb_id":540748},{"type":"movie","tmdb_id":557615},{"type":"movie","tmdb_id":458302},{"type":"movie","tmdb_id":485166},{"type":"movie","tmdb_id":424781},{"type":"movie","tmdb_id":506558},{"type":"movie","tmdb_id":505638},{"type":"movie","tmdb_id":546728},{"type":"movie","tmdb_id":1097949},{"type":"movie","tmdb_id":552011},{"type":"movie","tmdb_id":569578},{"type":"movie","tmdb_id":538977},{"type":"movie","tmdb_id":529213},{"type":"movie","tmdb_id":399131},{"type":"movie","tmdb_id":549555},{"type":"movie","tmdb_id":598023},{"type":"movie","tmdb_id":412988},{"type":"movie","tmdb_id":506509},{"type":"movie","tmdb_id":676336},{"type":"movie","tmdb_id":565388},{"type":"movie","tmdb_id":528764},{"type":"movie","tmdb_id":524323},{"type":"movie","tmdb_id":461615},{"type":"movie","tmdb_id":436972},{"type":"movie","tmdb_id":547091},{"type":"movie","tmdb_id":560329},{"type":"movie","tmdb_id":443849},{"type":"movie","tmdb_id":493775},{"type":"movie","tmdb_id":529483},{"type":"movie","tmdb_id":548680},{"type":"movie","tmdb_id":437557},{"type":"movie","tmdb_id":544510},{"type":"movie","tmdb_id":564341},{"type":"movie","tmdb_id":498366},{"type":"movie","tmdb_id":489925},{"type":"movie","tmdb_id":630232},{"type":"movie","tmdb_id":370567},{"type":"movie","tmdb_id":454652},{"type":"movie","tmdb_id":860650},{"type":"movie","tmdb_id":515676},{"type":"movie","tmdb_id":506775},{"type":"movie","tmdb_id":538528},{"type":"movie","tmdb_id":505192},{"type":"movie","tmdb_id":533048},{"type":"movie","tmdb_id":544533},{"type":"movie","tmdb_id":454312},{"type":"movie","tmdb_id":1359070},{"type":"movie","tmdb_id":644865},{"type":"movie","tmdb_id":429415},{"type":"movie","tmdb_id":489928},{"type":"movie","tmdb_id":717325},{"type":"movie","tmdb_id":460100},{"type":"movie","tmdb_id":493488},{"type":"movie","tmdb_id":452981},{"type":"movie","tmdb_id":557646},{"type":"movie","tmdb_id":550506},{"type":"movie","tmdb_id":508361},{"type":"movie","tmdb_id":1189246},{"type":"movie","tmdb_id":554776},{"type":"movie","tmdb_id":437557},{"type":"movie","tmdb_id":788573},{"type":"movie","tmdb_id":889796},{"type":"movie","tmdb_id":436972},{"type":"movie","tmdb_id":713509},{"type":"movie","tmdb_id":507697},{"type":"movie","tmdb_id":485336},{"type":"movie","tmdb_id":1398451},{"type":"movie","tmdb_id":438145},{"type":"movie","tmdb_id":401200},{"type":"movie","tmdb_id":454312},{"type":"movie","tmdb_id":440161},{"type":"movie","tmdb_id":549555},{"type":"movie","tmdb_id":460100},{"type":"movie","tmdb_id":542194},{"type":"movie","tmdb_id":550132},{"type":"movie","tmdb_id":550765},{"type":"movie","tmdb_id":761248},{"type":"movie","tmdb_id":528644},{"type":"movie","tmdb_id":528549},{"type":"movie","tmdb_id":493488},{"type":"movie","tmdb_id":717325},{"type":"movie","tmdb_id":860650},{"type":"movie","tmdb_id":570701},{"type":"movie","tmdb_id":524377},{"type":"movie","tmdb_id":406761},{"type":"movie","tmdb_id":426563},{"type":"movie","tmdb_id":505192},{"type":"movie","tmdb_id":630232},{"type":"movie","tmdb_id":525018},{"type":"movie","tmdb_id":467632},{"type":"movie","tmdb_id":529483},{"type":"movie","tmdb_id":531818},{"type":"movie","tmdb_id":598023},{"type":"movie","tmdb_id":782177},{"type":"movie","tmdb_id":555596},{"type":"movie","tmdb_id":714878},{"type":"movie","tmdb_id":474335},{"type":"movie","tmdb_id":502175},{"type":"movie","tmdb_id":467660},{"type":"movie","tmdb_id":518068},{"type":"movie","tmdb_id":450001},{"type":"movie","tmdb_id":426375},{"type":"movie","tmdb_id":503838},{"type":"movie","tmdb_id":520360},{"type":"movie","tmdb_id":713509},{"type":"movie","tmdb_id":514407},{"type":"movie","tmdb_id":431491},{"type":"movie","tmdb_id":512338},{"type":"movie","tmdb_id":1259448},{"type":"movie","tmdb_id":555596},{"type":"movie","tmdb_id":563665},{"type":"movie","tmdb_id":527216},{"type":"movie","tmdb_id":472615},{"type":"movie","tmdb_id":540468},{"type":"movie","tmdb_id":850992},{"type":"movie","tmdb_id":561396},{"type":"movie","tmdb_id":550001},{"type":"movie","tmdb_id":802495},{"type":"movie","tmdb_id":10148},{"type":"movie","tmdb_id":529362},{"type":"movie","tmdb_id":554294},{"type":"movie","tmdb_id":562258},{"type":"movie","tmdb_id":464862},{"type":"movie","tmdb_id":473015},{"type":"movie","tmdb_id":401478},{"type":"movie","tmdb_id":518636},{"type":"movie","tmdb_id":485336},{"type":"movie","tmdb_id":429300},{"type":"movie","tmdb_id":406761},{"type":"movie","tmdb_id":523534},{"type":"movie","tmdb_id":568479},{"type":"movie","tmdb_id":438145},{"type":"movie","tmdb_id":437586},{"type":"movie","tmdb_id":515264},{"type":"movie","tmdb_id":507654},{"type":"movie","tmdb_id":436373},{"type":"movie","tmdb_id":300681},{"type":"movie","tmdb_id":438808},{"type":"movie","tmdb_id":548257},{"type":"movie","tmdb_id":543478},{"type":"movie","tmdb_id":492344},{"type":"movie","tmdb_id":442062},{"type":"movie","tmdb_id":539504},{"type":"movie","tmdb_id":503165},{"type":"movie","tmdb_id":1189246},{"type":"movie","tmdb_id":628748},{"type":"movie","tmdb_id":474335},{"type":"movie","tmdb_id":462979},{"type":"movie","tmdb_id":495386},{"type":"movie","tmdb_id":590425},{"type":"movie","tmdb_id":686171},{"type":"movie","tmdb_id":714878},{"type":"movie","tmdb_id":524377},{"type":"movie","tmdb_id":569093},{"type":"movie","tmdb_id":370187},{"type":"movie","tmdb_id":570701},{"type":"movie","tmdb_id":500259},{"type":"movie","tmdb_id":600165},{"type":"movie","tmdb_id":588338},{"type":"movie","tmdb_id":454227},{"type":"movie","tmdb_id":525213},{"type":"movie","tmdb_id":606569},{"type":"movie","tmdb_id":515776},{"type":"movie","tmdb_id":547998},{"type":"movie","tmdb_id":643216},{"type":"movie","tmdb_id":494974},{"type":"movie","tmdb_id":417688},{"type":"movie","tmdb_id":472744},{"type":"movie","tmdb_id":489166},{"type":"movie","tmdb_id":545394},{"type":"movie","tmdb_id":635198},{"type":"movie","tmdb_id":624442},{"type":"movie","tmdb_id":468048},{"type":"movie","tmdb_id":1073385},{"type":"movie","tmdb_id":528644},{"type":"movie","tmdb_id":526874},{"type":"movie","tmdb_id":1140200},{"type":"movie","tmdb_id":518092},{"type":"movie","tmdb_id":487741},{"type":"movie","tmdb_id":515192},{"type":"movie","tmdb_id":491584},{"type":"movie","tmdb_id":541570},{"type":"movie","tmdb_id":931435},{"type":"movie","tmdb_id":569323},{"type":"movie","tmdb_id":499726},{"type":"movie","tmdb_id":541580},{"type":"movie","tmdb_id":532657},{"type":"movie","tmdb_id":534125},{"type":"movie","tmdb_id":455839},{"type":"movie","tmdb_id":540155},{"type":"movie","tmdb_id":761248},{"type":"movie","tmdb_id":469916},{"type":"movie","tmdb_id":523926},{"type":"movie","tmdb_id":470044},{"type":"movie","tmdb_id":556457},{"type":"movie","tmdb_id":401561},{"type":"movie","tmdb_id":518290},{"type":"movie","tmdb_id":575175},{"type":"movie","tmdb_id":955966},{"type":"movie","tmdb_id":516671},{"type":"movie","tmdb_id":500839},{"type":"movie","tmdb_id":517814},{"type":"movie","tmdb_id":731586},{"type":"movie","tmdb_id":498248},{"type":"movie","tmdb_id":1145862},{"type":"movie","tmdb_id":575365},{"type":"movie","tmdb_id":515485},{"type":"movie","tmdb_id":569547},{"type":"movie","tmdb_id":480465},{"type":"movie","tmdb_id":385332},{"type":"movie","tmdb_id":561291},{"type":"movie","tmdb_id":567604},{"type":"movie","tmdb_id":434555},{"type":"movie","tmdb_id":780932},{"type":"movie","tmdb_id":504253},{"type":"movie","tmdb_id":668306},{"type":"movie","tmdb_id":1112803},{"type":"movie","tmdb_id":513691},{"type":"movie","tmdb_id":518168},{"type":"movie","tmdb_id":396806},{"type":"movie","tmdb_id":503616},{"type":"movie","tmdb_id":525213},{"type":"movie","tmdb_id":588338},{"type":"movie","tmdb_id":385332},{"type":"movie","tmdb_id":472744},{"type":"movie","tmdb_id":707011},{"type":"movie","tmdb_id":340022},{"type":"movie","tmdb_id":492344},{"type":"movie","tmdb_id":543830},{"type":"movie","tmdb_id":523536},{"type":"movie","tmdb_id":619481},{"type":"movie","tmdb_id":726960},{"type":"movie","tmdb_id":575365},{"type":"movie","tmdb_id":543028},{"type":"movie","tmdb_id":517814},{"type":"movie","tmdb_id":506931},{"type":"movie","tmdb_id":426426},{"type":"movie","tmdb_id":657892},{"type":"movie","tmdb_id":545907},{"type":"movie","tmdb_id":618405},{"type":"movie","tmdb_id":583274},{"type":"movie","tmdb_id":529573},{"type":"movie","tmdb_id":523536},{"type":"movie","tmdb_id":582061},{"type":"movie","tmdb_id":609354},{"type":"movie","tmdb_id":426563},{"type":"movie","tmdb_id":484829},{"type":"movie","tmdb_id":573544},{"type":"movie","tmdb_id":401905},{"type":"movie","tmdb_id":726960},{"type":"movie","tmdb_id":537723},{"type":"movie","tmdb_id":620920},{"type":"movie","tmdb_id":539441},{"type":"movie","tmdb_id":530761},{"type":"movie","tmdb_id":597897},{"type":"movie","tmdb_id":962610},{"type":"movie","tmdb_id":765640},{"type":"movie","tmdb_id":653208},{"type":"movie","tmdb_id":977378},{"type":"movie","tmdb_id":425505},{"type":"movie","tmdb_id":466565},{"type":"movie","tmdb_id":543830},{"type":"movie","tmdb_id":503902},{"type":"movie","tmdb_id":476367},{"type":"movie","tmdb_id":1556324},{"type":"movie","tmdb_id":559042},{"type":"movie","tmdb_id":566742},{"type":"movie","tmdb_id":549325},{"type":"movie","tmdb_id":680310},{"type":"movie","tmdb_id":581431},{"type":"movie","tmdb_id":492336},{"type":"movie","tmdb_id":515333},{"type":"movie","tmdb_id":499571},{"type":"movie","tmdb_id":515597},{"type":"movie","tmdb_id":700199},{"type":"movie","tmdb_id":518164},{"type":"movie","tmdb_id":850269},{"type":"movie","tmdb_id":470878},{"type":"movie","tmdb_id":568341},{"type":"movie","tmdb_id":501599},{"type":"movie","tmdb_id":551691},{"type":"movie","tmdb_id":707011},{"type":"movie","tmdb_id":519193},{"type":"movie","tmdb_id":1164131},{"type":"movie","tmdb_id":511807},{"type":"movie","tmdb_id":549434},{"type":"movie","tmdb_id":622254},{"type":"movie","tmdb_id":710875},{"type":"movie","tmdb_id":579696},{"type":"movie","tmdb_id":507476},{"type":"movie","tmdb_id":483787},{"type":"movie","tmdb_id":513657},{"type":"movie","tmdb_id":516570},{"type":"movie","tmdb_id":506931},{"type":"movie","tmdb_id":525864},{"type":"movie","tmdb_id":510770},{"type":"movie","tmdb_id":515325},{"type":"movie","tmdb_id":767262},{"type":"movie","tmdb_id":569936},{"type":"movie","tmdb_id":567896},{"type":"movie","tmdb_id":1145862},{"type":"movie","tmdb_id":1107436},{"type":"movie","tmdb_id":470878},{"type":"movie","tmdb_id":505058},{"type":"movie","tmdb_id":570556},{"type":"movie","tmdb_id":385360},{"type":"movie","tmdb_id":680310},{"type":"movie","tmdb_id":423612},{"type":"movie","tmdb_id":499543},{"type":"movie","tmdb_id":678497},{"type":"movie","tmdb_id":723281},{"type":"movie","tmdb_id":877049},{"type":"movie","tmdb_id":457115},{"type":"movie","tmdb_id":523333},{"type":"movie","tmdb_id":620920},{"type":"movie","tmdb_id":759165},{"type":"movie","tmdb_id":549039},{"type":"movie","tmdb_id":996129},{"type":"movie","tmdb_id":1200814},{"type":"movie","tmdb_id":645256},{"type":"movie","tmdb_id":507143},{"type":"movie","tmdb_id":608575},{"type":"movie","tmdb_id":550776},{"type":"movie","tmdb_id":585191},{"type":"movie","tmdb_id":470211},{"type":"movie","tmdb_id":884592},{"type":"movie","tmdb_id":396806},{"type":"movie","tmdb_id":877049},{"type":"movie","tmdb_id":503616},{"type":"movie","tmdb_id":414030},{"type":"movie","tmdb_id":550244},{"type":"movie","tmdb_id":1444822},{"type":"movie","tmdb_id":517972},{"type":"movie","tmdb_id":619481},{"type":"movie","tmdb_id":505511},{"type":"movie","tmdb_id":506406},{"type":"movie","tmdb_id":511642},{"type":"movie","tmdb_id":467956},{"type":"movie","tmdb_id":583886},{"type":"movie","tmdb_id":554911},{"type":"movie","tmdb_id":565385},{"type":"movie","tmdb_id":767262},{"type":"movie","tmdb_id":475210},{"type":"movie","tmdb_id":457103},{"type":"movie","tmdb_id":426426},{"type":"movie","tmdb_id":506640},{"type":"movie","tmdb_id":1068800},{"type":"movie","tmdb_id":586652},{"type":"movie","tmdb_id":401200},{"type":"movie","tmdb_id":855500},{"type":"movie","tmdb_id":496283},{"type":"movie","tmdb_id":556621},{"type":"movie","tmdb_id":1150459},{"type":"movie","tmdb_id":549765},{"type":"movie","tmdb_id":422540},{"type":"movie","tmdb_id":460549},{"type":"movie","tmdb_id":454494},{"type":"movie","tmdb_id":387809},{"type":"movie","tmdb_id":604118},{"type":"movie","tmdb_id":505058},{"type":"movie","tmdb_id":459928},{"type":"movie","tmdb_id":841813},{"type":"movie","tmdb_id":592660},{"type":"movie","tmdb_id":484747},{"type":"movie","tmdb_id":556770},{"type":"movie","tmdb_id":560420},{"type":"movie","tmdb_id":640444},{"type":"movie","tmdb_id":723281},{"type":"movie","tmdb_id":575597},{"type":"movie","tmdb_id":1295603},{"type":"movie","tmdb_id":365956},{"type":"movie","tmdb_id":716229},{"type":"movie","tmdb_id":523576},{"type":"movie","tmdb_id":550629},{"type":"movie","tmdb_id":567008},{"type":"movie","tmdb_id":432301},{"type":"movie","tmdb_id":429417},{"type":"movie","tmdb_id":551235},{"type":"movie","tmdb_id":578721},{"type":"movie","tmdb_id":1200529},{"type":"movie","tmdb_id":714341},{"type":"movie","tmdb_id":575490},{"type":"movie","tmdb_id":532814},{"type":"movie","tmdb_id":678497},{"type":"movie","tmdb_id":518469},{"type":"movie","tmdb_id":476292},{"type":"movie","tmdb_id":492470},{"type":"movie","tmdb_id":550833},{"type":"movie","tmdb_id":577974},{"type":"movie","tmdb_id":457115},{"type":"movie","tmdb_id":779158},{"type":"movie","tmdb_id":743091},{"type":"movie","tmdb_id":543028},{"type":"movie","tmdb_id":513862},{"type":"movie","tmdb_id":523333},{"type":"movie","tmdb_id":522319},{"type":"movie","tmdb_id":827494}]}