{"ts":1771271099,"year":"2019","mode":"movie","candidates":[{"type":"movie","tmdb_id":299534},{"type":"movie","tmdb_id":466272},{"type":"movie","tmdb_id":475557},{"type":"movie","tmdb_id":643236},{"type":"movie","tmdb_id":429617},{"type":"movie","tmdb_id":496243},{"type":"movie","tmdb_id":546554},{"type":"movie","tmdb_id":420818},{"type":"movie","tmdb_id":458156},{"type":"movie","tmdb_id":181812},{"type":"movie","tmdb_id":299537},{"type":"movie","tmdb_id":320288},{"type":"movie","tmdb_id":384018},{"type":"movie","tmdb_id":519465},{"type":"movie","tmdb_id":330457},{"type":"movie","tmdb_id":301528},{"type":"movie","tmdb_id":615453},{"type":"movie","tmdb_id":474350},{"type":"movie","tmdb_id":537915},{"type":"movie","tmdb_id":290859},{"type":"movie","tmdb_id":522938},{"type":"movie","tmdb_id":398978},{"type":"movie","tmdb_id":530385},{"type":"movie","tmdb_id":287947},{"type":"movie","tmdb_id":399579},{"type":"movie","tmdb_id":373571},{"type":"movie","tmdb_id":359724},{"type":"movie","tmdb_id":637920},{"type":"movie","tmdb_id":450465},{"type":"movie","tmdb_id":420817},{"type":"movie","tmdb_id":420809},{"type":"movie","tmdb_id":166428},{"type":"movie","tmdb_id":484641},{"type":"movie","tmdb_id":458897},{"type":"movie","tmdb_id":331482},{"type":"movie","tmdb_id":512200},{"type":"movie","tmdb_id":483906},{"type":"movie","tmdb_id":559969},{"type":"movie","tmdb_id":567609},{"type":"movie","tmdb_id":479455},{"type":"movie","tmdb_id":447404},{"type":"movie","tmdb_id":581528},{"type":"movie","tmdb_id":423204},{"type":"movie","tmdb_id":530915},{"type":"movie","tmdb_id":515001},{"type":"movie","tmdb_id":500916},{"type":"movie","tmdb_id":540901},{"type":"movie","tmdb_id":412117},{"type":"movie","tmdb_id":492188},{"type":"movie","tmdb_id":534490},{"type":"movie","tmdb_id":473033},{"type":"movie","tmdb_id":454640},{"type":"movie","tmdb_id":458723},{"type":"movie","tmdb_id":570480},{"type":"movie","tmdb_id":571055},{"type":"movie","tmdb_id":501170},{"type":"movie","tmdb_id":638507},{"type":"movie","tmdb_id":280217},{"type":"movie","tmdb_id":503919},{"type":"movie","tmdb_id":438650},{"type":"movie","tmdb_id":431693},{"type":"movie","tmdb_id":634524},{"type":"movie","tmdb_id":471506},{"type":"movie","tmdb_id":515195},{"type":"movie","tmdb_id":522162},{"type":"movie","tmdb_id":508965},{"type":"movie","tmdb_id":649401},{"type":"movie","tmdb_id":533642},{"type":"movie","tmdb_id":522681},{"type":"movie","tmdb_id":582570},{"type":"movie","tmdb_id":625976},{"type":"movie","tmdb_id":509967},{"type":"movie","tmdb_id":567410},{"type":"movie","tmdb_id":456740},{"type":"movie","tmdb_id":441282},{"type":"movie","tmdb_id":531309},{"type":"movie","tmdb_id":487616},{"type":"movie","tmdb_id":338967},{"type":"movie","tmdb_id":531509},{"type":"movie","tmdb_id":504608},{"type":"movie","tmdb_id":463843},{"type":"movie","tmdb_id":511987},{"type":"movie","tmdb_id":339395},{"type":"movie","tmdb_id":473019},{"type":"movie","tmdb_id":506574},{"type":"movie","tmdb_id":373226},{"type":"movie","tmdb_id":616558},{"type":"movie","tmdb_id":453405},{"type":"movie","tmdb_id":524251},{"type":"movie","tmdb_id":582666},{"type":"movie","tmdb_id":500904},{"type":"movie","tmdb_id":568160},{"type":"movie","tmdb_id":329996},{"type":"movie","tmdb_id":698438},{"type":"movie","tmdb_id":619264},{"type":"movie","tmdb_id":431580},{"type":"movie","tmdb_id":527641},{"type":"movie","tmdb_id":530743},{"type":"movie","tmdb_id":625450},{"type":"movie","tmdb_id":535736},{"type":"movie","tmdb_id":527641},{"type":"movie","tmdb_id":545742},{"type":"movie","tmdb_id":625450},{"type":"movie","tmdb_id":520679},{"type":"movie","tmdb_id":500904},{"type":"movie","tmdb_id":586863},{"type":"movie","tmdb_id":525661},{"type":"movie","tmdb_id":491283},{"type":"movie","tmdb_id":515248},{"type":"movie","tmdb_id":527261},{"type":"movie","tmdb_id":572647},{"type":"movie","tmdb_id":481084},{"type":"movie","tmdb_id":480434},{"type":"movie","tmdb_id":291867},{"type":"movie","tmdb_id":504608},{"type":"movie","tmdb_id":647398},{"type":"movie","tmdb_id":501902},{"type":"movie","tmdb_id":607426},{"type":"movie","tmdb_id":480414},{"type":"movie","tmdb_id":592798},{"type":"movie","tmdb_id":529983},{"type":"movie","tmdb_id":515248},{"type":"movie","tmdb_id":419704},{"type":"movie","tmdb_id":573650},{"type":"movie","tmdb_id":565307},{"type":"movie","tmdb_id":437626},{"type":"movie","tmdb_id":521029},{"type":"movie","tmdb_id":580944},{"type":"movie","tmdb_id":512196},{"type":"movie","tmdb_id":501902},{"type":"movie","tmdb_id":514999},{"type":"movie","tmdb_id":572647},{"type":"movie","tmdb_id":658997},{"type":"movie","tmdb_id":623419},{"type":"movie","tmdb_id":576720},{"type":"movie","tmdb_id":499701},{"type":"movie","tmdb_id":568461},{"type":"movie","tmdb_id":520198},{"type":"movie","tmdb_id":653863},{"type":"movie","tmdb_id":607426},{"type":"movie","tmdb_id":399361},{"type":"movie","tmdb_id":662935},{"type":"movie","tmdb_id":524659},{"type":"movie","tmdb_id":563943},{"type":"movie","tmdb_id":436053},{"type":"movie","tmdb_id":611605},{"type":"movie","tmdb_id":545742},{"type":"movie","tmdb_id":571413},{"type":"movie","tmdb_id":630913},{"type":"movie","tmdb_id":457799},{"type":"movie","tmdb_id":454294},{"type":"movie","tmdb_id":536396},{"type":"movie","tmdb_id":642586},{"type":"movie","tmdb_id":527261},{"type":"movie","tmdb_id":607383},{"type":"movie","tmdb_id":629819},{"type":"movie","tmdb_id":608826},{"type":"movie","tmdb_id":750591},{"type":"movie","tmdb_id":606154},{"type":"movie","tmdb_id":580914},{"type":"movie","tmdb_id":535180},{"type":"movie","tmdb_id":525661},{"type":"movie","tmdb_id":566236},{"type":"movie","tmdb_id":559401},{"type":"movie","tmdb_id":543693},{"type":"movie","tmdb_id":610203},{"type":"movie","tmdb_id":643024},{"type":"movie","tmdb_id":628707},{"type":"movie","tmdb_id":655587},{"type":"movie","tmdb_id":535167},{"type":"movie","tmdb_id":1053460},{"type":"movie","tmdb_id":619441},{"type":"movie","tmdb_id":622341},{"type":"movie","tmdb_id":631404},{"type":"movie","tmdb_id":575923},{"type":"movie","tmdb_id":549435},{"type":"movie","tmdb_id":761986},{"type":"movie","tmdb_id":634336},{"type":"movie","tmdb_id":525183},{"type":"movie","tmdb_id":657597},{"type":"movie","tmdb_id":610203},{"type":"movie","tmdb_id":563943},{"type":"movie","tmdb_id":621746},{"type":"movie","tmdb_id":1053460},{"type":"movie","tmdb_id":750591},{"type":"movie","tmdb_id":544334},{"type":"movie","tmdb_id":366668},{"type":"movie","tmdb_id":514921},{"type":"movie","tmdb_id":504949},{"type":"movie","tmdb_id":628707},{"type":"movie","tmdb_id":568091},{"type":"movie","tmdb_id":506554},{"type":"movie","tmdb_id":655587},{"type":"movie","tmdb_id":527776},{"type":"movie","tmdb_id":438674},{"type":"movie","tmdb_id":582494},{"type":"movie","tmdb_id":586460},{"type":"movie","tmdb_id":552178},{"type":"movie","tmdb_id":797793},{"type":"movie","tmdb_id":543693},{"type":"movie","tmdb_id":621746},{"type":"movie","tmdb_id":784092},{"type":"movie","tmdb_id":616336},{"type":"movie","tmdb_id":605478},{"type":"movie","tmdb_id":522518},{"type":"movie","tmdb_id":369196},{"type":"movie","tmdb_id":582759},{"type":"movie","tmdb_id":608613},{"type":"movie","tmdb_id":549053},{"type":"movie","tmdb_id":635361},{"type":"movie","tmdb_id":620249},{"type":"movie","tmdb_id":626958},{"type":"movie","tmdb_id":471859},{"type":"movie","tmdb_id":583337},{"type":"movie","tmdb_id":584172},{"type":"movie","tmdb_id":463257},{"type":"movie","tmdb_id":463684},{"type":"movie","tmdb_id":565377},{"type":"movie","tmdb_id":514439},{"type":"movie","tmdb_id":528612},{"type":"movie","tmdb_id":604596},{"type":"movie","tmdb_id":547258},{"type":"movie","tmdb_id":640067},{"type":"movie","tmdb_id":508763},{"type":"movie","tmdb_id":535292},{"type":"movie","tmdb_id":607447},{"type":"movie","tmdb_id":518245},{"type":"movie","tmdb_id":605375},{"type":"movie","tmdb_id":510355},{"type":"movie","tmdb_id":501907},{"type":"movie","tmdb_id":614488},{"type":"movie","tmdb_id":729792},{"type":"movie","tmdb_id":366668},{"type":"movie","tmdb_id":533444},{"type":"movie","tmdb_id":648627},{"type":"movie","tmdb_id":820232},{"type":"movie","tmdb_id":524348},{"type":"movie","tmdb_id":576069},{"type":"movie","tmdb_id":434072},{"type":"movie","tmdb_id":631148},{"type":"movie","tmdb_id":597615},{"type":"movie","tmdb_id":592350},{"type":"movie","tmdb_id":508138},{"type":"movie","tmdb_id":589978},{"type":"movie","tmdb_id":769544},{"type":"movie","tmdb_id":535581},{"type":"movie","tmdb_id":523172},{"type":"movie","tmdb_id":428045},{"type":"movie","tmdb_id":482568},{"type":"movie","tmdb_id":582494},{"type":"movie","tmdb_id":925691},{"type":"movie","tmdb_id":903327},{"type":"movie","tmdb_id":575094},{"type":"movie","tmdb_id":528985},{"type":"movie","tmdb_id":543865},{"type":"movie","tmdb_id":656968},{"type":"movie","tmdb_id":622845},{"type":"movie","tmdb_id":583269},{"type":"movie","tmdb_id":1114750},{"type":"movie","tmdb_id":586460},{"type":"movie","tmdb_id":606278},{"type":"movie","tmdb_id":611914},{"type":"movie","tmdb_id":605048},{"type":"movie","tmdb_id":560365},{"type":"movie","tmdb_id":637619},{"type":"movie","tmdb_id":537919},{"type":"movie","tmdb_id":1317302},{"type":"movie","tmdb_id":635289},{"type":"movie","tmdb_id":466081},{"type":"movie","tmdb_id":736076},{"type":"movie","tmdb_id":506876},{"type":"movie","tmdb_id":522212},{"type":"movie","tmdb_id":449563},{"type":"movie","tmdb_id":638134},{"type":"movie","tmdb_id":612895},{"type":"movie","tmdb_id":663268},{"type":"movie","tmdb_id":624794},{"type":"movie","tmdb_id":570186},{"type":"movie","tmdb_id":575769},{"type":"movie","tmdb_id":601099},{"type":"movie","tmdb_id":673754},{"type":"movie","tmdb_id":643747},{"type":"movie","tmdb_id":695893},{"type":"movie","tmdb_id":617249},{"type":"movie","tmdb_id":292011},{"type":"movie","tmdb_id":1050128},{"type":"movie","tmdb_id":595890},{"type":"movie","tmdb_id":521777},{"type":"movie","tmdb_id":596873},{"type":"movie","tmdb_id":538715},{"type":"movie","tmdb_id":615456},{"type":"movie","tmdb_id":599975},{"type":"movie","tmdb_id":517909},{"type":"movie","tmdb_id":522924},{"type":"movie","tmdb_id":1108771},{"type":"movie","tmdb_id":609790},{"type":"movie","tmdb_id":789354},{"type":"movie","tmdb_id":477072},{"type":"movie","tmdb_id":554579},{"type":"movie","tmdb_id":440918},{"type":"movie","tmdb_id":589861},{"type":"movie","tmdb_id":505948},{"type":"movie","tmdb_id":590435},{"type":"movie","tmdb_id":622325},{"type":"movie","tmdb_id":445629},{"type":"movie","tmdb_id":512895},{"type":"movie","tmdb_id":586441},{"type":"movie","tmdb_id":621400},{"type":"movie","tmdb_id":748090},{"type":"movie","tmdb_id":616584},{"type":"movie","tmdb_id":566420},{"type":"movie","tmdb_id":830838},{"type":"movie","tmdb_id":1107034},{"type":"movie","tmdb_id":752553},{"type":"movie","tmdb_id":637094},{"type":"movie","tmdb_id":628446},{"type":"movie","tmdb_id":844390},{"type":"movie","tmdb_id":575563},{"type":"movie","tmdb_id":1435585},{"type":"movie","tmdb_id":649423},{"type":"movie","tmdb_id":696483},{"type":"movie","tmdb_id":621681},{"type":"movie","tmdb_id":604605},{"type":"movie","tmdb_id":500682},{"type":"movie","tmdb_id":526191},{"type":"movie","tmdb_id":779565},{"type":"movie","tmdb_id":609857},{"type":"movie","tmdb_id":618420},{"type":"movie","tmdb_id":683565},{"type":"movie","tmdb_id":582913},{"type":"movie","tmdb_id":513083},{"type":"movie","tmdb_id":486589},{"type":"movie","tmdb_id":1266872},{"type":"movie","tmdb_id":975112},{"type":"movie","tmdb_id":600751},{"type":"movie","tmdb_id":615690},{"type":"movie","tmdb_id":662423},{"type":"movie","tmdb_id":461130},{"type":"movie","tmdb_id":1423258},{"type":"movie","tmdb_id":554600},{"type":"movie","tmdb_id":550273},{"type":"movie","tmdb_id":585308},{"type":"movie","tmdb_id":530723},{"type":"movie","tmdb_id":421473},{"type":"movie","tmdb_id":717276},{"type":"movie","tmdb_id":537055},{"type":"movie","tmdb_id":617917},{"type":"movie","tmdb_id":477018},{"type":"movie","tmdb_id":1403841},{"type":"movie","tmdb_id":623953},{"type":"movie","tmdb_id":872356},{"type":"movie","tmdb_id":643284},{"type":"movie","tmdb_id":547747},{"type":"movie","tmdb_id":643524},{"type":"movie","tmdb_id":440472},{"type":"movie","tmdb_id":650147},{"type":"movie","tmdb_id":486131},{"type":"movie","tmdb_id":592348},{"type":"movie","tmdb_id":632076},{"type":"movie","tmdb_id":731842},{"type":"movie","tmdb_id":672353},{"type":"movie","tmdb_id":535544},{"type":"movie","tmdb_id":772335},{"type":"movie","tmdb_id":1268449},{"type":"movie","tmdb_id":1095008},{"type":"movie","tmdb_id":416153},{"type":"movie","tmdb_id":519153},{"type":"movie","tmdb_id":1238208},{"type":"movie","tmdb_id":542968},{"type":"movie","tmdb_id":897480},{"type":"movie","tmdb_id":537061},{"type":"movie","tmdb_id":649078},{"type":"movie","tmdb_id":515818},{"type":"movie","tmdb_id":757224},{"type":"movie","tmdb_id":634639},{"type":"movie","tmdb_id":576707},{"type":"movie","tmdb_id":517764},{"type":"movie","tmdb_id":646315},{"type":"movie","tmdb_id":668491},{"type":"movie","tmdb_id":625926},{"type":"movie","tmdb_id":627064},{"type":"movie","tmdb_id":668491},{"type":"movie","tmdb_id":615690},{"type":"movie","tmdb_id":897480},{"type":"movie","tmdb_id":599975},{"type":"movie","tmdb_id":400157},{"type":"movie","tmdb_id":686352},{"type":"movie","tmdb_id":554600},{"type":"movie","tmdb_id":513045},{"type":"movie","tmdb_id":789354},{"type":"movie","tmdb_id":899882},{"type":"movie","tmdb_id":529697},{"type":"movie","tmdb_id":605048},{"type":"movie","tmdb_id":538225},{"type":"movie","tmdb_id":903886},{"type":"movie","tmdb_id":578189},{"type":"movie","tmdb_id":535544},{"type":"movie","tmdb_id":539892},{"type":"movie","tmdb_id":416153},{"type":"movie","tmdb_id":695893},{"type":"movie","tmdb_id":654321},{"type":"movie","tmdb_id":643437},{"type":"movie","tmdb_id":600510},{"type":"movie","tmdb_id":629413},{"type":"movie","tmdb_id":641707},{"type":"movie","tmdb_id":619304},{"type":"movie","tmdb_id":758736},{"type":"movie","tmdb_id":639462},{"type":"movie","tmdb_id":449562},{"type":"movie","tmdb_id":472674},{"type":"movie","tmdb_id":634032},{"type":"movie","tmdb_id":587727},{"type":"movie","tmdb_id":664474},{"type":"movie","tmdb_id":529697},{"type":"movie","tmdb_id":716482},{"type":"movie","tmdb_id":513045},{"type":"movie","tmdb_id":631877},{"type":"movie","tmdb_id":417466},{"type":"movie","tmdb_id":657955},{"type":"movie","tmdb_id":1175002},{"type":"movie","tmdb_id":1033974},{"type":"movie","tmdb_id":686352},{"type":"movie","tmdb_id":627064},{"type":"movie","tmdb_id":807856},{"type":"movie","tmdb_id":336007},{"type":"movie","tmdb_id":646494},{"type":"movie","tmdb_id":565276},{"type":"movie","tmdb_id":1057167},{"type":"movie","tmdb_id":621758},{"type":"movie","tmdb_id":587284},{"type":"movie","tmdb_id":578189},{"type":"movie","tmdb_id":787830},{"type":"movie","tmdb_id":626323},{"type":"movie","tmdb_id":530382},{"type":"movie","tmdb_id":1359238},{"type":"movie","tmdb_id":752144},{"type":"movie","tmdb_id":532671},{"type":"movie","tmdb_id":571033},{"type":"movie","tmdb_id":892432},{"type":"movie","tmdb_id":502416},{"type":"movie","tmdb_id":647246},{"type":"movie","tmdb_id":934962},{"type":"movie","tmdb_id":606227},{"type":"movie","tmdb_id":1070308},{"type":"movie","tmdb_id":622968},{"type":"movie","tmdb_id":505600},{"type":"movie","tmdb_id":735636},{"type":"movie","tmdb_id":619701},{"type":"movie","tmdb_id":654971},{"type":"movie","tmdb_id":575299},{"type":"movie","tmdb_id":669632},{"type":"movie","tmdb_id":859011},{"type":"movie","tmdb_id":581387},{"type":"movie","tmdb_id":585470},{"type":"movie","tmdb_id":628844},{"type":"movie","tmdb_id":449924},{"type":"movie","tmdb_id":859882},{"type":"movie","tmdb_id":620014},{"type":"movie","tmdb_id":571650},{"type":"movie","tmdb_id":903886},{"type":"movie","tmdb_id":770118},{"type":"movie","tmdb_id":1184517},{"type":"movie","tmdb_id":770523},{"type":"movie","tmdb_id":614246},{"type":"movie","tmdb_id":646020},{"type":"movie","tmdb_id":619900},{"type":"movie","tmdb_id":489243},{"type":"movie","tmdb_id":612592},{"type":"movie","tmdb_id":1493626},{"type":"movie","tmdb_id":595421},{"type":"movie","tmdb_id":660033},{"type":"movie","tmdb_id":680173},{"type":"movie","tmdb_id":570426},{"type":"movie","tmdb_id":693399},{"type":"movie","tmdb_id":574692},{"type":"movie","tmdb_id":628776},{"type":"movie","tmdb_id":608398},{"type":"movie","tmdb_id":622478},{"type":"movie","tmdb_id":568998},{"type":"movie","tmdb_id":1201775},{"type":"movie","tmdb_id":639098},{"type":"movie","tmdb_id":637805},{"type":"movie","tmdb_id":422803},{"type":"movie","tmdb_id":659390},{"type":"movie","tmdb_id":508802},{"type":"movie","tmdb_id":618221},{"type":"movie","tmdb_id":554596},{"type":"movie","tmdb_id":666603},{"type":"movie","tmdb_id":719889},{"type":"movie","tmdb_id":635687},{"type":"movie","tmdb_id":566675},{"type":"movie","tmdb_id":487297},{"type":"movie","tmdb_id":608860},{"type":"movie","tmdb_id":639538},{"type":"movie","tmdb_id":662525},{"type":"movie","tmdb_id":764339},{"type":"movie","tmdb_id":698631},{"type":"movie","tmdb_id":669357},{"type":"movie","tmdb_id":513236},{"type":"movie","tmdb_id":637560},{"type":"movie","tmdb_id":630018},{"type":"movie","tmdb_id":502173},{"type":"movie","tmdb_id":608398},{"type":"movie","tmdb_id":633430},{"type":"movie","tmdb_id":561635},{"type":"movie","tmdb_id":557648},{"type":"movie","tmdb_id":680173},{"type":"movie","tmdb_id":614564},{"type":"movie","tmdb_id":664474},{"type":"movie","tmdb_id":701554},{"type":"movie","tmdb_id":635881},{"type":"movie","tmdb_id":506528},{"type":"movie","tmdb_id":1359238},{"type":"movie","tmdb_id":1070308},{"type":"movie","tmdb_id":640320},{"type":"movie","tmdb_id":662053},{"type":"movie","tmdb_id":724496},{"type":"movie","tmdb_id":537056},{"type":"movie","tmdb_id":647246},{"type":"movie","tmdb_id":635687},{"type":"movie","tmdb_id":892432},{"type":"movie","tmdb_id":600510},{"type":"movie","tmdb_id":669357},{"type":"movie","tmdb_id":537854},{"type":"movie","tmdb_id":513236},{"type":"movie","tmdb_id":460321},{"type":"movie","tmdb_id":612621},{"type":"movie","tmdb_id":506403},{"type":"movie","tmdb_id":416144},{"type":"movie","tmdb_id":639098},{"type":"movie","tmdb_id":624361},{"type":"movie","tmdb_id":622939},{"type":"movie","tmdb_id":532671},{"type":"movie","tmdb_id":619687},{"type":"movie","tmdb_id":770118},{"type":"movie","tmdb_id":650147},{"type":"movie","tmdb_id":770523},{"type":"movie","tmdb_id":569891},{"type":"movie","tmdb_id":433249},{"type":"movie","tmdb_id":661995},{"type":"movie","tmdb_id":681631},{"type":"movie","tmdb_id":560527},{"type":"movie","tmdb_id":487297},{"type":"movie","tmdb_id":628776},{"type":"movie","tmdb_id":639009},{"type":"movie","tmdb_id":577022},{"type":"movie","tmdb_id":618522},{"type":"movie","tmdb_id":528888},{"type":"movie","tmdb_id":963142},{"type":"movie","tmdb_id":947820},{"type":"movie","tmdb_id":579957},{"type":"movie","tmdb_id":554311},{"type":"movie","tmdb_id":960153},{"type":"movie","tmdb_id":618221},{"type":"movie","tmdb_id":491622},{"type":"movie","tmdb_id":589931},{"type":"movie","tmdb_id":677111},{"type":"movie","tmdb_id":542417},{"type":"movie","tmdb_id":595038},{"type":"movie","tmdb_id":659248},{"type":"movie","tmdb_id":592048},{"type":"movie","tmdb_id":539892},{"type":"movie","tmdb_id":1282879},{"type":"movie","tmdb_id":613726},{"type":"movie","tmdb_id":581997},{"type":"movie","tmdb_id":572154},{"type":"movie","tmdb_id":760249},{"type":"movie","tmdb_id":460321},{"type":"movie","tmdb_id":642501},{"type":"movie","tmdb_id":549935},{"type":"movie","tmdb_id":583994},{"type":"movie","tmdb_id":502173},{"type":"movie","tmdb_id":1074175},{"type":"movie","tmdb_id":576558},{"type":"movie","tmdb_id":602970},{"type":"movie","tmdb_id":561635},{"type":"movie","tmdb_id":652618},{"type":"movie","tmdb_id":636132},{"type":"movie","tmdb_id":535356},{"type":"movie","tmdb_id":577022},{"type":"movie","tmdb_id":511322},{"type":"movie","tmdb_id":650489},{"type":"movie","tmdb_id":575831},{"type":"movie","tmdb_id":636514},{"type":"movie","tmdb_id":638363},{"type":"movie","tmdb_id":719191},{"type":"movie","tmdb_id":1425293},{"type":"movie","tmdb_id":706005},{"type":"movie","tmdb_id":535356},{"type":"movie","tmdb_id":542444},{"type":"movie","tmdb_id":575222},{"type":"movie","tmdb_id":962838},{"type":"movie","tmdb_id":542713},{"type":"movie","tmdb_id":762262},{"type":"movie","tmdb_id":634283},{"type":"movie","tmdb_id":932820},{"type":"movie","tmdb_id":1282879},{"type":"movie","tmdb_id":633291},{"type":"movie","tmdb_id":576558},{"type":"movie","tmdb_id":567937}]}