{"ts":1771230768,"year":"2026","mode":"tv","candidates":[{"type":"tv","tmdb_id":224372},{"type":"tv","tmdb_id":273977},{"type":"tv","tmdb_id":235685},{"type":"tv","tmdb_id":274776},{"type":"tv","tmdb_id":254071},{"type":"tv","tmdb_id":270600},{"type":"tv","tmdb_id":206494},{"type":"tv","tmdb_id":270444},{"type":"tv","tmdb_id":259856},{"type":"tv","tmdb_id":283370},{"type":"tv","tmdb_id":198178},{"type":"tv","tmdb_id":273160},{"type":"tv","tmdb_id":280948},{"type":"tv","tmdb_id":285166},{"type":"tv","tmdb_id":287231},{"type":"tv","tmdb_id":280632},{"type":"tv","tmdb_id":249907},{"type":"tv","tmdb_id":306215},{"type":"tv","tmdb_id":223530},{"type":"tv","tmdb_id":279446},{"type":"tv","tmdb_id":312182},{"type":"tv","tmdb_id":259731},{"type":"tv","tmdb_id":131142},{"type":"tv","tmdb_id":300015},{"type":"tv","tmdb_id":303453},{"type":"tv","tmdb_id":309328},{"type":"tv","tmdb_id":279136},{"type":"tv","tmdb_id":311281},{"type":"tv","tmdb_id":271609},{"type":"tv","tmdb_id":278882},{"type":"tv","tmdb_id":233079},{"type":"tv","tmdb_id":229891},{"type":"tv","tmdb_id":269160},{"type":"tv","tmdb_id":297424},{"type":"tv","tmdb_id":308482},{"type":"tv","tmdb_id":282810},{"type":"tv","tmdb_id":310024},{"type":"tv","tmdb_id":220102},{"type":"tv","tmdb_id":281401},{"type":"tv","tmdb_id":310239},{"type":"tv","tmdb_id":310239},{"type":"tv","tmdb_id":291339},{"type":"tv","tmdb_id":280049},{"type":"tv","tmdb_id":270572},{"type":"tv","tmdb_id":157194},{"type":"tv","tmdb_id":278127},{"type":"tv","tmdb_id":288589},{"type":"tv","tmdb_id":241372},{"type":"tv","tmdb_id":293608},{"type":"tv","tmdb_id":270420},{"type":"tv","tmdb_id":312175},{"type":"tv","tmdb_id":281161},{"type":"tv","tmdb_id":285291},{"type":"tv","tmdb_id":313289},{"type":"tv","tmdb_id":307959},{"type":"tv","tmdb_id":311025},{"type":"tv","tmdb_id":303724},{"type":"tv","tmdb_id":276393},{"type":"tv","tmdb_id":152401},{"type":"tv","tmdb_id":262793},{"type":"tv","tmdb_id":262262},{"type":"tv","tmdb_id":304885},{"type":"tv","tmdb_id":284828},{"type":"tv","tmdb_id":287591},{"type":"tv","tmdb_id":250505},{"type":"tv","tmdb_id":275631},{"type":"tv","tmdb_id":254492},{"type":"tv","tmdb_id":285357},{"type":"tv","tmdb_id":296009},{"type":"tv","tmdb_id":295366},{"type":"tv","tmdb_id":296523},{"type":"tv","tmdb_id":307913},{"type":"tv","tmdb_id":274915},{"type":"tv","tmdb_id":293629},{"type":"tv","tmdb_id":293550},{"type":"tv","tmdb_id":291414},{"type":"tv","tmdb_id":240740},{"type":"tv","tmdb_id":252161},{"type":"tv","tmdb_id":282946},{"type":"tv","tmdb_id":301886},{"type":"tv","tmdb_id":301886},{"type":"tv","tmdb_id":306762},{"type":"tv","tmdb_id":263330},{"type":"tv","tmdb_id":290278},{"type":"tv","tmdb_id":286291},{"type":"tv","tmdb_id":244244},{"type":"tv","tmdb_id":282558},{"type":"tv","tmdb_id":307534},{"type":"tv","tmdb_id":284495},{"type":"tv","tmdb_id":295483},{"type":"tv","tmdb_id":285933},{"type":"tv","tmdb_id":291084},{"type":"tv","tmdb_id":259554},{"type":"tv","tmdb_id":310556},{"type":"tv","tmdb_id":290667},{"type":"tv","tmdb_id":283891},{"type":"tv","tmdb_id":301058},{"type":"tv","tmdb_id":274141},{"type":"tv","tmdb_id":261676},{"type":"tv","tmdb_id":285743},{"type":"tv","tmdb_id":285743},{"type":"tv","tmdb_id":224263},{"type":"tv","tmdb_id":284444},{"type":"tv","tmdb_id":313232},{"type":"tv","tmdb_id":206828},{"type":"tv","tmdb_id":309966},{"type":"tv","tmdb_id":287346},{"type":"tv","tmdb_id":312693},{"type":"tv","tmdb_id":254953},{"type":"tv","tmdb_id":309727},{"type":"tv","tmdb_id":310954},{"type":"tv","tmdb_id":290231},{"type":"tv","tmdb_id":272586},{"type":"tv","tmdb_id":280916},{"type":"tv","tmdb_id":255661},{"type":"tv","tmdb_id":290856},{"type":"tv","tmdb_id":309714},{"type":"tv","tmdb_id":310045},{"type":"tv","tmdb_id":259265},{"type":"tv","tmdb_id":308277},{"type":"tv","tmdb_id":249760},{"type":"tv","tmdb_id":305163},{"type":"tv","tmdb_id":275902},{"type":"tv","tmdb_id":283119},{"type":"tv","tmdb_id":281251},{"type":"tv","tmdb_id":278164},{"type":"tv","tmdb_id":276110},{"type":"tv","tmdb_id":253476},{"type":"tv","tmdb_id":294280},{"type":"tv","tmdb_id":305105},{"type":"tv","tmdb_id":285739},{"type":"tv","tmdb_id":284432},{"type":"tv","tmdb_id":312428},{"type":"tv","tmdb_id":278271},{"type":"tv","tmdb_id":308606},{"type":"tv","tmdb_id":309400},{"type":"tv","tmdb_id":263219},{"type":"tv","tmdb_id":287973},{"type":"tv","tmdb_id":309662},{"type":"tv","tmdb_id":306207},{"type":"tv","tmdb_id":278157},{"type":"tv","tmdb_id":312039},{"type":"tv","tmdb_id":310070},{"type":"tv","tmdb_id":312005},{"type":"tv","tmdb_id":306721},{"type":"tv","tmdb_id":271935},{"type":"tv","tmdb_id":306529},{"type":"tv","tmdb_id":249766},{"type":"tv","tmdb_id":273124},{"type":"tv","tmdb_id":283950},{"type":"tv","tmdb_id":304023},{"type":"tv","tmdb_id":311924},{"type":"tv","tmdb_id":295778},{"type":"tv","tmdb_id":308142},{"type":"tv","tmdb_id":312421},{"type":"tv","tmdb_id":303434},{"type":"tv","tmdb_id":312338},{"type":"tv","tmdb_id":301885},{"type":"tv","tmdb_id":279593},{"type":"tv","tmdb_id":310086},{"type":"tv","tmdb_id":310767},{"type":"tv","tmdb_id":313574},{"type":"tv","tmdb_id":313473},{"type":"tv","tmdb_id":312118},{"type":"tv","tmdb_id":290211},{"type":"tv","tmdb_id":108181},{"type":"tv","tmdb_id":245318},{"type":"tv","tmdb_id":308676},{"type":"tv","tmdb_id":289356},{"type":"tv","tmdb_id":310602},{"type":"tv","tmdb_id":285636},{"type":"tv","tmdb_id":292474},{"type":"tv","tmdb_id":279388},{"type":"tv","tmdb_id":302365},{"type":"tv","tmdb_id":310500},{"type":"tv","tmdb_id":278624},{"type":"tv","tmdb_id":312506},{"type":"tv","tmdb_id":307977},{"type":"tv","tmdb_id":290918},{"type":"tv","tmdb_id":287115},{"type":"tv","tmdb_id":273124},{"type":"tv","tmdb_id":311370},{"type":"tv","tmdb_id":309920},{"type":"tv","tmdb_id":294344},{"type":"tv","tmdb_id":262932},{"type":"tv","tmdb_id":311874},{"type":"tv","tmdb_id":224827},{"type":"tv","tmdb_id":218557},{"type":"tv","tmdb_id":309165},{"type":"tv","tmdb_id":310314},{"type":"tv","tmdb_id":257127},{"type":"tv","tmdb_id":313207},{"type":"tv","tmdb_id":308275},{"type":"tv","tmdb_id":287760},{"type":"tv","tmdb_id":282158},{"type":"tv","tmdb_id":312172},{"type":"tv","tmdb_id":292493},{"type":"tv","tmdb_id":278573},{"type":"tv","tmdb_id":312710},{"type":"tv","tmdb_id":258036},{"type":"tv","tmdb_id":312710},{"type":"tv","tmdb_id":258036},{"type":"tv","tmdb_id":298343},{"type":"tv","tmdb_id":260463},{"type":"tv","tmdb_id":313056},{"type":"tv","tmdb_id":289560},{"type":"tv","tmdb_id":270476},{"type":"tv","tmdb_id":284969},{"type":"tv","tmdb_id":307602},{"type":"tv","tmdb_id":281016},{"type":"tv","tmdb_id":309104},{"type":"tv","tmdb_id":310026},{"type":"tv","tmdb_id":313716},{"type":"tv","tmdb_id":312053},{"type":"tv","tmdb_id":262361},{"type":"tv","tmdb_id":312423},{"type":"tv","tmdb_id":308758},{"type":"tv","tmdb_id":279471},{"type":"tv","tmdb_id":312626},{"type":"tv","tmdb_id":288362},{"type":"tv","tmdb_id":272681},{"type":"tv","tmdb_id":262273},{"type":"tv","tmdb_id":290724},{"type":"tv","tmdb_id":308014},{"type":"tv","tmdb_id":289219},{"type":"tv","tmdb_id":211178},{"type":"tv","tmdb_id":225891},{"type":"tv","tmdb_id":250220},{"type":"tv","tmdb_id":312725},{"type":"tv","tmdb_id":309032},{"type":"tv","tmdb_id":309604},{"type":"tv","tmdb_id":312423},{"type":"tv","tmdb_id":307682},{"type":"tv","tmdb_id":311022},{"type":"tv","tmdb_id":283228},{"type":"tv","tmdb_id":289723},{"type":"tv","tmdb_id":312066},{"type":"tv","tmdb_id":308402},{"type":"tv","tmdb_id":277439},{"type":"tv","tmdb_id":291100},{"type":"tv","tmdb_id":277439},{"type":"tv","tmdb_id":291100},{"type":"tv","tmdb_id":300054},{"type":"tv","tmdb_id":279307},{"type":"tv","tmdb_id":291334},{"type":"tv","tmdb_id":309129},{"type":"tv","tmdb_id":273275},{"type":"tv","tmdb_id":312733},{"type":"tv","tmdb_id":276083},{"type":"tv","tmdb_id":312533},{"type":"tv","tmdb_id":306520},{"type":"tv","tmdb_id":283673},{"type":"tv","tmdb_id":310800},{"type":"tv","tmdb_id":309598},{"type":"tv","tmdb_id":306479},{"type":"tv","tmdb_id":310925},{"type":"tv","tmdb_id":289424},{"type":"tv","tmdb_id":295117},{"type":"tv","tmdb_id":292256},{"type":"tv","tmdb_id":312439},{"type":"tv","tmdb_id":285507},{"type":"tv","tmdb_id":304229},{"type":"tv","tmdb_id":272417},{"type":"tv","tmdb_id":306527},{"type":"tv","tmdb_id":284735},{"type":"tv","tmdb_id":306129},{"type":"tv","tmdb_id":308682},{"type":"tv","tmdb_id":262957},{"type":"tv","tmdb_id":257519},{"type":"tv","tmdb_id":297024},{"type":"tv","tmdb_id":312449},{"type":"tv","tmdb_id":281965},{"type":"tv","tmdb_id":259819},{"type":"tv","tmdb_id":308112},{"type":"tv","tmdb_id":313759},{"type":"tv","tmdb_id":312593},{"type":"tv","tmdb_id":310537},{"type":"tv","tmdb_id":249597},{"type":"tv","tmdb_id":240446},{"type":"tv","tmdb_id":279873},{"type":"tv","tmdb_id":312731},{"type":"tv","tmdb_id":312402},{"type":"tv","tmdb_id":233833},{"type":"tv","tmdb_id":310964},{"type":"tv","tmdb_id":308558},{"type":"tv","tmdb_id":311068},{"type":"tv","tmdb_id":299701},{"type":"tv","tmdb_id":310759},{"type":"tv","tmdb_id":298801},{"type":"tv","tmdb_id":312403},{"type":"tv","tmdb_id":312046},{"type":"tv","tmdb_id":309609},{"type":"tv","tmdb_id":305002},{"type":"tv","tmdb_id":311730},{"type":"tv","tmdb_id":312826},{"type":"tv","tmdb_id":294607},{"type":"tv","tmdb_id":289690},{"type":"tv","tmdb_id":313357},{"type":"tv","tmdb_id":311772},{"type":"tv","tmdb_id":307833},{"type":"tv","tmdb_id":312436},{"type":"tv","tmdb_id":285818},{"type":"tv","tmdb_id":295351},{"type":"tv","tmdb_id":290883},{"type":"tv","tmdb_id":312723},{"type":"tv","tmdb_id":310215},{"type":"tv","tmdb_id":312715},{"type":"tv","tmdb_id":290884},{"type":"tv","tmdb_id":229577},{"type":"tv","tmdb_id":287344},{"type":"tv","tmdb_id":308850},{"type":"tv","tmdb_id":310935},{"type":"tv","tmdb_id":307930},{"type":"tv","tmdb_id":311013},{"type":"tv","tmdb_id":302953},{"type":"tv","tmdb_id":304928},{"type":"tv","tmdb_id":312920},{"type":"tv","tmdb_id":213446},{"type":"tv","tmdb_id":312917},{"type":"tv","tmdb_id":306657},{"type":"tv","tmdb_id":312794},{"type":"tv","tmdb_id":313298},{"type":"tv","tmdb_id":241860},{"type":"tv","tmdb_id":306213},{"type":"tv","tmdb_id":302074},{"type":"tv","tmdb_id":286069},{"type":"tv","tmdb_id":312343},{"type":"tv","tmdb_id":308767},{"type":"tv","tmdb_id":288886},{"type":"tv","tmdb_id":313165},{"type":"tv","tmdb_id":312905},{"type":"tv","tmdb_id":304483},{"type":"tv","tmdb_id":310577},{"type":"tv","tmdb_id":312915},{"type":"tv","tmdb_id":306944},{"type":"tv","tmdb_id":251491},{"type":"tv","tmdb_id":309412},{"type":"tv","tmdb_id":288595},{"type":"tv","tmdb_id":280095},{"type":"tv","tmdb_id":313478},{"type":"tv","tmdb_id":305227},{"type":"tv","tmdb_id":313316},{"type":"tv","tmdb_id":246788},{"type":"tv","tmdb_id":309206},{"type":"tv","tmdb_id":287527},{"type":"tv","tmdb_id":312579},{"type":"tv","tmdb_id":310963},{"type":"tv","tmdb_id":308005},{"type":"tv","tmdb_id":307980},{"type":"tv","tmdb_id":258063},{"type":"tv","tmdb_id":299697},{"type":"tv","tmdb_id":288382},{"type":"tv","tmdb_id":305820},{"type":"tv","tmdb_id":311624},{"type":"tv","tmdb_id":274320},{"type":"tv","tmdb_id":273589},{"type":"tv","tmdb_id":305997},{"type":"tv","tmdb_id":304126},{"type":"tv","tmdb_id":291613},{"type":"tv","tmdb_id":312017},{"type":"tv","tmdb_id":312384},{"type":"tv","tmdb_id":272322},{"type":"tv","tmdb_id":312676},{"type":"tv","tmdb_id":301174},{"type":"tv","tmdb_id":286734},{"type":"tv","tmdb_id":304806},{"type":"tv","tmdb_id":303405},{"type":"tv","tmdb_id":312431},{"type":"tv","tmdb_id":298425},{"type":"tv","tmdb_id":304194},{"type":"tv","tmdb_id":277584},{"type":"tv","tmdb_id":312915},{"type":"tv","tmdb_id":310392},{"type":"tv","tmdb_id":297640},{"type":"tv","tmdb_id":310513},{"type":"tv","tmdb_id":313635},{"type":"tv","tmdb_id":296870},{"type":"tv","tmdb_id":301031},{"type":"tv","tmdb_id":294239},{"type":"tv","tmdb_id":309044},{"type":"tv","tmdb_id":308051},{"type":"tv","tmdb_id":311928},{"type":"tv","tmdb_id":309812},{"type":"tv","tmdb_id":301557},{"type":"tv","tmdb_id":310564},{"type":"tv","tmdb_id":309923},{"type":"tv","tmdb_id":309135},{"type":"tv","tmdb_id":287014},{"type":"tv","tmdb_id":310198},{"type":"tv","tmdb_id":304533},{"type":"tv","tmdb_id":310352},{"type":"tv","tmdb_id":311632},{"type":"tv","tmdb_id":312672},{"type":"tv","tmdb_id":302330},{"type":"tv","tmdb_id":312384},{"type":"tv","tmdb_id":301329},{"type":"tv","tmdb_id":312643},{"type":"tv","tmdb_id":307182},{"type":"tv","tmdb_id":311866},{"type":"tv","tmdb_id":281600},{"type":"tv","tmdb_id":281600},{"type":"tv","tmdb_id":285650},{"type":"tv","tmdb_id":312530},{"type":"tv","tmdb_id":262388},{"type":"tv","tmdb_id":281010},{"type":"tv","tmdb_id":288590},{"type":"tv","tmdb_id":310052},{"type":"tv","tmdb_id":276472},{"type":"tv","tmdb_id":297730},{"type":"tv","tmdb_id":283439},{"type":"tv","tmdb_id":301326},{"type":"tv","tmdb_id":310310},{"type":"tv","tmdb_id":282774},{"type":"tv","tmdb_id":313195},{"type":"tv","tmdb_id":260201},{"type":"tv","tmdb_id":299481},{"type":"tv","tmdb_id":305817},{"type":"tv","tmdb_id":285404},{"type":"tv","tmdb_id":313903},{"type":"tv","tmdb_id":312395},{"type":"tv","tmdb_id":313827},{"type":"tv","tmdb_id":311767},{"type":"tv","tmdb_id":313484},{"type":"tv","tmdb_id":310118},{"type":"tv","tmdb_id":312613},{"type":"tv","tmdb_id":310311},{"type":"tv","tmdb_id":312149},{"type":"tv","tmdb_id":305049},{"type":"tv","tmdb_id":311139},{"type":"tv","tmdb_id":257724},{"type":"tv","tmdb_id":301340},{"type":"tv","tmdb_id":294627},{"type":"tv","tmdb_id":313149},{"type":"tv","tmdb_id":307419},{"type":"tv","tmdb_id":311037},{"type":"tv","tmdb_id":312447},{"type":"tv","tmdb_id":311594},{"type":"tv","tmdb_id":312283},{"type":"tv","tmdb_id":287114},{"type":"tv","tmdb_id":295890},{"type":"tv","tmdb_id":307650},{"type":"tv","tmdb_id":312753},{"type":"tv","tmdb_id":302770},{"type":"tv","tmdb_id":298607},{"type":"tv","tmdb_id":254420},{"type":"tv","tmdb_id":306891},{"type":"tv","tmdb_id":313602},{"type":"tv","tmdb_id":308609},{"type":"tv","tmdb_id":295509},{"type":"tv","tmdb_id":300239},{"type":"tv","tmdb_id":304650},{"type":"tv","tmdb_id":309208},{"type":"tv","tmdb_id":313638},{"type":"tv","tmdb_id":296232},{"type":"tv","tmdb_id":310169},{"type":"tv","tmdb_id":298508},{"type":"tv","tmdb_id":262275},{"type":"tv","tmdb_id":308108},{"type":"tv","tmdb_id":310145},{"type":"tv","tmdb_id":301342},{"type":"tv","tmdb_id":313130},{"type":"tv","tmdb_id":273467},{"type":"tv","tmdb_id":290295},{"type":"tv","tmdb_id":312097},{"type":"tv","tmdb_id":312510},{"type":"tv","tmdb_id":304331},{"type":"tv","tmdb_id":302547},{"type":"tv","tmdb_id":307923},{"type":"tv","tmdb_id":307422},{"type":"tv","tmdb_id":310597},{"type":"tv","tmdb_id":301944},{"type":"tv","tmdb_id":312810},{"type":"tv","tmdb_id":305816},{"type":"tv","tmdb_id":242416},{"type":"tv","tmdb_id":292117},{"type":"tv","tmdb_id":313454},{"type":"tv","tmdb_id":310353},{"type":"tv","tmdb_id":312226},{"type":"tv","tmdb_id":283428},{"type":"tv","tmdb_id":313228},{"type":"tv","tmdb_id":312939},{"type":"tv","tmdb_id":305812},{"type":"tv","tmdb_id":308467},{"type":"tv","tmdb_id":290952},{"type":"tv","tmdb_id":311920},{"type":"tv","tmdb_id":313432},{"type":"tv","tmdb_id":289380},{"type":"tv","tmdb_id":309914},{"type":"tv","tmdb_id":309163},{"type":"tv","tmdb_id":305567},{"type":"tv","tmdb_id":311991},{"type":"tv","tmdb_id":313521},{"type":"tv","tmdb_id":293590},{"type":"tv","tmdb_id":313701},{"type":"tv","tmdb_id":305818},{"type":"tv","tmdb_id":304654},{"type":"tv","tmdb_id":304606},{"type":"tv","tmdb_id":301322},{"type":"tv","tmdb_id":307677},{"type":"tv","tmdb_id":303811},{"type":"tv","tmdb_id":307823},{"type":"tv","tmdb_id":295430},{"type":"tv","tmdb_id":305078},{"type":"tv","tmdb_id":301320},{"type":"tv","tmdb_id":307012},{"type":"tv","tmdb_id":312586},{"type":"tv","tmdb_id":295426},{"type":"tv","tmdb_id":294737},{"type":"tv","tmdb_id":297621},{"type":"tv","tmdb_id":309745},{"type":"tv","tmdb_id":312381},{"type":"tv","tmdb_id":307249},{"type":"tv","tmdb_id":308136},{"type":"tv","tmdb_id":309911},{"type":"tv","tmdb_id":290983},{"type":"tv","tmdb_id":259405},{"type":"tv","tmdb_id":288670},{"type":"tv","tmdb_id":305988},{"type":"tv","tmdb_id":291389},{"type":"tv","tmdb_id":312022},{"type":"tv","tmdb_id":313293},{"type":"tv","tmdb_id":310117},{"type":"tv","tmdb_id":283964},{"type":"tv","tmdb_id":313665},{"type":"tv","tmdb_id":285992},{"type":"tv","tmdb_id":310097},{"type":"tv","tmdb_id":301583},{"type":"tv","tmdb_id":294618},{"type":"tv","tmdb_id":301395},{"type":"tv","tmdb_id":290448},{"type":"tv","tmdb_id":311915},{"type":"tv","tmdb_id":312348},{"type":"tv","tmdb_id":279325},{"type":"tv","tmdb_id":312869},{"type":"tv","tmdb_id":311832},{"type":"tv","tmdb_id":309290},{"type":"tv","tmdb_id":311850},{"type":"tv","tmdb_id":310166},{"type":"tv","tmdb_id":313252},{"type":"tv","tmdb_id":275202},{"type":"tv","tmdb_id":313535},{"type":"tv","tmdb_id":310418},{"type":"tv","tmdb_id":313145},{"type":"tv","tmdb_id":308762},{"type":"tv","tmdb_id":304840},{"type":"tv","tmdb_id":307653},{"type":"tv","tmdb_id":312878},{"type":"tv","tmdb_id":292686},{"type":"tv","tmdb_id":306790},{"type":"tv","tmdb_id":310358},{"type":"tv","tmdb_id":311010},{"type":"tv","tmdb_id":300529},{"type":"tv","tmdb_id":300751},{"type":"tv","tmdb_id":312758},{"type":"tv","tmdb_id":301331},{"type":"tv","tmdb_id":313342},{"type":"tv","tmdb_id":310732},{"type":"tv","tmdb_id":309792},{"type":"tv","tmdb_id":310302},{"type":"tv","tmdb_id":289357},{"type":"tv","tmdb_id":289357},{"type":"tv","tmdb_id":311939},{"type":"tv","tmdb_id":309843},{"type":"tv","tmdb_id":311141},{"type":"tv","tmdb_id":309570},{"type":"tv","tmdb_id":312551},{"type":"tv","tmdb_id":311925},{"type":"tv","tmdb_id":313682},{"type":"tv","tmdb_id":312541},{"type":"tv","tmdb_id":307491},{"type":"tv","tmdb_id":294615},{"type":"tv","tmdb_id":301097},{"type":"tv","tmdb_id":312354},{"type":"tv","tmdb_id":306747},{"type":"tv","tmdb_id":312015},{"type":"tv","tmdb_id":306956},{"type":"tv","tmdb_id":307013},{"type":"tv","tmdb_id":292162},{"type":"tv","tmdb_id":294637},{"type":"tv","tmdb_id":308765},{"type":"tv","tmdb_id":308359},{"type":"tv","tmdb_id":313338},{"type":"tv","tmdb_id":309707},{"type":"tv","tmdb_id":290226},{"type":"tv","tmdb_id":310427},{"type":"tv","tmdb_id":296705},{"type":"tv","tmdb_id":299352},{"type":"tv","tmdb_id":310009},{"type":"tv","tmdb_id":280575},{"type":"tv","tmdb_id":313371},{"type":"tv","tmdb_id":295423},{"type":"tv","tmdb_id":313182},{"type":"tv","tmdb_id":302614},{"type":"tv","tmdb_id":312490},{"type":"tv","tmdb_id":313744},{"type":"tv","tmdb_id":311287},{"type":"tv","tmdb_id":309926},{"type":"tv","tmdb_id":308484},{"type":"tv","tmdb_id":313586},{"type":"tv","tmdb_id":309157}]}