{"ts":1771221099,"year":"2006","mode":"movie","candidates":[{"type":"movie","tmdb_id":588},{"type":"movie","tmdb_id":1422},{"type":"movie","tmdb_id":36557},{"type":"movie","tmdb_id":350},{"type":"movie","tmdb_id":1124},{"type":"movie","tmdb_id":58},{"type":"movie","tmdb_id":1579},{"type":"movie","tmdb_id":1417},{"type":"movie","tmdb_id":1593},{"type":"movie","tmdb_id":920},{"type":"movie","tmdb_id":752},{"type":"movie","tmdb_id":7512},{"type":"movie","tmdb_id":1402},{"type":"movie","tmdb_id":950},{"type":"movie","tmdb_id":9792},{"type":"movie","tmdb_id":591},{"type":"movie","tmdb_id":1581},{"type":"movie","tmdb_id":9693},{"type":"movie","tmdb_id":12096},{"type":"movie","tmdb_id":956},{"type":"movie","tmdb_id":7518},{"type":"movie","tmdb_id":9339},{"type":"movie","tmdb_id":1427},{"type":"movie","tmdb_id":1372},{"type":"movie","tmdb_id":9297},{"type":"movie","tmdb_id":214},{"type":"movie","tmdb_id":9836},{"type":"movie","tmdb_id":7551},{"type":"movie","tmdb_id":1125},{"type":"movie","tmdb_id":11619},{"type":"movie","tmdb_id":9973},{"type":"movie","tmdb_id":1452},{"type":"movie","tmdb_id":46407},{"type":"movie","tmdb_id":1948},{"type":"movie","tmdb_id":9286},{"type":"movie","tmdb_id":9072},{"type":"movie","tmdb_id":14113},{"type":"movie","tmdb_id":9907},{"type":"movie","tmdb_id":1164},{"type":"movie","tmdb_id":9530},{"type":"movie","tmdb_id":18861},{"type":"movie","tmdb_id":4536},{"type":"movie","tmdb_id":10025},{"type":"movie","tmdb_id":4977},{"type":"movie","tmdb_id":388},{"type":"movie","tmdb_id":80136},{"type":"movie","tmdb_id":512},{"type":"movie","tmdb_id":31985},{"type":"movie","tmdb_id":1246},{"type":"movie","tmdb_id":898768},{"type":"movie","tmdb_id":21786},{"type":"movie","tmdb_id":15255},{"type":"movie","tmdb_id":4257},{"type":"movie","tmdb_id":37306},{"type":"movie","tmdb_id":73517},{"type":"movie","tmdb_id":10073},{"type":"movie","tmdb_id":14191},{"type":"movie","tmdb_id":214126},{"type":"movie","tmdb_id":402293},{"type":"movie","tmdb_id":10781},{"type":"movie","tmdb_id":7484},{"type":"movie","tmdb_id":14784},{"type":"movie","tmdb_id":4657},{"type":"movie","tmdb_id":17379},{"type":"movie","tmdb_id":14219},{"type":"movie","tmdb_id":9959},{"type":"movie","tmdb_id":9655},{"type":"movie","tmdb_id":9035},{"type":"movie","tmdb_id":9762},{"type":"movie","tmdb_id":132495},{"type":"movie","tmdb_id":13197},{"type":"movie","tmdb_id":2486},{"type":"movie","tmdb_id":186},{"type":"movie","tmdb_id":11565},{"type":"movie","tmdb_id":639302},{"type":"movie","tmdb_id":10010},{"type":"movie","tmdb_id":773},{"type":"movie","tmdb_id":1249},{"type":"movie","tmdb_id":73196},{"type":"movie","tmdb_id":181638},{"type":"movie","tmdb_id":9988},{"type":"movie","tmdb_id":29046},{"type":"movie","tmdb_id":341560},{"type":"movie","tmdb_id":10947},{"type":"movie","tmdb_id":503},{"type":"movie","tmdb_id":434},{"type":"movie","tmdb_id":8275},{"type":"movie","tmdb_id":1106304},{"type":"movie","tmdb_id":82},{"type":"movie","tmdb_id":13767},{"type":"movie","tmdb_id":35721},{"type":"movie","tmdb_id":9992},{"type":"movie","tmdb_id":1887},{"type":"movie","tmdb_id":9828},{"type":"movie","tmdb_id":660070},{"type":"movie","tmdb_id":52444},{"type":"movie","tmdb_id":1118070},{"type":"movie","tmdb_id":3093},{"type":"movie","tmdb_id":2207},{"type":"movie","tmdb_id":22105},{"type":"movie","tmdb_id":496},{"type":"movie","tmdb_id":1993},{"type":"movie","tmdb_id":2044},{"type":"movie","tmdb_id":66941},{"type":"movie","tmdb_id":9389},{"type":"movie","tmdb_id":13967},{"type":"movie","tmdb_id":9353},{"type":"movie","tmdb_id":37004},{"type":"movie","tmdb_id":29291},{"type":"movie","tmdb_id":15928},{"type":"movie","tmdb_id":14137},{"type":"movie","tmdb_id":100521},{"type":"movie","tmdb_id":15023},{"type":"movie","tmdb_id":5072},{"type":"movie","tmdb_id":4441},{"type":"movie","tmdb_id":9513},{"type":"movie","tmdb_id":10088},{"type":"movie","tmdb_id":14804},{"type":"movie","tmdb_id":15363},{"type":"movie","tmdb_id":834},{"type":"movie","tmdb_id":1100249},{"type":"movie","tmdb_id":13319},{"type":"movie","tmdb_id":57819},{"type":"movie","tmdb_id":13914},{"type":"movie","tmdb_id":75020},{"type":"movie","tmdb_id":577171},{"type":"movie","tmdb_id":65556},{"type":"movie","tmdb_id":71234},{"type":"movie","tmdb_id":9986},{"type":"movie","tmdb_id":25676},{"type":"movie","tmdb_id":18191},{"type":"movie","tmdb_id":1440},{"type":"movie","tmdb_id":13495},{"type":"movie","tmdb_id":463320},{"type":"movie","tmdb_id":310495},{"type":"movie","tmdb_id":10007},{"type":"movie","tmdb_id":1284813},{"type":"movie","tmdb_id":78479},{"type":"movie","tmdb_id":1255},{"type":"movie","tmdb_id":326},{"type":"movie","tmdb_id":176132},{"type":"movie","tmdb_id":9767},{"type":"movie","tmdb_id":7549},{"type":"movie","tmdb_id":158708},{"type":"movie","tmdb_id":1378},{"type":"movie","tmdb_id":1690},{"type":"movie","tmdb_id":10079},{"type":"movie","tmdb_id":1381},{"type":"movie","tmdb_id":17086},{"type":"movie","tmdb_id":1101196},{"type":"movie","tmdb_id":45593},{"type":"movie","tmdb_id":404237},{"type":"movie","tmdb_id":9639},{"type":"movie","tmdb_id":3683},{"type":"movie","tmdb_id":25588},{"type":"movie","tmdb_id":1491},{"type":"movie","tmdb_id":62652},{"type":"movie","tmdb_id":7516},{"type":"movie","tmdb_id":9695},{"type":"movie","tmdb_id":9796},{"type":"movie","tmdb_id":1111210},{"type":"movie","tmdb_id":1730},{"type":"movie","tmdb_id":68786},{"type":"movie","tmdb_id":169572},{"type":"movie","tmdb_id":523},{"type":"movie","tmdb_id":563954},{"type":"movie","tmdb_id":71139},{"type":"movie","tmdb_id":9906},{"type":"movie","tmdb_id":68116},{"type":"movie","tmdb_id":10053},{"type":"movie","tmdb_id":36239},{"type":"movie","tmdb_id":10085},{"type":"movie","tmdb_id":28080},{"type":"movie","tmdb_id":531045},{"type":"movie","tmdb_id":310076},{"type":"movie","tmdb_id":1096978},{"type":"movie","tmdb_id":671664},{"type":"movie","tmdb_id":18208},{"type":"movie","tmdb_id":48753},{"type":"movie","tmdb_id":550278},{"type":"movie","tmdb_id":18276},{"type":"movie","tmdb_id":428416},{"type":"movie","tmdb_id":9053},{"type":"movie","tmdb_id":516733},{"type":"movie","tmdb_id":9925},{"type":"movie","tmdb_id":1251},{"type":"movie","tmdb_id":64479},{"type":"movie","tmdb_id":806},{"type":"movie","tmdb_id":582},{"type":"movie","tmdb_id":27614},{"type":"movie","tmdb_id":50241},{"type":"movie","tmdb_id":678505},{"type":"movie","tmdb_id":246688},{"type":"movie","tmdb_id":13285},{"type":"movie","tmdb_id":37933},{"type":"movie","tmdb_id":40922},{"type":"movie","tmdb_id":195675},{"type":"movie","tmdb_id":24170},{"type":"movie","tmdb_id":407426},{"type":"movie","tmdb_id":12828},{"type":"movie","tmdb_id":596370},{"type":"movie","tmdb_id":522034},{"type":"movie","tmdb_id":13712},{"type":"movie","tmdb_id":33412},{"type":"movie","tmdb_id":10089},{"type":"movie","tmdb_id":9726},{"type":"movie","tmdb_id":1125171},{"type":"movie","tmdb_id":435335},{"type":"movie","tmdb_id":9676},{"type":"movie","tmdb_id":1502076},{"type":"movie","tmdb_id":295121},{"type":"movie","tmdb_id":9788},{"type":"movie","tmdb_id":71313},{"type":"movie","tmdb_id":39405},{"type":"movie","tmdb_id":186787},{"type":"movie","tmdb_id":27696},{"type":"movie","tmdb_id":14256},{"type":"movie","tmdb_id":14339},{"type":"movie","tmdb_id":273806},{"type":"movie","tmdb_id":339675},{"type":"movie","tmdb_id":268702},{"type":"movie","tmdb_id":14069},{"type":"movie","tmdb_id":124969},{"type":"movie","tmdb_id":223753},{"type":"movie","tmdb_id":624479},{"type":"movie","tmdb_id":39796},{"type":"movie","tmdb_id":813959},{"type":"movie","tmdb_id":9904},{"type":"movie","tmdb_id":652024},{"type":"movie","tmdb_id":3509},{"type":"movie","tmdb_id":676460},{"type":"movie","tmdb_id":13742},{"type":"movie","tmdb_id":106271},{"type":"movie","tmdb_id":215369},{"type":"movie","tmdb_id":257182},{"type":"movie","tmdb_id":903912},{"type":"movie","tmdb_id":13739},{"type":"movie","tmdb_id":1511187},{"type":"movie","tmdb_id":158605},{"type":"movie","tmdb_id":1165},{"type":"movie","tmdb_id":64736},{"type":"movie","tmdb_id":39912},{"type":"movie","tmdb_id":22161},{"type":"movie","tmdb_id":22338},{"type":"movie","tmdb_id":562734},{"type":"movie","tmdb_id":562576},{"type":"movie","tmdb_id":339978},{"type":"movie","tmdb_id":29040},{"type":"movie","tmdb_id":793516},{"type":"movie","tmdb_id":290043},{"type":"movie","tmdb_id":17422},{"type":"movie","tmdb_id":9708},{"type":"movie","tmdb_id":16700},{"type":"movie","tmdb_id":482717},{"type":"movie","tmdb_id":946421},{"type":"movie","tmdb_id":64856},{"type":"movie","tmdb_id":79518},{"type":"movie","tmdb_id":60929},{"type":"movie","tmdb_id":215596},{"type":"movie","tmdb_id":210724},{"type":"movie","tmdb_id":373239},{"type":"movie","tmdb_id":31979},{"type":"movie","tmdb_id":1494},{"type":"movie","tmdb_id":160571},{"type":"movie","tmdb_id":170590},{"type":"movie","tmdb_id":1280910},{"type":"movie","tmdb_id":826745},{"type":"movie","tmdb_id":44827},{"type":"movie","tmdb_id":310803},{"type":"movie","tmdb_id":603118},{"type":"movie","tmdb_id":10055},{"type":"movie","tmdb_id":268342},{"type":"movie","tmdb_id":175646},{"type":"movie","tmdb_id":13414},{"type":"movie","tmdb_id":402261},{"type":"movie","tmdb_id":468099},{"type":"movie","tmdb_id":4643},{"type":"movie","tmdb_id":14620},{"type":"movie","tmdb_id":121088},{"type":"movie","tmdb_id":9948},{"type":"movie","tmdb_id":9920},{"type":"movie","tmdb_id":14963},{"type":"movie","tmdb_id":16781},{"type":"movie","tmdb_id":220465},{"type":"movie","tmdb_id":940411},{"type":"movie","tmdb_id":52416},{"type":"movie","tmdb_id":9766},{"type":"movie","tmdb_id":112061},{"type":"movie","tmdb_id":40592},{"type":"movie","tmdb_id":9036},{"type":"movie","tmdb_id":896538},{"type":"movie","tmdb_id":9975},{"type":"movie","tmdb_id":63923},{"type":"movie","tmdb_id":1164087},{"type":"movie","tmdb_id":980950},{"type":"movie","tmdb_id":5816},{"type":"movie","tmdb_id":199748},{"type":"movie","tmdb_id":1259},{"type":"movie","tmdb_id":1085365},{"type":"movie","tmdb_id":1262},{"type":"movie","tmdb_id":1098585},{"type":"movie","tmdb_id":13002},{"type":"movie","tmdb_id":270558},{"type":"movie","tmdb_id":63873},{"type":"movie","tmdb_id":500274},{"type":"movie","tmdb_id":44730},{"type":"movie","tmdb_id":228584},{"type":"movie","tmdb_id":394177},{"type":"movie","tmdb_id":563432},{"type":"movie","tmdb_id":43617},{"type":"movie","tmdb_id":74663},{"type":"movie","tmdb_id":1379},{"type":"movie","tmdb_id":55414},{"type":"movie","tmdb_id":258343},{"type":"movie","tmdb_id":49364},{"type":"movie","tmdb_id":9044},{"type":"movie","tmdb_id":362718},{"type":"movie","tmdb_id":14516},{"type":"movie","tmdb_id":606394},{"type":"movie","tmdb_id":105766},{"type":"movie","tmdb_id":15806},{"type":"movie","tmdb_id":5820},{"type":"movie","tmdb_id":210520},{"type":"movie","tmdb_id":9293},{"type":"movie","tmdb_id":88475},{"type":"movie","tmdb_id":44290},{"type":"movie","tmdb_id":55740},{"type":"movie","tmdb_id":278290},{"type":"movie","tmdb_id":3602},{"type":"movie","tmdb_id":259210},{"type":"movie","tmdb_id":25527},{"type":"movie","tmdb_id":788163},{"type":"movie","tmdb_id":1120273},{"type":"movie","tmdb_id":690117},{"type":"movie","tmdb_id":13856},{"type":"movie","tmdb_id":14173},{"type":"movie","tmdb_id":506059},{"type":"movie","tmdb_id":493305},{"type":"movie","tmdb_id":262916},{"type":"movie","tmdb_id":10004},{"type":"movie","tmdb_id":348554},{"type":"movie","tmdb_id":585956},{"type":"movie","tmdb_id":32740},{"type":"movie","tmdb_id":28935},{"type":"movie","tmdb_id":10177},{"type":"movie","tmdb_id":48141},{"type":"movie","tmdb_id":60002},{"type":"movie","tmdb_id":548141},{"type":"movie","tmdb_id":16237},{"type":"movie","tmdb_id":1536425},{"type":"movie","tmdb_id":1975},{"type":"movie","tmdb_id":307366},{"type":"movie","tmdb_id":332760},{"type":"movie","tmdb_id":36675},{"type":"movie","tmdb_id":197374},{"type":"movie","tmdb_id":13713},{"type":"movie","tmdb_id":16150},{"type":"movie","tmdb_id":41860},{"type":"movie","tmdb_id":162656},{"type":"movie","tmdb_id":164498},{"type":"movie","tmdb_id":509422},{"type":"movie","tmdb_id":15005},{"type":"movie","tmdb_id":1280911},{"type":"movie","tmdb_id":23843},{"type":"movie","tmdb_id":575003},{"type":"movie","tmdb_id":1275249},{"type":"movie","tmdb_id":496067},{"type":"movie","tmdb_id":1501995},{"type":"movie","tmdb_id":744606},{"type":"movie","tmdb_id":49348},{"type":"movie","tmdb_id":18925},{"type":"movie","tmdb_id":10124},{"type":"movie","tmdb_id":197391},{"type":"movie","tmdb_id":1158328},{"type":"movie","tmdb_id":278721},{"type":"movie","tmdb_id":59863},{"type":"movie","tmdb_id":462947},{"type":"movie","tmdb_id":283331},{"type":"movie","tmdb_id":140865},{"type":"movie","tmdb_id":842905},{"type":"movie","tmdb_id":41344},{"type":"movie","tmdb_id":9075},{"type":"movie","tmdb_id":634254},{"type":"movie","tmdb_id":97158},{"type":"movie","tmdb_id":13616},{"type":"movie","tmdb_id":461839},{"type":"movie","tmdb_id":378542},{"type":"movie","tmdb_id":1048594},{"type":"movie","tmdb_id":176707},{"type":"movie","tmdb_id":45051},{"type":"movie","tmdb_id":9969},{"type":"movie","tmdb_id":449205},{"type":"movie","tmdb_id":462582},{"type":"movie","tmdb_id":32312},{"type":"movie","tmdb_id":231192},{"type":"movie","tmdb_id":245637},{"type":"movie","tmdb_id":522025},{"type":"movie","tmdb_id":56893},{"type":"movie","tmdb_id":67413},{"type":"movie","tmdb_id":142311},{"type":"movie","tmdb_id":9718},{"type":"movie","tmdb_id":52130},{"type":"movie","tmdb_id":37725},{"type":"movie","tmdb_id":39205},{"type":"movie","tmdb_id":751392},{"type":"movie","tmdb_id":13185},{"type":"movie","tmdb_id":14609},{"type":"movie","tmdb_id":140146},{"type":"movie","tmdb_id":1277311},{"type":"movie","tmdb_id":1329338},{"type":"movie","tmdb_id":107525},{"type":"movie","tmdb_id":7874},{"type":"movie","tmdb_id":182114},{"type":"movie","tmdb_id":188295},{"type":"movie","tmdb_id":643672},{"type":"movie","tmdb_id":1075709},{"type":"movie","tmdb_id":245397},{"type":"movie","tmdb_id":402782},{"type":"movie","tmdb_id":280731},{"type":"movie","tmdb_id":47978},{"type":"movie","tmdb_id":1321602},{"type":"movie","tmdb_id":1253302},{"type":"movie","tmdb_id":944171},{"type":"movie","tmdb_id":11908},{"type":"movie","tmdb_id":21316},{"type":"movie","tmdb_id":4140},{"type":"movie","tmdb_id":916247},{"type":"movie","tmdb_id":399073},{"type":"movie","tmdb_id":2447},{"type":"movie","tmdb_id":114299},{"type":"movie","tmdb_id":65584},{"type":"movie","tmdb_id":487568},{"type":"movie","tmdb_id":225906},{"type":"movie","tmdb_id":348118},{"type":"movie","tmdb_id":30233},{"type":"movie","tmdb_id":7457},{"type":"movie","tmdb_id":1033914},{"type":"movie","tmdb_id":5249},{"type":"movie","tmdb_id":31463},{"type":"movie","tmdb_id":1247},{"type":"movie","tmdb_id":57232},{"type":"movie","tmdb_id":48116},{"type":"movie","tmdb_id":507568},{"type":"movie","tmdb_id":13205},{"type":"movie","tmdb_id":132277},{"type":"movie","tmdb_id":289021},{"type":"movie","tmdb_id":208376},{"type":"movie","tmdb_id":345368},{"type":"movie","tmdb_id":115749},{"type":"movie","tmdb_id":267023},{"type":"movie","tmdb_id":493484},{"type":"movie","tmdb_id":44498},{"type":"movie","tmdb_id":7839},{"type":"movie","tmdb_id":770643},{"type":"movie","tmdb_id":15860},{"type":"movie","tmdb_id":59571},{"type":"movie","tmdb_id":9682},{"type":"movie","tmdb_id":1525442},{"type":"movie","tmdb_id":10067},{"type":"movie","tmdb_id":297327},{"type":"movie","tmdb_id":186844},{"type":"movie","tmdb_id":13454},{"type":"movie","tmdb_id":9794},{"type":"movie","tmdb_id":25974},{"type":"movie","tmdb_id":221817},{"type":"movie","tmdb_id":1247281},{"type":"movie","tmdb_id":61506},{"type":"movie","tmdb_id":1116029},{"type":"movie","tmdb_id":16007},{"type":"movie","tmdb_id":1517762},{"type":"movie","tmdb_id":34747},{"type":"movie","tmdb_id":9656},{"type":"movie","tmdb_id":1969},{"type":"movie","tmdb_id":2179},{"type":"movie","tmdb_id":1523},{"type":"movie","tmdb_id":132288},{"type":"movie","tmdb_id":387586},{"type":"movie","tmdb_id":44434},{"type":"movie","tmdb_id":394964},{"type":"movie","tmdb_id":12586},{"type":"movie","tmdb_id":33114},{"type":"movie","tmdb_id":999227},{"type":"movie","tmdb_id":95099},{"type":"movie","tmdb_id":48915},{"type":"movie","tmdb_id":630767},{"type":"movie","tmdb_id":204271},{"type":"movie","tmdb_id":70841},{"type":"movie","tmdb_id":682620},{"type":"movie","tmdb_id":400739},{"type":"movie","tmdb_id":14208},{"type":"movie","tmdb_id":1273100},{"type":"movie","tmdb_id":1302163},{"type":"movie","tmdb_id":827255},{"type":"movie","tmdb_id":9829},{"type":"movie","tmdb_id":2266},{"type":"movie","tmdb_id":1516428},{"type":"movie","tmdb_id":1043015},{"type":"movie","tmdb_id":40172},{"type":"movie","tmdb_id":322701},{"type":"movie","tmdb_id":627570},{"type":"movie","tmdb_id":640736},{"type":"movie","tmdb_id":400153},{"type":"movie","tmdb_id":12271},{"type":"movie","tmdb_id":444194},{"type":"movie","tmdb_id":273787},{"type":"movie","tmdb_id":1474766},{"type":"movie","tmdb_id":382870},{"type":"movie","tmdb_id":162698},{"type":"movie","tmdb_id":345367},{"type":"movie","tmdb_id":18870},{"type":"movie","tmdb_id":720308},{"type":"movie","tmdb_id":4474},{"type":"movie","tmdb_id":719315},{"type":"movie","tmdb_id":1032898},{"type":"movie","tmdb_id":24115},{"type":"movie","tmdb_id":974330},{"type":"movie","tmdb_id":985515},{"type":"movie","tmdb_id":9900},{"type":"movie","tmdb_id":451181},{"type":"movie","tmdb_id":243828},{"type":"movie","tmdb_id":1255549},{"type":"movie","tmdb_id":804837},{"type":"movie","tmdb_id":594482},{"type":"movie","tmdb_id":75847},{"type":"movie","tmdb_id":497637},{"type":"movie","tmdb_id":988280},{"type":"movie","tmdb_id":6877},{"type":"movie","tmdb_id":446916},{"type":"movie","tmdb_id":878006},{"type":"movie","tmdb_id":1091738},{"type":"movie","tmdb_id":251094},{"type":"movie","tmdb_id":9954},{"type":"movie","tmdb_id":476936},{"type":"movie","tmdb_id":9642},{"type":"movie","tmdb_id":98019},{"type":"movie","tmdb_id":245403},{"type":"movie","tmdb_id":73201},{"type":"movie","tmdb_id":35426},{"type":"movie","tmdb_id":221839},{"type":"movie","tmdb_id":417122},{"type":"movie","tmdb_id":11652},{"type":"movie","tmdb_id":1476008},{"type":"movie","tmdb_id":47171},{"type":"movie","tmdb_id":101630},{"type":"movie","tmdb_id":9761},{"type":"movie","tmdb_id":16808},{"type":"movie","tmdb_id":363882},{"type":"movie","tmdb_id":419306},{"type":"movie","tmdb_id":713244},{"type":"movie","tmdb_id":916395},{"type":"movie","tmdb_id":18070},{"type":"movie","tmdb_id":15213},{"type":"movie","tmdb_id":10507},{"type":"movie","tmdb_id":283068},{"type":"movie","tmdb_id":1203953},{"type":"movie","tmdb_id":344891},{"type":"movie","tmdb_id":294117},{"type":"movie","tmdb_id":1717},{"type":"movie","tmdb_id":281961},{"type":"movie","tmdb_id":153995},{"type":"movie","tmdb_id":961968},{"type":"movie","tmdb_id":9270},{"type":"movie","tmdb_id":12094},{"type":"movie","tmdb_id":16701},{"type":"movie","tmdb_id":1214781},{"type":"movie","tmdb_id":468960},{"type":"movie","tmdb_id":9615},{"type":"movie","tmdb_id":10795},{"type":"movie","tmdb_id":13355},{"type":"movie","tmdb_id":887697},{"type":"movie","tmdb_id":395064},{"type":"movie","tmdb_id":445309},{"type":"movie","tmdb_id":350162},{"type":"movie","tmdb_id":1137648},{"type":"movie","tmdb_id":146213},{"type":"movie","tmdb_id":1095520},{"type":"movie","tmdb_id":40631},{"type":"movie","tmdb_id":60293},{"type":"movie","tmdb_id":866154},{"type":"movie","tmdb_id":266460},{"type":"movie","tmdb_id":702045},{"type":"movie","tmdb_id":515111},{"type":"movie","tmdb_id":346338},{"type":"movie","tmdb_id":20061},{"type":"movie","tmdb_id":114814},{"type":"movie","tmdb_id":205407},{"type":"movie","tmdb_id":805708},{"type":"movie","tmdb_id":61717},{"type":"movie","tmdb_id":595200},{"type":"movie","tmdb_id":58987},{"type":"movie","tmdb_id":80447},{"type":"movie","tmdb_id":16080},{"type":"movie","tmdb_id":1169980},{"type":"movie","tmdb_id":27253},{"type":"movie","tmdb_id":957973},{"type":"movie","tmdb_id":292962},{"type":"movie","tmdb_id":9957},{"type":"movie","tmdb_id":485688},{"type":"movie","tmdb_id":96511},{"type":"movie","tmdb_id":215705}]}