{"ts":1771207020,"year":"2002","mode":"all","candidates":[{"type":"movie","tmdb_id":7451},{"type":"movie","tmdb_id":121},{"type":"movie","tmdb_id":557},{"type":"movie","tmdb_id":672},{"type":"movie","tmdb_id":425},{"type":"movie","tmdb_id":170},{"type":"movie","tmdb_id":640},{"type":"movie","tmdb_id":2501},{"type":"movie","tmdb_id":9637},{"type":"movie","tmdb_id":423},{"type":"movie","tmdb_id":11544},{"type":"movie","tmdb_id":93685},{"type":"movie","tmdb_id":2251},{"type":"movie","tmdb_id":36669},{"type":"movie","tmdb_id":1894},{"type":"movie","tmdb_id":7299},{"type":"movie","tmdb_id":979},{"type":"movie","tmdb_id":598},{"type":"movie","tmdb_id":36586},{"type":"movie","tmdb_id":3131},{"type":"movie","tmdb_id":320},{"type":"movie","tmdb_id":180},{"type":"movie","tmdb_id":65},{"type":"movie","tmdb_id":565},{"type":"movie","tmdb_id":9016},{"type":"movie","tmdb_id":15070},{"type":"movie","tmdb_id":12149},{"type":"movie","tmdb_id":4108},{"type":"movie","tmdb_id":608},{"type":"movie","tmdb_id":9645},{"type":"movie","tmdb_id":9023},{"type":"movie","tmdb_id":11013},{"type":"movie","tmdb_id":14128},{"type":"movie","tmdb_id":20009},{"type":"movie","tmdb_id":8427},{"type":"movie","tmdb_id":4614},{"type":"movie","tmdb_id":79},{"type":"movie","tmdb_id":11857},{"type":"movie","tmdb_id":2675},{"type":"movie","tmdb_id":11529},{"type":"movie","tmdb_id":50035},{"type":"movie","tmdb_id":1394039},{"type":"movie","tmdb_id":5851},{"type":"movie","tmdb_id":252742},{"type":"movie","tmdb_id":11362},{"type":"movie","tmdb_id":10052},{"type":"movie","tmdb_id":24617},{"type":"movie","tmdb_id":35265},{"type":"movie","tmdb_id":10229},{"type":"movie","tmdb_id":37748},{"type":"movie","tmdb_id":9572},{"type":"movie","tmdb_id":115580},{"type":"movie","tmdb_id":1576},{"type":"movie","tmdb_id":16802},{"type":"movie","tmdb_id":1360},{"type":"movie","tmdb_id":15370},{"type":"movie","tmdb_id":13830},{"type":"movie","tmdb_id":102428},{"type":"movie","tmdb_id":6278},{"type":"movie","tmdb_id":2899},{"type":"movie","tmdb_id":28028},{"type":"movie","tmdb_id":12277},{"type":"movie","tmdb_id":818},{"type":"movie","tmdb_id":9544},{"type":"movie","tmdb_id":11852},{"type":"movie","tmdb_id":1574},{"type":"movie","tmdb_id":9259},{"type":"movie","tmdb_id":15028},{"type":"movie","tmdb_id":89591},{"type":"movie","tmdb_id":24649},{"type":"movie","tmdb_id":13683},{"type":"movie","tmdb_id":12636},{"type":"movie","tmdb_id":2135},{"type":"movie","tmdb_id":74959},{"type":"movie","tmdb_id":10775},{"type":"movie","tmdb_id":30863},{"type":"movie","tmdb_id":62583},{"type":"movie","tmdb_id":1429},{"type":"movie","tmdb_id":9104},{"type":"movie","tmdb_id":310366},{"type":"movie","tmdb_id":16351},{"type":"movie","tmdb_id":60517},{"type":"movie","tmdb_id":9488},{"type":"movie","tmdb_id":11022},{"type":"movie","tmdb_id":202497},{"type":"movie","tmdb_id":68936},{"type":"movie","tmdb_id":9334},{"type":"movie","tmdb_id":19721},{"type":"movie","tmdb_id":506899},{"type":"movie","tmdb_id":54587},{"type":"movie","tmdb_id":10590},{"type":"movie","tmdb_id":12576},{"type":"movie","tmdb_id":50123},{"type":"movie","tmdb_id":280196},{"type":"movie","tmdb_id":464198},{"type":"movie","tmdb_id":4547},{"type":"movie","tmdb_id":9280},{"type":"movie","tmdb_id":10599},{"type":"movie","tmdb_id":97206},{"type":"movie","tmdb_id":15186},{"type":"movie","tmdb_id":10575},{"type":"movie","tmdb_id":72581},{"type":"movie","tmdb_id":9707},{"type":"movie","tmdb_id":18300},{"type":"movie","tmdb_id":97889},{"type":"movie","tmdb_id":2103},{"type":"movie","tmdb_id":94996},{"type":"movie","tmdb_id":4147},{"type":"movie","tmdb_id":9021},{"type":"movie","tmdb_id":115550},{"type":"movie","tmdb_id":713380},{"type":"movie","tmdb_id":186342},{"type":"movie","tmdb_id":28204},{"type":"movie","tmdb_id":51822},{"type":"movie","tmdb_id":433112},{"type":"movie","tmdb_id":21769},{"type":"movie","tmdb_id":1360417},{"type":"movie","tmdb_id":1210043},{"type":"movie","tmdb_id":26662},{"type":"movie","tmdb_id":51780},{"type":"movie","tmdb_id":178118},{"type":"movie","tmdb_id":11628},{"type":"movie","tmdb_id":1405612},{"type":"movie","tmdb_id":56412},{"type":"movie","tmdb_id":226916},{"type":"movie","tmdb_id":56474},{"type":"movie","tmdb_id":49696},{"type":"movie","tmdb_id":8051},{"type":"movie","tmdb_id":104047},{"type":"movie","tmdb_id":69437},{"type":"movie","tmdb_id":8470},{"type":"movie","tmdb_id":46865},{"type":"movie","tmdb_id":12448},{"type":"movie","tmdb_id":2757},{"type":"movie","tmdb_id":40002},{"type":"movie","tmdb_id":12536},{"type":"movie","tmdb_id":55015},{"type":"movie","tmdb_id":858356},{"type":"movie","tmdb_id":49913},{"type":"movie","tmdb_id":1294923},{"type":"movie","tmdb_id":13497},{"type":"movie","tmdb_id":1809},{"type":"movie","tmdb_id":27710},{"type":"movie","tmdb_id":84955},{"type":"movie","tmdb_id":579167},{"type":"movie","tmdb_id":185961},{"type":"movie","tmdb_id":464009},{"type":"movie","tmdb_id":260796},{"type":"movie","tmdb_id":325765},{"type":"movie","tmdb_id":71927},{"type":"movie","tmdb_id":557326},{"type":"movie","tmdb_id":359286},{"type":"movie","tmdb_id":45044},{"type":"movie","tmdb_id":35565},{"type":"movie","tmdb_id":10771},{"type":"movie","tmdb_id":590},{"type":"movie","tmdb_id":16690},{"type":"movie","tmdb_id":85388},{"type":"movie","tmdb_id":505596},{"type":"movie","tmdb_id":116996},{"type":"movie","tmdb_id":62943},{"type":"movie","tmdb_id":207120},{"type":"movie","tmdb_id":41399},{"type":"movie","tmdb_id":55016},{"type":"movie","tmdb_id":1110506},{"type":"movie","tmdb_id":629627},{"type":"movie","tmdb_id":390815},{"type":"movie","tmdb_id":13560},{"type":"movie","tmdb_id":444682},{"type":"movie","tmdb_id":11838},{"type":"movie","tmdb_id":14317},{"type":"movie","tmdb_id":306583},{"type":"movie","tmdb_id":319498},{"type":"movie","tmdb_id":13201},{"type":"movie","tmdb_id":111972},{"type":"movie","tmdb_id":710587},{"type":"movie","tmdb_id":878395},{"type":"movie","tmdb_id":319151},{"type":"movie","tmdb_id":1036888},{"type":"movie","tmdb_id":8325},{"type":"movie","tmdb_id":74668},{"type":"movie","tmdb_id":8665},{"type":"movie","tmdb_id":11452},{"type":"movie","tmdb_id":24079},{"type":"movie","tmdb_id":21605},{"type":"movie","tmdb_id":16539},{"type":"movie","tmdb_id":165785},{"type":"movie","tmdb_id":264130},{"type":"movie","tmdb_id":10630},{"type":"movie","tmdb_id":35713},{"type":"movie","tmdb_id":11979},{"type":"movie","tmdb_id":246277},{"type":"movie","tmdb_id":1251504},{"type":"movie","tmdb_id":10375},{"type":"movie","tmdb_id":29828},{"type":"movie","tmdb_id":21972},{"type":"movie","tmdb_id":178494},{"type":"movie","tmdb_id":61568},{"type":"movie","tmdb_id":883788},{"type":"movie","tmdb_id":8346},{"type":"movie","tmdb_id":11891},{"type":"movie","tmdb_id":553004},{"type":"movie","tmdb_id":483196},{"type":"movie","tmdb_id":258802},{"type":"movie","tmdb_id":379561},{"type":"movie","tmdb_id":433944},{"type":"movie","tmdb_id":16318},{"type":"movie","tmdb_id":551299},{"type":"movie","tmdb_id":11442},{"type":"movie","tmdb_id":20718},{"type":"movie","tmdb_id":10918},{"type":"movie","tmdb_id":371354},{"type":"movie","tmdb_id":437},{"type":"movie","tmdb_id":81229},{"type":"movie","tmdb_id":19085},{"type":"movie","tmdb_id":47354},{"type":"movie","tmdb_id":382196},{"type":"movie","tmdb_id":443707},{"type":"movie","tmdb_id":104391},{"type":"movie","tmdb_id":10273},{"type":"movie","tmdb_id":929391},{"type":"movie","tmdb_id":75175},{"type":"movie","tmdb_id":33320},{"type":"movie","tmdb_id":8869},{"type":"movie","tmdb_id":9884},{"type":"movie","tmdb_id":184985},{"type":"movie","tmdb_id":819735},{"type":"movie","tmdb_id":215598},{"type":"movie","tmdb_id":59815},{"type":"movie","tmdb_id":769661},{"type":"movie","tmdb_id":413071},{"type":"movie","tmdb_id":130002},{"type":"movie","tmdb_id":975743},{"type":"movie","tmdb_id":817916},{"type":"movie","tmdb_id":201},{"type":"movie","tmdb_id":20648},{"type":"movie","tmdb_id":294493},{"type":"movie","tmdb_id":4689},{"type":"movie","tmdb_id":53960},{"type":"movie","tmdb_id":1533321},{"type":"movie","tmdb_id":136634},{"type":"movie","tmdb_id":212076},{"type":"movie","tmdb_id":361246},{"type":"movie","tmdb_id":250007},{"type":"movie","tmdb_id":212054},{"type":"movie","tmdb_id":15155},{"type":"movie","tmdb_id":43743},{"type":"movie","tmdb_id":167735},{"type":"movie","tmdb_id":358794},{"type":"movie","tmdb_id":167591},{"type":"movie","tmdb_id":117085},{"type":"movie","tmdb_id":1177140},{"type":"movie","tmdb_id":57342},{"type":"movie","tmdb_id":2755},{"type":"movie","tmdb_id":57326},{"type":"movie","tmdb_id":505088},{"type":"movie","tmdb_id":21267},{"type":"movie","tmdb_id":365982},{"type":"movie","tmdb_id":259979},{"type":"movie","tmdb_id":307891},{"type":"movie","tmdb_id":81540},{"type":"movie","tmdb_id":372013},{"type":"movie","tmdb_id":16653},{"type":"movie","tmdb_id":1051925},{"type":"movie","tmdb_id":13984},{"type":"movie","tmdb_id":169664},{"type":"movie","tmdb_id":16643},{"type":"movie","tmdb_id":11812},{"type":"movie","tmdb_id":1161229},{"type":"movie","tmdb_id":1042490},{"type":"movie","tmdb_id":346900},{"type":"movie","tmdb_id":43084},{"type":"movie","tmdb_id":22242},{"type":"movie","tmdb_id":269990},{"type":"movie","tmdb_id":9012},{"type":"movie","tmdb_id":2022},{"type":"movie","tmdb_id":1031839},{"type":"movie","tmdb_id":10996},{"type":"movie","tmdb_id":2637},{"type":"movie","tmdb_id":299127},{"type":"movie","tmdb_id":293304},{"type":"movie","tmdb_id":1080133},{"type":"movie","tmdb_id":1056093},{"type":"movie","tmdb_id":494979},{"type":"movie","tmdb_id":1079285},{"type":"movie","tmdb_id":101058},{"type":"movie","tmdb_id":11560},{"type":"movie","tmdb_id":9357},{"type":"movie","tmdb_id":334553},{"type":"movie","tmdb_id":591799},{"type":"movie","tmdb_id":148271},{"type":"movie","tmdb_id":1044247},{"type":"movie","tmdb_id":15015},{"type":"movie","tmdb_id":221889},{"type":"movie","tmdb_id":109572},{"type":"movie","tmdb_id":61304},{"type":"movie","tmdb_id":1957},{"type":"movie","tmdb_id":205917},{"type":"movie","tmdb_id":2185},{"type":"movie","tmdb_id":7342},{"type":"movie","tmdb_id":76191},{"type":"movie","tmdb_id":20312},{"type":"movie","tmdb_id":559559},{"type":"movie","tmdb_id":631347},{"type":"movie","tmdb_id":335385},{"type":"movie","tmdb_id":488444},{"type":"movie","tmdb_id":11892},{"type":"movie","tmdb_id":30301},{"type":"movie","tmdb_id":157932},{"type":"movie","tmdb_id":11888},{"type":"movie","tmdb_id":194864},{"type":"movie","tmdb_id":190756},{"type":"movie","tmdb_id":30403},{"type":"movie","tmdb_id":482056},{"type":"movie","tmdb_id":171388},{"type":"movie","tmdb_id":604159},{"type":"movie","tmdb_id":64116},{"type":"movie","tmdb_id":236277},{"type":"movie","tmdb_id":192642},{"type":"movie","tmdb_id":272363},{"type":"movie","tmdb_id":1068358},{"type":"movie","tmdb_id":110817},{"type":"movie","tmdb_id":900524},{"type":"movie","tmdb_id":694441},{"type":"movie","tmdb_id":688607},{"type":"movie","tmdb_id":704455},{"type":"movie","tmdb_id":52999},{"type":"movie","tmdb_id":11468},{"type":"movie","tmdb_id":3472},{"type":"movie","tmdb_id":353046},{"type":"movie","tmdb_id":559778},{"type":"movie","tmdb_id":568814},{"type":"movie","tmdb_id":18457},{"type":"movie","tmdb_id":354483},{"type":"movie","tmdb_id":101801},{"type":"movie","tmdb_id":27788},{"type":"movie","tmdb_id":148299},{"type":"movie","tmdb_id":35587},{"type":"movie","tmdb_id":61113},{"type":"movie","tmdb_id":1066328},{"type":"movie","tmdb_id":148290},{"type":"movie","tmdb_id":85690},{"type":"movie","tmdb_id":334467},{"type":"movie","tmdb_id":9298},{"type":"movie","tmdb_id":35712},{"type":"movie","tmdb_id":72658},{"type":"movie","tmdb_id":33875},{"type":"movie","tmdb_id":48483},{"type":"movie","tmdb_id":221476},{"type":"movie","tmdb_id":247280},{"type":"movie","tmdb_id":42383},{"type":"movie","tmdb_id":150002},{"type":"movie","tmdb_id":51378},{"type":"movie","tmdb_id":825900},{"type":"movie","tmdb_id":12100},{"type":"movie","tmdb_id":206535},{"type":"movie","tmdb_id":1498177},{"type":"movie","tmdb_id":310947},{"type":"movie","tmdb_id":10426},{"type":"movie","tmdb_id":1414696},{"type":"movie","tmdb_id":66243},{"type":"movie","tmdb_id":908176},{"type":"movie","tmdb_id":9573},{"type":"movie","tmdb_id":66509},{"type":"movie","tmdb_id":109698},{"type":"movie","tmdb_id":142326},{"type":"movie","tmdb_id":17710},{"type":"movie","tmdb_id":21763},{"type":"movie","tmdb_id":49142},{"type":"movie","tmdb_id":50467},{"type":"movie","tmdb_id":9932},{"type":"movie","tmdb_id":277566},{"type":"movie","tmdb_id":14365},{"type":"movie","tmdb_id":59387},{"type":"movie","tmdb_id":509518},{"type":"movie","tmdb_id":3518},{"type":"movie","tmdb_id":618977},{"type":"movie","tmdb_id":481028},{"type":"movie","tmdb_id":995509},{"type":"movie","tmdb_id":13440},{"type":"movie","tmdb_id":554503},{"type":"movie","tmdb_id":793255},{"type":"movie","tmdb_id":792327},{"type":"movie","tmdb_id":437413},{"type":"movie","tmdb_id":85873},{"type":"movie","tmdb_id":64},{"type":"movie","tmdb_id":80306},{"type":"movie","tmdb_id":63989},{"type":"movie","tmdb_id":310434},{"type":"movie","tmdb_id":53348},{"type":"movie","tmdb_id":36430},{"type":"movie","tmdb_id":2642},{"type":"movie","tmdb_id":49148},{"type":"movie","tmdb_id":652039},{"type":"movie","tmdb_id":365641},{"type":"movie","tmdb_id":935463},{"type":"movie","tmdb_id":1305793},{"type":"movie","tmdb_id":274608},{"type":"movie","tmdb_id":11246},{"type":"movie","tmdb_id":7294},{"type":"movie","tmdb_id":7303},{"type":"movie","tmdb_id":13098},{"type":"movie","tmdb_id":12093},{"type":"movie","tmdb_id":84800},{"type":"movie","tmdb_id":15041},{"type":"movie","tmdb_id":1209086},{"type":"movie","tmdb_id":1147404},{"type":"movie","tmdb_id":627273},{"type":"movie","tmdb_id":255979},{"type":"movie","tmdb_id":292079},{"type":"movie","tmdb_id":1010370},{"type":"movie","tmdb_id":947046},{"type":"movie","tmdb_id":291824},{"type":"movie","tmdb_id":259863},{"type":"movie","tmdb_id":292090},{"type":"movie","tmdb_id":1215147},{"type":"movie","tmdb_id":40576},{"type":"movie","tmdb_id":8198},{"type":"movie","tmdb_id":21327},{"type":"movie","tmdb_id":1304066},{"type":"movie","tmdb_id":571363},{"type":"movie","tmdb_id":287928},{"type":"movie","tmdb_id":245},{"type":"movie","tmdb_id":15136},{"type":"movie","tmdb_id":254552},{"type":"movie","tmdb_id":553310},{"type":"movie","tmdb_id":481529},{"type":"movie","tmdb_id":312423},{"type":"movie","tmdb_id":1500650},{"type":"movie","tmdb_id":444638},{"type":"movie","tmdb_id":301183},{"type":"movie","tmdb_id":10133},{"type":"movie","tmdb_id":358234},{"type":"movie","tmdb_id":401175},{"type":"movie","tmdb_id":455},{"type":"movie","tmdb_id":51230},{"type":"movie","tmdb_id":53244},{"type":"movie","tmdb_id":11880},{"type":"movie","tmdb_id":1092877},{"type":"movie","tmdb_id":123450},{"type":"movie","tmdb_id":9097},{"type":"movie","tmdb_id":1282016},{"type":"movie","tmdb_id":1503806},{"type":"movie","tmdb_id":10592},{"type":"movie","tmdb_id":16875},{"type":"movie","tmdb_id":767169},{"type":"movie","tmdb_id":10985},{"type":"movie","tmdb_id":9962},{"type":"movie","tmdb_id":122871},{"type":"movie","tmdb_id":12779},{"type":"movie","tmdb_id":11870},{"type":"movie","tmdb_id":125953},{"type":"movie","tmdb_id":202476},{"type":"movie","tmdb_id":1374079},{"type":"movie","tmdb_id":3132},{"type":"movie","tmdb_id":806747},{"type":"movie","tmdb_id":14112},{"type":"movie","tmdb_id":114450},{"type":"movie","tmdb_id":534525},{"type":"movie","tmdb_id":502724},{"type":"movie","tmdb_id":1430},{"type":"movie","tmdb_id":271237},{"type":"movie","tmdb_id":278152},{"type":"movie","tmdb_id":61812},{"type":"movie","tmdb_id":257937},{"type":"movie","tmdb_id":1266728},{"type":"movie","tmdb_id":288011},{"type":"movie","tmdb_id":9939},{"type":"movie","tmdb_id":441510},{"type":"movie","tmdb_id":9039},{"type":"movie","tmdb_id":25913},{"type":"movie","tmdb_id":834169},{"type":"movie","tmdb_id":114868},{"type":"movie","tmdb_id":392808},{"type":"movie","tmdb_id":666813},{"type":"movie","tmdb_id":84754},{"type":"movie","tmdb_id":150829},{"type":"movie","tmdb_id":338317},{"type":"movie","tmdb_id":359087},{"type":"movie","tmdb_id":313357},{"type":"movie","tmdb_id":38957},{"type":"movie","tmdb_id":35935},{"type":"movie","tmdb_id":263116},{"type":"movie","tmdb_id":21106},{"type":"movie","tmdb_id":331123},{"type":"movie","tmdb_id":66068},{"type":"movie","tmdb_id":4238},{"type":"movie","tmdb_id":48761},{"type":"movie","tmdb_id":31130},{"type":"movie","tmdb_id":30586},{"type":"movie","tmdb_id":162095},{"type":"movie","tmdb_id":159064},{"type":"movie","tmdb_id":182769},{"type":"movie","tmdb_id":25556},{"type":"movie","tmdb_id":21597},{"type":"movie","tmdb_id":28710},{"type":"movie","tmdb_id":29832},{"type":"movie","tmdb_id":17130},{"type":"movie","tmdb_id":246563},{"type":"movie","tmdb_id":356553},{"type":"movie","tmdb_id":154211},{"type":"movie","tmdb_id":153576},{"type":"movie","tmdb_id":9260},{"type":"movie","tmdb_id":279549},{"type":"movie","tmdb_id":954448},{"type":"movie","tmdb_id":265146},{"type":"movie","tmdb_id":899769},{"type":"movie","tmdb_id":10712},{"type":"movie","tmdb_id":559775},{"type":"movie","tmdb_id":6020},{"type":"movie","tmdb_id":536149},{"type":"movie","tmdb_id":1094961},{"type":"movie","tmdb_id":10550},{"type":"movie","tmdb_id":432108},{"type":"movie","tmdb_id":1068366},{"type":"movie","tmdb_id":31354},{"type":"movie","tmdb_id":1958},{"type":"movie","tmdb_id":307863},{"type":"movie","tmdb_id":44551},{"type":"movie","tmdb_id":559843},{"type":"movie","tmdb_id":38157},{"type":"movie","tmdb_id":44391},{"type":"movie","tmdb_id":13908},{"type":"movie","tmdb_id":13435},{"type":"movie","tmdb_id":41460},{"type":"movie","tmdb_id":1269475},{"type":"movie","tmdb_id":12590},{"type":"movie","tmdb_id":2594},{"type":"movie","tmdb_id":280201},{"type":"movie","tmdb_id":1255288},{"type":"movie","tmdb_id":13768},{"type":"movie","tmdb_id":464538},{"type":"movie","tmdb_id":354383},{"type":"movie","tmdb_id":64222},{"type":"movie","tmdb_id":1212988},{"type":"movie","tmdb_id":87292},{"type":"movie","tmdb_id":859839},{"type":"movie","tmdb_id":11692},{"type":"movie","tmdb_id":27915},{"type":"movie","tmdb_id":14635},{"type":"movie","tmdb_id":117280},{"type":"movie","tmdb_id":14787},{"type":"movie","tmdb_id":117901},{"type":"movie","tmdb_id":99640},{"type":"movie","tmdb_id":274992},{"type":"movie","tmdb_id":772299},{"type":"movie","tmdb_id":1228464},{"type":"movie","tmdb_id":1086323},{"type":"movie","tmdb_id":834263},{"type":"movie","tmdb_id":833589},{"type":"movie","tmdb_id":67738},{"type":"movie","tmdb_id":86544},{"type":"movie","tmdb_id":13706},{"type":"movie","tmdb_id":4912},{"type":"movie","tmdb_id":9093},{"type":"movie","tmdb_id":10611},{"type":"movie","tmdb_id":100852},{"type":"movie","tmdb_id":57033},{"type":"movie","tmdb_id":123364},{"type":"movie","tmdb_id":995119},{"type":"movie","tmdb_id":112209},{"type":"movie","tmdb_id":1048622},{"type":"movie","tmdb_id":1094953},{"type":"movie","tmdb_id":188610},{"type":"movie","tmdb_id":13931},{"type":"movie","tmdb_id":143323},{"type":"movie","tmdb_id":780724},{"type":"movie","tmdb_id":244981},{"type":"movie","tmdb_id":709382},{"type":"movie","tmdb_id":968576},{"type":"movie","tmdb_id":824156},{"type":"movie","tmdb_id":211155},{"type":"movie","tmdb_id":489005},{"type":"movie","tmdb_id":653376},{"type":"movie","tmdb_id":213674},{"type":"movie","tmdb_id":27669},{"type":"movie","tmdb_id":87146},{"type":"movie","tmdb_id":12496},{"type":"movie","tmdb_id":47226},{"type":"movie","tmdb_id":14923},{"type":"movie","tmdb_id":9533},{"type":"movie","tmdb_id":100850},{"type":"movie","tmdb_id":68098},{"type":"movie","tmdb_id":57992},{"type":"movie","tmdb_id":555086},{"type":"movie","tmdb_id":44725},{"type":"movie","tmdb_id":37910},{"type":"movie","tmdb_id":14008},{"type":"movie","tmdb_id":56712},{"type":"movie","tmdb_id":4911},{"type":"movie","tmdb_id":70443},{"type":"movie","tmdb_id":1281376},{"type":"movie","tmdb_id":608075},{"type":"movie","tmdb_id":122882},{"type":"movie","tmdb_id":47387},{"type":"movie","tmdb_id":49910},{"type":"movie","tmdb_id":1133144},{"type":"movie","tmdb_id":841346},{"type":"movie","tmdb_id":428382},{"type":"movie","tmdb_id":1439425},{"type":"tv","tmdb_id":1695},{"type":"tv","tmdb_id":1620},{"type":"tv","tmdb_id":1950},{"type":"tv","tmdb_id":46260},{"type":"tv","tmdb_id":40663},{"type":"tv","tmdb_id":45},{"type":"tv","tmdb_id":1438},{"type":"tv","tmdb_id":9537},{"type":"tv","tmdb_id":41149},{"type":"tv","tmdb_id":46392},{"type":"tv","tmdb_id":1414},{"type":"tv","tmdb_id":1437},{"type":"tv","tmdb_id":3626},{"type":"tv","tmdb_id":20111},{"type":"tv","tmdb_id":2593},{"type":"tv","tmdb_id":2345},{"type":"tv","tmdb_id":1475},{"type":"tv","tmdb_id":3163},{"type":"tv","tmdb_id":2808},{"type":"tv","tmdb_id":4046},{"type":"tv","tmdb_id":2129},{"type":"tv","tmdb_id":652},{"type":"tv","tmdb_id":39379},{"type":"tv","tmdb_id":5653},{"type":"tv","tmdb_id":16399},{"type":"tv","tmdb_id":8864},{"type":"tv","tmdb_id":1095},{"type":"tv","tmdb_id":90412},{"type":"tv","tmdb_id":11982},{"type":"tv","tmdb_id":4241},{"type":"tv","tmdb_id":42729},{"type":"tv","tmdb_id":9027},{"type":"tv","tmdb_id":67199},{"type":"tv","tmdb_id":37527},{"type":"tv","tmdb_id":1167},{"type":"tv","tmdb_id":402},{"type":"tv","tmdb_id":3400},{"type":"tv","tmdb_id":20812},{"type":"tv","tmdb_id":8456},{"type":"tv","tmdb_id":2979},{"type":"tv","tmdb_id":2530},{"type":"tv","tmdb_id":306116},{"type":"tv","tmdb_id":46345},{"type":"tv","tmdb_id":31072},{"type":"tv","tmdb_id":49394},{"type":"tv","tmdb_id":2142},{"type":"tv","tmdb_id":63409},{"type":"tv","tmdb_id":2564},{"type":"tv","tmdb_id":1625},{"type":"tv","tmdb_id":129586},{"type":"tv","tmdb_id":33},{"type":"tv","tmdb_id":10457},{"type":"tv","tmdb_id":670},{"type":"tv","tmdb_id":14598},{"type":"tv","tmdb_id":24633},{"type":"tv","tmdb_id":10728},{"type":"tv","tmdb_id":476},{"type":"tv","tmdb_id":355},{"type":"tv","tmdb_id":8991},{"type":"tv","tmdb_id":40891},{"type":"tv","tmdb_id":96414},{"type":"tv","tmdb_id":2432},{"type":"tv","tmdb_id":91511},{"type":"tv","tmdb_id":2342},{"type":"tv","tmdb_id":288},{"type":"tv","tmdb_id":13775},{"type":"tv","tmdb_id":14589},{"type":"tv","tmdb_id":2484},{"type":"tv","tmdb_id":13375},{"type":"tv","tmdb_id":46889},{"type":"tv","tmdb_id":37230},{"type":"tv","tmdb_id":10698},{"type":"tv","tmdb_id":178},{"type":"tv","tmdb_id":619},{"type":"tv","tmdb_id":19654},{"type":"tv","tmdb_id":74223},{"type":"tv","tmdb_id":12143},{"type":"tv","tmdb_id":15241},{"type":"tv","tmdb_id":42731},{"type":"tv","tmdb_id":261321},{"type":"tv","tmdb_id":25506},{"type":"tv","tmdb_id":97973},{"type":"tv","tmdb_id":6390},{"type":"tv","tmdb_id":62883},{"type":"tv","tmdb_id":9550},{"type":"tv","tmdb_id":689},{"type":"tv","tmdb_id":23032},{"type":"tv","tmdb_id":2876},{"type":"tv","tmdb_id":5712},{"type":"tv","tmdb_id":42567},{"type":"tv","tmdb_id":1469},{"type":"tv","tmdb_id":34834},{"type":"tv","tmdb_id":27952},{"type":"tv","tmdb_id":2103},{"type":"tv","tmdb_id":1789},{"type":"tv","tmdb_id":34771},{"type":"tv","tmdb_id":9319},{"type":"tv","tmdb_id":12427},{"type":"tv","tmdb_id":82583},{"type":"tv","tmdb_id":110},{"type":"tv","tmdb_id":6054},{"type":"tv","tmdb_id":34132},{"type":"tv","tmdb_id":707},{"type":"tv","tmdb_id":20265},{"type":"tv","tmdb_id":2512},{"type":"tv","tmdb_id":12614},{"type":"tv","tmdb_id":34789},{"type":"tv","tmdb_id":99730},{"type":"tv","tmdb_id":4684},{"type":"tv","tmdb_id":4413},{"type":"tv","tmdb_id":6322},{"type":"tv","tmdb_id":40906},{"type":"tv","tmdb_id":19780},{"type":"tv","tmdb_id":115006},{"type":"tv","tmdb_id":1098},{"type":"tv","tmdb_id":78128},{"type":"tv","tmdb_id":35988},{"type":"tv","tmdb_id":3035},{"type":"tv","tmdb_id":96000},{"type":"tv","tmdb_id":14513},{"type":"tv","tmdb_id":11110},{"type":"tv","tmdb_id":499},{"type":"tv","tmdb_id":19077},{"type":"tv","tmdb_id":24311},{"type":"tv","tmdb_id":2580},{"type":"tv","tmdb_id":3308},{"type":"tv","tmdb_id":2701},{"type":"tv","tmdb_id":2494},{"type":"tv","tmdb_id":11904},{"type":"tv","tmdb_id":8448},{"type":"tv","tmdb_id":21058},{"type":"tv","tmdb_id":1592},{"type":"tv","tmdb_id":1547},{"type":"tv","tmdb_id":15454},{"type":"tv","tmdb_id":49953},{"type":"tv","tmdb_id":2592},{"type":"tv","tmdb_id":184},{"type":"tv","tmdb_id":42565},{"type":"tv","tmdb_id":5979},{"type":"tv","tmdb_id":40887},{"type":"tv","tmdb_id":12733},{"type":"tv","tmdb_id":846},{"type":"tv","tmdb_id":13230},{"type":"tv","tmdb_id":812},{"type":"tv","tmdb_id":94070},{"type":"tv","tmdb_id":42577},{"type":"tv","tmdb_id":14287},{"type":"tv","tmdb_id":5719},{"type":"tv","tmdb_id":2571},{"type":"tv","tmdb_id":12333},{"type":"tv","tmdb_id":23545},{"type":"tv","tmdb_id":12144},{"type":"tv","tmdb_id":30877},{"type":"tv","tmdb_id":7463},{"type":"tv","tmdb_id":8232},{"type":"tv","tmdb_id":34820},{"type":"tv","tmdb_id":1772},{"type":"tv","tmdb_id":90451},{"type":"tv","tmdb_id":24438},{"type":"tv","tmdb_id":6124},{"type":"tv","tmdb_id":87590},{"type":"tv","tmdb_id":44611},{"type":"tv","tmdb_id":21918},{"type":"tv","tmdb_id":34149},{"type":"tv","tmdb_id":1065},{"type":"tv","tmdb_id":42881},{"type":"tv","tmdb_id":100290},{"type":"tv","tmdb_id":28397},{"type":"tv","tmdb_id":43228},{"type":"tv","tmdb_id":12539},{"type":"tv","tmdb_id":63344},{"type":"tv","tmdb_id":34161},{"type":"tv","tmdb_id":24730},{"type":"tv","tmdb_id":49202},{"type":"tv","tmdb_id":4325},{"type":"tv","tmdb_id":772},{"type":"tv","tmdb_id":50214},{"type":"tv","tmdb_id":14194},{"type":"tv","tmdb_id":3208},{"type":"tv","tmdb_id":2444},{"type":"tv","tmdb_id":6798},{"type":"tv","tmdb_id":26117},{"type":"tv","tmdb_id":11778},{"type":"tv","tmdb_id":41327},{"type":"tv","tmdb_id":3549},{"type":"tv","tmdb_id":34814},{"type":"tv","tmdb_id":120559},{"type":"tv","tmdb_id":2154},{"type":"tv","tmdb_id":10506},{"type":"tv","tmdb_id":3830},{"type":"tv","tmdb_id":36564},{"type":"tv","tmdb_id":135481},{"type":"tv","tmdb_id":34113},{"type":"tv","tmdb_id":26783},{"type":"tv","tmdb_id":332},{"type":"tv","tmdb_id":34164},{"type":"tv","tmdb_id":9112},{"type":"tv","tmdb_id":19588},{"type":"tv","tmdb_id":213925},{"type":"tv","tmdb_id":13752},{"type":"tv","tmdb_id":462},{"type":"tv","tmdb_id":9259},{"type":"tv","tmdb_id":106007},{"type":"tv","tmdb_id":1898},{"type":"tv","tmdb_id":11536},{"type":"tv","tmdb_id":506},{"type":"tv","tmdb_id":107838},{"type":"tv","tmdb_id":27753},{"type":"tv","tmdb_id":2097},{"type":"tv","tmdb_id":24},{"type":"tv","tmdb_id":34060},{"type":"tv","tmdb_id":80616},{"type":"tv","tmdb_id":46119},{"type":"tv","tmdb_id":436},{"type":"tv","tmdb_id":7195},{"type":"tv","tmdb_id":347},{"type":"tv","tmdb_id":6192},{"type":"tv","tmdb_id":5241},{"type":"tv","tmdb_id":31022},{"type":"tv","tmdb_id":34254},{"type":"tv","tmdb_id":69797},{"type":"tv","tmdb_id":4403},{"type":"tv","tmdb_id":70132},{"type":"tv","tmdb_id":10013},{"type":"tv","tmdb_id":88999},{"type":"tv","tmdb_id":4391},{"type":"tv","tmdb_id":3317},{"type":"tv","tmdb_id":225774},{"type":"tv","tmdb_id":34106},{"type":"tv","tmdb_id":40699},{"type":"tv","tmdb_id":12727},{"type":"tv","tmdb_id":34684},{"type":"tv","tmdb_id":72540},{"type":"tv","tmdb_id":23557},{"type":"tv","tmdb_id":203582},{"type":"tv","tmdb_id":100188},{"type":"tv","tmdb_id":306369},{"type":"tv","tmdb_id":10812},{"type":"tv","tmdb_id":73347},{"type":"tv","tmdb_id":2888},{"type":"tv","tmdb_id":608},{"type":"tv","tmdb_id":53447},{"type":"tv","tmdb_id":6353},{"type":"tv","tmdb_id":16996},{"type":"tv","tmdb_id":35613},{"type":"tv","tmdb_id":42297},{"type":"tv","tmdb_id":211125},{"type":"tv","tmdb_id":10212},{"type":"tv","tmdb_id":20575},{"type":"tv","tmdb_id":36091},{"type":"tv","tmdb_id":40980},{"type":"tv","tmdb_id":73536},{"type":"tv","tmdb_id":9555},{"type":"tv","tmdb_id":1460},{"type":"tv","tmdb_id":28317},{"type":"tv","tmdb_id":108243},{"type":"tv","tmdb_id":6},{"type":"tv","tmdb_id":40625},{"type":"tv","tmdb_id":13671},{"type":"tv","tmdb_id":2089},{"type":"tv","tmdb_id":33149},{"type":"tv","tmdb_id":11946},{"type":"tv","tmdb_id":5330},{"type":"tv","tmdb_id":100581},{"type":"tv","tmdb_id":6157},{"type":"tv","tmdb_id":108216},{"type":"tv","tmdb_id":13894},{"type":"tv","tmdb_id":51274},{"type":"tv","tmdb_id":9113},{"type":"tv","tmdb_id":9793},{"type":"tv","tmdb_id":14415},{"type":"tv","tmdb_id":60682},{"type":"tv","tmdb_id":628},{"type":"tv","tmdb_id":3220},{"type":"tv","tmdb_id":76671},{"type":"tv","tmdb_id":6536},{"type":"tv","tmdb_id":29788},{"type":"tv","tmdb_id":612},{"type":"tv","tmdb_id":6862},{"type":"tv","tmdb_id":23975},{"type":"tv","tmdb_id":31019},{"type":"tv","tmdb_id":136227},{"type":"tv","tmdb_id":10082},{"type":"tv","tmdb_id":53641},{"type":"tv","tmdb_id":109128},{"type":"tv","tmdb_id":48136},{"type":"tv","tmdb_id":114706},{"type":"tv","tmdb_id":5689},{"type":"tv","tmdb_id":104452},{"type":"tv","tmdb_id":3381},{"type":"tv","tmdb_id":17625},{"type":"tv","tmdb_id":57131},{"type":"tv","tmdb_id":26611},{"type":"tv","tmdb_id":19652},{"type":"tv","tmdb_id":78945},{"type":"tv","tmdb_id":16299},{"type":"tv","tmdb_id":12650},{"type":"tv","tmdb_id":17520},{"type":"tv","tmdb_id":115979},{"type":"tv","tmdb_id":2011},{"type":"tv","tmdb_id":2010},{"type":"tv","tmdb_id":27185},{"type":"tv","tmdb_id":9801},{"type":"tv","tmdb_id":6631},{"type":"tv","tmdb_id":19515},{"type":"tv","tmdb_id":132169},{"type":"tv","tmdb_id":132564},{"type":"tv","tmdb_id":6159},{"type":"tv","tmdb_id":6401},{"type":"tv","tmdb_id":26563},{"type":"tv","tmdb_id":44252},{"type":"tv","tmdb_id":7239},{"type":"tv","tmdb_id":34539},{"type":"tv","tmdb_id":122965},{"type":"tv","tmdb_id":14031},{"type":"tv","tmdb_id":8335},{"type":"tv","tmdb_id":35159},{"type":"tv","tmdb_id":37279},{"type":"tv","tmdb_id":1106},{"type":"tv","tmdb_id":2955},{"type":"tv","tmdb_id":113531},{"type":"tv","tmdb_id":258450},{"type":"tv","tmdb_id":2587},{"type":"tv","tmdb_id":569},{"type":"tv","tmdb_id":213468},{"type":"tv","tmdb_id":220008},{"type":"tv","tmdb_id":116007},{"type":"tv","tmdb_id":35731},{"type":"tv","tmdb_id":39348},{"type":"tv","tmdb_id":35771},{"type":"tv","tmdb_id":44231},{"type":"tv","tmdb_id":108230},{"type":"tv","tmdb_id":109207},{"type":"tv","tmdb_id":255965},{"type":"tv","tmdb_id":12284},{"type":"tv","tmdb_id":16613},{"type":"tv","tmdb_id":30901},{"type":"tv","tmdb_id":61155},{"type":"tv","tmdb_id":89053},{"type":"tv","tmdb_id":54151},{"type":"tv","tmdb_id":27841},{"type":"tv","tmdb_id":115024},{"type":"tv","tmdb_id":48692},{"type":"tv","tmdb_id":28469},{"type":"tv","tmdb_id":106790},{"type":"tv","tmdb_id":95010},{"type":"tv","tmdb_id":26682},{"type":"tv","tmdb_id":3548},{"type":"tv","tmdb_id":69},{"type":"tv","tmdb_id":14794},{"type":"tv","tmdb_id":909},{"type":"tv","tmdb_id":16654},{"type":"tv","tmdb_id":153277},{"type":"tv","tmdb_id":11203},{"type":"tv","tmdb_id":48771},{"type":"tv","tmdb_id":29457},{"type":"tv","tmdb_id":22859},{"type":"tv","tmdb_id":285901},{"type":"tv","tmdb_id":32107},{"type":"tv","tmdb_id":104582},{"type":"tv","tmdb_id":32500},{"type":"tv","tmdb_id":109217},{"type":"tv","tmdb_id":41214},{"type":"tv","tmdb_id":6349},{"type":"tv","tmdb_id":35862},{"type":"tv","tmdb_id":234552},{"type":"tv","tmdb_id":304},{"type":"tv","tmdb_id":25297},{"type":"tv","tmdb_id":100215},{"type":"tv","tmdb_id":119361},{"type":"tv","tmdb_id":1524},{"type":"tv","tmdb_id":81985},{"type":"tv","tmdb_id":9814},{"type":"tv","tmdb_id":104806},{"type":"tv","tmdb_id":4755},{"type":"tv","tmdb_id":25015},{"type":"tv","tmdb_id":130174},{"type":"tv","tmdb_id":66759},{"type":"tv","tmdb_id":36559},{"type":"tv","tmdb_id":4581},{"type":"tv","tmdb_id":222130},{"type":"tv","tmdb_id":303916},{"type":"tv","tmdb_id":254063},{"type":"tv","tmdb_id":34764},{"type":"tv","tmdb_id":101327},{"type":"tv","tmdb_id":5362},{"type":"tv","tmdb_id":10163},{"type":"tv","tmdb_id":33448},{"type":"tv","tmdb_id":17373},{"type":"tv","tmdb_id":70397},{"type":"tv","tmdb_id":229828},{"type":"tv","tmdb_id":109122},{"type":"tv","tmdb_id":26586},{"type":"tv","tmdb_id":110394},{"type":"tv","tmdb_id":123220},{"type":"tv","tmdb_id":28765},{"type":"tv","tmdb_id":194487},{"type":"tv","tmdb_id":73662},{"type":"tv","tmdb_id":22023},{"type":"tv","tmdb_id":123484},{"type":"tv","tmdb_id":105451},{"type":"tv","tmdb_id":54856},{"type":"tv","tmdb_id":11321},{"type":"tv","tmdb_id":29241},{"type":"tv","tmdb_id":2689},{"type":"tv","tmdb_id":61817},{"type":"tv","tmdb_id":2258},{"type":"tv","tmdb_id":17295},{"type":"tv","tmdb_id":99798},{"type":"tv","tmdb_id":110123},{"type":"tv","tmdb_id":252634},{"type":"tv","tmdb_id":97651},{"type":"tv","tmdb_id":35976},{"type":"tv","tmdb_id":46996},{"type":"tv","tmdb_id":43625},{"type":"tv","tmdb_id":9192},{"type":"tv","tmdb_id":43404},{"type":"tv","tmdb_id":22787},{"type":"tv","tmdb_id":28161},{"type":"tv","tmdb_id":13729},{"type":"tv","tmdb_id":26118},{"type":"tv","tmdb_id":31793},{"type":"tv","tmdb_id":87801},{"type":"tv","tmdb_id":54328},{"type":"tv","tmdb_id":111168},{"type":"tv","tmdb_id":36162},{"type":"tv","tmdb_id":105184},{"type":"tv","tmdb_id":95908},{"type":"tv","tmdb_id":29253},{"type":"tv","tmdb_id":299731},{"type":"tv","tmdb_id":114099},{"type":"tv","tmdb_id":10116},{"type":"tv","tmdb_id":6444},{"type":"tv","tmdb_id":12150},{"type":"tv","tmdb_id":85912},{"type":"tv","tmdb_id":134248},{"type":"tv","tmdb_id":58665},{"type":"tv","tmdb_id":34784},{"type":"tv","tmdb_id":209234},{"type":"tv","tmdb_id":295793},{"type":"tv","tmdb_id":44942},{"type":"tv","tmdb_id":14281},{"type":"tv","tmdb_id":73964},{"type":"tv","tmdb_id":153728},{"type":"tv","tmdb_id":27509},{"type":"tv","tmdb_id":81630},{"type":"tv","tmdb_id":99471},{"type":"tv","tmdb_id":283634},{"type":"tv","tmdb_id":201713},{"type":"tv","tmdb_id":62828},{"type":"tv","tmdb_id":30379},{"type":"tv","tmdb_id":20577},{"type":"tv","tmdb_id":309227},{"type":"tv","tmdb_id":42865},{"type":"tv","tmdb_id":36030},{"type":"tv","tmdb_id":52715},{"type":"tv","tmdb_id":123051},{"type":"tv","tmdb_id":79443},{"type":"tv","tmdb_id":16601},{"type":"tv","tmdb_id":16305},{"type":"tv","tmdb_id":10089},{"type":"tv","tmdb_id":2792},{"type":"tv","tmdb_id":71240},{"type":"tv","tmdb_id":1630},{"type":"tv","tmdb_id":9326},{"type":"tv","tmdb_id":122844},{"type":"tv","tmdb_id":82649},{"type":"tv","tmdb_id":48848},{"type":"tv","tmdb_id":4410},{"type":"tv","tmdb_id":52725},{"type":"tv","tmdb_id":36328},{"type":"tv","tmdb_id":3842},{"type":"tv","tmdb_id":96626},{"type":"tv","tmdb_id":12099},{"type":"tv","tmdb_id":127025},{"type":"tv","tmdb_id":90442},{"type":"tv","tmdb_id":236029},{"type":"tv","tmdb_id":289002},{"type":"tv","tmdb_id":122400},{"type":"tv","tmdb_id":13581},{"type":"tv","tmdb_id":111757},{"type":"tv","tmdb_id":174},{"type":"tv","tmdb_id":35659},{"type":"tv","tmdb_id":54070},{"type":"tv","tmdb_id":37948},{"type":"tv","tmdb_id":229959},{"type":"tv","tmdb_id":233826},{"type":"tv","tmdb_id":847},{"type":"tv","tmdb_id":98815},{"type":"tv","tmdb_id":4048},{"type":"tv","tmdb_id":1623},{"type":"tv","tmdb_id":16032},{"type":"tv","tmdb_id":858},{"type":"tv","tmdb_id":14713},{"type":"tv","tmdb_id":39820},{"type":"tv","tmdb_id":248545},{"type":"tv","tmdb_id":36841},{"type":"tv","tmdb_id":23276},{"type":"tv","tmdb_id":36917},{"type":"tv","tmdb_id":17070},{"type":"tv","tmdb_id":223173},{"type":"tv","tmdb_id":5207},{"type":"tv","tmdb_id":234014},{"type":"tv","tmdb_id":17577},{"type":"tv","tmdb_id":1317},{"type":"tv","tmdb_id":25011},{"type":"tv","tmdb_id":36368},{"type":"tv","tmdb_id":6759},{"type":"tv","tmdb_id":7434},{"type":"tv","tmdb_id":3999},{"type":"tv","tmdb_id":1594},{"type":"tv","tmdb_id":36048},{"type":"tv","tmdb_id":122757},{"type":"tv","tmdb_id":218339},{"type":"tv","tmdb_id":108223},{"type":"tv","tmdb_id":73784},{"type":"tv","tmdb_id":9997},{"type":"tv","tmdb_id":30875},{"type":"tv","tmdb_id":277307},{"type":"tv","tmdb_id":35896},{"type":"tv","tmdb_id":36217},{"type":"tv","tmdb_id":104389},{"type":"tv","tmdb_id":108889},{"type":"tv","tmdb_id":88615},{"type":"tv","tmdb_id":83878},{"type":"tv","tmdb_id":216496},{"type":"tv","tmdb_id":230181},{"type":"tv","tmdb_id":247934},{"type":"tv","tmdb_id":72588},{"type":"tv","tmdb_id":13431},{"type":"tv","tmdb_id":6070},{"type":"tv","tmdb_id":9293},{"type":"tv","tmdb_id":11811},{"type":"tv","tmdb_id":123812},{"type":"tv","tmdb_id":135646},{"type":"tv","tmdb_id":41217},{"type":"tv","tmdb_id":24405},{"type":"tv","tmdb_id":32601},{"type":"tv","tmdb_id":11128},{"type":"tv","tmdb_id":47557},{"type":"tv","tmdb_id":122749},{"type":"tv","tmdb_id":36023},{"type":"tv","tmdb_id":8046},{"type":"tv","tmdb_id":79037},{"type":"tv","tmdb_id":19178},{"type":"tv","tmdb_id":3890},{"type":"tv","tmdb_id":100856},{"type":"tv","tmdb_id":70862},{"type":"tv","tmdb_id":10914},{"type":"tv","tmdb_id":55992},{"type":"tv","tmdb_id":10942},{"type":"tv","tmdb_id":15148},{"type":"tv","tmdb_id":14897},{"type":"tv","tmdb_id":35440},{"type":"tv","tmdb_id":153887},{"type":"tv","tmdb_id":108883},{"type":"tv","tmdb_id":42514},{"type":"tv","tmdb_id":31758},{"type":"tv","tmdb_id":128850},{"type":"tv","tmdb_id":289532},{"type":"tv","tmdb_id":57016},{"type":"tv","tmdb_id":3565},{"type":"tv","tmdb_id":93575},{"type":"tv","tmdb_id":4449},{"type":"tv","tmdb_id":28267},{"type":"tv","tmdb_id":107154},{"type":"tv","tmdb_id":105307},{"type":"tv","tmdb_id":22640},{"type":"tv","tmdb_id":209398},{"type":"tv","tmdb_id":16596},{"type":"tv","tmdb_id":11208},{"type":"tv","tmdb_id":113583},{"type":"tv","tmdb_id":23305},{"type":"tv","tmdb_id":229126},{"type":"tv","tmdb_id":75669},{"type":"tv","tmdb_id":73635},{"type":"tv","tmdb_id":62848},{"type":"tv","tmdb_id":27299},{"type":"tv","tmdb_id":76213},{"type":"tv","tmdb_id":31525},{"type":"tv","tmdb_id":202171},{"type":"tv","tmdb_id":46650},{"type":"tv","tmdb_id":238060},{"type":"tv","tmdb_id":12079},{"type":"tv","tmdb_id":253949},{"type":"tv","tmdb_id":122790},{"type":"tv","tmdb_id":3791},{"type":"tv","tmdb_id":32105},{"type":"tv","tmdb_id":101602},{"type":"tv","tmdb_id":285559},{"type":"tv","tmdb_id":216086},{"type":"tv","tmdb_id":9831},{"type":"tv","tmdb_id":20621},{"type":"tv","tmdb_id":16869},{"type":"tv","tmdb_id":121312},{"type":"tv","tmdb_id":41153},{"type":"tv","tmdb_id":34009},{"type":"tv","tmdb_id":158516},{"type":"tv","tmdb_id":51642},{"type":"tv","tmdb_id":2361}]}