{"ts":1771272144,"year":"2024","mode":"all","candidates":[{"type":"movie","tmdb_id":1194388},{"type":"movie","tmdb_id":1266990},{"type":"movie","tmdb_id":1326878},{"type":"movie","tmdb_id":1033462},{"type":"movie","tmdb_id":1241742},{"type":"movie","tmdb_id":533535},{"type":"movie","tmdb_id":693134},{"type":"movie","tmdb_id":1116465},{"type":"movie","tmdb_id":1302017},{"type":"movie","tmdb_id":933260},{"type":"movie","tmdb_id":912649},{"type":"movie","tmdb_id":1241982},{"type":"movie","tmdb_id":519182},{"type":"movie","tmdb_id":1022789},{"type":"movie","tmdb_id":402431},{"type":"movie","tmdb_id":939243},{"type":"movie","tmdb_id":558449},{"type":"movie","tmdb_id":945961},{"type":"movie","tmdb_id":1252428},{"type":"movie","tmdb_id":756397},{"type":"movie","tmdb_id":823464},{"type":"movie","tmdb_id":762509},{"type":"movie","tmdb_id":1156593},{"type":"movie","tmdb_id":823219},{"type":"movie","tmdb_id":1208284},{"type":"movie","tmdb_id":866398},{"type":"movie","tmdb_id":756397},{"type":"movie","tmdb_id":1252309},{"type":"movie","tmdb_id":539972},{"type":"movie","tmdb_id":845781},{"type":"movie","tmdb_id":653346},{"type":"movie","tmdb_id":786892},{"type":"movie","tmdb_id":426063},{"type":"movie","tmdb_id":1181765},{"type":"movie","tmdb_id":746036},{"type":"movie","tmdb_id":1011985},{"type":"movie","tmdb_id":1301122},{"type":"movie","tmdb_id":1064213},{"type":"movie","tmdb_id":1357633},{"type":"movie","tmdb_id":359410},{"type":"movie","tmdb_id":1241752},{"type":"movie","tmdb_id":1064213},{"type":"movie","tmdb_id":1357633},{"type":"movie","tmdb_id":661539},{"type":"movie","tmdb_id":1025527},{"type":"movie","tmdb_id":1084736},{"type":"movie","tmdb_id":1357886},{"type":"movie","tmdb_id":1138194},{"type":"movie","tmdb_id":762441},{"type":"movie","tmdb_id":1382406},{"type":"movie","tmdb_id":1128650},{"type":"movie","tmdb_id":1232449},{"type":"movie","tmdb_id":929590},{"type":"movie","tmdb_id":605722},{"type":"movie","tmdb_id":877817},{"type":"movie","tmdb_id":634492},{"type":"movie","tmdb_id":763215},{"type":"movie","tmdb_id":889737},{"type":"movie","tmdb_id":1186350},{"type":"movie","tmdb_id":748783},{"type":"movie","tmdb_id":1147266},{"type":"movie","tmdb_id":949709},{"type":"movie","tmdb_id":1208561},{"type":"movie","tmdb_id":1064028},{"type":"movie","tmdb_id":516729},{"type":"movie","tmdb_id":698687},{"type":"movie","tmdb_id":1266992},{"type":"movie","tmdb_id":1209770},{"type":"movie","tmdb_id":1154215},{"type":"movie","tmdb_id":974663},{"type":"movie","tmdb_id":1097549},{"type":"movie","tmdb_id":974576},{"type":"movie","tmdb_id":1202863},{"type":"movie","tmdb_id":1032823},{"type":"movie","tmdb_id":1182387},{"type":"movie","tmdb_id":1035048},{"type":"movie","tmdb_id":1034541},{"type":"movie","tmdb_id":957452},{"type":"movie","tmdb_id":1160956},{"type":"movie","tmdb_id":861451},{"type":"movie","tmdb_id":1226578},{"type":"movie","tmdb_id":1241894},{"type":"movie","tmdb_id":843527},{"type":"movie","tmdb_id":840705},{"type":"movie","tmdb_id":718821},{"type":"movie","tmdb_id":1337395},{"type":"movie","tmdb_id":917496},{"type":"movie","tmdb_id":1118031},{"type":"movie","tmdb_id":1196470},{"type":"movie","tmdb_id":1217690},{"type":"movie","tmdb_id":639720},{"type":"movie","tmdb_id":1100782},{"type":"movie","tmdb_id":799583},{"type":"movie","tmdb_id":1015539},{"type":"movie","tmdb_id":1096342},{"type":"movie","tmdb_id":1154304},{"type":"movie","tmdb_id":1114513},{"type":"movie","tmdb_id":839033},{"type":"movie","tmdb_id":967847},{"type":"movie","tmdb_id":1102493},{"type":"movie","tmdb_id":673593},{"type":"movie","tmdb_id":1005331},{"type":"movie","tmdb_id":1130276},{"type":"movie","tmdb_id":1400224},{"type":"movie","tmdb_id":1302011},{"type":"movie","tmdb_id":974635},{"type":"movie","tmdb_id":507241},{"type":"movie","tmdb_id":1371789},{"type":"movie","tmdb_id":1438030},{"type":"movie","tmdb_id":1111873},{"type":"movie","tmdb_id":1084222},{"type":"movie","tmdb_id":974950},{"type":"movie","tmdb_id":969492},{"type":"movie","tmdb_id":588648},{"type":"movie","tmdb_id":1208808},{"type":"movie","tmdb_id":937287},{"type":"movie","tmdb_id":1017163},{"type":"movie","tmdb_id":614933},{"type":"movie","tmdb_id":365177},{"type":"movie","tmdb_id":1166133},{"type":"movie","tmdb_id":1041613},{"type":"movie","tmdb_id":974453},{"type":"movie","tmdb_id":1291559},{"type":"movie","tmdb_id":974250},{"type":"movie","tmdb_id":1017163},{"type":"movie","tmdb_id":844185},{"type":"movie","tmdb_id":1159311},{"type":"movie","tmdb_id":1381067},{"type":"movie","tmdb_id":549509},{"type":"movie","tmdb_id":1082900},{"type":"movie","tmdb_id":870360},{"type":"movie","tmdb_id":1014590},{"type":"movie","tmdb_id":1147416},{"type":"movie","tmdb_id":848538},{"type":"movie","tmdb_id":936245},{"type":"movie","tmdb_id":1166133},{"type":"movie","tmdb_id":832964},{"type":"movie","tmdb_id":1008409},{"type":"movie","tmdb_id":838209},{"type":"movie","tmdb_id":1262983},{"type":"movie","tmdb_id":1129598},{"type":"movie","tmdb_id":1087822},{"type":"movie","tmdb_id":1100998},{"type":"movie","tmdb_id":1082195},{"type":"movie","tmdb_id":1106739},{"type":"movie","tmdb_id":848538},{"type":"movie","tmdb_id":1079346},{"type":"movie","tmdb_id":974262},{"type":"movie","tmdb_id":844185},{"type":"movie","tmdb_id":1010600},{"type":"movie","tmdb_id":1152619},{"type":"movie","tmdb_id":1272890},{"type":"movie","tmdb_id":1217379},{"type":"movie","tmdb_id":1278101},{"type":"movie","tmdb_id":1064307},{"type":"movie","tmdb_id":719221},{"type":"movie","tmdb_id":1302001},{"type":"movie","tmdb_id":1282138},{"type":"movie","tmdb_id":1072890},{"type":"movie","tmdb_id":1313330},{"type":"movie","tmdb_id":1114738},{"type":"movie","tmdb_id":1103835},{"type":"movie","tmdb_id":936245},{"type":"movie","tmdb_id":811941},{"type":"movie","tmdb_id":1313330},{"type":"movie","tmdb_id":1241750},{"type":"movie","tmdb_id":1179521},{"type":"movie","tmdb_id":1082195},{"type":"movie","tmdb_id":1043905},{"type":"movie","tmdb_id":938614},{"type":"movie","tmdb_id":1079091},{"type":"movie","tmdb_id":1260004},{"type":"movie","tmdb_id":1072890},{"type":"movie","tmdb_id":1086725},{"type":"movie","tmdb_id":1100099},{"type":"movie","tmdb_id":1096197},{"type":"movie","tmdb_id":1087388},{"type":"movie","tmdb_id":1276086},{"type":"movie","tmdb_id":1152619},{"type":"movie","tmdb_id":1144911},{"type":"movie","tmdb_id":1058537},{"type":"movie","tmdb_id":1052280},{"type":"movie","tmdb_id":1299046},{"type":"movie","tmdb_id":1160981},{"type":"movie","tmdb_id":1244492},{"type":"movie","tmdb_id":940139},{"type":"movie","tmdb_id":1226299},{"type":"movie","tmdb_id":1144911},{"type":"movie","tmdb_id":1164355},{"type":"movie","tmdb_id":832964},{"type":"movie","tmdb_id":1100099},{"type":"movie","tmdb_id":1094274},{"type":"movie","tmdb_id":1086725},{"type":"movie","tmdb_id":1333100},{"type":"movie","tmdb_id":843617},{"type":"movie","tmdb_id":1276086},{"type":"movie","tmdb_id":1325425},{"type":"movie","tmdb_id":1063875},{"type":"movie","tmdb_id":280180},{"type":"movie","tmdb_id":1201262},{"type":"movie","tmdb_id":1048241},{"type":"movie","tmdb_id":1290547},{"type":"movie","tmdb_id":1002155},{"type":"movie","tmdb_id":955916},{"type":"movie","tmdb_id":1337395},{"type":"movie","tmdb_id":1094274},{"type":"movie","tmdb_id":1151244},{"type":"movie","tmdb_id":1244872},{"type":"movie","tmdb_id":858017},{"type":"movie","tmdb_id":1387421},{"type":"movie","tmdb_id":1125510},{"type":"movie","tmdb_id":1094473},{"type":"movie","tmdb_id":1288194},{"type":"movie","tmdb_id":1261333},{"type":"movie","tmdb_id":1257407},{"type":"movie","tmdb_id":1226299},{"type":"movie","tmdb_id":1299046},{"type":"movie","tmdb_id":437342},{"type":"movie","tmdb_id":1000837},{"type":"movie","tmdb_id":1008953},{"type":"movie","tmdb_id":1372059},{"type":"movie","tmdb_id":991754},{"type":"movie","tmdb_id":1280468},{"type":"movie","tmdb_id":934632},{"type":"movie","tmdb_id":1013850},{"type":"movie","tmdb_id":1245827},{"type":"movie","tmdb_id":976734},{"type":"movie","tmdb_id":1125510},{"type":"movie","tmdb_id":1356070},{"type":"movie","tmdb_id":1023922},{"type":"movie","tmdb_id":1026821},{"type":"movie","tmdb_id":1124641},{"type":"movie","tmdb_id":1387421},{"type":"movie","tmdb_id":1321902},{"type":"movie","tmdb_id":1116490},{"type":"movie","tmdb_id":1113583},{"type":"movie","tmdb_id":437342},{"type":"movie","tmdb_id":971468},{"type":"movie","tmdb_id":1032472},{"type":"movie","tmdb_id":1236295},{"type":"movie","tmdb_id":1317218},{"type":"movie","tmdb_id":706693},{"type":"movie","tmdb_id":1261333},{"type":"movie","tmdb_id":1069945},{"type":"movie","tmdb_id":1094138},{"type":"movie","tmdb_id":1269021},{"type":"movie","tmdb_id":965222},{"type":"movie","tmdb_id":955916},{"type":"movie","tmdb_id":1252552},{"type":"movie","tmdb_id":1151244},{"type":"movie","tmdb_id":1167351},{"type":"movie","tmdb_id":947674},{"type":"movie","tmdb_id":1014505},{"type":"movie","tmdb_id":1139937},{"type":"movie","tmdb_id":1002155},{"type":"movie","tmdb_id":1331375},{"type":"movie","tmdb_id":1051486},{"type":"movie","tmdb_id":1000837},{"type":"movie","tmdb_id":858017},{"type":"movie","tmdb_id":1312646},{"type":"movie","tmdb_id":395817},{"type":"movie","tmdb_id":1029955},{"type":"movie","tmdb_id":1132634},{"type":"movie","tmdb_id":1115830},{"type":"movie","tmdb_id":1198426},{"type":"movie","tmdb_id":948549},{"type":"movie","tmdb_id":984324},{"type":"movie","tmdb_id":882059},{"type":"movie","tmdb_id":762769},{"type":"movie","tmdb_id":646097},{"type":"movie","tmdb_id":953713},{"type":"movie","tmdb_id":1188258},{"type":"movie","tmdb_id":1267248},{"type":"movie","tmdb_id":760147},{"type":"movie","tmdb_id":749116},{"type":"movie","tmdb_id":1090874},{"type":"movie","tmdb_id":1216191},{"type":"movie","tmdb_id":1270384},{"type":"movie","tmdb_id":1104844},{"type":"movie","tmdb_id":1256604},{"type":"movie","tmdb_id":1217048},{"type":"movie","tmdb_id":1094556},{"type":"movie","tmdb_id":970347},{"type":"movie","tmdb_id":1219158},{"type":"movie","tmdb_id":1078249},{"type":"movie","tmdb_id":826510},{"type":"movie","tmdb_id":947674},{"type":"movie","tmdb_id":1221677},{"type":"movie","tmdb_id":1166589},{"type":"movie","tmdb_id":1115830},{"type":"movie","tmdb_id":1312646},{"type":"movie","tmdb_id":1214469},{"type":"movie","tmdb_id":965222},{"type":"movie","tmdb_id":999582},{"type":"movie","tmdb_id":1148677},{"type":"movie","tmdb_id":1029955},{"type":"movie","tmdb_id":1267248},{"type":"movie","tmdb_id":748230},{"type":"movie","tmdb_id":762769},{"type":"movie","tmdb_id":927342},{"type":"movie","tmdb_id":1081680},{"type":"movie","tmdb_id":1221677},{"type":"movie","tmdb_id":953928},{"type":"movie","tmdb_id":959604},{"type":"movie","tmdb_id":1072876},{"type":"movie","tmdb_id":1214469},{"type":"movie","tmdb_id":1278263},{"type":"movie","tmdb_id":1142101},{"type":"movie","tmdb_id":1094556},{"type":"movie","tmdb_id":1214138},{"type":"movie","tmdb_id":1131279},{"type":"movie","tmdb_id":592983},{"type":"movie","tmdb_id":1411460},{"type":"movie","tmdb_id":1142493},{"type":"movie","tmdb_id":1395724},{"type":"movie","tmdb_id":1356236},{"type":"movie","tmdb_id":1290287},{"type":"movie","tmdb_id":1139829},{"type":"movie","tmdb_id":1072342},{"type":"movie","tmdb_id":1280518},{"type":"movie","tmdb_id":1214489},{"type":"movie","tmdb_id":1356236},{"type":"movie","tmdb_id":1278263},{"type":"movie","tmdb_id":1094556},{"type":"movie","tmdb_id":1242886},{"type":"movie","tmdb_id":1404948},{"type":"movie","tmdb_id":1139937},{"type":"movie","tmdb_id":1526789},{"type":"movie","tmdb_id":916588},{"type":"movie","tmdb_id":971968},{"type":"movie","tmdb_id":1352757},{"type":"movie","tmdb_id":1374584},{"type":"movie","tmdb_id":1201387},{"type":"movie","tmdb_id":1230085},{"type":"movie","tmdb_id":1411460},{"type":"movie","tmdb_id":998846},{"type":"movie","tmdb_id":1014505},{"type":"movie","tmdb_id":1290287},{"type":"movie","tmdb_id":1147598},{"type":"movie","tmdb_id":1369965},{"type":"movie","tmdb_id":1012201},{"type":"movie","tmdb_id":947478},{"type":"movie","tmdb_id":1228682},{"type":"movie","tmdb_id":1148677},{"type":"movie","tmdb_id":618588},{"type":"movie","tmdb_id":1332994},{"type":"movie","tmdb_id":1402269},{"type":"movie","tmdb_id":1309769},{"type":"movie","tmdb_id":1299652},{"type":"movie","tmdb_id":1018317},{"type":"movie","tmdb_id":1263421},{"type":"movie","tmdb_id":849509},{"type":"movie","tmdb_id":1337397},{"type":"movie","tmdb_id":1301994},{"type":"movie","tmdb_id":932086},{"type":"movie","tmdb_id":1217048},{"type":"movie","tmdb_id":567811},{"type":"movie","tmdb_id":995926},{"type":"movie","tmdb_id":1370702},{"type":"movie","tmdb_id":1122715},{"type":"movie","tmdb_id":1228682},{"type":"movie","tmdb_id":567811},{"type":"movie","tmdb_id":395817},{"type":"movie","tmdb_id":1223460},{"type":"movie","tmdb_id":1209217},{"type":"movie","tmdb_id":989730},{"type":"movie","tmdb_id":953928},{"type":"movie","tmdb_id":1059064},{"type":"movie","tmdb_id":1332994},{"type":"movie","tmdb_id":1142101},{"type":"movie","tmdb_id":1256604},{"type":"movie","tmdb_id":1383557},{"type":"movie","tmdb_id":947478},{"type":"movie","tmdb_id":1311844},{"type":"movie","tmdb_id":1252896},{"type":"movie","tmdb_id":1081680},{"type":"movie","tmdb_id":1360304},{"type":"movie","tmdb_id":1321818},{"type":"movie","tmdb_id":1025463},{"type":"movie","tmdb_id":1018317},{"type":"movie","tmdb_id":1280483},{"type":"movie","tmdb_id":1243124},{"type":"movie","tmdb_id":1120911},{"type":"movie","tmdb_id":1236295},{"type":"movie","tmdb_id":1285834},{"type":"movie","tmdb_id":1266356},{"type":"movie","tmdb_id":1123282},{"type":"movie","tmdb_id":1026821},{"type":"movie","tmdb_id":1048923},{"type":"movie","tmdb_id":1253371},{"type":"movie","tmdb_id":1059128},{"type":"movie","tmdb_id":1341770},{"type":"movie","tmdb_id":1385363},{"type":"movie","tmdb_id":1179231},{"type":"movie","tmdb_id":1367922},{"type":"movie","tmdb_id":1263868},{"type":"movie","tmdb_id":1094138},{"type":"movie","tmdb_id":1105407},{"type":"movie","tmdb_id":1362008},{"type":"movie","tmdb_id":835113},{"type":"movie","tmdb_id":1352757},{"type":"movie","tmdb_id":1253371},{"type":"movie","tmdb_id":1404948},{"type":"movie","tmdb_id":1272948},{"type":"movie","tmdb_id":1403213},{"type":"movie","tmdb_id":1383557},{"type":"movie","tmdb_id":1276050},{"type":"movie","tmdb_id":1047373},{"type":"movie","tmdb_id":1059064},{"type":"movie","tmdb_id":616446},{"type":"movie","tmdb_id":803690},{"type":"movie","tmdb_id":1361232},{"type":"movie","tmdb_id":1067341},{"type":"movie","tmdb_id":1072097},{"type":"movie","tmdb_id":1201387},{"type":"movie","tmdb_id":1123050},{"type":"movie","tmdb_id":1283819},{"type":"movie","tmdb_id":1077782},{"type":"movie","tmdb_id":983521},{"type":"movie","tmdb_id":1151949},{"type":"movie","tmdb_id":1285660},{"type":"movie","tmdb_id":1396794},{"type":"movie","tmdb_id":1211233},{"type":"movie","tmdb_id":1250786},{"type":"movie","tmdb_id":1380003},{"type":"movie","tmdb_id":848439},{"type":"movie","tmdb_id":1266528},{"type":"movie","tmdb_id":1001323},{"type":"movie","tmdb_id":1179231},{"type":"movie","tmdb_id":1215162},{"type":"movie","tmdb_id":1082942},{"type":"movie","tmdb_id":1235623},{"type":"movie","tmdb_id":1155058},{"type":"movie","tmdb_id":1262310},{"type":"movie","tmdb_id":1005972},{"type":"movie","tmdb_id":1167271},{"type":"movie","tmdb_id":1109406},{"type":"movie","tmdb_id":1079485},{"type":"movie","tmdb_id":1084066},{"type":"movie","tmdb_id":1165466},{"type":"movie","tmdb_id":1318096},{"type":"movie","tmdb_id":1059073},{"type":"movie","tmdb_id":1310906},{"type":"movie","tmdb_id":848439},{"type":"movie","tmdb_id":1396794},{"type":"movie","tmdb_id":1283819},{"type":"movie","tmdb_id":1152442},{"type":"movie","tmdb_id":1079485},{"type":"movie","tmdb_id":1202372},{"type":"movie","tmdb_id":1396888},{"type":"movie","tmdb_id":1066262},{"type":"movie","tmdb_id":1292252},{"type":"movie","tmdb_id":1082942},{"type":"movie","tmdb_id":1353467},{"type":"movie","tmdb_id":1301994},{"type":"movie","tmdb_id":1081077},{"type":"movie","tmdb_id":1234905},{"type":"movie","tmdb_id":1393375},{"type":"movie","tmdb_id":975511},{"type":"movie","tmdb_id":1018728},{"type":"movie","tmdb_id":1202372},{"type":"movie","tmdb_id":1374584},{"type":"movie","tmdb_id":1214489},{"type":"movie","tmdb_id":1086867},{"type":"movie","tmdb_id":1059643},{"type":"movie","tmdb_id":1175094},{"type":"movie","tmdb_id":1155089},{"type":"movie","tmdb_id":1241405},{"type":"movie","tmdb_id":1369907},{"type":"movie","tmdb_id":1026436},{"type":"movie","tmdb_id":1045931},{"type":"movie","tmdb_id":975511},{"type":"movie","tmdb_id":1059073},{"type":"movie","tmdb_id":1062276},{"type":"movie","tmdb_id":1287875},{"type":"movie","tmdb_id":1247597},{"type":"movie","tmdb_id":959098},{"type":"movie","tmdb_id":1424478},{"type":"movie","tmdb_id":787174},{"type":"movie","tmdb_id":1002398},{"type":"movie","tmdb_id":1215162},{"type":"movie","tmdb_id":1287875},{"type":"movie","tmdb_id":959098},{"type":"movie","tmdb_id":1424478},{"type":"movie","tmdb_id":1232827},{"type":"movie","tmdb_id":787174},{"type":"movie","tmdb_id":1002398},{"type":"movie","tmdb_id":879972},{"type":"movie","tmdb_id":1318096},{"type":"movie","tmdb_id":1155090},{"type":"movie","tmdb_id":947891},{"type":"movie","tmdb_id":472221},{"type":"movie","tmdb_id":1286824},{"type":"movie","tmdb_id":1377505},{"type":"movie","tmdb_id":1163953},{"type":"movie","tmdb_id":1393375},{"type":"movie","tmdb_id":715949},{"type":"movie","tmdb_id":1305009},{"type":"movie","tmdb_id":1396159},{"type":"movie","tmdb_id":1298727},{"type":"movie","tmdb_id":1044741},{"type":"movie","tmdb_id":1283096},{"type":"movie","tmdb_id":957304},{"type":"movie","tmdb_id":1034658},{"type":"movie","tmdb_id":1285834},{"type":"movie","tmdb_id":1312297},{"type":"movie","tmdb_id":1273680},{"type":"movie","tmdb_id":1274146},{"type":"movie","tmdb_id":1319614},{"type":"movie","tmdb_id":1307300},{"type":"movie","tmdb_id":1292252},{"type":"movie","tmdb_id":1424783},{"type":"movie","tmdb_id":1264854},{"type":"movie","tmdb_id":1369630},{"type":"movie","tmdb_id":1301988},{"type":"movie","tmdb_id":1046183},{"type":"movie","tmdb_id":1301494},{"type":"movie","tmdb_id":1295759},{"type":"movie","tmdb_id":1270342},{"type":"movie","tmdb_id":988361},{"type":"movie","tmdb_id":1378238},{"type":"movie","tmdb_id":1373687},{"type":"movie","tmdb_id":1442776},{"type":"movie","tmdb_id":1243124},{"type":"movie","tmdb_id":989730},{"type":"movie","tmdb_id":1208900},{"type":"movie","tmdb_id":1357609},{"type":"movie","tmdb_id":1298176},{"type":"movie","tmdb_id":1432899},{"type":"movie","tmdb_id":1284363},{"type":"movie","tmdb_id":1026819},{"type":"movie","tmdb_id":999621},{"type":"movie","tmdb_id":1150366},{"type":"movie","tmdb_id":1241933},{"type":"movie","tmdb_id":1470051},{"type":"movie","tmdb_id":1093974},{"type":"movie","tmdb_id":1315726},{"type":"movie","tmdb_id":1361975},{"type":"movie","tmdb_id":1083129},{"type":"movie","tmdb_id":1287757},{"type":"movie","tmdb_id":1239119},{"type":"movie","tmdb_id":1278335},{"type":"movie","tmdb_id":1260594},{"type":"movie","tmdb_id":1177076},{"type":"movie","tmdb_id":1457779},{"type":"movie","tmdb_id":1363767},{"type":"movie","tmdb_id":1365196},{"type":"movie","tmdb_id":1247538},{"type":"movie","tmdb_id":998846},{"type":"movie","tmdb_id":1120911},{"type":"movie","tmdb_id":1310502},{"type":"movie","tmdb_id":1379587},{"type":"movie","tmdb_id":1081077},{"type":"movie","tmdb_id":1249385},{"type":"movie","tmdb_id":1245087},{"type":"movie","tmdb_id":1380486},{"type":"movie","tmdb_id":1271954},{"type":"movie","tmdb_id":1310672},{"type":"movie","tmdb_id":955424},{"type":"movie","tmdb_id":1013247},{"type":"movie","tmdb_id":1233269},{"type":"movie","tmdb_id":1310502},{"type":"movie","tmdb_id":1379587},{"type":"movie","tmdb_id":1081077},{"type":"movie","tmdb_id":829402},{"type":"movie","tmdb_id":1249385},{"type":"movie","tmdb_id":1380486},{"type":"movie","tmdb_id":1271954},{"type":"movie","tmdb_id":1310672},{"type":"movie","tmdb_id":955424},{"type":"movie","tmdb_id":1241320},{"type":"movie","tmdb_id":1177076},{"type":"movie","tmdb_id":1193120},{"type":"movie","tmdb_id":974036},{"type":"movie","tmdb_id":1286594},{"type":"movie","tmdb_id":1096531},{"type":"movie","tmdb_id":1097870},{"type":"movie","tmdb_id":1235770},{"type":"movie","tmdb_id":1318456},{"type":"movie","tmdb_id":607338},{"type":"movie","tmdb_id":1244568},{"type":"movie","tmdb_id":1233269},{"type":"movie","tmdb_id":626412},{"type":"movie","tmdb_id":1303259},{"type":"movie","tmdb_id":1219556},{"type":"movie","tmdb_id":1252849},{"type":"movie","tmdb_id":1126357},{"type":"movie","tmdb_id":1535997},{"type":"movie","tmdb_id":1242590},{"type":"movie","tmdb_id":1376977},{"type":"movie","tmdb_id":1356246},{"type":"movie","tmdb_id":976576},{"type":"movie","tmdb_id":1304039},{"type":"movie","tmdb_id":1114137},{"type":"movie","tmdb_id":1276169},{"type":"movie","tmdb_id":1382135},{"type":"movie","tmdb_id":1379030},{"type":"movie","tmdb_id":1302846},{"type":"movie","tmdb_id":1214478},{"type":"movie","tmdb_id":1105407},{"type":"tv","tmdb_id":106379},{"type":"tv","tmdb_id":226637},{"type":"tv","tmdb_id":127532},{"type":"tv","tmdb_id":213306},{"type":"tv","tmdb_id":157741},{"type":"tv","tmdb_id":211288},{"type":"tv","tmdb_id":274556},{"type":"tv","tmdb_id":239770},{"type":"tv","tmdb_id":139060},{"type":"tv","tmdb_id":241002},{"type":"tv","tmdb_id":246621},{"type":"tv","tmdb_id":242874},{"type":"tv","tmdb_id":94954},{"type":"tv","tmdb_id":222766},{"type":"tv","tmdb_id":126308},{"type":"tv","tmdb_id":207468},{"type":"tv","tmdb_id":239526},{"type":"tv","tmdb_id":271548},{"type":"tv","tmdb_id":259812},{"type":"tv","tmdb_id":242965},{"type":"tv","tmdb_id":257161},{"type":"tv","tmdb_id":108545},{"type":"tv","tmdb_id":229858},{"type":"tv","tmdb_id":223500},{"type":"tv","tmdb_id":240411},{"type":"tv","tmdb_id":259140},{"type":"tv","tmdb_id":225634},{"type":"tv","tmdb_id":236994},{"type":"tv","tmdb_id":226285},{"type":"tv","tmdb_id":243875},{"type":"tv","tmdb_id":236534},{"type":"tv","tmdb_id":245914},{"type":"tv","tmdb_id":138502},{"type":"tv","tmdb_id":235635},{"type":"tv","tmdb_id":249522},{"type":"tv","tmdb_id":274378},{"type":"tv","tmdb_id":271048},{"type":"tv","tmdb_id":244557},{"type":"tv","tmdb_id":194764},{"type":"tv","tmdb_id":219937},{"type":"tv","tmdb_id":248947},{"type":"tv","tmdb_id":242722},{"type":"tv","tmdb_id":272366},{"type":"tv","tmdb_id":237512},{"type":"tv","tmdb_id":226174},{"type":"tv","tmdb_id":138501},{"type":"tv","tmdb_id":213249},{"type":"tv","tmdb_id":82452},{"type":"tv","tmdb_id":207784},{"type":"tv","tmdb_id":215720},{"type":"tv","tmdb_id":201834},{"type":"tv","tmdb_id":216467},{"type":"tv","tmdb_id":196322},{"type":"tv","tmdb_id":242551},{"type":"tv","tmdb_id":249695},{"type":"tv","tmdb_id":125909},{"type":"tv","tmdb_id":256783},{"type":"tv","tmdb_id":94028},{"type":"tv","tmdb_id":245215},{"type":"tv","tmdb_id":46518},{"type":"tv","tmdb_id":230059},{"type":"tv","tmdb_id":240150},{"type":"tv","tmdb_id":228026},{"type":"tv","tmdb_id":245026},{"type":"tv","tmdb_id":259537},{"type":"tv","tmdb_id":245684},{"type":"tv","tmdb_id":242436},{"type":"tv","tmdb_id":248064},{"type":"tv","tmdb_id":241454},{"type":"tv","tmdb_id":114479},{"type":"tv","tmdb_id":262469},{"type":"tv","tmdb_id":238843},{"type":"tv","tmdb_id":241138},{"type":"tv","tmdb_id":90228},{"type":"tv","tmdb_id":206586},{"type":"tv","tmdb_id":229676},{"type":"tv","tmdb_id":241535},{"type":"tv","tmdb_id":236235},{"type":"tv","tmdb_id":215799},{"type":"tv","tmdb_id":236338},{"type":"tv","tmdb_id":261579},{"type":"tv","tmdb_id":202879},{"type":"tv","tmdb_id":219971},{"type":"tv","tmdb_id":219543},{"type":"tv","tmdb_id":202284},{"type":"tv","tmdb_id":114924},{"type":"tv","tmdb_id":258044},{"type":"tv","tmdb_id":207347},{"type":"tv","tmdb_id":249891},{"type":"tv","tmdb_id":221851},{"type":"tv","tmdb_id":234667},{"type":"tv","tmdb_id":271014},{"type":"tv","tmdb_id":261471},{"type":"tv","tmdb_id":257530},{"type":"tv","tmdb_id":258540},{"type":"tv","tmdb_id":222233},{"type":"tv","tmdb_id":233912},{"type":"tv","tmdb_id":240932},{"type":"tv","tmdb_id":250670},{"type":"tv","tmdb_id":243216},{"type":"tv","tmdb_id":211079},{"type":"tv","tmdb_id":220801},{"type":"tv","tmdb_id":202783},{"type":"tv","tmdb_id":234776},{"type":"tv","tmdb_id":234995},{"type":"tv","tmdb_id":237565},{"type":"tv","tmdb_id":201776},{"type":"tv","tmdb_id":204635},{"type":"tv","tmdb_id":197125},{"type":"tv","tmdb_id":235351},{"type":"tv","tmdb_id":237748},{"type":"tv","tmdb_id":156933},{"type":"tv","tmdb_id":213830},{"type":"tv","tmdb_id":122226},{"type":"tv","tmdb_id":243006},{"type":"tv","tmdb_id":234910},{"type":"tv","tmdb_id":158300},{"type":"tv","tmdb_id":218589},{"type":"tv","tmdb_id":245312},{"type":"tv","tmdb_id":230923},{"type":"tv","tmdb_id":203744},{"type":"tv","tmdb_id":250923},{"type":"tv","tmdb_id":247704},{"type":"tv","tmdb_id":247590},{"type":"tv","tmdb_id":236033},{"type":"tv","tmdb_id":247518},{"type":"tv","tmdb_id":245842},{"type":"tv","tmdb_id":246246},{"type":"tv","tmdb_id":220564},{"type":"tv","tmdb_id":216272},{"type":"tv","tmdb_id":235577},{"type":"tv","tmdb_id":270462},{"type":"tv","tmdb_id":251236},{"type":"tv","tmdb_id":218833},{"type":"tv","tmdb_id":253905},{"type":"tv","tmdb_id":252635},{"type":"tv","tmdb_id":215072},{"type":"tv","tmdb_id":229202},{"type":"tv","tmdb_id":239287},{"type":"tv","tmdb_id":247769},{"type":"tv","tmdb_id":237150},{"type":"tv","tmdb_id":228414},{"type":"tv","tmdb_id":206916},{"type":"tv","tmdb_id":118642},{"type":"tv","tmdb_id":243140},{"type":"tv","tmdb_id":235758},{"type":"tv","tmdb_id":216074},{"type":"tv","tmdb_id":241811},{"type":"tv","tmdb_id":249010},{"type":"tv","tmdb_id":252373},{"type":"tv","tmdb_id":230448},{"type":"tv","tmdb_id":258579},{"type":"tv","tmdb_id":273415},{"type":"tv","tmdb_id":241549},{"type":"tv","tmdb_id":212246},{"type":"tv","tmdb_id":245292},{"type":"tv","tmdb_id":249972},{"type":"tv","tmdb_id":130853},{"type":"tv","tmdb_id":240253},{"type":"tv","tmdb_id":251941},{"type":"tv","tmdb_id":220286},{"type":"tv","tmdb_id":236000},{"type":"tv","tmdb_id":224030},{"type":"tv","tmdb_id":252372},{"type":"tv","tmdb_id":229443},{"type":"tv","tmdb_id":226527},{"type":"tv","tmdb_id":239389},{"type":"tv","tmdb_id":243501},{"type":"tv","tmdb_id":240437},{"type":"tv","tmdb_id":254474},{"type":"tv","tmdb_id":244617},{"type":"tv","tmdb_id":132750},{"type":"tv","tmdb_id":250308},{"type":"tv","tmdb_id":218493},{"type":"tv","tmdb_id":274149},{"type":"tv","tmdb_id":247246},{"type":"tv","tmdb_id":227192},{"type":"tv","tmdb_id":237882},{"type":"tv","tmdb_id":220056},{"type":"tv","tmdb_id":117830},{"type":"tv","tmdb_id":243743},{"type":"tv","tmdb_id":227004},{"type":"tv","tmdb_id":157226},{"type":"tv","tmdb_id":237333},{"type":"tv","tmdb_id":232616},{"type":"tv","tmdb_id":243084},{"type":"tv","tmdb_id":239214},{"type":"tv","tmdb_id":244643},{"type":"tv","tmdb_id":222623},{"type":"tv","tmdb_id":218347},{"type":"tv","tmdb_id":252617},{"type":"tv","tmdb_id":251091},{"type":"tv","tmdb_id":133813},{"type":"tv","tmdb_id":263311},{"type":"tv","tmdb_id":228272},{"type":"tv","tmdb_id":211358},{"type":"tv","tmdb_id":247805},{"type":"tv","tmdb_id":131835},{"type":"tv","tmdb_id":147050},{"type":"tv","tmdb_id":261791},{"type":"tv","tmdb_id":223447},{"type":"tv","tmdb_id":226529},{"type":"tv","tmdb_id":255028},{"type":"tv","tmdb_id":257662},{"type":"tv","tmdb_id":213181},{"type":"tv","tmdb_id":259558},{"type":"tv","tmdb_id":237233},{"type":"tv","tmdb_id":209809},{"type":"tv","tmdb_id":254671},{"type":"tv","tmdb_id":239631},{"type":"tv","tmdb_id":251309},{"type":"tv","tmdb_id":243403},{"type":"tv","tmdb_id":237478},{"type":"tv","tmdb_id":214310},{"type":"tv","tmdb_id":243141},{"type":"tv","tmdb_id":222923},{"type":"tv","tmdb_id":241928},{"type":"tv","tmdb_id":225385},{"type":"tv","tmdb_id":157367},{"type":"tv","tmdb_id":238892},{"type":"tv","tmdb_id":245240},{"type":"tv","tmdb_id":258280},{"type":"tv","tmdb_id":229480},{"type":"tv","tmdb_id":256953},{"type":"tv","tmdb_id":234674},{"type":"tv","tmdb_id":230424},{"type":"tv","tmdb_id":239158},{"type":"tv","tmdb_id":236385},{"type":"tv","tmdb_id":245194},{"type":"tv","tmdb_id":221310},{"type":"tv","tmdb_id":240440},{"type":"tv","tmdb_id":218342},{"type":"tv","tmdb_id":235389},{"type":"tv","tmdb_id":241628},{"type":"tv","tmdb_id":240441},{"type":"tv","tmdb_id":251104},{"type":"tv","tmdb_id":29135},{"type":"tv","tmdb_id":129398},{"type":"tv","tmdb_id":255492},{"type":"tv","tmdb_id":256220},{"type":"tv","tmdb_id":243754},{"type":"tv","tmdb_id":254483},{"type":"tv","tmdb_id":228528},{"type":"tv","tmdb_id":250061},{"type":"tv","tmdb_id":242876},{"type":"tv","tmdb_id":259831},{"type":"tv","tmdb_id":212553},{"type":"tv","tmdb_id":244592},{"type":"tv","tmdb_id":259695},{"type":"tv","tmdb_id":207318},{"type":"tv","tmdb_id":202224},{"type":"tv","tmdb_id":206686},{"type":"tv","tmdb_id":248818},{"type":"tv","tmdb_id":232252},{"type":"tv","tmdb_id":252650},{"type":"tv","tmdb_id":204490},{"type":"tv","tmdb_id":259231},{"type":"tv","tmdb_id":228477},{"type":"tv","tmdb_id":259524},{"type":"tv","tmdb_id":236533},{"type":"tv","tmdb_id":277520},{"type":"tv","tmdb_id":259730},{"type":"tv","tmdb_id":254993},{"type":"tv","tmdb_id":157368},{"type":"tv","tmdb_id":231357},{"type":"tv","tmdb_id":258580},{"type":"tv","tmdb_id":232926},{"type":"tv","tmdb_id":242535},{"type":"tv","tmdb_id":228079},{"type":"tv","tmdb_id":234538},{"type":"tv","tmdb_id":243117},{"type":"tv","tmdb_id":232018},{"type":"tv","tmdb_id":131365},{"type":"tv","tmdb_id":250162},{"type":"tv","tmdb_id":239790},{"type":"tv","tmdb_id":229926},{"type":"tv","tmdb_id":244587},{"type":"tv","tmdb_id":240936},{"type":"tv","tmdb_id":139547},{"type":"tv","tmdb_id":230777},{"type":"tv","tmdb_id":208825},{"type":"tv","tmdb_id":245739},{"type":"tv","tmdb_id":243360},{"type":"tv","tmdb_id":289349},{"type":"tv","tmdb_id":227689},{"type":"tv","tmdb_id":233205},{"type":"tv","tmdb_id":271026},{"type":"tv","tmdb_id":248086},{"type":"tv","tmdb_id":221112},{"type":"tv","tmdb_id":243345},{"type":"tv","tmdb_id":206629},{"type":"tv","tmdb_id":158141},{"type":"tv","tmdb_id":250598},{"type":"tv","tmdb_id":256400},{"type":"tv","tmdb_id":206829},{"type":"tv","tmdb_id":240798},{"type":"tv","tmdb_id":102621},{"type":"tv","tmdb_id":212462},{"type":"tv","tmdb_id":219652},{"type":"tv","tmdb_id":222405},{"type":"tv","tmdb_id":200753},{"type":"tv","tmdb_id":234586},{"type":"tv","tmdb_id":238903},{"type":"tv","tmdb_id":241743},{"type":"tv","tmdb_id":207668},{"type":"tv","tmdb_id":242977},{"type":"tv","tmdb_id":131141},{"type":"tv","tmdb_id":257762},{"type":"tv","tmdb_id":240641},{"type":"tv","tmdb_id":212273},{"type":"tv","tmdb_id":237952},{"type":"tv","tmdb_id":241257},{"type":"tv","tmdb_id":244463},{"type":"tv","tmdb_id":248557},{"type":"tv","tmdb_id":261391},{"type":"tv","tmdb_id":239761},{"type":"tv","tmdb_id":228669},{"type":"tv","tmdb_id":247522},{"type":"tv","tmdb_id":214587},{"type":"tv","tmdb_id":230003},{"type":"tv","tmdb_id":200908},{"type":"tv","tmdb_id":240682},{"type":"tv","tmdb_id":272104},{"type":"tv","tmdb_id":240692},{"type":"tv","tmdb_id":246331},{"type":"tv","tmdb_id":216619},{"type":"tv","tmdb_id":224753},{"type":"tv","tmdb_id":211039},{"type":"tv","tmdb_id":239779},{"type":"tv","tmdb_id":218146},{"type":"tv","tmdb_id":253335},{"type":"tv","tmdb_id":202282},{"type":"tv","tmdb_id":218631},{"type":"tv","tmdb_id":240125},{"type":"tv","tmdb_id":208445},{"type":"tv","tmdb_id":210875},{"type":"tv","tmdb_id":231000},{"type":"tv","tmdb_id":259302},{"type":"tv","tmdb_id":254070},{"type":"tv","tmdb_id":271290},{"type":"tv","tmdb_id":245285},{"type":"tv","tmdb_id":233973},{"type":"tv","tmdb_id":138492},{"type":"tv","tmdb_id":222787},{"type":"tv","tmdb_id":247721},{"type":"tv","tmdb_id":251005},{"type":"tv","tmdb_id":258902},{"type":"tv","tmdb_id":209916},{"type":"tv","tmdb_id":97333},{"type":"tv","tmdb_id":259786},{"type":"tv","tmdb_id":240667},{"type":"tv","tmdb_id":254896},{"type":"tv","tmdb_id":236300},{"type":"tv","tmdb_id":210098},{"type":"tv","tmdb_id":238848},{"type":"tv","tmdb_id":272512},{"type":"tv","tmdb_id":237853},{"type":"tv","tmdb_id":261615},{"type":"tv","tmdb_id":259789},{"type":"tv","tmdb_id":245325},{"type":"tv","tmdb_id":274260},{"type":"tv","tmdb_id":259787},{"type":"tv","tmdb_id":155533},{"type":"tv","tmdb_id":245204},{"type":"tv","tmdb_id":231749},{"type":"tv","tmdb_id":237964},{"type":"tv","tmdb_id":238128},{"type":"tv","tmdb_id":260214},{"type":"tv","tmdb_id":245256},{"type":"tv","tmdb_id":211705},{"type":"tv","tmdb_id":209332},{"type":"tv","tmdb_id":260505},{"type":"tv","tmdb_id":258821},{"type":"tv","tmdb_id":247376},{"type":"tv","tmdb_id":242865},{"type":"tv","tmdb_id":247441},{"type":"tv","tmdb_id":214032},{"type":"tv","tmdb_id":245830},{"type":"tv","tmdb_id":243028},{"type":"tv","tmdb_id":257048},{"type":"tv","tmdb_id":202667},{"type":"tv","tmdb_id":197848},{"type":"tv","tmdb_id":255107},{"type":"tv","tmdb_id":207333},{"type":"tv","tmdb_id":156057},{"type":"tv","tmdb_id":223329},{"type":"tv","tmdb_id":248817},{"type":"tv","tmdb_id":217667},{"type":"tv","tmdb_id":252649},{"type":"tv","tmdb_id":212588},{"type":"tv","tmdb_id":259788},{"type":"tv","tmdb_id":248984},{"type":"tv","tmdb_id":239161},{"type":"tv","tmdb_id":156484},{"type":"tv","tmdb_id":157569},{"type":"tv","tmdb_id":120549},{"type":"tv","tmdb_id":254532},{"type":"tv","tmdb_id":280799},{"type":"tv","tmdb_id":239005},{"type":"tv","tmdb_id":248155},{"type":"tv","tmdb_id":246029},{"type":"tv","tmdb_id":240439},{"type":"tv","tmdb_id":227837},{"type":"tv","tmdb_id":249906},{"type":"tv","tmdb_id":207334},{"type":"tv","tmdb_id":311088},{"type":"tv","tmdb_id":123625},{"type":"tv","tmdb_id":208921},{"type":"tv","tmdb_id":258384},{"type":"tv","tmdb_id":247453},{"type":"tv","tmdb_id":230069},{"type":"tv","tmdb_id":252636},{"type":"tv","tmdb_id":241269},{"type":"tv","tmdb_id":254039},{"type":"tv","tmdb_id":245328},{"type":"tv","tmdb_id":214087},{"type":"tv","tmdb_id":256610},{"type":"tv","tmdb_id":203413},{"type":"tv","tmdb_id":252788},{"type":"tv","tmdb_id":236234},{"type":"tv","tmdb_id":205743},{"type":"tv","tmdb_id":256429},{"type":"tv","tmdb_id":241613},{"type":"tv","tmdb_id":255086},{"type":"tv","tmdb_id":253896},{"type":"tv","tmdb_id":197459},{"type":"tv","tmdb_id":255074},{"type":"tv","tmdb_id":255868},{"type":"tv","tmdb_id":210355},{"type":"tv","tmdb_id":208942},{"type":"tv","tmdb_id":243452},{"type":"tv","tmdb_id":262299},{"type":"tv","tmdb_id":222289},{"type":"tv","tmdb_id":241259},{"type":"tv","tmdb_id":244672},{"type":"tv","tmdb_id":230697},{"type":"tv","tmdb_id":261510},{"type":"tv","tmdb_id":197543},{"type":"tv","tmdb_id":205599},{"type":"tv","tmdb_id":221550},{"type":"tv","tmdb_id":251883},{"type":"tv","tmdb_id":247885},{"type":"tv","tmdb_id":272968},{"type":"tv","tmdb_id":229160},{"type":"tv","tmdb_id":241548},{"type":"tv","tmdb_id":254514},{"type":"tv","tmdb_id":230823},{"type":"tv","tmdb_id":235586},{"type":"tv","tmdb_id":225120},{"type":"tv","tmdb_id":222176},{"type":"tv","tmdb_id":241021},{"type":"tv","tmdb_id":260689},{"type":"tv","tmdb_id":227854},{"type":"tv","tmdb_id":243832},{"type":"tv","tmdb_id":234721},{"type":"tv","tmdb_id":241555},{"type":"tv","tmdb_id":237338},{"type":"tv","tmdb_id":248579},{"type":"tv","tmdb_id":277238},{"type":"tv","tmdb_id":249542},{"type":"tv","tmdb_id":99787},{"type":"tv","tmdb_id":246748},{"type":"tv","tmdb_id":259131},{"type":"tv","tmdb_id":246492},{"type":"tv","tmdb_id":283538},{"type":"tv","tmdb_id":275624},{"type":"tv","tmdb_id":260875},{"type":"tv","tmdb_id":203667},{"type":"tv","tmdb_id":275735},{"type":"tv","tmdb_id":254987},{"type":"tv","tmdb_id":255684},{"type":"tv","tmdb_id":157432},{"type":"tv","tmdb_id":231873},{"type":"tv","tmdb_id":154084},{"type":"tv","tmdb_id":261846},{"type":"tv","tmdb_id":194741},{"type":"tv","tmdb_id":244621},{"type":"tv","tmdb_id":252318},{"type":"tv","tmdb_id":195305},{"type":"tv","tmdb_id":244326},{"type":"tv","tmdb_id":205672},{"type":"tv","tmdb_id":257221},{"type":"tv","tmdb_id":237330},{"type":"tv","tmdb_id":277590},{"type":"tv","tmdb_id":235505},{"type":"tv","tmdb_id":236996},{"type":"tv","tmdb_id":245841},{"type":"tv","tmdb_id":262831},{"type":"tv","tmdb_id":252020},{"type":"tv","tmdb_id":256116},{"type":"tv","tmdb_id":224752},{"type":"tv","tmdb_id":261403},{"type":"tv","tmdb_id":224732},{"type":"tv","tmdb_id":222930},{"type":"tv","tmdb_id":224882},{"type":"tv","tmdb_id":244207},{"type":"tv","tmdb_id":261918},{"type":"tv","tmdb_id":238585},{"type":"tv","tmdb_id":236617},{"type":"tv","tmdb_id":274926},{"type":"tv","tmdb_id":233960},{"type":"tv","tmdb_id":246273},{"type":"tv","tmdb_id":253760},{"type":"tv","tmdb_id":209226},{"type":"tv","tmdb_id":203946},{"type":"tv","tmdb_id":223397},{"type":"tv","tmdb_id":236532},{"type":"tv","tmdb_id":229036},{"type":"tv","tmdb_id":242101},{"type":"tv","tmdb_id":292861},{"type":"tv","tmdb_id":233971},{"type":"tv","tmdb_id":244377},{"type":"tv","tmdb_id":197124},{"type":"tv","tmdb_id":224024},{"type":"tv","tmdb_id":240114},{"type":"tv","tmdb_id":273801},{"type":"tv","tmdb_id":105532},{"type":"tv","tmdb_id":213882},{"type":"tv","tmdb_id":245500},{"type":"tv","tmdb_id":229906},{"type":"tv","tmdb_id":272357},{"type":"tv","tmdb_id":242392},{"type":"tv","tmdb_id":137893},{"type":"tv","tmdb_id":204136},{"type":"tv","tmdb_id":248866},{"type":"tv","tmdb_id":236144},{"type":"tv","tmdb_id":274326},{"type":"tv","tmdb_id":211169},{"type":"tv","tmdb_id":224633},{"type":"tv","tmdb_id":271152},{"type":"tv","tmdb_id":241112},{"type":"tv","tmdb_id":221585},{"type":"tv","tmdb_id":253645},{"type":"tv","tmdb_id":240576},{"type":"tv","tmdb_id":211180},{"type":"tv","tmdb_id":248276},{"type":"tv","tmdb_id":253767},{"type":"tv","tmdb_id":206630},{"type":"tv","tmdb_id":262954},{"type":"tv","tmdb_id":263089},{"type":"tv","tmdb_id":236530},{"type":"tv","tmdb_id":235998},{"type":"tv","tmdb_id":243761},{"type":"tv","tmdb_id":241473},{"type":"tv","tmdb_id":241485},{"type":"tv","tmdb_id":273168},{"type":"tv","tmdb_id":242143},{"type":"tv","tmdb_id":280883},{"type":"tv","tmdb_id":275176},{"type":"tv","tmdb_id":233954},{"type":"tv","tmdb_id":214945},{"type":"tv","tmdb_id":245652},{"type":"tv","tmdb_id":241507},{"type":"tv","tmdb_id":254850},{"type":"tv","tmdb_id":236930},{"type":"tv","tmdb_id":242476},{"type":"tv","tmdb_id":236356},{"type":"tv","tmdb_id":240909},{"type":"tv","tmdb_id":239053},{"type":"tv","tmdb_id":252605},{"type":"tv","tmdb_id":244624},{"type":"tv","tmdb_id":219532},{"type":"tv","tmdb_id":259666},{"type":"tv","tmdb_id":237339},{"type":"tv","tmdb_id":275892},{"type":"tv","tmdb_id":256235},{"type":"tv","tmdb_id":257276},{"type":"tv","tmdb_id":259361},{"type":"tv","tmdb_id":235978},{"type":"tv","tmdb_id":252904},{"type":"tv","tmdb_id":218291},{"type":"tv","tmdb_id":259882},{"type":"tv","tmdb_id":222767},{"type":"tv","tmdb_id":251939},{"type":"tv","tmdb_id":255690},{"type":"tv","tmdb_id":258538},{"type":"tv","tmdb_id":256324},{"type":"tv","tmdb_id":263208},{"type":"tv","tmdb_id":246799},{"type":"tv","tmdb_id":242875},{"type":"tv","tmdb_id":239386},{"type":"tv","tmdb_id":257603},{"type":"tv","tmdb_id":251708},{"type":"tv","tmdb_id":241871},{"type":"tv","tmdb_id":273600},{"type":"tv","tmdb_id":233285},{"type":"tv","tmdb_id":236903},{"type":"tv","tmdb_id":253254},{"type":"tv","tmdb_id":236102},{"type":"tv","tmdb_id":250713},{"type":"tv","tmdb_id":229743},{"type":"tv","tmdb_id":222784},{"type":"tv","tmdb_id":257064},{"type":"tv","tmdb_id":248736},{"type":"tv","tmdb_id":232285},{"type":"tv","tmdb_id":221007},{"type":"tv","tmdb_id":243076},{"type":"tv","tmdb_id":249928},{"type":"tv","tmdb_id":220074},{"type":"tv","tmdb_id":276277}]}