{"ts":1771270857,"year":"2017","mode":"movie","candidates":[{"type":"movie","tmdb_id":335984},{"type":"movie","tmdb_id":315635},{"type":"movie","tmdb_id":354912},{"type":"movie","tmdb_id":263115},{"type":"movie","tmdb_id":297762},{"type":"movie","tmdb_id":482600},{"type":"movie","tmdb_id":284053},{"type":"movie","tmdb_id":283995},{"type":"movie","tmdb_id":419430},{"type":"movie","tmdb_id":346364},{"type":"movie","tmdb_id":324552},{"type":"movie","tmdb_id":321612},{"type":"movie","tmdb_id":281338},{"type":"movie","tmdb_id":293167},{"type":"movie","tmdb_id":181808},{"type":"movie","tmdb_id":337339},{"type":"movie","tmdb_id":166426},{"type":"movie","tmdb_id":126889},{"type":"movie","tmdb_id":398818},{"type":"movie","tmdb_id":537971},{"type":"movie","tmdb_id":381288},{"type":"movie","tmdb_id":260514},{"type":"movie","tmdb_id":316029},{"type":"movie","tmdb_id":141052},{"type":"movie","tmdb_id":47971},{"type":"movie","tmdb_id":374720},{"type":"movie","tmdb_id":335988},{"type":"movie","tmdb_id":532794},{"type":"movie","tmdb_id":339846},{"type":"movie","tmdb_id":341013},{"type":"movie","tmdb_id":339403},{"type":"movie","tmdb_id":339964},{"type":"movie","tmdb_id":343668},{"type":"movie","tmdb_id":315837},{"type":"movie","tmdb_id":324849},{"type":"movie","tmdb_id":395992},{"type":"movie","tmdb_id":353491},{"type":"movie","tmdb_id":392044},{"type":"movie","tmdb_id":406997},{"type":"movie","tmdb_id":353486},{"type":"movie","tmdb_id":406997},{"type":"movie","tmdb_id":341174},{"type":"movie","tmdb_id":392044},{"type":"movie","tmdb_id":274855},{"type":"movie","tmdb_id":324852},{"type":"movie","tmdb_id":411088},{"type":"movie","tmdb_id":381283},{"type":"movie","tmdb_id":364689},{"type":"movie","tmdb_id":339692},{"type":"movie","tmdb_id":353486},{"type":"movie","tmdb_id":390043},{"type":"movie","tmdb_id":379149},{"type":"movie","tmdb_id":378236},{"type":"movie","tmdb_id":337170},{"type":"movie","tmdb_id":340837},{"type":"movie","tmdb_id":359940},{"type":"movie","tmdb_id":353616},{"type":"movie","tmdb_id":417870},{"type":"movie","tmdb_id":301337},{"type":"movie","tmdb_id":372343},{"type":"movie","tmdb_id":369894},{"type":"movie","tmdb_id":433808},{"type":"movie","tmdb_id":396371},{"type":"movie","tmdb_id":419479},{"type":"movie","tmdb_id":395991},{"type":"movie","tmdb_id":346648},{"type":"movie","tmdb_id":400928},{"type":"movie","tmdb_id":354287},{"type":"movie","tmdb_id":441762},{"type":"movie","tmdb_id":406990},{"type":"movie","tmdb_id":395834},{"type":"movie","tmdb_id":481871},{"type":"movie","tmdb_id":433010},{"type":"movie","tmdb_id":339967},{"type":"movie","tmdb_id":399057},{"type":"movie","tmdb_id":268531},{"type":"movie","tmdb_id":298250},{"type":"movie","tmdb_id":415842},{"type":"movie","tmdb_id":453364},{"type":"movie","tmdb_id":291276},{"type":"movie","tmdb_id":291276},{"type":"movie","tmdb_id":274862},{"type":"movie","tmdb_id":430354},{"type":"movie","tmdb_id":305344},{"type":"movie","tmdb_id":339988},{"type":"movie","tmdb_id":441762},{"type":"movie","tmdb_id":381289},{"type":"movie","tmdb_id":433726},{"type":"movie","tmdb_id":446354},{"type":"movie","tmdb_id":399170},{"type":"movie","tmdb_id":408873},{"type":"movie","tmdb_id":317091},{"type":"movie","tmdb_id":391713},{"type":"movie","tmdb_id":137116},{"type":"movie","tmdb_id":399404},{"type":"movie","tmdb_id":387426},{"type":"movie","tmdb_id":305470},{"type":"movie","tmdb_id":371638},{"type":"movie","tmdb_id":395991},{"type":"movie","tmdb_id":429200},{"type":"movie","tmdb_id":471972},{"type":"movie","tmdb_id":433726},{"type":"movie","tmdb_id":430354},{"type":"movie","tmdb_id":457308},{"type":"movie","tmdb_id":390054},{"type":"movie","tmdb_id":479718},{"type":"movie","tmdb_id":371638},{"type":"movie","tmdb_id":419680},{"type":"movie","tmdb_id":435107},{"type":"movie","tmdb_id":391713},{"type":"movie","tmdb_id":137116},{"type":"movie","tmdb_id":555475},{"type":"movie","tmdb_id":431479},{"type":"movie","tmdb_id":408509},{"type":"movie","tmdb_id":351460},{"type":"movie","tmdb_id":440021},{"type":"movie","tmdb_id":455656},{"type":"movie","tmdb_id":452970},{"type":"movie","tmdb_id":424488},{"type":"movie","tmdb_id":389015},{"type":"movie","tmdb_id":333384},{"type":"movie","tmdb_id":355547},{"type":"movie","tmdb_id":346681},{"type":"movie","tmdb_id":473334},{"type":"movie","tmdb_id":417644},{"type":"movie","tmdb_id":444801},{"type":"movie","tmdb_id":450829},{"type":"movie","tmdb_id":436932},{"type":"movie","tmdb_id":402897},{"type":"movie","tmdb_id":382597},{"type":"movie","tmdb_id":463602},{"type":"movie","tmdb_id":429200},{"type":"movie","tmdb_id":464745},{"type":"movie","tmdb_id":475964},{"type":"movie","tmdb_id":459687},{"type":"movie","tmdb_id":446131},{"type":"movie","tmdb_id":630594},{"type":"movie","tmdb_id":433092},{"type":"movie","tmdb_id":441744},{"type":"movie","tmdb_id":404733},{"type":"movie","tmdb_id":400617},{"type":"movie","tmdb_id":370301},{"type":"movie","tmdb_id":465926},{"type":"movie","tmdb_id":444291},{"type":"movie","tmdb_id":674704},{"type":"movie","tmdb_id":341287},{"type":"movie","tmdb_id":315840},{"type":"movie","tmdb_id":370663},{"type":"movie","tmdb_id":353575},{"type":"movie","tmdb_id":394117},{"type":"movie","tmdb_id":487614},{"type":"movie","tmdb_id":433498},{"type":"movie","tmdb_id":421443},{"type":"movie","tmdb_id":400710},{"type":"movie","tmdb_id":469877},{"type":"movie","tmdb_id":441168},{"type":"movie","tmdb_id":343674},{"type":"movie","tmdb_id":406240},{"type":"movie","tmdb_id":918000},{"type":"movie","tmdb_id":934139},{"type":"movie","tmdb_id":452068},{"type":"movie","tmdb_id":473229},{"type":"movie","tmdb_id":450647},{"type":"movie","tmdb_id":438660},{"type":"movie","tmdb_id":467102},{"type":"movie","tmdb_id":1106246},{"type":"movie","tmdb_id":445962},{"type":"movie","tmdb_id":472876},{"type":"movie","tmdb_id":455942},{"type":"movie","tmdb_id":467097},{"type":"movie","tmdb_id":180863},{"type":"movie","tmdb_id":419522},{"type":"movie","tmdb_id":475406},{"type":"movie","tmdb_id":479965},{"type":"movie","tmdb_id":365942},{"type":"movie","tmdb_id":484133},{"type":"movie","tmdb_id":430306},{"type":"movie","tmdb_id":413362},{"type":"movie","tmdb_id":516833},{"type":"movie","tmdb_id":316154},{"type":"movie","tmdb_id":475602},{"type":"movie","tmdb_id":489634},{"type":"movie","tmdb_id":402529},{"type":"movie","tmdb_id":453133},{"type":"movie","tmdb_id":503913},{"type":"movie","tmdb_id":450460},{"type":"movie","tmdb_id":433471},{"type":"movie","tmdb_id":286538},{"type":"movie","tmdb_id":417320},{"type":"movie","tmdb_id":492126},{"type":"movie","tmdb_id":349067},{"type":"movie","tmdb_id":465078},{"type":"movie","tmdb_id":411976},{"type":"movie","tmdb_id":518804},{"type":"movie","tmdb_id":416477},{"type":"movie","tmdb_id":430642},{"type":"movie","tmdb_id":548098},{"type":"movie","tmdb_id":772701},{"type":"movie","tmdb_id":398181},{"type":"movie","tmdb_id":464331},{"type":"movie","tmdb_id":490929},{"type":"movie","tmdb_id":481738},{"type":"movie","tmdb_id":447236},{"type":"movie","tmdb_id":461257},{"type":"movie","tmdb_id":333354},{"type":"movie","tmdb_id":334521},{"type":"movie","tmdb_id":693401},{"type":"movie","tmdb_id":441701},{"type":"movie","tmdb_id":407448},{"type":"movie","tmdb_id":460793},{"type":"movie","tmdb_id":300665},{"type":"movie","tmdb_id":390062},{"type":"movie","tmdb_id":438747},{"type":"movie","tmdb_id":449207},{"type":"movie","tmdb_id":398588},{"type":"movie","tmdb_id":419459},{"type":"movie","tmdb_id":418078},{"type":"movie","tmdb_id":335360},{"type":"movie","tmdb_id":479093},{"type":"movie","tmdb_id":646858},{"type":"movie","tmdb_id":350312},{"type":"movie","tmdb_id":443398},{"type":"movie","tmdb_id":489634},{"type":"movie","tmdb_id":326382},{"type":"movie","tmdb_id":398181},{"type":"movie","tmdb_id":349067},{"type":"movie","tmdb_id":450460},{"type":"movie","tmdb_id":503913},{"type":"movie","tmdb_id":1354067},{"type":"movie","tmdb_id":513504},{"type":"movie","tmdb_id":286538},{"type":"movie","tmdb_id":412762},{"type":"movie","tmdb_id":461257},{"type":"movie","tmdb_id":424803},{"type":"movie","tmdb_id":353070},{"type":"movie","tmdb_id":538102},{"type":"movie","tmdb_id":455483},{"type":"movie","tmdb_id":431867},{"type":"movie","tmdb_id":431071},{"type":"movie","tmdb_id":430306},{"type":"movie","tmdb_id":451504},{"type":"movie","tmdb_id":316154},{"type":"movie","tmdb_id":449664},{"type":"movie","tmdb_id":413362},{"type":"movie","tmdb_id":473072},{"type":"movie","tmdb_id":480407},{"type":"movie","tmdb_id":501073},{"type":"movie","tmdb_id":55341},{"type":"movie","tmdb_id":545996},{"type":"movie","tmdb_id":422931},{"type":"movie","tmdb_id":324542},{"type":"movie","tmdb_id":470452},{"type":"movie","tmdb_id":420622},{"type":"movie","tmdb_id":436274},{"type":"movie","tmdb_id":470092},{"type":"movie","tmdb_id":474412},{"type":"movie","tmdb_id":393345},{"type":"movie","tmdb_id":481738},{"type":"movie","tmdb_id":490929},{"type":"movie","tmdb_id":1101826},{"type":"movie","tmdb_id":491610},{"type":"movie","tmdb_id":501073},{"type":"movie","tmdb_id":464111},{"type":"movie","tmdb_id":399366},{"type":"movie","tmdb_id":470114},{"type":"movie","tmdb_id":464742},{"type":"movie","tmdb_id":452410},{"type":"movie","tmdb_id":393345},{"type":"movie","tmdb_id":451504},{"type":"movie","tmdb_id":545996},{"type":"movie","tmdb_id":459458},{"type":"movie","tmdb_id":470452},{"type":"movie","tmdb_id":1101826},{"type":"movie","tmdb_id":335777},{"type":"movie","tmdb_id":436274},{"type":"movie","tmdb_id":339259},{"type":"movie","tmdb_id":443316},{"type":"movie","tmdb_id":609261},{"type":"movie","tmdb_id":470806},{"type":"movie","tmdb_id":422052},{"type":"movie","tmdb_id":455403},{"type":"movie","tmdb_id":424803},{"type":"movie","tmdb_id":411873},{"type":"movie","tmdb_id":544537},{"type":"movie","tmdb_id":491280},{"type":"movie","tmdb_id":459667},{"type":"movie","tmdb_id":446827},{"type":"movie","tmdb_id":431071},{"type":"movie","tmdb_id":456254},{"type":"movie","tmdb_id":429727},{"type":"movie","tmdb_id":1447668},{"type":"movie","tmdb_id":439758},{"type":"movie","tmdb_id":446791},{"type":"movie","tmdb_id":55341},{"type":"movie","tmdb_id":482104},{"type":"movie","tmdb_id":756400},{"type":"movie","tmdb_id":463833},{"type":"movie","tmdb_id":465023},{"type":"movie","tmdb_id":1358903},{"type":"movie","tmdb_id":1098244},{"type":"movie","tmdb_id":326382},{"type":"movie","tmdb_id":397567},{"type":"movie","tmdb_id":415767},{"type":"movie","tmdb_id":1105432},{"type":"movie","tmdb_id":449664},{"type":"movie","tmdb_id":486074},{"type":"movie","tmdb_id":437739},{"type":"movie","tmdb_id":434076},{"type":"movie","tmdb_id":480407},{"type":"movie","tmdb_id":373569},{"type":"movie","tmdb_id":437033},{"type":"movie","tmdb_id":545749},{"type":"movie","tmdb_id":470706},{"type":"movie","tmdb_id":1198031},{"type":"movie","tmdb_id":444288},{"type":"movie","tmdb_id":430447},{"type":"movie","tmdb_id":461773},{"type":"movie","tmdb_id":818516},{"type":"movie","tmdb_id":453350},{"type":"movie","tmdb_id":461158},{"type":"movie","tmdb_id":538751},{"type":"movie","tmdb_id":397852},{"type":"movie","tmdb_id":491035},{"type":"movie","tmdb_id":428323},{"type":"movie","tmdb_id":414027},{"type":"movie","tmdb_id":420622},{"type":"movie","tmdb_id":396398},{"type":"movie","tmdb_id":472640},{"type":"movie","tmdb_id":509265},{"type":"movie","tmdb_id":469211},{"type":"movie","tmdb_id":446076},{"type":"movie","tmdb_id":455008},{"type":"movie","tmdb_id":480455},{"type":"movie","tmdb_id":452016},{"type":"movie","tmdb_id":1027232},{"type":"movie","tmdb_id":456804},{"type":"movie","tmdb_id":532192},{"type":"movie","tmdb_id":472557},{"type":"movie","tmdb_id":458668},{"type":"movie","tmdb_id":438154},{"type":"movie","tmdb_id":492721},{"type":"movie","tmdb_id":442943},{"type":"movie","tmdb_id":397567},{"type":"movie","tmdb_id":454765},{"type":"movie","tmdb_id":1358903},{"type":"movie","tmdb_id":480455},{"type":"movie","tmdb_id":556776},{"type":"movie","tmdb_id":445218},{"type":"movie","tmdb_id":482040},{"type":"movie","tmdb_id":463986},{"type":"movie","tmdb_id":392982},{"type":"movie","tmdb_id":401164},{"type":"movie","tmdb_id":452016},{"type":"movie","tmdb_id":613203},{"type":"movie","tmdb_id":593510},{"type":"movie","tmdb_id":991489},{"type":"movie","tmdb_id":398175},{"type":"movie","tmdb_id":437068},{"type":"movie","tmdb_id":586187},{"type":"movie","tmdb_id":532192},{"type":"movie","tmdb_id":468212},{"type":"movie","tmdb_id":408647},{"type":"movie","tmdb_id":473072},{"type":"movie","tmdb_id":433023},{"type":"movie","tmdb_id":507665},{"type":"movie","tmdb_id":398175},{"type":"movie","tmdb_id":447335},{"type":"movie","tmdb_id":753143},{"type":"movie","tmdb_id":401164},{"type":"movie","tmdb_id":445218},{"type":"movie","tmdb_id":476840},{"type":"movie","tmdb_id":991489},{"type":"movie","tmdb_id":295693},{"type":"movie","tmdb_id":613203},{"type":"movie","tmdb_id":521011},{"type":"movie","tmdb_id":454764},{"type":"movie","tmdb_id":480432},{"type":"movie","tmdb_id":528432},{"type":"movie","tmdb_id":335788},{"type":"movie","tmdb_id":463986},{"type":"movie","tmdb_id":527769},{"type":"movie","tmdb_id":935484},{"type":"movie","tmdb_id":430598},{"type":"movie","tmdb_id":302150},{"type":"movie","tmdb_id":410620},{"type":"movie","tmdb_id":290512},{"type":"movie","tmdb_id":448763},{"type":"movie","tmdb_id":765786},{"type":"movie","tmdb_id":454765},{"type":"movie","tmdb_id":1113093},{"type":"movie","tmdb_id":452188},{"type":"movie","tmdb_id":487320},{"type":"movie","tmdb_id":405775},{"type":"movie","tmdb_id":467600},{"type":"movie","tmdb_id":436931},{"type":"movie","tmdb_id":467012},{"type":"movie","tmdb_id":511394},{"type":"movie","tmdb_id":618067},{"type":"movie","tmdb_id":483465},{"type":"movie","tmdb_id":474819},{"type":"movie","tmdb_id":431530},{"type":"movie","tmdb_id":1269652},{"type":"movie","tmdb_id":928457},{"type":"movie","tmdb_id":427337},{"type":"movie","tmdb_id":433138},{"type":"movie","tmdb_id":436830},{"type":"movie","tmdb_id":481891},{"type":"movie","tmdb_id":419630},{"type":"movie","tmdb_id":1263699},{"type":"movie","tmdb_id":541084},{"type":"movie","tmdb_id":605928},{"type":"movie","tmdb_id":437068},{"type":"movie","tmdb_id":416599},{"type":"movie","tmdb_id":445470},{"type":"movie","tmdb_id":481740},{"type":"movie","tmdb_id":435901},{"type":"movie","tmdb_id":445040},{"type":"movie","tmdb_id":472440},{"type":"movie","tmdb_id":436311},{"type":"movie","tmdb_id":640049},{"type":"movie","tmdb_id":1003557},{"type":"movie","tmdb_id":637256},{"type":"movie","tmdb_id":556776},{"type":"movie","tmdb_id":455847},{"type":"movie","tmdb_id":451764},{"type":"movie","tmdb_id":465595},{"type":"movie","tmdb_id":481790},{"type":"movie","tmdb_id":433251},{"type":"movie","tmdb_id":475194},{"type":"movie","tmdb_id":842814},{"type":"movie","tmdb_id":430682},{"type":"movie","tmdb_id":496230},{"type":"movie","tmdb_id":469454},{"type":"movie","tmdb_id":481623},{"type":"movie","tmdb_id":639954},{"type":"movie","tmdb_id":461304},{"type":"movie","tmdb_id":345680},{"type":"movie","tmdb_id":321757},{"type":"movie","tmdb_id":395458},{"type":"movie","tmdb_id":949785},{"type":"movie","tmdb_id":493838},{"type":"movie","tmdb_id":369192},{"type":"movie","tmdb_id":593510},{"type":"movie","tmdb_id":715398},{"type":"movie","tmdb_id":428449},{"type":"movie","tmdb_id":501728},{"type":"movie","tmdb_id":345915},{"type":"movie","tmdb_id":491084},{"type":"movie","tmdb_id":430616},{"type":"movie","tmdb_id":460195},{"type":"movie","tmdb_id":492721},{"type":"movie","tmdb_id":456231},{"type":"movie","tmdb_id":415010},{"type":"movie","tmdb_id":472921},{"type":"movie","tmdb_id":480975},{"type":"movie","tmdb_id":469095},{"type":"movie","tmdb_id":1175258},{"type":"movie","tmdb_id":339877},{"type":"movie","tmdb_id":458153},{"type":"movie","tmdb_id":462181},{"type":"movie","tmdb_id":521639},{"type":"movie","tmdb_id":443659},{"type":"movie","tmdb_id":461372},{"type":"movie","tmdb_id":440020},{"type":"movie","tmdb_id":455411},{"type":"movie","tmdb_id":454549},{"type":"movie","tmdb_id":417830},{"type":"movie","tmdb_id":434505},{"type":"movie","tmdb_id":499908},{"type":"movie","tmdb_id":481866},{"type":"movie","tmdb_id":458641},{"type":"movie","tmdb_id":479459},{"type":"movie","tmdb_id":390051},{"type":"movie","tmdb_id":436355},{"type":"movie","tmdb_id":487521},{"type":"movie","tmdb_id":457570},{"type":"movie","tmdb_id":441749},{"type":"movie","tmdb_id":517419},{"type":"movie","tmdb_id":485667},{"type":"movie","tmdb_id":469031},{"type":"movie","tmdb_id":1461326},{"type":"movie","tmdb_id":428707},{"type":"movie","tmdb_id":450643},{"type":"movie","tmdb_id":450642},{"type":"movie","tmdb_id":1149316},{"type":"movie","tmdb_id":458386},{"type":"movie","tmdb_id":491298},{"type":"movie","tmdb_id":382595},{"type":"movie","tmdb_id":408220},{"type":"movie","tmdb_id":480070},{"type":"movie","tmdb_id":458353},{"type":"movie","tmdb_id":661957},{"type":"movie","tmdb_id":293768},{"type":"movie","tmdb_id":662848},{"type":"movie","tmdb_id":14564},{"type":"movie","tmdb_id":501150},{"type":"movie","tmdb_id":496678},{"type":"movie","tmdb_id":425134},{"type":"movie","tmdb_id":434279},{"type":"movie","tmdb_id":521929},{"type":"movie","tmdb_id":496059},{"type":"movie","tmdb_id":401546},{"type":"movie","tmdb_id":466714},{"type":"movie","tmdb_id":533609},{"type":"movie","tmdb_id":434568},{"type":"movie","tmdb_id":1396431},{"type":"movie","tmdb_id":487811},{"type":"movie","tmdb_id":485345},{"type":"movie","tmdb_id":599579},{"type":"movie","tmdb_id":476979},{"type":"movie","tmdb_id":408648},{"type":"movie","tmdb_id":977652},{"type":"movie","tmdb_id":387922},{"type":"movie","tmdb_id":480978},{"type":"movie","tmdb_id":1394859},{"type":"movie","tmdb_id":930581},{"type":"movie","tmdb_id":469588},{"type":"movie","tmdb_id":491318},{"type":"movie","tmdb_id":1035413},{"type":"movie","tmdb_id":440951},{"type":"movie","tmdb_id":444539},{"type":"movie","tmdb_id":472840},{"type":"movie","tmdb_id":423611},{"type":"movie","tmdb_id":413686},{"type":"movie","tmdb_id":484369},{"type":"movie","tmdb_id":466557},{"type":"movie","tmdb_id":328941},{"type":"movie","tmdb_id":485057},{"type":"movie","tmdb_id":321818},{"type":"movie","tmdb_id":481836},{"type":"movie","tmdb_id":470970},{"type":"movie","tmdb_id":461531},{"type":"movie","tmdb_id":428446},{"type":"movie","tmdb_id":383731},{"type":"movie","tmdb_id":467597},{"type":"movie","tmdb_id":492676},{"type":"movie","tmdb_id":405815},{"type":"movie","tmdb_id":451654},{"type":"movie","tmdb_id":584354},{"type":"movie","tmdb_id":449060},{"type":"movie","tmdb_id":463454},{"type":"movie","tmdb_id":345914},{"type":"movie","tmdb_id":410645},{"type":"movie","tmdb_id":476439},{"type":"movie","tmdb_id":438491},{"type":"movie","tmdb_id":486762},{"type":"movie","tmdb_id":505323},{"type":"movie","tmdb_id":683295},{"type":"movie","tmdb_id":406994},{"type":"movie","tmdb_id":413644},{"type":"movie","tmdb_id":421915},{"type":"movie","tmdb_id":516020},{"type":"movie","tmdb_id":470006},{"type":"movie","tmdb_id":563878},{"type":"movie","tmdb_id":525957},{"type":"movie","tmdb_id":414423},{"type":"movie","tmdb_id":487624},{"type":"movie","tmdb_id":429910},{"type":"movie","tmdb_id":1131921},{"type":"movie","tmdb_id":1305994},{"type":"movie","tmdb_id":432836},{"type":"movie","tmdb_id":442824},{"type":"movie","tmdb_id":428493},{"type":"movie","tmdb_id":534179},{"type":"movie","tmdb_id":447387},{"type":"movie","tmdb_id":462883},{"type":"movie","tmdb_id":460895},{"type":"movie","tmdb_id":638037},{"type":"movie","tmdb_id":1253387},{"type":"movie","tmdb_id":525820},{"type":"movie","tmdb_id":1271154},{"type":"movie","tmdb_id":650665},{"type":"movie","tmdb_id":435733},{"type":"movie","tmdb_id":435590},{"type":"movie","tmdb_id":487620},{"type":"movie","tmdb_id":903509},{"type":"movie","tmdb_id":1071112},{"type":"movie","tmdb_id":354556},{"type":"movie","tmdb_id":631004},{"type":"movie","tmdb_id":474513},{"type":"movie","tmdb_id":461557},{"type":"movie","tmdb_id":572634},{"type":"movie","tmdb_id":411625},{"type":"movie","tmdb_id":549303},{"type":"movie","tmdb_id":460648},{"type":"movie","tmdb_id":269795},{"type":"movie","tmdb_id":452254},{"type":"movie","tmdb_id":473311},{"type":"movie","tmdb_id":884359},{"type":"movie","tmdb_id":637338},{"type":"movie","tmdb_id":453180},{"type":"movie","tmdb_id":391765},{"type":"movie","tmdb_id":549903},{"type":"movie","tmdb_id":637331},{"type":"movie","tmdb_id":639939},{"type":"movie","tmdb_id":477799},{"type":"movie","tmdb_id":430916},{"type":"movie","tmdb_id":1268037},{"type":"movie","tmdb_id":428630},{"type":"movie","tmdb_id":1036701}]}