{"ts":1771171440,"year":"2021","mode":"tv","candidates":[{"type":"tv","tmdb_id":111803},{"type":"tv","tmdb_id":93405},{"type":"tv","tmdb_id":95557},{"type":"tv","tmdb_id":95057},{"type":"tv","tmdb_id":84958},{"type":"tv","tmdb_id":121658},{"type":"tv","tmdb_id":94605},{"type":"tv","tmdb_id":91363},{"type":"tv","tmdb_id":71914},{"type":"tv","tmdb_id":126027},{"type":"tv","tmdb_id":97951},{"type":"tv","tmdb_id":93740},{"type":"tv","tmdb_id":94664},{"type":"tv","tmdb_id":106158},{"type":"tv","tmdb_id":107113},{"type":"tv","tmdb_id":95205},{"type":"tv","tmdb_id":139798},{"type":"tv","tmdb_id":119806},{"type":"tv","tmdb_id":85271},{"type":"tv","tmdb_id":88329},{"type":"tv","tmdb_id":125935},{"type":"tv","tmdb_id":119769},{"type":"tv","tmdb_id":137726},{"type":"tv","tmdb_id":114478},{"type":"tv","tmdb_id":117488},{"type":"tv","tmdb_id":106393},{"type":"tv","tmdb_id":96677},{"type":"tv","tmdb_id":90462},{"type":"tv","tmdb_id":105971},{"type":"tv","tmdb_id":133490},{"type":"tv","tmdb_id":97525},{"type":"tv","tmdb_id":115036},{"type":"tv","tmdb_id":104711},{"type":"tv","tmdb_id":96580},{"type":"tv","tmdb_id":93221},{"type":"tv","tmdb_id":124101},{"type":"tv","tmdb_id":127235},{"type":"tv","tmdb_id":114695},{"type":"tv","tmdb_id":118357},{"type":"tv","tmdb_id":131927},{"type":"tv","tmdb_id":124003},{"type":"tv","tmdb_id":122194},{"type":"tv","tmdb_id":105009},{"type":"tv","tmdb_id":99071},{"type":"tv","tmdb_id":132982},{"type":"tv","tmdb_id":118924},{"type":"tv","tmdb_id":119267},{"type":"tv","tmdb_id":117581},{"type":"tv","tmdb_id":99121},{"type":"tv","tmdb_id":112738},{"type":"tv","tmdb_id":103768},{"type":"tv","tmdb_id":113036},{"type":"tv","tmdb_id":100565},{"type":"tv","tmdb_id":127635},{"type":"tv","tmdb_id":88396},{"type":"tv","tmdb_id":97727},{"type":"tv","tmdb_id":134373},{"type":"tv","tmdb_id":116725},{"type":"tv","tmdb_id":106502},{"type":"tv","tmdb_id":128839},{"type":"tv","tmdb_id":117992},{"type":"tv","tmdb_id":134364},{"type":"tv","tmdb_id":80828},{"type":"tv","tmdb_id":105556},{"type":"tv","tmdb_id":126280},{"type":"tv","tmdb_id":88989},{"type":"tv","tmdb_id":126824},{"type":"tv","tmdb_id":113808},{"type":"tv","tmdb_id":124271},{"type":"tv","tmdb_id":123473},{"type":"tv","tmdb_id":126997},{"type":"tv","tmdb_id":129600},{"type":"tv","tmdb_id":126398},{"type":"tv","tmdb_id":117376},{"type":"tv","tmdb_id":120317},{"type":"tv","tmdb_id":104699},{"type":"tv","tmdb_id":116450},{"type":"tv","tmdb_id":131040},{"type":"tv","tmdb_id":106301},{"type":"tv","tmdb_id":124643},{"type":"tv","tmdb_id":111177},{"type":"tv","tmdb_id":114868},{"type":"tv","tmdb_id":121964},{"type":"tv","tmdb_id":110070},{"type":"tv","tmdb_id":154420},{"type":"tv","tmdb_id":112613},{"type":"tv","tmdb_id":279623},{"type":"tv","tmdb_id":132876},{"type":"tv","tmdb_id":111819},{"type":"tv","tmdb_id":157689},{"type":"tv","tmdb_id":134843},{"type":"tv","tmdb_id":128071},{"type":"tv","tmdb_id":201072},{"type":"tv","tmdb_id":124920},{"type":"tv","tmdb_id":121078},{"type":"tv","tmdb_id":110309},{"type":"tv","tmdb_id":111474},{"type":"tv","tmdb_id":123876},{"type":"tv","tmdb_id":84469},{"type":"tv","tmdb_id":126544},{"type":"tv","tmdb_id":153297},{"type":"tv","tmdb_id":153869},{"type":"tv","tmdb_id":102088},{"type":"tv","tmdb_id":101591},{"type":"tv","tmdb_id":119243},{"type":"tv","tmdb_id":117378},{"type":"tv","tmdb_id":130099},{"type":"tv","tmdb_id":124201},{"type":"tv","tmdb_id":110356},{"type":"tv","tmdb_id":114798},{"type":"tv","tmdb_id":115004},{"type":"tv","tmdb_id":112160},{"type":"tv","tmdb_id":137092},{"type":"tv","tmdb_id":123591},{"type":"tv","tmdb_id":103310},{"type":"tv","tmdb_id":93716},{"type":"tv","tmdb_id":90461},{"type":"tv","tmdb_id":95249},{"type":"tv","tmdb_id":97754},{"type":"tv","tmdb_id":153282},{"type":"tv","tmdb_id":114656},{"type":"tv","tmdb_id":111141},{"type":"tv","tmdb_id":117648},{"type":"tv","tmdb_id":123542},{"type":"tv","tmdb_id":111576},{"type":"tv","tmdb_id":124394},{"type":"tv","tmdb_id":136322},{"type":"tv","tmdb_id":120462},{"type":"tv","tmdb_id":137127},{"type":"tv","tmdb_id":121435},{"type":"tv","tmdb_id":85720},{"type":"tv","tmdb_id":99083},{"type":"tv","tmdb_id":106734},{"type":"tv","tmdb_id":123403},{"type":"tv","tmdb_id":153720},{"type":"tv","tmdb_id":92649},{"type":"tv","tmdb_id":124897},{"type":"tv","tmdb_id":131906},{"type":"tv","tmdb_id":114294},{"type":"tv","tmdb_id":116724},{"type":"tv","tmdb_id":125910},{"type":"tv","tmdb_id":201736},{"type":"tv","tmdb_id":124817},{"type":"tv","tmdb_id":128883},{"type":"tv","tmdb_id":118588},{"type":"tv","tmdb_id":122543},{"type":"tv","tmdb_id":214796},{"type":"tv","tmdb_id":126118},{"type":"tv","tmdb_id":128119},{"type":"tv","tmdb_id":121787},{"type":"tv","tmdb_id":121509},{"type":"tv","tmdb_id":111255},{"type":"tv","tmdb_id":130330},{"type":"tv","tmdb_id":115645},{"type":"tv","tmdb_id":84553},{"type":"tv","tmdb_id":113256},{"type":"tv","tmdb_id":114165},{"type":"tv","tmdb_id":114413},{"type":"tv","tmdb_id":97175},{"type":"tv","tmdb_id":123525},{"type":"tv","tmdb_id":118956},{"type":"tv","tmdb_id":96658},{"type":"tv","tmdb_id":100350},{"type":"tv","tmdb_id":99073},{"type":"tv","tmdb_id":93749},{"type":"tv","tmdb_id":120131},{"type":"tv","tmdb_id":153870},{"type":"tv","tmdb_id":130232},{"type":"tv","tmdb_id":115678},{"type":"tv","tmdb_id":118541},{"type":"tv","tmdb_id":122235},{"type":"tv","tmdb_id":97400},{"type":"tv","tmdb_id":115464},{"type":"tv","tmdb_id":103302},{"type":"tv","tmdb_id":130816},{"type":"tv","tmdb_id":120691},{"type":"tv","tmdb_id":98892},{"type":"tv","tmdb_id":111312},{"type":"tv","tmdb_id":126660},{"type":"tv","tmdb_id":129478},{"type":"tv","tmdb_id":114621},{"type":"tv","tmdb_id":86941},{"type":"tv","tmdb_id":115236},{"type":"tv","tmdb_id":118821},{"type":"tv","tmdb_id":136503},{"type":"tv","tmdb_id":127633},{"type":"tv","tmdb_id":114547},{"type":"tv","tmdb_id":116386},{"type":"tv","tmdb_id":90970},{"type":"tv","tmdb_id":113137},{"type":"tv","tmdb_id":87049},{"type":"tv","tmdb_id":133727},{"type":"tv","tmdb_id":108291},{"type":"tv","tmdb_id":97173},{"type":"tv","tmdb_id":139309},{"type":"tv","tmdb_id":122562},{"type":"tv","tmdb_id":126116},{"type":"tv","tmdb_id":93484},{"type":"tv","tmdb_id":96942},{"type":"tv","tmdb_id":95486},{"type":"tv","tmdb_id":112693},{"type":"tv","tmdb_id":96451},{"type":"tv","tmdb_id":106159},{"type":"tv","tmdb_id":124595},{"type":"tv","tmdb_id":116727},{"type":"tv","tmdb_id":90972},{"type":"tv","tmdb_id":100022},{"type":"tv","tmdb_id":110534},{"type":"tv","tmdb_id":114892},{"type":"tv","tmdb_id":136295},{"type":"tv","tmdb_id":120398},{"type":"tv","tmdb_id":126164},{"type":"tv","tmdb_id":206122},{"type":"tv","tmdb_id":113477},{"type":"tv","tmdb_id":136638},{"type":"tv","tmdb_id":112138},{"type":"tv","tmdb_id":124727},{"type":"tv","tmdb_id":122612},{"type":"tv","tmdb_id":130542},{"type":"tv","tmdb_id":219802},{"type":"tv","tmdb_id":104359},{"type":"tv","tmdb_id":106651},{"type":"tv","tmdb_id":112166},{"type":"tv","tmdb_id":120013},{"type":"tv","tmdb_id":130372},{"type":"tv","tmdb_id":127356},{"type":"tv","tmdb_id":132141},{"type":"tv","tmdb_id":101873},{"type":"tv","tmdb_id":114603},{"type":"tv","tmdb_id":138108},{"type":"tv","tmdb_id":113687},{"type":"tv","tmdb_id":130780},{"type":"tv","tmdb_id":95631},{"type":"tv","tmdb_id":96442},{"type":"tv","tmdb_id":116041},{"type":"tv","tmdb_id":106055},{"type":"tv","tmdb_id":116983},{"type":"tv","tmdb_id":119316},{"type":"tv","tmdb_id":135709},{"type":"tv","tmdb_id":133372},{"type":"tv","tmdb_id":126167},{"type":"tv","tmdb_id":138955},{"type":"tv","tmdb_id":106148},{"type":"tv","tmdb_id":132636},{"type":"tv","tmdb_id":133855},{"type":"tv","tmdb_id":135340},{"type":"tv","tmdb_id":128995},{"type":"tv","tmdb_id":122241},{"type":"tv","tmdb_id":99588},{"type":"tv","tmdb_id":96777},{"type":"tv","tmdb_id":126899},{"type":"tv","tmdb_id":114505},{"type":"tv","tmdb_id":129473},{"type":"tv","tmdb_id":110975},{"type":"tv","tmdb_id":125116},{"type":"tv","tmdb_id":129680},{"type":"tv","tmdb_id":119934},{"type":"tv","tmdb_id":96716},{"type":"tv","tmdb_id":129037},{"type":"tv","tmdb_id":135526},{"type":"tv","tmdb_id":105511},{"type":"tv","tmdb_id":114118},{"type":"tv","tmdb_id":99618},{"type":"tv","tmdb_id":116665},{"type":"tv","tmdb_id":153378},{"type":"tv","tmdb_id":136275},{"type":"tv","tmdb_id":110642},{"type":"tv","tmdb_id":121135},{"type":"tv","tmdb_id":127473},{"type":"tv","tmdb_id":117706},{"type":"tv","tmdb_id":132559},{"type":"tv","tmdb_id":291212},{"type":"tv","tmdb_id":124396},{"type":"tv","tmdb_id":106519},{"type":"tv","tmdb_id":136044},{"type":"tv","tmdb_id":108478},{"type":"tv","tmdb_id":119181},{"type":"tv","tmdb_id":116612},{"type":"tv","tmdb_id":94245},{"type":"tv","tmdb_id":95215},{"type":"tv","tmdb_id":118824},{"type":"tv","tmdb_id":137895},{"type":"tv","tmdb_id":132156},{"type":"tv","tmdb_id":130077},{"type":"tv","tmdb_id":138265},{"type":"tv","tmdb_id":117422},{"type":"tv","tmdb_id":118958},{"type":"tv","tmdb_id":110695},{"type":"tv","tmdb_id":119787},{"type":"tv","tmdb_id":93454},{"type":"tv","tmdb_id":128822},{"type":"tv","tmdb_id":129553},{"type":"tv","tmdb_id":125527},{"type":"tv","tmdb_id":135842},{"type":"tv","tmdb_id":102540},{"type":"tv","tmdb_id":118354},{"type":"tv","tmdb_id":106782},{"type":"tv","tmdb_id":121972},{"type":"tv","tmdb_id":119988},{"type":"tv","tmdb_id":96571},{"type":"tv","tmdb_id":103157},{"type":"tv","tmdb_id":133903},{"type":"tv","tmdb_id":123488},{"type":"tv","tmdb_id":128118},{"type":"tv","tmdb_id":122468},{"type":"tv","tmdb_id":119362},{"type":"tv","tmdb_id":121232},{"type":"tv","tmdb_id":93233},{"type":"tv","tmdb_id":127231},{"type":"tv","tmdb_id":117162},{"type":"tv","tmdb_id":279441},{"type":"tv","tmdb_id":136125},{"type":"tv","tmdb_id":118977},{"type":"tv","tmdb_id":130392},{"type":"tv","tmdb_id":158325},{"type":"tv","tmdb_id":139628},{"type":"tv","tmdb_id":86550},{"type":"tv","tmdb_id":154105},{"type":"tv","tmdb_id":133174},{"type":"tv","tmdb_id":129294},{"type":"tv","tmdb_id":80039},{"type":"tv","tmdb_id":130842},{"type":"tv","tmdb_id":157785},{"type":"tv","tmdb_id":121131},{"type":"tv","tmdb_id":107001},{"type":"tv","tmdb_id":118043},{"type":"tv","tmdb_id":119985},{"type":"tv","tmdb_id":117544},{"type":"tv","tmdb_id":122752},{"type":"tv","tmdb_id":95839},{"type":"tv","tmdb_id":124641},{"type":"tv","tmdb_id":120734},{"type":"tv","tmdb_id":110948},{"type":"tv","tmdb_id":103962},{"type":"tv","tmdb_id":122992},{"type":"tv","tmdb_id":122182},{"type":"tv","tmdb_id":89614},{"type":"tv","tmdb_id":254647},{"type":"tv","tmdb_id":117945},{"type":"tv","tmdb_id":135897},{"type":"tv","tmdb_id":127269},{"type":"tv","tmdb_id":286467},{"type":"tv","tmdb_id":127588},{"type":"tv","tmdb_id":95203},{"type":"tv","tmdb_id":220586},{"type":"tv","tmdb_id":112624},{"type":"tv","tmdb_id":129418},{"type":"tv","tmdb_id":92553},{"type":"tv","tmdb_id":136117},{"type":"tv","tmdb_id":115646},{"type":"tv","tmdb_id":113966},{"type":"tv","tmdb_id":129887},{"type":"tv","tmdb_id":115857},{"type":"tv","tmdb_id":114503},{"type":"tv","tmdb_id":135805},{"type":"tv","tmdb_id":259599},{"type":"tv","tmdb_id":114419},{"type":"tv","tmdb_id":95428},{"type":"tv","tmdb_id":97513},{"type":"tv","tmdb_id":154493},{"type":"tv","tmdb_id":113360},{"type":"tv","tmdb_id":118085},{"type":"tv","tmdb_id":122063},{"type":"tv","tmdb_id":114905},{"type":"tv","tmdb_id":123149},{"type":"tv","tmdb_id":100077},{"type":"tv","tmdb_id":146339},{"type":"tv","tmdb_id":132979},{"type":"tv","tmdb_id":130838},{"type":"tv","tmdb_id":131660},{"type":"tv","tmdb_id":117061},{"type":"tv","tmdb_id":132005},{"type":"tv","tmdb_id":96228},{"type":"tv","tmdb_id":120168},{"type":"tv","tmdb_id":238331},{"type":"tv","tmdb_id":114971},{"type":"tv","tmdb_id":127493},{"type":"tv","tmdb_id":153403},{"type":"tv","tmdb_id":114937},{"type":"tv","tmdb_id":107003},{"type":"tv","tmdb_id":131975},{"type":"tv","tmdb_id":113627},{"type":"tv","tmdb_id":119772},{"type":"tv","tmdb_id":136752},{"type":"tv","tmdb_id":138089},{"type":"tv","tmdb_id":126035},{"type":"tv","tmdb_id":118759},{"type":"tv","tmdb_id":122978},{"type":"tv","tmdb_id":203299},{"type":"tv","tmdb_id":121460},{"type":"tv","tmdb_id":115639},{"type":"tv","tmdb_id":121926},{"type":"tv","tmdb_id":135354},{"type":"tv","tmdb_id":119773},{"type":"tv","tmdb_id":136658},{"type":"tv","tmdb_id":118169},{"type":"tv","tmdb_id":153606},{"type":"tv","tmdb_id":99099},{"type":"tv","tmdb_id":117987},{"type":"tv","tmdb_id":112010},{"type":"tv","tmdb_id":122180},{"type":"tv","tmdb_id":129231},{"type":"tv","tmdb_id":104852},{"type":"tv","tmdb_id":119466},{"type":"tv","tmdb_id":129127},{"type":"tv","tmdb_id":152326},{"type":"tv","tmdb_id":137228},{"type":"tv","tmdb_id":126990},{"type":"tv","tmdb_id":131013},{"type":"tv","tmdb_id":114199},{"type":"tv","tmdb_id":105249},{"type":"tv","tmdb_id":118610},{"type":"tv","tmdb_id":153459},{"type":"tv","tmdb_id":128144},{"type":"tv","tmdb_id":135891},{"type":"tv","tmdb_id":128794},{"type":"tv","tmdb_id":106674},{"type":"tv","tmdb_id":116133},{"type":"tv","tmdb_id":129604},{"type":"tv","tmdb_id":96042},{"type":"tv","tmdb_id":129203},{"type":"tv","tmdb_id":122169},{"type":"tv","tmdb_id":132412},{"type":"tv","tmdb_id":122009},{"type":"tv","tmdb_id":127865},{"type":"tv","tmdb_id":123446},{"type":"tv","tmdb_id":134983},{"type":"tv","tmdb_id":124416},{"type":"tv","tmdb_id":132922},{"type":"tv","tmdb_id":122692},{"type":"tv","tmdb_id":127599},{"type":"tv","tmdb_id":119955},{"type":"tv","tmdb_id":120199},{"type":"tv","tmdb_id":109805},{"type":"tv","tmdb_id":96230},{"type":"tv","tmdb_id":98201},{"type":"tv","tmdb_id":121017},{"type":"tv","tmdb_id":115549},{"type":"tv","tmdb_id":120452},{"type":"tv","tmdb_id":117549},{"type":"tv","tmdb_id":279019},{"type":"tv","tmdb_id":112501},{"type":"tv","tmdb_id":119099},{"type":"tv","tmdb_id":112077},{"type":"tv","tmdb_id":123417},{"type":"tv","tmdb_id":131932},{"type":"tv","tmdb_id":117023},{"type":"tv","tmdb_id":126255},{"type":"tv","tmdb_id":131009},{"type":"tv","tmdb_id":100567},{"type":"tv","tmdb_id":136514},{"type":"tv","tmdb_id":121301},{"type":"tv","tmdb_id":112162},{"type":"tv","tmdb_id":117685},{"type":"tv","tmdb_id":129682},{"type":"tv","tmdb_id":136009},{"type":"tv","tmdb_id":130467},{"type":"tv","tmdb_id":48885},{"type":"tv","tmdb_id":107314},{"type":"tv","tmdb_id":112163},{"type":"tv","tmdb_id":112202},{"type":"tv","tmdb_id":196470},{"type":"tv","tmdb_id":292366},{"type":"tv","tmdb_id":129236},{"type":"tv","tmdb_id":138181},{"type":"tv","tmdb_id":123377},{"type":"tv","tmdb_id":94924},{"type":"tv","tmdb_id":100127},{"type":"tv","tmdb_id":95487},{"type":"tv","tmdb_id":113622},{"type":"tv","tmdb_id":132694},{"type":"tv","tmdb_id":135753},{"type":"tv","tmdb_id":106480},{"type":"tv","tmdb_id":101242},{"type":"tv","tmdb_id":128979},{"type":"tv","tmdb_id":138171},{"type":"tv","tmdb_id":90701},{"type":"tv","tmdb_id":129479},{"type":"tv","tmdb_id":96715},{"type":"tv","tmdb_id":133808},{"type":"tv","tmdb_id":129129},{"type":"tv","tmdb_id":116175},{"type":"tv","tmdb_id":130219},{"type":"tv","tmdb_id":115465},{"type":"tv","tmdb_id":123565},{"type":"tv","tmdb_id":116586},{"type":"tv","tmdb_id":131026},{"type":"tv","tmdb_id":124045},{"type":"tv","tmdb_id":135349},{"type":"tv","tmdb_id":120318},{"type":"tv","tmdb_id":127445},{"type":"tv","tmdb_id":98315},{"type":"tv","tmdb_id":126723},{"type":"tv","tmdb_id":127108},{"type":"tv","tmdb_id":129897},{"type":"tv","tmdb_id":105476},{"type":"tv","tmdb_id":125437},{"type":"tv","tmdb_id":119815},{"type":"tv","tmdb_id":96659},{"type":"tv","tmdb_id":120073},{"type":"tv","tmdb_id":91746},{"type":"tv","tmdb_id":123670},{"type":"tv","tmdb_id":114202},{"type":"tv","tmdb_id":132983},{"type":"tv","tmdb_id":131770},{"type":"tv","tmdb_id":98309},{"type":"tv","tmdb_id":137520},{"type":"tv","tmdb_id":119279},{"type":"tv","tmdb_id":116293},{"type":"tv","tmdb_id":136308},{"type":"tv","tmdb_id":120395},{"type":"tv","tmdb_id":124278},{"type":"tv","tmdb_id":127358},{"type":"tv","tmdb_id":133306},{"type":"tv","tmdb_id":132544},{"type":"tv","tmdb_id":139434},{"type":"tv","tmdb_id":152504},{"type":"tv","tmdb_id":119958},{"type":"tv","tmdb_id":123644},{"type":"tv","tmdb_id":117954},{"type":"tv","tmdb_id":90306},{"type":"tv","tmdb_id":131721},{"type":"tv","tmdb_id":130347},{"type":"tv","tmdb_id":137467},{"type":"tv","tmdb_id":133086},{"type":"tv","tmdb_id":95070},{"type":"tv","tmdb_id":104157},{"type":"tv","tmdb_id":117896},{"type":"tv","tmdb_id":123684},{"type":"tv","tmdb_id":128926},{"type":"tv","tmdb_id":129496},{"type":"tv","tmdb_id":135037},{"type":"tv","tmdb_id":116174},{"type":"tv","tmdb_id":103944},{"type":"tv","tmdb_id":121913},{"type":"tv","tmdb_id":126248},{"type":"tv","tmdb_id":129117},{"type":"tv","tmdb_id":122804},{"type":"tv","tmdb_id":119565},{"type":"tv","tmdb_id":126698},{"type":"tv","tmdb_id":129599},{"type":"tv","tmdb_id":129495},{"type":"tv","tmdb_id":135929},{"type":"tv","tmdb_id":138218},{"type":"tv","tmdb_id":112667},{"type":"tv","tmdb_id":117586},{"type":"tv","tmdb_id":120494},{"type":"tv","tmdb_id":105004},{"type":"tv","tmdb_id":120064},{"type":"tv","tmdb_id":120573},{"type":"tv","tmdb_id":110837},{"type":"tv","tmdb_id":130048},{"type":"tv","tmdb_id":126038},{"type":"tv","tmdb_id":108353},{"type":"tv","tmdb_id":130822},{"type":"tv","tmdb_id":94235},{"type":"tv","tmdb_id":133828},{"type":"tv","tmdb_id":118651},{"type":"tv","tmdb_id":120966},{"type":"tv","tmdb_id":208564},{"type":"tv","tmdb_id":122653},{"type":"tv","tmdb_id":129601},{"type":"tv","tmdb_id":110371},{"type":"tv","tmdb_id":132925},{"type":"tv","tmdb_id":96398},{"type":"tv","tmdb_id":139064},{"type":"tv","tmdb_id":112601},{"type":"tv","tmdb_id":139282},{"type":"tv","tmdb_id":125972},{"type":"tv","tmdb_id":99617},{"type":"tv","tmdb_id":127123},{"type":"tv","tmdb_id":123227},{"type":"tv","tmdb_id":152265},{"type":"tv","tmdb_id":126039},{"type":"tv","tmdb_id":128715},{"type":"tv","tmdb_id":135933},{"type":"tv","tmdb_id":131236},{"type":"tv","tmdb_id":117476},{"type":"tv","tmdb_id":112940},{"type":"tv","tmdb_id":119272},{"type":"tv","tmdb_id":133994},{"type":"tv","tmdb_id":129715},{"type":"tv","tmdb_id":129933},{"type":"tv","tmdb_id":122228},{"type":"tv","tmdb_id":124124},{"type":"tv","tmdb_id":137640},{"type":"tv","tmdb_id":129915},{"type":"tv","tmdb_id":117327},{"type":"tv","tmdb_id":114198},{"type":"tv","tmdb_id":129063},{"type":"tv","tmdb_id":115194},{"type":"tv","tmdb_id":119464},{"type":"tv","tmdb_id":122551},{"type":"tv","tmdb_id":127527},{"type":"tv","tmdb_id":113042},{"type":"tv","tmdb_id":133060},{"type":"tv","tmdb_id":129782},{"type":"tv","tmdb_id":197169},{"type":"tv","tmdb_id":106611},{"type":"tv","tmdb_id":97765}]}