{"ts":1771271346,"year":"2021","mode":"movie","candidates":[{"type":"movie","tmdb_id":634649},{"type":"movie","tmdb_id":438631},{"type":"movie","tmdb_id":436969},{"type":"movie","tmdb_id":801335},{"type":"movie","tmdb_id":791373},{"type":"movie","tmdb_id":566525},{"type":"movie","tmdb_id":497698},{"type":"movie","tmdb_id":550988},{"type":"movie","tmdb_id":568124},{"type":"movie","tmdb_id":370172},{"type":"movie","tmdb_id":646380},{"type":"movie","tmdb_id":337404},{"type":"movie","tmdb_id":524434},{"type":"movie","tmdb_id":637649},{"type":"movie","tmdb_id":615457},{"type":"movie","tmdb_id":645710},{"type":"movie","tmdb_id":460458},{"type":"movie","tmdb_id":425909},{"type":"movie","tmdb_id":580489},{"type":"movie","tmdb_id":588228},{"type":"movie","tmdb_id":508943},{"type":"movie","tmdb_id":624860},{"type":"movie","tmdb_id":884193},{"type":"movie","tmdb_id":631843},{"type":"movie","tmdb_id":542178},{"type":"movie","tmdb_id":776503},{"type":"movie","tmdb_id":527774},{"type":"movie","tmdb_id":520763},{"type":"movie","tmdb_id":423108},{"type":"movie","tmdb_id":399566},{"type":"movie","tmdb_id":438695},{"type":"movie","tmdb_id":810693},{"type":"movie","tmdb_id":451048},{"type":"movie","tmdb_id":617502},{"type":"movie","tmdb_id":385128},{"type":"movie","tmdb_id":460465},{"type":"movie","tmdb_id":476669},{"type":"movie","tmdb_id":459151},{"type":"movie","tmdb_id":776797},{"type":"movie","tmdb_id":614917},{"type":"movie","tmdb_id":512195},{"type":"movie","tmdb_id":567189},{"type":"movie","tmdb_id":503736},{"type":"movie","tmdb_id":664236},{"type":"movie","tmdb_id":646207},{"type":"movie","tmdb_id":598331},{"type":"movie","tmdb_id":1432046},{"type":"movie","tmdb_id":619778},{"type":"movie","tmdb_id":792001},{"type":"movie","tmdb_id":645788},{"type":"movie","tmdb_id":885110},{"type":"movie","tmdb_id":635731},{"type":"movie","tmdb_id":578701},{"type":"movie","tmdb_id":675445},{"type":"movie","tmdb_id":826749},{"type":"movie","tmdb_id":630004},{"type":"movie","tmdb_id":718032},{"type":"movie","tmdb_id":617653},{"type":"movie","tmdb_id":559907},{"type":"movie","tmdb_id":592695},{"type":"movie","tmdb_id":581726},{"type":"movie","tmdb_id":796499},{"type":"movie","tmdb_id":602063},{"type":"movie","tmdb_id":850839},{"type":"movie","tmdb_id":798141},{"type":"movie","tmdb_id":522478},{"type":"movie","tmdb_id":587807},{"type":"movie","tmdb_id":412656},{"type":"movie","tmdb_id":763788},{"type":"movie","tmdb_id":574060},{"type":"movie","tmdb_id":739990},{"type":"movie","tmdb_id":576845},{"type":"movie","tmdb_id":630004},{"type":"movie","tmdb_id":379686},{"type":"movie","tmdb_id":911126},{"type":"movie","tmdb_id":511809},{"type":"movie","tmdb_id":660120},{"type":"movie","tmdb_id":619297},{"type":"movie","tmdb_id":773736},{"type":"movie","tmdb_id":579047},{"type":"movie","tmdb_id":1103500},{"type":"movie","tmdb_id":911835},{"type":"movie","tmdb_id":501929},{"type":"movie","tmdb_id":718838},{"type":"movie","tmdb_id":665888},{"type":"movie","tmdb_id":872614},{"type":"movie","tmdb_id":484718},{"type":"movie","tmdb_id":602223},{"type":"movie","tmdb_id":498402},{"type":"movie","tmdb_id":581644},{"type":"movie","tmdb_id":892120},{"type":"movie","tmdb_id":1155813},{"type":"movie","tmdb_id":843269},{"type":"movie","tmdb_id":744275},{"type":"movie","tmdb_id":522931},{"type":"movie","tmdb_id":524369},{"type":"movie","tmdb_id":454527},{"type":"movie","tmdb_id":738652},{"type":"movie","tmdb_id":568620},{"type":"movie","tmdb_id":959624},{"type":"movie","tmdb_id":602269},{"type":"movie","tmdb_id":764841},{"type":"movie","tmdb_id":759297},{"type":"movie","tmdb_id":581734},{"type":"movie","tmdb_id":743048},{"type":"movie","tmdb_id":544401},{"type":"movie","tmdb_id":834027},{"type":"movie","tmdb_id":843269},{"type":"movie","tmdb_id":792678},{"type":"movie","tmdb_id":680813},{"type":"movie","tmdb_id":553087},{"type":"movie","tmdb_id":513310},{"type":"movie","tmdb_id":799982},{"type":"movie","tmdb_id":616651},{"type":"movie","tmdb_id":550205},{"type":"movie","tmdb_id":950282},{"type":"movie","tmdb_id":585245},{"type":"movie","tmdb_id":884909},{"type":"movie","tmdb_id":597208},{"type":"movie","tmdb_id":191231},{"type":"movie","tmdb_id":639721},{"type":"movie","tmdb_id":857879},{"type":"movie","tmdb_id":851925},{"type":"movie","tmdb_id":860623},{"type":"movie","tmdb_id":834143},{"type":"movie","tmdb_id":743232},{"type":"movie","tmdb_id":672322},{"type":"movie","tmdb_id":730769},{"type":"movie","tmdb_id":567748},{"type":"movie","tmdb_id":656531},{"type":"movie","tmdb_id":786627},{"type":"movie","tmdb_id":482321},{"type":"movie","tmdb_id":516329},{"type":"movie","tmdb_id":693827},{"type":"movie","tmdb_id":768744},{"type":"movie","tmdb_id":586101},{"type":"movie","tmdb_id":283566},{"type":"movie","tmdb_id":854527},{"type":"movie","tmdb_id":876355},{"type":"movie","tmdb_id":634528},{"type":"movie","tmdb_id":772388},{"type":"movie","tmdb_id":597208},{"type":"movie","tmdb_id":283566},{"type":"movie","tmdb_id":819727},{"type":"movie","tmdb_id":834143},{"type":"movie","tmdb_id":482321},{"type":"movie","tmdb_id":875170},{"type":"movie","tmdb_id":899405},{"type":"movie","tmdb_id":799982},{"type":"movie","tmdb_id":800247},{"type":"movie","tmdb_id":855823},{"type":"movie","tmdb_id":730769},{"type":"movie","tmdb_id":860623},{"type":"movie","tmdb_id":1196109},{"type":"movie","tmdb_id":844251},{"type":"movie","tmdb_id":644575},{"type":"movie","tmdb_id":783572},{"type":"movie","tmdb_id":482373},{"type":"movie","tmdb_id":887689},{"type":"movie","tmdb_id":768744},{"type":"movie","tmdb_id":468085},{"type":"movie","tmdb_id":650743},{"type":"movie","tmdb_id":876355},{"type":"movie","tmdb_id":885792},{"type":"movie","tmdb_id":858071},{"type":"movie","tmdb_id":852719},{"type":"movie","tmdb_id":585381},{"type":"movie","tmdb_id":837997},{"type":"movie","tmdb_id":516329},{"type":"movie","tmdb_id":632357},{"type":"movie","tmdb_id":833427},{"type":"movie","tmdb_id":726429},{"type":"movie","tmdb_id":458220},{"type":"movie","tmdb_id":863767},{"type":"movie","tmdb_id":862120},{"type":"movie","tmdb_id":668640},{"type":"movie","tmdb_id":616651},{"type":"movie","tmdb_id":600583},{"type":"movie","tmdb_id":865463},{"type":"movie","tmdb_id":840283},{"type":"movie","tmdb_id":526811},{"type":"movie","tmdb_id":587186},{"type":"movie","tmdb_id":841594},{"type":"movie","tmdb_id":860352},{"type":"movie","tmdb_id":593910},{"type":"movie","tmdb_id":784594},{"type":"movie","tmdb_id":854527},{"type":"movie","tmdb_id":821501},{"type":"movie","tmdb_id":809970},{"type":"movie","tmdb_id":921711},{"type":"movie","tmdb_id":861043},{"type":"movie","tmdb_id":1374049},{"type":"movie","tmdb_id":882575},{"type":"movie","tmdb_id":636908},{"type":"movie","tmdb_id":576784},{"type":"movie","tmdb_id":791702},{"type":"movie","tmdb_id":624789},{"type":"movie","tmdb_id":872051},{"type":"movie","tmdb_id":1163445},{"type":"movie","tmdb_id":604782},{"type":"movie","tmdb_id":823610},{"type":"movie","tmdb_id":828080},{"type":"movie","tmdb_id":854723},{"type":"movie","tmdb_id":776697},{"type":"movie","tmdb_id":567748},{"type":"movie","tmdb_id":785577},{"type":"movie","tmdb_id":799197},{"type":"movie","tmdb_id":901383},{"type":"movie","tmdb_id":722802},{"type":"movie","tmdb_id":757468},{"type":"movie","tmdb_id":660000},{"type":"movie","tmdb_id":845956},{"type":"movie","tmdb_id":748683},{"type":"movie","tmdb_id":791043},{"type":"movie","tmdb_id":1131673},{"type":"movie","tmdb_id":852981},{"type":"movie","tmdb_id":797457},{"type":"movie","tmdb_id":823216},{"type":"movie","tmdb_id":1298145},{"type":"movie","tmdb_id":786300},{"type":"movie","tmdb_id":850277},{"type":"movie","tmdb_id":935716},{"type":"movie","tmdb_id":676705},{"type":"movie","tmdb_id":663558},{"type":"movie","tmdb_id":855569},{"type":"movie","tmdb_id":675319},{"type":"movie","tmdb_id":838150},{"type":"movie","tmdb_id":861810},{"type":"movie","tmdb_id":609972},{"type":"movie","tmdb_id":601666},{"type":"movie","tmdb_id":644583},{"type":"movie","tmdb_id":731110},{"type":"movie","tmdb_id":822067},{"type":"movie","tmdb_id":685274},{"type":"movie","tmdb_id":761830},{"type":"movie","tmdb_id":648412},{"type":"movie","tmdb_id":878357},{"type":"movie","tmdb_id":852370},{"type":"movie","tmdb_id":963059},{"type":"movie","tmdb_id":1061856},{"type":"movie","tmdb_id":1185078},{"type":"movie","tmdb_id":589761},{"type":"movie","tmdb_id":790092},{"type":"movie","tmdb_id":869754},{"type":"movie","tmdb_id":712120},{"type":"movie","tmdb_id":764841},{"type":"movie","tmdb_id":959986},{"type":"movie","tmdb_id":959929},{"type":"movie","tmdb_id":884972},{"type":"movie","tmdb_id":770254},{"type":"movie","tmdb_id":863245},{"type":"movie","tmdb_id":883640},{"type":"movie","tmdb_id":1061030},{"type":"movie","tmdb_id":814785},{"type":"movie","tmdb_id":931541},{"type":"movie","tmdb_id":796428},{"type":"movie","tmdb_id":591274},{"type":"movie","tmdb_id":654974},{"type":"movie","tmdb_id":660833},{"type":"movie","tmdb_id":765245},{"type":"movie","tmdb_id":713466},{"type":"movie","tmdb_id":517088},{"type":"movie","tmdb_id":790092},{"type":"movie","tmdb_id":821501},{"type":"movie","tmdb_id":835678},{"type":"movie","tmdb_id":884972},{"type":"movie","tmdb_id":861938},{"type":"movie","tmdb_id":844295},{"type":"movie","tmdb_id":640815},{"type":"movie","tmdb_id":861810},{"type":"movie","tmdb_id":743479},{"type":"movie","tmdb_id":891086},{"type":"movie","tmdb_id":660833},{"type":"movie","tmdb_id":770254},{"type":"movie","tmdb_id":795859},{"type":"movie","tmdb_id":959929},{"type":"movie","tmdb_id":935716},{"type":"movie","tmdb_id":638965},{"type":"movie","tmdb_id":862360},{"type":"movie","tmdb_id":1163445},{"type":"movie","tmdb_id":719164},{"type":"movie","tmdb_id":778681},{"type":"movie","tmdb_id":760873},{"type":"movie","tmdb_id":844143},{"type":"movie","tmdb_id":1185078},{"type":"movie","tmdb_id":842353},{"type":"movie","tmdb_id":838150},{"type":"movie","tmdb_id":823313},{"type":"movie","tmdb_id":1061030},{"type":"movie","tmdb_id":760883},{"type":"movie","tmdb_id":840283},{"type":"movie","tmdb_id":649409},{"type":"movie","tmdb_id":1161712},{"type":"movie","tmdb_id":883006},{"type":"movie","tmdb_id":731110},{"type":"movie","tmdb_id":637693},{"type":"movie","tmdb_id":898522},{"type":"movie","tmdb_id":1049732},{"type":"movie","tmdb_id":785663},{"type":"movie","tmdb_id":814785},{"type":"movie","tmdb_id":638965},{"type":"movie","tmdb_id":645886},{"type":"movie","tmdb_id":637693},{"type":"movie","tmdb_id":719164},{"type":"movie","tmdb_id":311819},{"type":"movie","tmdb_id":866319},{"type":"movie","tmdb_id":811072},{"type":"movie","tmdb_id":849369},{"type":"movie","tmdb_id":653349},{"type":"movie","tmdb_id":898522},{"type":"movie","tmdb_id":835678},{"type":"movie","tmdb_id":931333},{"type":"movie","tmdb_id":840431},{"type":"movie","tmdb_id":818082},{"type":"movie","tmdb_id":939848},{"type":"movie","tmdb_id":1121857},{"type":"movie","tmdb_id":849281},{"type":"movie","tmdb_id":1127279},{"type":"movie","tmdb_id":794850},{"type":"movie","tmdb_id":895704},{"type":"movie","tmdb_id":949063},{"type":"movie","tmdb_id":845687},{"type":"movie","tmdb_id":850674},{"type":"movie","tmdb_id":1099020},{"type":"movie","tmdb_id":979420},{"type":"movie","tmdb_id":591273},{"type":"movie","tmdb_id":849369},{"type":"movie","tmdb_id":878961},{"type":"movie","tmdb_id":719463},{"type":"movie","tmdb_id":945208},{"type":"movie","tmdb_id":811072},{"type":"movie","tmdb_id":857394},{"type":"movie","tmdb_id":859698},{"type":"movie","tmdb_id":675327},{"type":"movie","tmdb_id":845222},{"type":"movie","tmdb_id":968490},{"type":"movie","tmdb_id":818082},{"type":"movie","tmdb_id":935394},{"type":"movie","tmdb_id":765245},{"type":"movie","tmdb_id":727293},{"type":"movie","tmdb_id":795514},{"type":"movie","tmdb_id":869617},{"type":"movie","tmdb_id":814891},{"type":"movie","tmdb_id":822071},{"type":"movie","tmdb_id":931333},{"type":"movie","tmdb_id":1016088},{"type":"movie","tmdb_id":665886},{"type":"movie","tmdb_id":939285},{"type":"movie","tmdb_id":926877},{"type":"movie","tmdb_id":583406},{"type":"movie","tmdb_id":820875},{"type":"movie","tmdb_id":1006147},{"type":"movie","tmdb_id":886666},{"type":"movie","tmdb_id":845394},{"type":"movie","tmdb_id":853667},{"type":"movie","tmdb_id":925392},{"type":"movie","tmdb_id":682987},{"type":"movie","tmdb_id":849281},{"type":"movie","tmdb_id":743115},{"type":"movie","tmdb_id":776511},{"type":"movie","tmdb_id":730840},{"type":"movie","tmdb_id":716105},{"type":"movie","tmdb_id":816282},{"type":"movie","tmdb_id":740925},{"type":"movie","tmdb_id":785522},{"type":"movie","tmdb_id":840431},{"type":"movie","tmdb_id":906453},{"type":"movie","tmdb_id":890967},{"type":"movie","tmdb_id":1029469},{"type":"movie","tmdb_id":915984},{"type":"movie","tmdb_id":1208640},{"type":"movie","tmdb_id":884777},{"type":"movie","tmdb_id":1055435},{"type":"movie","tmdb_id":979168},{"type":"movie","tmdb_id":981113},{"type":"movie","tmdb_id":798893},{"type":"movie","tmdb_id":657195},{"type":"movie","tmdb_id":667757},{"type":"movie","tmdb_id":833335},{"type":"movie","tmdb_id":939848},{"type":"movie","tmdb_id":678478},{"type":"movie","tmdb_id":788032},{"type":"movie","tmdb_id":630392},{"type":"movie","tmdb_id":808023},{"type":"movie","tmdb_id":869540},{"type":"movie","tmdb_id":862620},{"type":"movie","tmdb_id":942623},{"type":"movie","tmdb_id":1340477},{"type":"movie","tmdb_id":1461826},{"type":"movie","tmdb_id":911106},{"type":"movie","tmdb_id":1039209},{"type":"movie","tmdb_id":891891},{"type":"movie","tmdb_id":877913},{"type":"movie","tmdb_id":664825},{"type":"movie","tmdb_id":794850},{"type":"movie","tmdb_id":883640},{"type":"movie","tmdb_id":898656},{"type":"movie","tmdb_id":875029},{"type":"movie","tmdb_id":783309},{"type":"movie","tmdb_id":878357},{"type":"movie","tmdb_id":630240},{"type":"movie","tmdb_id":783153},{"type":"movie","tmdb_id":838719},{"type":"movie","tmdb_id":786451},{"type":"movie","tmdb_id":593395},{"type":"movie","tmdb_id":669671},{"type":"movie","tmdb_id":554230},{"type":"movie","tmdb_id":862879},{"type":"movie","tmdb_id":800891},{"type":"movie","tmdb_id":347626},{"type":"movie","tmdb_id":665768},{"type":"movie","tmdb_id":615643},{"type":"movie","tmdb_id":785408},{"type":"movie","tmdb_id":672741},{"type":"movie","tmdb_id":1122803},{"type":"movie","tmdb_id":793088},{"type":"movie","tmdb_id":773543},{"type":"movie","tmdb_id":999121},{"type":"movie","tmdb_id":848886},{"type":"movie","tmdb_id":1476922},{"type":"movie","tmdb_id":1505588},{"type":"movie","tmdb_id":532865},{"type":"movie","tmdb_id":861294},{"type":"movie","tmdb_id":912409},{"type":"movie","tmdb_id":633515},{"type":"movie","tmdb_id":846996},{"type":"movie","tmdb_id":709330},{"type":"movie","tmdb_id":911758},{"type":"movie","tmdb_id":823377},{"type":"movie","tmdb_id":653349},{"type":"movie","tmdb_id":863722},{"type":"movie","tmdb_id":798590},{"type":"movie","tmdb_id":967441},{"type":"movie","tmdb_id":887758},{"type":"movie","tmdb_id":992844},{"type":"movie","tmdb_id":1254437},{"type":"movie","tmdb_id":581389},{"type":"movie","tmdb_id":833420},{"type":"movie","tmdb_id":720039},{"type":"movie","tmdb_id":843021},{"type":"movie","tmdb_id":819333},{"type":"movie","tmdb_id":713613},{"type":"movie","tmdb_id":631060},{"type":"movie","tmdb_id":666498},{"type":"movie","tmdb_id":912858},{"type":"movie","tmdb_id":1195595},{"type":"movie","tmdb_id":724087},{"type":"movie","tmdb_id":843475},{"type":"movie","tmdb_id":311819},{"type":"movie","tmdb_id":1461808},{"type":"movie","tmdb_id":871592},{"type":"movie","tmdb_id":1437191},{"type":"movie","tmdb_id":722282},{"type":"movie","tmdb_id":837754},{"type":"movie","tmdb_id":852902},{"type":"movie","tmdb_id":826678},{"type":"movie","tmdb_id":654754},{"type":"movie","tmdb_id":947920},{"type":"movie","tmdb_id":865553},{"type":"movie","tmdb_id":838674},{"type":"movie","tmdb_id":949665},{"type":"movie","tmdb_id":893694},{"type":"movie","tmdb_id":628704},{"type":"movie","tmdb_id":846996},{"type":"movie","tmdb_id":649409},{"type":"movie","tmdb_id":888492},{"type":"movie","tmdb_id":1039209},{"type":"movie","tmdb_id":876827},{"type":"movie","tmdb_id":716612},{"type":"movie","tmdb_id":774714},{"type":"movie","tmdb_id":631060},{"type":"movie","tmdb_id":740925},{"type":"movie","tmdb_id":612561},{"type":"movie","tmdb_id":769749},{"type":"movie","tmdb_id":691179},{"type":"movie","tmdb_id":869540},{"type":"movie","tmdb_id":1461808},{"type":"movie","tmdb_id":961678},{"type":"movie","tmdb_id":1461826},{"type":"movie","tmdb_id":876249},{"type":"movie","tmdb_id":882212},{"type":"movie","tmdb_id":682377},{"type":"movie","tmdb_id":1015338},{"type":"movie","tmdb_id":911758},{"type":"movie","tmdb_id":1013019},{"type":"movie","tmdb_id":837548},{"type":"movie","tmdb_id":912858},{"type":"movie","tmdb_id":838104},{"type":"movie","tmdb_id":776544},{"type":"movie","tmdb_id":878195},{"type":"movie","tmdb_id":662638},{"type":"movie","tmdb_id":912409},{"type":"movie","tmdb_id":784130},{"type":"movie","tmdb_id":761534},{"type":"movie","tmdb_id":760747},{"type":"movie","tmdb_id":814891},{"type":"movie","tmdb_id":811592},{"type":"movie","tmdb_id":820492},{"type":"movie","tmdb_id":858921},{"type":"movie","tmdb_id":981545},{"type":"movie","tmdb_id":734372},{"type":"movie","tmdb_id":956506},{"type":"movie","tmdb_id":865095},{"type":"movie","tmdb_id":793234},{"type":"movie","tmdb_id":855584},{"type":"movie","tmdb_id":486194},{"type":"movie","tmdb_id":1118540},{"type":"movie","tmdb_id":675480},{"type":"movie","tmdb_id":895134},{"type":"movie","tmdb_id":1009251},{"type":"movie","tmdb_id":949665},{"type":"movie","tmdb_id":716612},{"type":"movie","tmdb_id":876827},{"type":"movie","tmdb_id":1504225},{"type":"movie","tmdb_id":618162},{"type":"movie","tmdb_id":775697},{"type":"movie","tmdb_id":748787},{"type":"movie","tmdb_id":882212},{"type":"movie","tmdb_id":874175},{"type":"movie","tmdb_id":802017},{"type":"movie","tmdb_id":874828},{"type":"movie","tmdb_id":900858},{"type":"movie","tmdb_id":843021},{"type":"movie","tmdb_id":603661},{"type":"movie","tmdb_id":855584},{"type":"movie","tmdb_id":567797},{"type":"movie","tmdb_id":1551143},{"type":"movie","tmdb_id":849363},{"type":"movie","tmdb_id":862879},{"type":"movie","tmdb_id":664601},{"type":"movie","tmdb_id":879078},{"type":"movie","tmdb_id":591275},{"type":"movie","tmdb_id":887916},{"type":"movie","tmdb_id":693285},{"type":"movie","tmdb_id":1500072},{"type":"movie","tmdb_id":956506},{"type":"movie","tmdb_id":565028},{"type":"movie","tmdb_id":940066},{"type":"movie","tmdb_id":868781},{"type":"movie","tmdb_id":862824},{"type":"movie","tmdb_id":835679},{"type":"movie","tmdb_id":843712},{"type":"movie","tmdb_id":855652},{"type":"movie","tmdb_id":838804},{"type":"movie","tmdb_id":830037},{"type":"movie","tmdb_id":777270},{"type":"movie","tmdb_id":486194},{"type":"movie","tmdb_id":686235},{"type":"movie","tmdb_id":520663},{"type":"movie","tmdb_id":941600},{"type":"movie","tmdb_id":723640},{"type":"movie","tmdb_id":865095},{"type":"movie","tmdb_id":826945},{"type":"movie","tmdb_id":673309},{"type":"movie","tmdb_id":845722},{"type":"movie","tmdb_id":815152},{"type":"movie","tmdb_id":829808},{"type":"movie","tmdb_id":629017},{"type":"movie","tmdb_id":811652},{"type":"movie","tmdb_id":942944},{"type":"movie","tmdb_id":831849},{"type":"movie","tmdb_id":1015376},{"type":"movie","tmdb_id":926374},{"type":"movie","tmdb_id":778657},{"type":"movie","tmdb_id":874175},{"type":"movie","tmdb_id":887758},{"type":"movie","tmdb_id":779029},{"type":"movie","tmdb_id":1274289},{"type":"movie","tmdb_id":864343},{"type":"movie","tmdb_id":778275},{"type":"movie","tmdb_id":621876},{"type":"movie","tmdb_id":748787},{"type":"movie","tmdb_id":1218480},{"type":"movie","tmdb_id":879673},{"type":"movie","tmdb_id":795102},{"type":"movie","tmdb_id":681887},{"type":"movie","tmdb_id":926298},{"type":"movie","tmdb_id":856015},{"type":"movie","tmdb_id":539565},{"type":"movie","tmdb_id":1191260},{"type":"movie","tmdb_id":776522},{"type":"movie","tmdb_id":950172},{"type":"movie","tmdb_id":651944},{"type":"movie","tmdb_id":1319123},{"type":"movie","tmdb_id":744425},{"type":"movie","tmdb_id":846249},{"type":"movie","tmdb_id":630392},{"type":"movie","tmdb_id":814615},{"type":"movie","tmdb_id":1521934},{"type":"movie","tmdb_id":853258},{"type":"movie","tmdb_id":1504225},{"type":"movie","tmdb_id":824440},{"type":"movie","tmdb_id":797838},{"type":"movie","tmdb_id":852902},{"type":"movie","tmdb_id":672816},{"type":"movie","tmdb_id":638597},{"type":"movie","tmdb_id":424277},{"type":"movie","tmdb_id":1169076},{"type":"movie","tmdb_id":1437191},{"type":"movie","tmdb_id":924475}]}