{"ts":1771271607,"year":"2022","mode":"movie","candidates":[{"type":"movie","tmdb_id":76600},{"type":"movie","tmdb_id":361743},{"type":"movie","tmdb_id":718930},{"type":"movie","tmdb_id":414906},{"type":"movie","tmdb_id":829557},{"type":"movie","tmdb_id":453395},{"type":"movie","tmdb_id":505642},{"type":"movie","tmdb_id":507086},{"type":"movie","tmdb_id":766507},{"type":"movie","tmdb_id":616037},{"type":"movie","tmdb_id":315162},{"type":"movie","tmdb_id":840326},{"type":"movie","tmdb_id":646385},{"type":"movie","tmdb_id":545611},{"type":"movie","tmdb_id":436270},{"type":"movie","tmdb_id":675353},{"type":"movie","tmdb_id":818397},{"type":"movie","tmdb_id":619979},{"type":"movie","tmdb_id":508947},{"type":"movie","tmdb_id":756999},{"type":"movie","tmdb_id":629542},{"type":"movie","tmdb_id":438148},{"type":"movie","tmdb_id":661374},{"type":"movie","tmdb_id":615777},{"type":"movie","tmdb_id":985939},{"type":"movie","tmdb_id":585083},{"type":"movie","tmdb_id":615173},{"type":"movie","tmdb_id":725201},{"type":"movie","tmdb_id":974713},{"type":"movie","tmdb_id":648457},{"type":"movie","tmdb_id":882598},{"type":"movie","tmdb_id":593643},{"type":"movie","tmdb_id":505026},{"type":"movie","tmdb_id":760104},{"type":"movie","tmdb_id":818647},{"type":"movie","tmdb_id":585511},{"type":"movie","tmdb_id":829560},{"type":"movie","tmdb_id":338953},{"type":"movie","tmdb_id":851644},{"type":"movie","tmdb_id":894169},{"type":"movie","tmdb_id":585511},{"type":"movie","tmdb_id":639933},{"type":"movie","tmdb_id":762975},{"type":"movie","tmdb_id":877269},{"type":"movie","tmdb_id":894169},{"type":"movie","tmdb_id":774752},{"type":"movie","tmdb_id":532639},{"type":"movie","tmdb_id":536554},{"type":"movie","tmdb_id":724495},{"type":"movie","tmdb_id":752623},{"type":"movie","tmdb_id":818397},{"type":"movie","tmdb_id":49046},{"type":"movie","tmdb_id":975714},{"type":"movie","tmdb_id":791177},{"type":"movie","tmdb_id":937278},{"type":"movie","tmdb_id":804095},{"type":"movie","tmdb_id":785084},{"type":"movie","tmdb_id":698508},{"type":"movie","tmdb_id":610150},{"type":"movie","tmdb_id":526896},{"type":"movie","tmdb_id":949423},{"type":"movie","tmdb_id":712128},{"type":"movie","tmdb_id":754452},{"type":"movie","tmdb_id":1001835},{"type":"movie","tmdb_id":663712},{"type":"movie","tmdb_id":888195},{"type":"movie","tmdb_id":682507},{"type":"movie","tmdb_id":896499},{"type":"movie","tmdb_id":829280},{"type":"movie","tmdb_id":965150},{"type":"movie","tmdb_id":718789},{"type":"movie","tmdb_id":848058},{"type":"movie","tmdb_id":899112},{"type":"movie","tmdb_id":406759},{"type":"movie","tmdb_id":619803},{"type":"movie","tmdb_id":837745},{"type":"movie","tmdb_id":628900},{"type":"movie","tmdb_id":420821},{"type":"movie","tmdb_id":760926},{"type":"movie","tmdb_id":429473},{"type":"movie","tmdb_id":774825},{"type":"movie","tmdb_id":877269},{"type":"movie","tmdb_id":760926},{"type":"movie","tmdb_id":614934},{"type":"movie","tmdb_id":846778},{"type":"movie","tmdb_id":705996},{"type":"movie","tmdb_id":1014566},{"type":"movie","tmdb_id":916224},{"type":"movie","tmdb_id":619730},{"type":"movie","tmdb_id":526896},{"type":"movie","tmdb_id":894205},{"type":"movie","tmdb_id":632727},{"type":"movie","tmdb_id":879538},{"type":"movie","tmdb_id":555604},{"type":"movie","tmdb_id":888097},{"type":"movie","tmdb_id":616820},{"type":"movie","tmdb_id":843543},{"type":"movie","tmdb_id":1029445},{"type":"movie","tmdb_id":911345},{"type":"movie","tmdb_id":983224},{"type":"movie","tmdb_id":928358},{"type":"movie","tmdb_id":616820},{"type":"movie","tmdb_id":1029445},{"type":"movie","tmdb_id":674324},{"type":"movie","tmdb_id":664469},{"type":"movie","tmdb_id":1007878},{"type":"movie","tmdb_id":560057},{"type":"movie","tmdb_id":852696},{"type":"movie","tmdb_id":944865},{"type":"movie","tmdb_id":817758},{"type":"movie","tmdb_id":763285},{"type":"movie","tmdb_id":632727},{"type":"movie","tmdb_id":930092},{"type":"movie","tmdb_id":780609},{"type":"movie","tmdb_id":942880},{"type":"movie","tmdb_id":301502},{"type":"movie","tmdb_id":601796},{"type":"movie","tmdb_id":852592},{"type":"movie","tmdb_id":807356},{"type":"movie","tmdb_id":862965},{"type":"movie","tmdb_id":1055432},{"type":"movie","tmdb_id":843543},{"type":"movie","tmdb_id":939914},{"type":"movie","tmdb_id":1357535},{"type":"movie","tmdb_id":755566},{"type":"movie","tmdb_id":665828},{"type":"movie","tmdb_id":987434},{"type":"movie","tmdb_id":913290},{"type":"movie","tmdb_id":879849},{"type":"movie","tmdb_id":668461},{"type":"movie","tmdb_id":767825},{"type":"movie","tmdb_id":805298},{"type":"movie","tmdb_id":657198},{"type":"movie","tmdb_id":1286449},{"type":"movie","tmdb_id":982467},{"type":"movie","tmdb_id":837016},{"type":"movie","tmdb_id":965022},{"type":"movie","tmdb_id":760741},{"type":"movie","tmdb_id":900667},{"type":"movie","tmdb_id":648579},{"type":"movie","tmdb_id":934384},{"type":"movie","tmdb_id":939575},{"type":"movie","tmdb_id":568271},{"type":"movie","tmdb_id":983768},{"type":"movie","tmdb_id":1022256},{"type":"movie","tmdb_id":680829},{"type":"movie","tmdb_id":994315},{"type":"movie","tmdb_id":750466},{"type":"movie","tmdb_id":668482},{"type":"movie","tmdb_id":1107978},{"type":"movie","tmdb_id":733063},{"type":"movie","tmdb_id":736526},{"type":"movie","tmdb_id":642885},{"type":"movie","tmdb_id":1025535},{"type":"movie","tmdb_id":744276},{"type":"movie","tmdb_id":505406},{"type":"movie","tmdb_id":939099},{"type":"movie","tmdb_id":872170},{"type":"movie","tmdb_id":1006851},{"type":"movie","tmdb_id":1053630},{"type":"movie","tmdb_id":960057},{"type":"movie","tmdb_id":977871},{"type":"movie","tmdb_id":852427},{"type":"movie","tmdb_id":926612},{"type":"movie","tmdb_id":966220},{"type":"movie","tmdb_id":522016},{"type":"movie","tmdb_id":764517},{"type":"movie","tmdb_id":960875},{"type":"movie","tmdb_id":539681},{"type":"movie","tmdb_id":782936},{"type":"movie","tmdb_id":938008},{"type":"movie","tmdb_id":894246},{"type":"movie","tmdb_id":979807},{"type":"movie","tmdb_id":707103},{"type":"movie","tmdb_id":996067},{"type":"movie","tmdb_id":984262},{"type":"movie","tmdb_id":716532},{"type":"movie","tmdb_id":532710},{"type":"movie","tmdb_id":759426},{"type":"movie","tmdb_id":522925},{"type":"movie","tmdb_id":961484},{"type":"movie","tmdb_id":522016},{"type":"movie","tmdb_id":1107978},{"type":"movie","tmdb_id":860609},{"type":"movie","tmdb_id":522925},{"type":"movie","tmdb_id":764517},{"type":"movie","tmdb_id":926612},{"type":"movie","tmdb_id":758009},{"type":"movie","tmdb_id":960875},{"type":"movie","tmdb_id":788922},{"type":"movie","tmdb_id":860155},{"type":"movie","tmdb_id":632856},{"type":"movie","tmdb_id":842934},{"type":"movie","tmdb_id":894246},{"type":"movie","tmdb_id":630474},{"type":"movie","tmdb_id":928115},{"type":"movie","tmdb_id":505406},{"type":"movie","tmdb_id":888268},{"type":"movie","tmdb_id":1204041},{"type":"movie","tmdb_id":1528196},{"type":"movie","tmdb_id":556694},{"type":"movie","tmdb_id":843314},{"type":"movie","tmdb_id":758009},{"type":"movie","tmdb_id":860609},{"type":"movie","tmdb_id":497828},{"type":"movie","tmdb_id":860155},{"type":"movie","tmdb_id":842934},{"type":"movie","tmdb_id":799379},{"type":"movie","tmdb_id":862220},{"type":"movie","tmdb_id":995133},{"type":"movie","tmdb_id":987912},{"type":"movie","tmdb_id":811631},{"type":"movie","tmdb_id":788922},{"type":"movie","tmdb_id":942894},{"type":"movie","tmdb_id":919355},{"type":"movie","tmdb_id":1066767},{"type":"movie","tmdb_id":937633},{"type":"movie","tmdb_id":916401},{"type":"movie","tmdb_id":1204041},{"type":"movie","tmdb_id":997660},{"type":"movie","tmdb_id":680028},{"type":"movie","tmdb_id":985892},{"type":"movie","tmdb_id":1020969},{"type":"movie","tmdb_id":936621},{"type":"movie","tmdb_id":931853},{"type":"movie","tmdb_id":862220},{"type":"movie","tmdb_id":852046},{"type":"movie","tmdb_id":943934},{"type":"movie","tmdb_id":1018829},{"type":"movie","tmdb_id":935999},{"type":"movie","tmdb_id":1066767},{"type":"movie","tmdb_id":759175},{"type":"movie","tmdb_id":843314},{"type":"movie","tmdb_id":919355},{"type":"movie","tmdb_id":1293981},{"type":"movie","tmdb_id":626735},{"type":"movie","tmdb_id":556694},{"type":"movie","tmdb_id":843932},{"type":"movie","tmdb_id":854239},{"type":"movie","tmdb_id":776514},{"type":"movie","tmdb_id":1008580},{"type":"movie","tmdb_id":1041700},{"type":"movie","tmdb_id":878678},{"type":"movie","tmdb_id":1002780},{"type":"movie","tmdb_id":966773},{"type":"movie","tmdb_id":1047408},{"type":"movie","tmdb_id":934207},{"type":"movie","tmdb_id":947612},{"type":"movie","tmdb_id":825808},{"type":"movie","tmdb_id":978938},{"type":"movie","tmdb_id":778922},{"type":"movie","tmdb_id":768447},{"type":"movie","tmdb_id":938008},{"type":"movie","tmdb_id":942894},{"type":"movie","tmdb_id":1005854},{"type":"movie","tmdb_id":794315},{"type":"movie","tmdb_id":916192},{"type":"movie","tmdb_id":1033219},{"type":"movie","tmdb_id":597922},{"type":"movie","tmdb_id":698948},{"type":"movie","tmdb_id":800815},{"type":"movie","tmdb_id":829799},{"type":"movie","tmdb_id":997660},{"type":"movie","tmdb_id":880921},{"type":"movie","tmdb_id":819876},{"type":"movie","tmdb_id":1056272},{"type":"movie","tmdb_id":952217},{"type":"movie","tmdb_id":683361},{"type":"movie","tmdb_id":338947},{"type":"movie","tmdb_id":792775},{"type":"movie","tmdb_id":707103},{"type":"movie","tmdb_id":740963},{"type":"movie","tmdb_id":826861},{"type":"movie","tmdb_id":1266868},{"type":"movie","tmdb_id":842942},{"type":"movie","tmdb_id":969424},{"type":"movie","tmdb_id":807132},{"type":"movie","tmdb_id":776717},{"type":"movie","tmdb_id":1066342},{"type":"movie","tmdb_id":1045143},{"type":"movie","tmdb_id":995906},{"type":"movie","tmdb_id":1033909},{"type":"movie","tmdb_id":802917},{"type":"movie","tmdb_id":799051},{"type":"movie","tmdb_id":929183},{"type":"movie","tmdb_id":681169},{"type":"movie","tmdb_id":532710},{"type":"movie","tmdb_id":959558},{"type":"movie","tmdb_id":1030997},{"type":"movie","tmdb_id":760161},{"type":"movie","tmdb_id":1219377},{"type":"movie","tmdb_id":1266372},{"type":"movie","tmdb_id":800939},{"type":"movie","tmdb_id":916423},{"type":"movie","tmdb_id":997383},{"type":"movie","tmdb_id":627915},{"type":"movie","tmdb_id":996666},{"type":"movie","tmdb_id":1193186},{"type":"movie","tmdb_id":886894},{"type":"movie","tmdb_id":916401},{"type":"movie","tmdb_id":948797},{"type":"movie","tmdb_id":823631},{"type":"movie","tmdb_id":827168},{"type":"movie","tmdb_id":827991},{"type":"movie","tmdb_id":799876},{"type":"movie","tmdb_id":859321},{"type":"movie","tmdb_id":991106},{"type":"movie","tmdb_id":1052325},{"type":"movie","tmdb_id":926378},{"type":"movie","tmdb_id":660327},{"type":"movie","tmdb_id":960815},{"type":"movie","tmdb_id":862551},{"type":"movie","tmdb_id":836225},{"type":"movie","tmdb_id":944782},{"type":"movie","tmdb_id":1051335},{"type":"movie","tmdb_id":974659},{"type":"movie","tmdb_id":615469},{"type":"movie","tmdb_id":991087},{"type":"movie","tmdb_id":791155},{"type":"movie","tmdb_id":400291},{"type":"movie","tmdb_id":934079},{"type":"movie","tmdb_id":995906},{"type":"movie","tmdb_id":1012352},{"type":"movie","tmdb_id":1043576},{"type":"movie","tmdb_id":837881},{"type":"movie","tmdb_id":1013577},{"type":"movie","tmdb_id":1093762},{"type":"movie","tmdb_id":551271},{"type":"movie","tmdb_id":1007653},{"type":"movie","tmdb_id":792775},{"type":"movie","tmdb_id":639838},{"type":"movie","tmdb_id":1036788},{"type":"movie","tmdb_id":948658},{"type":"movie","tmdb_id":1056134},{"type":"movie","tmdb_id":660327},{"type":"movie","tmdb_id":916423},{"type":"movie","tmdb_id":856389},{"type":"movie","tmdb_id":876792},{"type":"movie","tmdb_id":996666},{"type":"movie","tmdb_id":927070},{"type":"movie","tmdb_id":1041513},{"type":"movie","tmdb_id":520023},{"type":"movie","tmdb_id":1039834},{"type":"movie","tmdb_id":777245},{"type":"movie","tmdb_id":816977},{"type":"movie","tmdb_id":786535},{"type":"movie","tmdb_id":1093762},{"type":"movie","tmdb_id":746333},{"type":"movie","tmdb_id":551271},{"type":"movie","tmdb_id":745608},{"type":"movie","tmdb_id":751741},{"type":"movie","tmdb_id":929334},{"type":"movie","tmdb_id":1030055},{"type":"movie","tmdb_id":1017189},{"type":"movie","tmdb_id":999722},{"type":"movie","tmdb_id":1036788},{"type":"movie","tmdb_id":1056134},{"type":"movie","tmdb_id":802706},{"type":"movie","tmdb_id":1003995},{"type":"movie","tmdb_id":660327},{"type":"movie","tmdb_id":929334},{"type":"movie","tmdb_id":1030055},{"type":"movie","tmdb_id":879901},{"type":"movie","tmdb_id":1017189},{"type":"movie","tmdb_id":999722},{"type":"movie","tmdb_id":1036788},{"type":"movie","tmdb_id":802706},{"type":"movie","tmdb_id":1003995},{"type":"movie","tmdb_id":1026377},{"type":"movie","tmdb_id":929392},{"type":"movie","tmdb_id":716532},{"type":"movie","tmdb_id":705861},{"type":"movie","tmdb_id":801320},{"type":"movie","tmdb_id":934194},{"type":"movie","tmdb_id":1050443},{"type":"movie","tmdb_id":587412},{"type":"movie","tmdb_id":717728},{"type":"movie","tmdb_id":864370},{"type":"movie","tmdb_id":991005},{"type":"movie","tmdb_id":760158},{"type":"movie","tmdb_id":629176},{"type":"movie","tmdb_id":937337},{"type":"movie","tmdb_id":1301433},{"type":"movie","tmdb_id":991071},{"type":"movie","tmdb_id":830784},{"type":"movie","tmdb_id":944585},{"type":"movie","tmdb_id":1027728},{"type":"movie","tmdb_id":1202113},{"type":"movie","tmdb_id":988226},{"type":"movie","tmdb_id":852317},{"type":"movie","tmdb_id":830788},{"type":"movie","tmdb_id":766475},{"type":"movie","tmdb_id":1002491},{"type":"movie","tmdb_id":856389},{"type":"movie","tmdb_id":953740},{"type":"movie","tmdb_id":1013910},{"type":"movie","tmdb_id":970981},{"type":"movie","tmdb_id":833339},{"type":"movie","tmdb_id":1027464},{"type":"movie","tmdb_id":934079},{"type":"movie","tmdb_id":1193186},{"type":"movie","tmdb_id":1308839},{"type":"movie","tmdb_id":997526},{"type":"movie","tmdb_id":972646},{"type":"movie","tmdb_id":937337},{"type":"movie","tmdb_id":885317},{"type":"movie","tmdb_id":940289},{"type":"movie","tmdb_id":991128},{"type":"movie","tmdb_id":988226},{"type":"movie","tmdb_id":1071038},{"type":"movie","tmdb_id":718146},{"type":"movie","tmdb_id":964841},{"type":"movie","tmdb_id":1177686},{"type":"movie","tmdb_id":1030955},{"type":"movie","tmdb_id":800939},{"type":"movie","tmdb_id":1547676},{"type":"movie","tmdb_id":947031},{"type":"movie","tmdb_id":924482},{"type":"movie","tmdb_id":823970},{"type":"movie","tmdb_id":929392},{"type":"movie","tmdb_id":960669},{"type":"movie","tmdb_id":1070903},{"type":"movie","tmdb_id":1003323},{"type":"movie","tmdb_id":934257},{"type":"movie","tmdb_id":1048941},{"type":"movie","tmdb_id":956616},{"type":"movie","tmdb_id":1033968},{"type":"movie","tmdb_id":1067208},{"type":"movie","tmdb_id":758330},{"type":"movie","tmdb_id":937331},{"type":"movie","tmdb_id":335795},{"type":"movie","tmdb_id":1007753},{"type":"movie","tmdb_id":916421},{"type":"movie","tmdb_id":1071038},{"type":"movie","tmdb_id":709195},{"type":"movie","tmdb_id":718146},{"type":"movie","tmdb_id":1013577},{"type":"movie","tmdb_id":969430},{"type":"movie","tmdb_id":1194993},{"type":"movie","tmdb_id":972646},{"type":"movie","tmdb_id":811631},{"type":"movie","tmdb_id":1024818},{"type":"movie","tmdb_id":944303},{"type":"movie","tmdb_id":872671},{"type":"movie","tmdb_id":953462},{"type":"movie","tmdb_id":898830},{"type":"movie","tmdb_id":1549629},{"type":"movie","tmdb_id":988228},{"type":"movie","tmdb_id":947031},{"type":"movie","tmdb_id":884882},{"type":"movie","tmdb_id":893712},{"type":"movie","tmdb_id":952478},{"type":"movie","tmdb_id":526486},{"type":"movie","tmdb_id":991128},{"type":"movie","tmdb_id":1036428},{"type":"movie","tmdb_id":518896},{"type":"movie","tmdb_id":1173416},{"type":"movie","tmdb_id":676547},{"type":"movie","tmdb_id":788158},{"type":"movie","tmdb_id":885317},{"type":"movie","tmdb_id":1050161},{"type":"movie","tmdb_id":1052918},{"type":"movie","tmdb_id":948809},{"type":"movie","tmdb_id":634429},{"type":"movie","tmdb_id":987959},{"type":"movie","tmdb_id":1056134},{"type":"movie","tmdb_id":862556},{"type":"movie","tmdb_id":964841},{"type":"movie","tmdb_id":960053},{"type":"movie","tmdb_id":949672},{"type":"movie","tmdb_id":1160124},{"type":"movie","tmdb_id":956896},{"type":"movie","tmdb_id":995956},{"type":"movie","tmdb_id":823766},{"type":"movie","tmdb_id":667739},{"type":"movie","tmdb_id":680860},{"type":"movie","tmdb_id":1052559},{"type":"movie","tmdb_id":928344},{"type":"movie","tmdb_id":1065997},{"type":"movie","tmdb_id":778810},{"type":"movie","tmdb_id":1065681},{"type":"movie","tmdb_id":944742},{"type":"movie","tmdb_id":831946},{"type":"movie","tmdb_id":1018587},{"type":"movie","tmdb_id":948658},{"type":"movie","tmdb_id":1547676},{"type":"movie","tmdb_id":838197},{"type":"movie","tmdb_id":1010820},{"type":"movie","tmdb_id":1185808},{"type":"movie","tmdb_id":1031948},{"type":"movie","tmdb_id":956477},{"type":"movie","tmdb_id":1040330},{"type":"movie","tmdb_id":1059673},{"type":"movie","tmdb_id":982465},{"type":"movie","tmdb_id":1177686},{"type":"movie","tmdb_id":985932},{"type":"movie","tmdb_id":1082010},{"type":"movie","tmdb_id":864101},{"type":"movie","tmdb_id":950542},{"type":"movie","tmdb_id":1357984},{"type":"movie","tmdb_id":925471},{"type":"movie","tmdb_id":1066596},{"type":"movie","tmdb_id":942012},{"type":"movie","tmdb_id":823970},{"type":"movie","tmdb_id":1066857},{"type":"movie","tmdb_id":886953},{"type":"movie","tmdb_id":807185},{"type":"movie","tmdb_id":1020029},{"type":"movie","tmdb_id":913816},{"type":"movie","tmdb_id":1083580},{"type":"movie","tmdb_id":950092},{"type":"movie","tmdb_id":1130172},{"type":"movie","tmdb_id":866329},{"type":"movie","tmdb_id":928735},{"type":"movie","tmdb_id":955783},{"type":"movie","tmdb_id":938955},{"type":"movie","tmdb_id":656663},{"type":"movie","tmdb_id":1329231},{"type":"movie","tmdb_id":990485},{"type":"movie","tmdb_id":1256356},{"type":"movie","tmdb_id":1010977},{"type":"movie","tmdb_id":830784},{"type":"movie","tmdb_id":1050164},{"type":"movie","tmdb_id":996897},{"type":"movie","tmdb_id":1032457},{"type":"movie","tmdb_id":1173416},{"type":"movie","tmdb_id":948163},{"type":"movie","tmdb_id":1065997},{"type":"movie","tmdb_id":1009263},{"type":"movie","tmdb_id":1037841},{"type":"movie","tmdb_id":1160124},{"type":"movie","tmdb_id":1028700},{"type":"movie","tmdb_id":1045793},{"type":"movie","tmdb_id":929997},{"type":"movie","tmdb_id":879444},{"type":"movie","tmdb_id":823766},{"type":"movie","tmdb_id":633811},{"type":"movie","tmdb_id":944303},{"type":"movie","tmdb_id":1018587},{"type":"movie","tmdb_id":1082010},{"type":"movie","tmdb_id":913991},{"type":"movie","tmdb_id":997125},{"type":"movie","tmdb_id":852317},{"type":"movie","tmdb_id":884569},{"type":"movie","tmdb_id":294793},{"type":"movie","tmdb_id":766475},{"type":"movie","tmdb_id":965049},{"type":"movie","tmdb_id":868553},{"type":"movie","tmdb_id":990485},{"type":"movie","tmdb_id":1034487},{"type":"movie","tmdb_id":855136},{"type":"movie","tmdb_id":1066857},{"type":"movie","tmdb_id":838197},{"type":"movie","tmdb_id":1136492},{"type":"movie","tmdb_id":965091},{"type":"movie","tmdb_id":778810},{"type":"movie","tmdb_id":1115692},{"type":"movie","tmdb_id":884882},{"type":"movie","tmdb_id":1041513},{"type":"movie","tmdb_id":1026682},{"type":"movie","tmdb_id":913991},{"type":"movie","tmdb_id":873126},{"type":"movie","tmdb_id":965049},{"type":"movie","tmdb_id":736732},{"type":"movie","tmdb_id":1030612},{"type":"movie","tmdb_id":1025880},{"type":"movie","tmdb_id":950825},{"type":"movie","tmdb_id":998837},{"type":"movie","tmdb_id":673829},{"type":"movie","tmdb_id":809140},{"type":"movie","tmdb_id":1045944},{"type":"movie","tmdb_id":966387},{"type":"movie","tmdb_id":869626},{"type":"movie","tmdb_id":1008576},{"type":"movie","tmdb_id":1097940},{"type":"movie","tmdb_id":1042436},{"type":"movie","tmdb_id":606403},{"type":"movie","tmdb_id":1010977},{"type":"movie","tmdb_id":962006},{"type":"movie","tmdb_id":890245},{"type":"movie","tmdb_id":955783},{"type":"movie","tmdb_id":993624},{"type":"movie","tmdb_id":884899},{"type":"movie","tmdb_id":924902},{"type":"movie","tmdb_id":957457},{"type":"movie","tmdb_id":931375},{"type":"movie","tmdb_id":1007753},{"type":"movie","tmdb_id":957785},{"type":"movie","tmdb_id":888001},{"type":"movie","tmdb_id":998837},{"type":"movie","tmdb_id":606402},{"type":"movie","tmdb_id":965013},{"type":"movie","tmdb_id":1059001},{"type":"movie","tmdb_id":1026191},{"type":"movie","tmdb_id":979077},{"type":"movie","tmdb_id":953462},{"type":"movie","tmdb_id":914810},{"type":"movie","tmdb_id":1038593},{"type":"movie","tmdb_id":988539},{"type":"movie","tmdb_id":1010821}]}