{"ts":1771173318,"year":"2000","mode":"movie","candidates":[{"type":"movie","tmdb_id":98},{"type":"movie","tmdb_id":1359},{"type":"movie","tmdb_id":11688},{"type":"movie","tmdb_id":107},{"type":"movie","tmdb_id":10867},{"type":"movie","tmdb_id":8358},{"type":"movie","tmdb_id":4247},{"type":"movie","tmdb_id":955},{"type":"movie","tmdb_id":8871},{"type":"movie","tmdb_id":77},{"type":"movie","tmdb_id":4327},{"type":"movie","tmdb_id":9532},{"type":"movie","tmdb_id":4234},{"type":"movie","tmdb_id":3134},{"type":"movie","tmdb_id":22705},{"type":"movie","tmdb_id":9600},{"type":"movie","tmdb_id":146},{"type":"movie","tmdb_id":843},{"type":"movie","tmdb_id":6282},{"type":"movie","tmdb_id":39468},{"type":"movie","tmdb_id":7443},{"type":"movie","tmdb_id":10501},{"type":"movie","tmdb_id":9600},{"type":"movie","tmdb_id":39468},{"type":"movie","tmdb_id":9741},{"type":"movie","tmdb_id":23990},{"type":"movie","tmdb_id":20637},{"type":"movie","tmdb_id":10567},{"type":"movie","tmdb_id":2024},{"type":"movie","tmdb_id":47302},{"type":"movie","tmdb_id":24664},{"type":"movie","tmdb_id":13785},{"type":"movie","tmdb_id":252355},{"type":"movie","tmdb_id":8584},{"type":"movie","tmdb_id":3981},{"type":"movie","tmdb_id":786},{"type":"movie","tmdb_id":31067},{"type":"movie","tmdb_id":78962},{"type":"movie","tmdb_id":10642},{"type":"movie","tmdb_id":25636},{"type":"movie","tmdb_id":20637},{"type":"movie","tmdb_id":22230},{"type":"movie","tmdb_id":3981},{"type":"movie","tmdb_id":252355},{"type":"movie","tmdb_id":14805},{"type":"movie","tmdb_id":2440},{"type":"movie","tmdb_id":10642},{"type":"movie","tmdb_id":134},{"type":"movie","tmdb_id":3176},{"type":"movie","tmdb_id":2707},{"type":"movie","tmdb_id":118052},{"type":"movie","tmdb_id":78962},{"type":"movie","tmdb_id":5994},{"type":"movie","tmdb_id":46958},{"type":"movie","tmdb_id":156682},{"type":"movie","tmdb_id":25212},{"type":"movie","tmdb_id":46462},{"type":"movie","tmdb_id":589846},{"type":"movie","tmdb_id":112720},{"type":"movie","tmdb_id":1493},{"type":"movie","tmdb_id":41425},{"type":"movie","tmdb_id":40562},{"type":"movie","tmdb_id":997517},{"type":"movie","tmdb_id":2133},{"type":"movie","tmdb_id":1636},{"type":"movie","tmdb_id":114455},{"type":"movie","tmdb_id":31610},{"type":"movie","tmdb_id":10637},{"type":"movie","tmdb_id":2123},{"type":"movie","tmdb_id":17806},{"type":"movie","tmdb_id":68141},{"type":"movie","tmdb_id":68954},{"type":"movie","tmdb_id":641},{"type":"movie","tmdb_id":78657},{"type":"movie","tmdb_id":462},{"type":"movie","tmdb_id":59715},{"type":"movie","tmdb_id":10393},{"type":"movie","tmdb_id":16},{"type":"movie","tmdb_id":12806},{"type":"movie","tmdb_id":466495},{"type":"movie","tmdb_id":171106},{"type":"movie","tmdb_id":11978},{"type":"movie","tmdb_id":31001},{"type":"movie","tmdb_id":68820},{"type":"movie","tmdb_id":35064},{"type":"movie","tmdb_id":65397},{"type":"movie","tmdb_id":8452},{"type":"movie","tmdb_id":1907},{"type":"movie","tmdb_id":392},{"type":"movie","tmdb_id":49671},{"type":"movie","tmdb_id":300799},{"type":"movie","tmdb_id":97930},{"type":"movie","tmdb_id":127439},{"type":"movie","tmdb_id":371918},{"type":"movie","tmdb_id":207490},{"type":"movie","tmdb_id":182799},{"type":"movie","tmdb_id":291312},{"type":"movie","tmdb_id":77787},{"type":"movie","tmdb_id":1472898},{"type":"movie","tmdb_id":102463},{"type":"movie","tmdb_id":22617},{"type":"movie","tmdb_id":479},{"type":"movie","tmdb_id":459926},{"type":"movie","tmdb_id":9285},{"type":"movie","tmdb_id":167087},{"type":"movie","tmdb_id":35650},{"type":"movie","tmdb_id":61786},{"type":"movie","tmdb_id":1150179},{"type":"movie","tmdb_id":263076},{"type":"movie","tmdb_id":505505},{"type":"movie","tmdb_id":201447},{"type":"movie","tmdb_id":423789},{"type":"movie","tmdb_id":262522},{"type":"movie","tmdb_id":23655},{"type":"movie","tmdb_id":4244},{"type":"movie","tmdb_id":1597},{"type":"movie","tmdb_id":240143},{"type":"movie","tmdb_id":21614},{"type":"movie","tmdb_id":1117614},{"type":"movie","tmdb_id":278828},{"type":"movie","tmdb_id":85265},{"type":"movie","tmdb_id":2069},{"type":"movie","tmdb_id":1443},{"type":"movie","tmdb_id":15869},{"type":"movie","tmdb_id":2085},{"type":"movie","tmdb_id":34056},{"type":"movie","tmdb_id":8859},{"type":"movie","tmdb_id":62182},{"type":"movie","tmdb_id":251504},{"type":"movie","tmdb_id":16366},{"type":"movie","tmdb_id":1051942},{"type":"movie","tmdb_id":513256},{"type":"movie","tmdb_id":47816},{"type":"movie","tmdb_id":2332},{"type":"movie","tmdb_id":5551},{"type":"movie","tmdb_id":49469},{"type":"movie","tmdb_id":470109},{"type":"movie","tmdb_id":60670},{"type":"movie","tmdb_id":16340},{"type":"movie","tmdb_id":1102104},{"type":"movie","tmdb_id":41634},{"type":"movie","tmdb_id":1194032},{"type":"movie","tmdb_id":243},{"type":"movie","tmdb_id":102642},{"type":"movie","tmdb_id":285257},{"type":"movie","tmdb_id":21370},{"type":"movie","tmdb_id":159067},{"type":"movie","tmdb_id":2655},{"type":"movie","tmdb_id":20677},{"type":"movie","tmdb_id":11678},{"type":"movie","tmdb_id":570600},{"type":"movie","tmdb_id":1455399},{"type":"movie","tmdb_id":407311},{"type":"movie","tmdb_id":7093},{"type":"movie","tmdb_id":103635},{"type":"movie","tmdb_id":27181},{"type":"movie","tmdb_id":460803},{"type":"movie","tmdb_id":42068},{"type":"movie","tmdb_id":519959},{"type":"movie","tmdb_id":227149},{"type":"movie","tmdb_id":19150},{"type":"movie","tmdb_id":29076},{"type":"movie","tmdb_id":270040},{"type":"movie","tmdb_id":424019},{"type":"movie","tmdb_id":10991},{"type":"movie","tmdb_id":89823},{"type":"movie","tmdb_id":75578},{"type":"movie","tmdb_id":34754},{"type":"movie","tmdb_id":7290},{"type":"movie","tmdb_id":161308},{"type":"movie","tmdb_id":84748},{"type":"movie","tmdb_id":662799},{"type":"movie","tmdb_id":11075},{"type":"movie","tmdb_id":48109},{"type":"movie","tmdb_id":1542653},{"type":"movie","tmdb_id":376730},{"type":"movie","tmdb_id":73232},{"type":"movie","tmdb_id":9678},{"type":"movie","tmdb_id":9456},{"type":"movie","tmdb_id":128351},{"type":"movie","tmdb_id":2046},{"type":"movie","tmdb_id":757862},{"type":"movie","tmdb_id":25538},{"type":"movie","tmdb_id":248577},{"type":"movie","tmdb_id":19576},{"type":"movie","tmdb_id":57024},{"type":"movie","tmdb_id":824907},{"type":"movie","tmdb_id":375772},{"type":"movie","tmdb_id":817912},{"type":"movie","tmdb_id":344023},{"type":"movie","tmdb_id":433979},{"type":"movie","tmdb_id":90387},{"type":"movie","tmdb_id":20770},{"type":"movie","tmdb_id":10647},{"type":"movie","tmdb_id":1118219},{"type":"movie","tmdb_id":7450},{"type":"movie","tmdb_id":162518},{"type":"movie","tmdb_id":27879},{"type":"movie","tmdb_id":1131764},{"type":"movie","tmdb_id":122163},{"type":"movie","tmdb_id":137236},{"type":"movie","tmdb_id":294549},{"type":"movie","tmdb_id":880144},{"type":"movie","tmdb_id":53554},{"type":"movie","tmdb_id":424641},{"type":"movie","tmdb_id":10481},{"type":"movie","tmdb_id":419036},{"type":"movie","tmdb_id":391155},{"type":"movie","tmdb_id":345218},{"type":"movie","tmdb_id":265242},{"type":"movie","tmdb_id":309920},{"type":"movie","tmdb_id":9519},{"type":"movie","tmdb_id":657851},{"type":"movie","tmdb_id":378337},{"type":"movie","tmdb_id":50477},{"type":"movie","tmdb_id":87867},{"type":"movie","tmdb_id":71},{"type":"movie","tmdb_id":97983},{"type":"movie","tmdb_id":1484373},{"type":"movie","tmdb_id":1010827},{"type":"movie","tmdb_id":894455},{"type":"movie","tmdb_id":99163},{"type":"movie","tmdb_id":177262},{"type":"movie","tmdb_id":1156045},{"type":"movie","tmdb_id":468862},{"type":"movie","tmdb_id":14181},{"type":"movie","tmdb_id":998581},{"type":"movie","tmdb_id":598274},{"type":"movie","tmdb_id":306132},{"type":"movie","tmdb_id":10461},{"type":"movie","tmdb_id":1068906},{"type":"movie","tmdb_id":8843},{"type":"movie","tmdb_id":19457},{"type":"movie","tmdb_id":1423512},{"type":"movie","tmdb_id":381508},{"type":"movie","tmdb_id":10205},{"type":"movie","tmdb_id":815135},{"type":"movie","tmdb_id":503667},{"type":"movie","tmdb_id":673795},{"type":"movie","tmdb_id":30947},{"type":"movie","tmdb_id":20770},{"type":"movie","tmdb_id":395547},{"type":"movie","tmdb_id":503667},{"type":"movie","tmdb_id":110370},{"type":"movie","tmdb_id":228893},{"type":"movie","tmdb_id":10461},{"type":"movie","tmdb_id":306132},{"type":"movie","tmdb_id":19150},{"type":"movie","tmdb_id":309920},{"type":"movie","tmdb_id":15653},{"type":"movie","tmdb_id":20677},{"type":"movie","tmdb_id":737838},{"type":"movie","tmdb_id":518029},{"type":"movie","tmdb_id":36234},{"type":"movie","tmdb_id":880144},{"type":"movie","tmdb_id":230562},{"type":"movie","tmdb_id":732015},{"type":"movie","tmdb_id":25014},{"type":"movie","tmdb_id":287978},{"type":"movie","tmdb_id":345221},{"type":"movie","tmdb_id":121940},{"type":"movie","tmdb_id":39981},{"type":"movie","tmdb_id":395547},{"type":"movie","tmdb_id":273471},{"type":"movie","tmdb_id":110370},{"type":"movie","tmdb_id":495410},{"type":"movie","tmdb_id":15655},{"type":"movie","tmdb_id":228893},{"type":"movie","tmdb_id":2067},{"type":"movie","tmdb_id":2155},{"type":"movie","tmdb_id":12609},{"type":"movie","tmdb_id":10471},{"type":"movie","tmdb_id":292032},{"type":"movie","tmdb_id":1095968},{"type":"movie","tmdb_id":737838},{"type":"movie","tmdb_id":3178},{"type":"movie","tmdb_id":518029},{"type":"movie","tmdb_id":10035},{"type":"movie","tmdb_id":15653},{"type":"movie","tmdb_id":230562},{"type":"movie","tmdb_id":732015},{"type":"movie","tmdb_id":2787},{"type":"movie","tmdb_id":287978},{"type":"movie","tmdb_id":36234},{"type":"movie","tmdb_id":17908},{"type":"movie","tmdb_id":345221},{"type":"movie","tmdb_id":36661},{"type":"movie","tmdb_id":1116507},{"type":"movie","tmdb_id":88494},{"type":"movie","tmdb_id":536526},{"type":"movie","tmdb_id":487096},{"type":"movie","tmdb_id":255203},{"type":"movie","tmdb_id":11518},{"type":"movie","tmdb_id":251278},{"type":"movie","tmdb_id":10564},{"type":"movie","tmdb_id":113957},{"type":"movie","tmdb_id":339308},{"type":"movie","tmdb_id":333938},{"type":"movie","tmdb_id":922896},{"type":"movie","tmdb_id":20455},{"type":"movie","tmdb_id":248757},{"type":"movie","tmdb_id":227611},{"type":"movie","tmdb_id":10471},{"type":"movie","tmdb_id":18394},{"type":"movie","tmdb_id":44131},{"type":"movie","tmdb_id":268175},{"type":"movie","tmdb_id":65736},{"type":"movie","tmdb_id":287816},{"type":"movie","tmdb_id":726963},{"type":"movie","tmdb_id":10481},{"type":"movie","tmdb_id":276236},{"type":"movie","tmdb_id":232696},{"type":"movie","tmdb_id":3178},{"type":"movie","tmdb_id":885238},{"type":"movie","tmdb_id":16234},{"type":"movie","tmdb_id":2126},{"type":"movie","tmdb_id":9456},{"type":"movie","tmdb_id":818587},{"type":"movie","tmdb_id":61064},{"type":"movie","tmdb_id":195791},{"type":"movie","tmdb_id":30970},{"type":"movie","tmdb_id":89068},{"type":"movie","tmdb_id":11983},{"type":"movie","tmdb_id":36968},{"type":"movie","tmdb_id":248757},{"type":"movie","tmdb_id":227611},{"type":"movie","tmdb_id":862953},{"type":"movie","tmdb_id":894220},{"type":"movie","tmdb_id":889},{"type":"movie","tmdb_id":12211},{"type":"movie","tmdb_id":44131},{"type":"movie","tmdb_id":3536},{"type":"movie","tmdb_id":268175},{"type":"movie","tmdb_id":65736},{"type":"movie","tmdb_id":726963},{"type":"movie","tmdb_id":853939},{"type":"movie","tmdb_id":9478},{"type":"movie","tmdb_id":232696},{"type":"movie","tmdb_id":11398},{"type":"movie","tmdb_id":276236},{"type":"movie","tmdb_id":2126},{"type":"movie","tmdb_id":818587},{"type":"movie","tmdb_id":61064},{"type":"movie","tmdb_id":195791},{"type":"movie","tmdb_id":41080},{"type":"movie","tmdb_id":315978},{"type":"movie","tmdb_id":287816},{"type":"movie","tmdb_id":844259},{"type":"movie","tmdb_id":1458029},{"type":"movie","tmdb_id":99964},{"type":"movie","tmdb_id":1009586},{"type":"movie","tmdb_id":200419},{"type":"movie","tmdb_id":445773},{"type":"movie","tmdb_id":27844},{"type":"movie","tmdb_id":71884},{"type":"movie","tmdb_id":31352},{"type":"movie","tmdb_id":10577},{"type":"movie","tmdb_id":1698},{"type":"movie","tmdb_id":78248},{"type":"movie","tmdb_id":885238},{"type":"movie","tmdb_id":362079},{"type":"movie","tmdb_id":79384},{"type":"movie","tmdb_id":18079},{"type":"movie","tmdb_id":579430},{"type":"movie","tmdb_id":472343},{"type":"movie","tmdb_id":240782},{"type":"movie","tmdb_id":795071},{"type":"movie","tmdb_id":64269},{"type":"movie","tmdb_id":32708},{"type":"movie","tmdb_id":572160},{"type":"movie","tmdb_id":52409},{"type":"movie","tmdb_id":979946},{"type":"movie","tmdb_id":16222},{"type":"movie","tmdb_id":921612},{"type":"movie","tmdb_id":357466},{"type":"movie","tmdb_id":1156951},{"type":"movie","tmdb_id":392945},{"type":"movie","tmdb_id":380855},{"type":"movie","tmdb_id":21531},{"type":"movie","tmdb_id":69122},{"type":"movie","tmdb_id":300164},{"type":"movie","tmdb_id":598441},{"type":"movie","tmdb_id":1110824},{"type":"movie","tmdb_id":749434},{"type":"movie","tmdb_id":9565},{"type":"movie","tmdb_id":40096},{"type":"movie","tmdb_id":14393},{"type":"movie","tmdb_id":267569},{"type":"movie","tmdb_id":643404},{"type":"movie","tmdb_id":77908},{"type":"movie","tmdb_id":1115397},{"type":"movie","tmdb_id":14736},{"type":"movie","tmdb_id":721982},{"type":"movie","tmdb_id":324780},{"type":"movie","tmdb_id":302924},{"type":"movie","tmdb_id":305727},{"type":"movie","tmdb_id":756895},{"type":"movie","tmdb_id":798292},{"type":"movie","tmdb_id":11478},{"type":"movie","tmdb_id":11531},{"type":"movie","tmdb_id":44574},{"type":"movie","tmdb_id":652891},{"type":"movie","tmdb_id":1049270},{"type":"movie","tmdb_id":1292996},{"type":"movie","tmdb_id":819020},{"type":"movie","tmdb_id":343074},{"type":"movie","tmdb_id":268962},{"type":"movie","tmdb_id":888096},{"type":"movie","tmdb_id":360014},{"type":"movie","tmdb_id":243443},{"type":"movie","tmdb_id":10480},{"type":"movie","tmdb_id":45438},{"type":"movie","tmdb_id":1490046},{"type":"movie","tmdb_id":209356},{"type":"movie","tmdb_id":78469},{"type":"movie","tmdb_id":1201677},{"type":"movie","tmdb_id":327},{"type":"movie","tmdb_id":115258},{"type":"movie","tmdb_id":509032},{"type":"movie","tmdb_id":35117},{"type":"movie","tmdb_id":453614},{"type":"movie","tmdb_id":737809},{"type":"movie","tmdb_id":430318},{"type":"movie","tmdb_id":123447},{"type":"movie","tmdb_id":552},{"type":"movie","tmdb_id":998524},{"type":"movie","tmdb_id":354211},{"type":"movie","tmdb_id":24102},{"type":"movie","tmdb_id":45573},{"type":"movie","tmdb_id":401006},{"type":"movie","tmdb_id":282569},{"type":"movie","tmdb_id":16187},{"type":"movie","tmdb_id":883377},{"type":"movie","tmdb_id":720430},{"type":"movie","tmdb_id":171196},{"type":"movie","tmdb_id":633558},{"type":"movie","tmdb_id":94384},{"type":"movie","tmdb_id":1099222},{"type":"movie","tmdb_id":734957},{"type":"movie","tmdb_id":12212},{"type":"movie","tmdb_id":516310},{"type":"movie","tmdb_id":10685},{"type":"movie","tmdb_id":515684},{"type":"movie","tmdb_id":12597},{"type":"movie","tmdb_id":22470},{"type":"movie","tmdb_id":5491},{"type":"movie","tmdb_id":726262},{"type":"movie","tmdb_id":409771},{"type":"movie","tmdb_id":25166},{"type":"movie","tmdb_id":10391},{"type":"movie","tmdb_id":78470},{"type":"movie","tmdb_id":30598},{"type":"movie","tmdb_id":93420},{"type":"movie","tmdb_id":711},{"type":"movie","tmdb_id":41245},{"type":"movie","tmdb_id":294504},{"type":"movie","tmdb_id":313688},{"type":"movie","tmdb_id":71618},{"type":"movie","tmdb_id":57728},{"type":"movie","tmdb_id":27444},{"type":"movie","tmdb_id":306485},{"type":"movie","tmdb_id":5458},{"type":"movie","tmdb_id":85429},{"type":"movie","tmdb_id":15489},{"type":"movie","tmdb_id":9674},{"type":"movie","tmdb_id":17711},{"type":"movie","tmdb_id":41282},{"type":"movie","tmdb_id":196139},{"type":"movie","tmdb_id":45942},{"type":"movie","tmdb_id":36380},{"type":"movie","tmdb_id":1417980},{"type":"movie","tmdb_id":206163},{"type":"movie","tmdb_id":24100},{"type":"movie","tmdb_id":358783},{"type":"movie","tmdb_id":12107},{"type":"movie","tmdb_id":277073},{"type":"movie","tmdb_id":4958},{"type":"movie","tmdb_id":2402},{"type":"movie","tmdb_id":103152},{"type":"movie","tmdb_id":1619},{"type":"movie","tmdb_id":200615},{"type":"movie","tmdb_id":841159},{"type":"movie","tmdb_id":55892},{"type":"movie","tmdb_id":279811},{"type":"movie","tmdb_id":23751},{"type":"movie","tmdb_id":282565},{"type":"movie","tmdb_id":1058173},{"type":"movie","tmdb_id":50225},{"type":"movie","tmdb_id":725791},{"type":"movie","tmdb_id":864624},{"type":"movie","tmdb_id":21991},{"type":"movie","tmdb_id":20410},{"type":"movie","tmdb_id":87309},{"type":"movie","tmdb_id":20697},{"type":"movie","tmdb_id":254630},{"type":"movie","tmdb_id":15830},{"type":"movie","tmdb_id":683994},{"type":"movie","tmdb_id":11004},{"type":"movie","tmdb_id":476024},{"type":"movie","tmdb_id":20993},{"type":"movie","tmdb_id":700075},{"type":"movie","tmdb_id":47589},{"type":"movie","tmdb_id":1236502},{"type":"movie","tmdb_id":31347},{"type":"movie","tmdb_id":10876},{"type":"movie","tmdb_id":1291866},{"type":"movie","tmdb_id":375837},{"type":"movie","tmdb_id":139201},{"type":"movie","tmdb_id":10953},{"type":"movie","tmdb_id":25520},{"type":"movie","tmdb_id":10479},{"type":"movie","tmdb_id":244969},{"type":"movie","tmdb_id":824094},{"type":"movie","tmdb_id":16110},{"type":"movie","tmdb_id":44895},{"type":"movie","tmdb_id":314416},{"type":"movie","tmdb_id":313734},{"type":"movie","tmdb_id":102943},{"type":"movie","tmdb_id":266147},{"type":"movie","tmdb_id":11973},{"type":"movie","tmdb_id":14295},{"type":"movie","tmdb_id":647900},{"type":"movie","tmdb_id":29015},{"type":"movie","tmdb_id":287361},{"type":"movie","tmdb_id":10384},{"type":"movie","tmdb_id":1234682},{"type":"movie","tmdb_id":586510},{"type":"movie","tmdb_id":802160},{"type":"movie","tmdb_id":10394},{"type":"movie","tmdb_id":245131},{"type":"movie","tmdb_id":422279},{"type":"movie","tmdb_id":507599},{"type":"movie","tmdb_id":248058},{"type":"movie","tmdb_id":364870},{"type":"movie","tmdb_id":47137},{"type":"movie","tmdb_id":10569},{"type":"movie","tmdb_id":816632},{"type":"movie","tmdb_id":10180},{"type":"movie","tmdb_id":113189},{"type":"movie","tmdb_id":433111},{"type":"movie","tmdb_id":219297},{"type":"movie","tmdb_id":8870},{"type":"movie","tmdb_id":280334},{"type":"movie","tmdb_id":146258},{"type":"movie","tmdb_id":16225},{"type":"movie","tmdb_id":47693},{"type":"movie","tmdb_id":197357},{"type":"movie","tmdb_id":2090},{"type":"movie","tmdb_id":32250},{"type":"movie","tmdb_id":589338},{"type":"movie","tmdb_id":29507},{"type":"movie","tmdb_id":324466},{"type":"movie","tmdb_id":1000012},{"type":"movie","tmdb_id":492700},{"type":"movie","tmdb_id":375640},{"type":"movie","tmdb_id":70707},{"type":"movie","tmdb_id":254981},{"type":"movie","tmdb_id":1538338},{"type":"movie","tmdb_id":344859},{"type":"movie","tmdb_id":271517},{"type":"movie","tmdb_id":12619},{"type":"movie","tmdb_id":1451409},{"type":"movie","tmdb_id":818771},{"type":"movie","tmdb_id":158431},{"type":"movie","tmdb_id":20697},{"type":"movie","tmdb_id":447399},{"type":"movie","tmdb_id":9871},{"type":"movie","tmdb_id":552},{"type":"movie","tmdb_id":10384},{"type":"movie","tmdb_id":8653},{"type":"movie","tmdb_id":113094},{"type":"movie","tmdb_id":476856},{"type":"movie","tmdb_id":16225},{"type":"movie","tmdb_id":10560},{"type":"movie","tmdb_id":155871},{"type":"movie","tmdb_id":74121},{"type":"movie","tmdb_id":53500},{"type":"movie","tmdb_id":132035},{"type":"movie","tmdb_id":110223},{"type":"movie","tmdb_id":31347},{"type":"movie","tmdb_id":683994},{"type":"movie","tmdb_id":49514},{"type":"movie","tmdb_id":1221161},{"type":"movie","tmdb_id":15830},{"type":"movie","tmdb_id":221501},{"type":"movie","tmdb_id":403430},{"type":"movie","tmdb_id":213360},{"type":"movie","tmdb_id":1104246},{"type":"movie","tmdb_id":68945},{"type":"movie","tmdb_id":10685},{"type":"movie","tmdb_id":510536},{"type":"movie","tmdb_id":10213},{"type":"movie","tmdb_id":534362},{"type":"movie","tmdb_id":657666},{"type":"movie","tmdb_id":95309},{"type":"movie","tmdb_id":12650},{"type":"movie","tmdb_id":129935},{"type":"movie","tmdb_id":719658},{"type":"movie","tmdb_id":24100},{"type":"movie","tmdb_id":6521}]}