{"ts":1771270797,"year":"2016","mode":"movie","candidates":[{"type":"movie","tmdb_id":269149},{"type":"movie","tmdb_id":271110},{"type":"movie","tmdb_id":372058},{"type":"movie","tmdb_id":296096},{"type":"movie","tmdb_id":408270},{"type":"movie","tmdb_id":209112},{"type":"movie","tmdb_id":313369},{"type":"movie","tmdb_id":329865},{"type":"movie","tmdb_id":324786},{"type":"movie","tmdb_id":293660},{"type":"movie","tmdb_id":423502},{"type":"movie","tmdb_id":284052},{"type":"movie","tmdb_id":330459},{"type":"movie","tmdb_id":291805},{"type":"movie","tmdb_id":290098},{"type":"movie","tmdb_id":396535},{"type":"movie","tmdb_id":348893},{"type":"movie","tmdb_id":334541},{"type":"movie","tmdb_id":363676},{"type":"movie","tmdb_id":278927},{"type":"movie","tmdb_id":259693},{"type":"movie","tmdb_id":333371},{"type":"movie","tmdb_id":278927},{"type":"movie","tmdb_id":43074},{"type":"movie","tmdb_id":363676},{"type":"movie","tmdb_id":246655},{"type":"movie","tmdb_id":310131},{"type":"movie","tmdb_id":308266},{"type":"movie","tmdb_id":1206145},{"type":"movie","tmdb_id":333484},{"type":"movie","tmdb_id":378064},{"type":"movie","tmdb_id":302946},{"type":"movie","tmdb_id":376867},{"type":"movie","tmdb_id":311324},{"type":"movie","tmdb_id":274870},{"type":"movie","tmdb_id":334524},{"type":"movie","tmdb_id":408866},{"type":"movie","tmdb_id":335797},{"type":"movie","tmdb_id":297761},{"type":"movie","tmdb_id":223702},{"type":"movie","tmdb_id":300669},{"type":"movie","tmdb_id":416148},{"type":"movie","tmdb_id":300671},{"type":"movie","tmdb_id":324668},{"type":"movie","tmdb_id":188927},{"type":"movie","tmdb_id":342473},{"type":"movie","tmdb_id":419116},{"type":"movie","tmdb_id":334533},{"type":"movie","tmdb_id":283366},{"type":"movie","tmdb_id":308531},{"type":"movie","tmdb_id":127380},{"type":"movie","tmdb_id":207932},{"type":"movie","tmdb_id":408866},{"type":"movie","tmdb_id":47933},{"type":"movie","tmdb_id":333385},{"type":"movie","tmdb_id":241259},{"type":"movie","tmdb_id":278154},{"type":"movie","tmdb_id":457697},{"type":"movie","tmdb_id":1206145},{"type":"movie","tmdb_id":68735},{"type":"movie","tmdb_id":371462},{"type":"movie","tmdb_id":267935},{"type":"movie","tmdb_id":213681},{"type":"movie","tmdb_id":291870},{"type":"movie","tmdb_id":290250},{"type":"movie","tmdb_id":334543},{"type":"movie","tmdb_id":262504},{"type":"movie","tmdb_id":347647},{"type":"movie","tmdb_id":457697},{"type":"movie","tmdb_id":403310},{"type":"movie","tmdb_id":258489},{"type":"movie","tmdb_id":331962},{"type":"movie","tmdb_id":310307},{"type":"movie","tmdb_id":153518},{"type":"movie","tmdb_id":338766},{"type":"movie","tmdb_id":205584},{"type":"movie","tmdb_id":379170},{"type":"movie","tmdb_id":346672},{"type":"movie","tmdb_id":336455},{"type":"movie","tmdb_id":412013},{"type":"movie","tmdb_id":405817},{"type":"movie","tmdb_id":267860},{"type":"movie","tmdb_id":259695},{"type":"movie","tmdb_id":136799},{"type":"movie","tmdb_id":346651},{"type":"movie","tmdb_id":302699},{"type":"movie","tmdb_id":415132},{"type":"movie","tmdb_id":259694},{"type":"movie","tmdb_id":316727},{"type":"movie","tmdb_id":332411},{"type":"movie","tmdb_id":412092},{"type":"movie","tmdb_id":302401},{"type":"movie","tmdb_id":402370},{"type":"movie","tmdb_id":376290},{"type":"movie","tmdb_id":299687},{"type":"movie","tmdb_id":68730},{"type":"movie","tmdb_id":278924},{"type":"movie","tmdb_id":433969},{"type":"movie","tmdb_id":351339},{"type":"movie","tmdb_id":270487},{"type":"movie","tmdb_id":328387},{"type":"movie","tmdb_id":313297},{"type":"movie","tmdb_id":369885},{"type":"movie","tmdb_id":400411},{"type":"movie","tmdb_id":332210},{"type":"movie","tmdb_id":121856},{"type":"movie","tmdb_id":376004},{"type":"movie","tmdb_id":397243},{"type":"movie","tmdb_id":373220},{"type":"movie","tmdb_id":412924},{"type":"movie","tmdb_id":408272},{"type":"movie","tmdb_id":419027},{"type":"movie","tmdb_id":382511},{"type":"movie","tmdb_id":364223},{"type":"movie","tmdb_id":371449},{"type":"movie","tmdb_id":376659},{"type":"movie","tmdb_id":365923},{"type":"movie","tmdb_id":267193},{"type":"movie","tmdb_id":368031},{"type":"movie","tmdb_id":413279},{"type":"movie","tmdb_id":352695},{"type":"movie","tmdb_id":258230},{"type":"movie","tmdb_id":408579},{"type":"movie","tmdb_id":445480},{"type":"movie","tmdb_id":763762},{"type":"movie","tmdb_id":520176},{"type":"movie","tmdb_id":301365},{"type":"movie","tmdb_id":408567},{"type":"movie","tmdb_id":419560},{"type":"movie","tmdb_id":421679},{"type":"movie","tmdb_id":340666},{"type":"movie","tmdb_id":422874},{"type":"movie","tmdb_id":376261},{"type":"movie","tmdb_id":367807},{"type":"movie","tmdb_id":402693},{"type":"movie","tmdb_id":294272},{"type":"movie","tmdb_id":421561},{"type":"movie","tmdb_id":324670},{"type":"movie","tmdb_id":381002},{"type":"movie","tmdb_id":345909},{"type":"movie","tmdb_id":410191},{"type":"movie","tmdb_id":646695},{"type":"movie","tmdb_id":573907},{"type":"movie","tmdb_id":341006},{"type":"movie","tmdb_id":293670},{"type":"movie","tmdb_id":378350},{"type":"movie","tmdb_id":303991},{"type":"movie","tmdb_id":337674},{"type":"movie","tmdb_id":290825},{"type":"movie","tmdb_id":502403},{"type":"movie","tmdb_id":168098},{"type":"movie","tmdb_id":315011},{"type":"movie","tmdb_id":332567},{"type":"movie","tmdb_id":380054},{"type":"movie","tmdb_id":375366},{"type":"movie","tmdb_id":262841},{"type":"movie","tmdb_id":381018},{"type":"movie","tmdb_id":391774},{"type":"movie","tmdb_id":466476},{"type":"movie","tmdb_id":429589},{"type":"movie","tmdb_id":332567},{"type":"movie","tmdb_id":375366},{"type":"movie","tmdb_id":407789},{"type":"movie","tmdb_id":418718},{"type":"movie","tmdb_id":371865},{"type":"movie","tmdb_id":432788},{"type":"movie","tmdb_id":303991},{"type":"movie","tmdb_id":411678},{"type":"movie","tmdb_id":520176},{"type":"movie","tmdb_id":408033},{"type":"movie","tmdb_id":381070},{"type":"movie","tmdb_id":407624},{"type":"movie","tmdb_id":510061},{"type":"movie","tmdb_id":391757},{"type":"movie","tmdb_id":422874},{"type":"movie","tmdb_id":462879},{"type":"movie","tmdb_id":381092},{"type":"movie","tmdb_id":421724},{"type":"movie","tmdb_id":451964},{"type":"movie","tmdb_id":374205},{"type":"movie","tmdb_id":404961},{"type":"movie","tmdb_id":1048177},{"type":"movie","tmdb_id":393457},{"type":"movie","tmdb_id":345911},{"type":"movie","tmdb_id":432788},{"type":"movie","tmdb_id":329718},{"type":"movie","tmdb_id":372758},{"type":"movie","tmdb_id":451964},{"type":"movie","tmdb_id":375154},{"type":"movie","tmdb_id":371645},{"type":"movie","tmdb_id":341012},{"type":"movie","tmdb_id":337556},{"type":"movie","tmdb_id":418399},{"type":"movie","tmdb_id":418718},{"type":"movie","tmdb_id":360814},{"type":"movie","tmdb_id":374205},{"type":"movie","tmdb_id":402737},{"type":"movie","tmdb_id":1515185},{"type":"movie","tmdb_id":373473},{"type":"movie","tmdb_id":462879},{"type":"movie","tmdb_id":462183},{"type":"movie","tmdb_id":381092},{"type":"movie","tmdb_id":353069},{"type":"movie","tmdb_id":424873},{"type":"movie","tmdb_id":376570},{"type":"movie","tmdb_id":412209},{"type":"movie","tmdb_id":245703},{"type":"movie","tmdb_id":418218},{"type":"movie","tmdb_id":477185},{"type":"movie","tmdb_id":380623},{"type":"movie","tmdb_id":267192},{"type":"movie","tmdb_id":367195},{"type":"movie","tmdb_id":401698},{"type":"movie","tmdb_id":330483},{"type":"movie","tmdb_id":296524},{"type":"movie","tmdb_id":352162},{"type":"movie","tmdb_id":400610},{"type":"movie","tmdb_id":374052},{"type":"movie","tmdb_id":397511},{"type":"movie","tmdb_id":421724},{"type":"movie","tmdb_id":58431},{"type":"movie","tmdb_id":1423331},{"type":"movie","tmdb_id":961330},{"type":"movie","tmdb_id":347757},{"type":"movie","tmdb_id":933187},{"type":"movie","tmdb_id":425773},{"type":"movie","tmdb_id":419148},{"type":"movie","tmdb_id":374452},{"type":"movie","tmdb_id":377985},{"type":"movie","tmdb_id":447848},{"type":"movie","tmdb_id":736643},{"type":"movie","tmdb_id":306947},{"type":"movie","tmdb_id":385999},{"type":"movie","tmdb_id":374461},{"type":"movie","tmdb_id":432342},{"type":"movie","tmdb_id":412711},{"type":"movie","tmdb_id":315664},{"type":"movie","tmdb_id":404516},{"type":"movie","tmdb_id":377757},{"type":"movie","tmdb_id":424647},{"type":"movie","tmdb_id":378018},{"type":"movie","tmdb_id":146198},{"type":"movie","tmdb_id":402381},{"type":"movie","tmdb_id":168098},{"type":"movie","tmdb_id":354859},{"type":"movie","tmdb_id":418218},{"type":"movie","tmdb_id":331393},{"type":"movie","tmdb_id":1515185},{"type":"movie","tmdb_id":375290},{"type":"movie","tmdb_id":270774},{"type":"movie","tmdb_id":315664},{"type":"movie","tmdb_id":425773},{"type":"movie","tmdb_id":419546},{"type":"movie","tmdb_id":385317},{"type":"movie","tmdb_id":441719},{"type":"movie","tmdb_id":365324},{"type":"movie","tmdb_id":347031},{"type":"movie","tmdb_id":1160209},{"type":"movie","tmdb_id":822511},{"type":"movie","tmdb_id":306947},{"type":"movie","tmdb_id":408033},{"type":"movie","tmdb_id":390401},{"type":"movie","tmdb_id":391423},{"type":"movie","tmdb_id":370464},{"type":"movie","tmdb_id":385114},{"type":"movie","tmdb_id":378018},{"type":"movie","tmdb_id":277834},{"type":"movie","tmdb_id":321258},{"type":"movie","tmdb_id":373247},{"type":"movie","tmdb_id":461698},{"type":"movie","tmdb_id":435671},{"type":"movie","tmdb_id":1267206},{"type":"movie","tmdb_id":381341},{"type":"movie","tmdb_id":1352951},{"type":"movie","tmdb_id":426207},{"type":"movie","tmdb_id":408387},{"type":"movie","tmdb_id":303854},{"type":"movie","tmdb_id":419192},{"type":"movie","tmdb_id":1132977},{"type":"movie","tmdb_id":402381},{"type":"movie","tmdb_id":385922},{"type":"movie","tmdb_id":404132},{"type":"movie","tmdb_id":340945},{"type":"movie","tmdb_id":482207},{"type":"movie","tmdb_id":412380},{"type":"movie","tmdb_id":356305},{"type":"movie","tmdb_id":377264},{"type":"movie","tmdb_id":413666},{"type":"movie","tmdb_id":565707},{"type":"movie","tmdb_id":303244},{"type":"movie","tmdb_id":375290},{"type":"movie","tmdb_id":376047},{"type":"movie","tmdb_id":349012},{"type":"movie","tmdb_id":339547},{"type":"movie","tmdb_id":401523},{"type":"movie","tmdb_id":419627},{"type":"movie","tmdb_id":428473},{"type":"movie","tmdb_id":354979},{"type":"movie","tmdb_id":1160209},{"type":"movie","tmdb_id":400190},{"type":"movie","tmdb_id":391629},{"type":"movie","tmdb_id":427930},{"type":"movie","tmdb_id":1132977},{"type":"movie","tmdb_id":407455},{"type":"movie","tmdb_id":458802},{"type":"movie","tmdb_id":385114},{"type":"movie","tmdb_id":435671},{"type":"movie","tmdb_id":714528},{"type":"movie","tmdb_id":412711},{"type":"movie","tmdb_id":329010},{"type":"movie","tmdb_id":440911},{"type":"movie","tmdb_id":513603},{"type":"movie","tmdb_id":450374},{"type":"movie","tmdb_id":377452},{"type":"movie","tmdb_id":400190},{"type":"movie","tmdb_id":1352951},{"type":"movie","tmdb_id":376534},{"type":"movie","tmdb_id":463765},{"type":"movie","tmdb_id":337674},{"type":"movie","tmdb_id":345920},{"type":"movie","tmdb_id":403790},{"type":"movie","tmdb_id":536730},{"type":"movie","tmdb_id":373632},{"type":"movie","tmdb_id":347123},{"type":"movie","tmdb_id":390446},{"type":"movie","tmdb_id":649024},{"type":"movie","tmdb_id":386890},{"type":"movie","tmdb_id":799533},{"type":"movie","tmdb_id":417705},{"type":"movie","tmdb_id":430293},{"type":"movie","tmdb_id":377798},{"type":"movie","tmdb_id":356184},{"type":"movie","tmdb_id":403895},{"type":"movie","tmdb_id":822511},{"type":"movie","tmdb_id":427930},{"type":"movie","tmdb_id":416097},{"type":"movie","tmdb_id":263341},{"type":"movie","tmdb_id":352490},{"type":"movie","tmdb_id":399173},{"type":"movie","tmdb_id":417978},{"type":"movie","tmdb_id":392572},{"type":"movie","tmdb_id":409361},{"type":"movie","tmdb_id":407433},{"type":"movie","tmdb_id":458802},{"type":"movie","tmdb_id":659133},{"type":"movie","tmdb_id":419261},{"type":"movie","tmdb_id":420613},{"type":"movie","tmdb_id":424722},{"type":"movie","tmdb_id":300673},{"type":"movie","tmdb_id":453443},{"type":"movie","tmdb_id":422154},{"type":"movie","tmdb_id":376581},{"type":"movie","tmdb_id":714528},{"type":"movie","tmdb_id":413452},{"type":"movie","tmdb_id":354859},{"type":"movie","tmdb_id":339397},{"type":"movie","tmdb_id":463765},{"type":"movie","tmdb_id":450374},{"type":"movie","tmdb_id":359871},{"type":"movie","tmdb_id":513603},{"type":"movie","tmdb_id":510797},{"type":"movie","tmdb_id":381890},{"type":"movie","tmdb_id":376534},{"type":"movie","tmdb_id":409550},{"type":"movie","tmdb_id":302156},{"type":"movie","tmdb_id":940358},{"type":"movie","tmdb_id":380731},{"type":"movie","tmdb_id":427928},{"type":"movie","tmdb_id":403667},{"type":"movie","tmdb_id":396917},{"type":"movie","tmdb_id":417451},{"type":"movie","tmdb_id":303858},{"type":"movie","tmdb_id":375082},{"type":"movie","tmdb_id":573746},{"type":"movie","tmdb_id":408248},{"type":"movie","tmdb_id":392599},{"type":"movie","tmdb_id":375804},{"type":"movie","tmdb_id":308017},{"type":"movie","tmdb_id":409155},{"type":"movie","tmdb_id":547781},{"type":"movie","tmdb_id":482036},{"type":"movie","tmdb_id":429755},{"type":"movie","tmdb_id":409282},{"type":"movie","tmdb_id":412150},{"type":"movie","tmdb_id":431594},{"type":"movie","tmdb_id":458107},{"type":"movie","tmdb_id":478173},{"type":"movie","tmdb_id":411608},{"type":"movie","tmdb_id":433355},{"type":"movie","tmdb_id":426780},{"type":"movie","tmdb_id":393003},{"type":"movie","tmdb_id":791156},{"type":"movie","tmdb_id":527332},{"type":"movie","tmdb_id":331393},{"type":"movie","tmdb_id":351454},{"type":"movie","tmdb_id":681430},{"type":"movie","tmdb_id":407455},{"type":"movie","tmdb_id":432296},{"type":"movie","tmdb_id":945168},{"type":"movie","tmdb_id":382251},{"type":"movie","tmdb_id":1026813},{"type":"movie","tmdb_id":421377},{"type":"movie","tmdb_id":444462},{"type":"movie","tmdb_id":1153200},{"type":"movie","tmdb_id":474810},{"type":"movie","tmdb_id":406449},{"type":"movie","tmdb_id":401442},{"type":"movie","tmdb_id":622071},{"type":"movie","tmdb_id":323675},{"type":"movie","tmdb_id":393731},{"type":"movie","tmdb_id":442303},{"type":"movie","tmdb_id":339526},{"type":"movie","tmdb_id":245627},{"type":"movie","tmdb_id":406302},{"type":"movie","tmdb_id":335778},{"type":"movie","tmdb_id":533471},{"type":"movie","tmdb_id":445334},{"type":"movie","tmdb_id":530287},{"type":"movie","tmdb_id":402992},{"type":"movie","tmdb_id":431267},{"type":"movie","tmdb_id":389627},{"type":"movie","tmdb_id":336011},{"type":"movie","tmdb_id":402463},{"type":"movie","tmdb_id":598940},{"type":"movie","tmdb_id":376858},{"type":"movie","tmdb_id":424398},{"type":"movie","tmdb_id":430506},{"type":"movie","tmdb_id":423448},{"type":"movie","tmdb_id":412382},{"type":"movie","tmdb_id":1192085},{"type":"movie","tmdb_id":425379},{"type":"movie","tmdb_id":478193},{"type":"movie","tmdb_id":767083},{"type":"movie","tmdb_id":533618},{"type":"movie","tmdb_id":393729},{"type":"movie","tmdb_id":286258},{"type":"movie","tmdb_id":377273},{"type":"movie","tmdb_id":1083501},{"type":"movie","tmdb_id":331313},{"type":"movie","tmdb_id":401520},{"type":"movie","tmdb_id":421045},{"type":"movie","tmdb_id":887739},{"type":"movie","tmdb_id":518181},{"type":"movie","tmdb_id":336204},{"type":"movie","tmdb_id":395339},{"type":"movie","tmdb_id":423331},{"type":"movie","tmdb_id":359770},{"type":"movie","tmdb_id":329010},{"type":"movie","tmdb_id":721139},{"type":"movie","tmdb_id":532561},{"type":"movie","tmdb_id":666365},{"type":"movie","tmdb_id":387585},{"type":"movie","tmdb_id":760247},{"type":"movie","tmdb_id":717720},{"type":"movie","tmdb_id":553443},{"type":"movie","tmdb_id":1311268},{"type":"movie","tmdb_id":373446},{"type":"movie","tmdb_id":935467},{"type":"movie","tmdb_id":468525},{"type":"movie","tmdb_id":412338},{"type":"movie","tmdb_id":339405},{"type":"movie","tmdb_id":392599},{"type":"movie","tmdb_id":423331},{"type":"movie","tmdb_id":598096},{"type":"movie","tmdb_id":404378},{"type":"movie","tmdb_id":598940},{"type":"movie","tmdb_id":1083501},{"type":"movie","tmdb_id":413287},{"type":"movie","tmdb_id":411545},{"type":"movie","tmdb_id":337703},{"type":"movie","tmdb_id":659133},{"type":"movie","tmdb_id":532561},{"type":"movie","tmdb_id":390833},{"type":"movie","tmdb_id":263341},{"type":"movie","tmdb_id":1153783},{"type":"movie","tmdb_id":622071},{"type":"movie","tmdb_id":447925},{"type":"movie","tmdb_id":527332},{"type":"movie","tmdb_id":380731},{"type":"movie","tmdb_id":359871},{"type":"movie","tmdb_id":767083},{"type":"movie","tmdb_id":359770},{"type":"movie","tmdb_id":508617},{"type":"movie","tmdb_id":418630},{"type":"movie","tmdb_id":822024},{"type":"movie","tmdb_id":393003},{"type":"movie","tmdb_id":442932},{"type":"movie","tmdb_id":377273},{"type":"movie","tmdb_id":389107},{"type":"movie","tmdb_id":393659},{"type":"movie","tmdb_id":435008},{"type":"movie","tmdb_id":339526},{"type":"movie","tmdb_id":675853},{"type":"movie","tmdb_id":1207853},{"type":"movie","tmdb_id":372411},{"type":"movie","tmdb_id":405050},{"type":"movie","tmdb_id":393989},{"type":"movie","tmdb_id":799533},{"type":"movie","tmdb_id":425358},{"type":"movie","tmdb_id":376866},{"type":"movie","tmdb_id":375533},{"type":"movie","tmdb_id":756611},{"type":"movie","tmdb_id":418402},{"type":"movie","tmdb_id":393659},{"type":"movie","tmdb_id":296360},{"type":"movie","tmdb_id":369557},{"type":"movie","tmdb_id":324560},{"type":"movie","tmdb_id":386579},{"type":"movie","tmdb_id":415137},{"type":"movie","tmdb_id":397517},{"type":"movie","tmdb_id":486593},{"type":"movie","tmdb_id":1452614},{"type":"movie","tmdb_id":393989},{"type":"movie","tmdb_id":407223},{"type":"movie","tmdb_id":360139},{"type":"movie","tmdb_id":413600},{"type":"movie","tmdb_id":605095},{"type":"movie","tmdb_id":447670},{"type":"movie","tmdb_id":508617},{"type":"movie","tmdb_id":399940},{"type":"movie","tmdb_id":1318609},{"type":"movie","tmdb_id":384798},{"type":"movie","tmdb_id":382638},{"type":"movie","tmdb_id":411545},{"type":"movie","tmdb_id":572009},{"type":"movie","tmdb_id":506758},{"type":"movie","tmdb_id":395961},{"type":"movie","tmdb_id":446216},{"type":"movie","tmdb_id":498255},{"type":"movie","tmdb_id":1024630},{"type":"movie","tmdb_id":432554},{"type":"movie","tmdb_id":340674},{"type":"movie","tmdb_id":408349},{"type":"movie","tmdb_id":272820},{"type":"movie","tmdb_id":392054},{"type":"movie","tmdb_id":467174},{"type":"movie","tmdb_id":409583},{"type":"movie","tmdb_id":486920},{"type":"movie","tmdb_id":835050},{"type":"movie","tmdb_id":640150},{"type":"movie","tmdb_id":412588},{"type":"movie","tmdb_id":437636},{"type":"movie","tmdb_id":475280},{"type":"movie","tmdb_id":403637},{"type":"movie","tmdb_id":481118},{"type":"movie","tmdb_id":390833},{"type":"movie","tmdb_id":408439},{"type":"movie","tmdb_id":416501},{"type":"movie","tmdb_id":407204},{"type":"movie","tmdb_id":419329},{"type":"movie","tmdb_id":394045},{"type":"movie","tmdb_id":418630},{"type":"movie","tmdb_id":390324},{"type":"movie","tmdb_id":402898},{"type":"movie","tmdb_id":645078},{"type":"movie","tmdb_id":417341},{"type":"movie","tmdb_id":390433},{"type":"movie","tmdb_id":1494497},{"type":"movie","tmdb_id":1018714},{"type":"movie","tmdb_id":425358},{"type":"movie","tmdb_id":937070},{"type":"movie","tmdb_id":478264},{"type":"movie","tmdb_id":845257},{"type":"movie","tmdb_id":1189234},{"type":"movie","tmdb_id":368940},{"type":"movie","tmdb_id":594129},{"type":"movie","tmdb_id":428916},{"type":"movie","tmdb_id":696211},{"type":"movie","tmdb_id":404378},{"type":"movie","tmdb_id":353326},{"type":"movie","tmdb_id":1021748},{"type":"movie","tmdb_id":376866},{"type":"movie","tmdb_id":384682},{"type":"movie","tmdb_id":643707},{"type":"movie","tmdb_id":523419},{"type":"movie","tmdb_id":814510},{"type":"movie","tmdb_id":413337},{"type":"movie","tmdb_id":1153783},{"type":"movie","tmdb_id":412520},{"type":"movie","tmdb_id":348748},{"type":"movie","tmdb_id":754017},{"type":"movie","tmdb_id":398811},{"type":"movie","tmdb_id":347097},{"type":"movie","tmdb_id":386242},{"type":"movie","tmdb_id":1124675},{"type":"movie","tmdb_id":368464},{"type":"movie","tmdb_id":325133},{"type":"movie","tmdb_id":452617},{"type":"movie","tmdb_id":421817},{"type":"movie","tmdb_id":1339599},{"type":"movie","tmdb_id":1275699},{"type":"movie","tmdb_id":338858},{"type":"movie","tmdb_id":421297},{"type":"movie","tmdb_id":416113},{"type":"movie","tmdb_id":645662},{"type":"movie","tmdb_id":461673},{"type":"movie","tmdb_id":456446},{"type":"movie","tmdb_id":435008},{"type":"movie","tmdb_id":370133},{"type":"movie","tmdb_id":398380}]}