{"ts":1771171903,"year":"2023","mode":"tv","candidates":[{"type":"tv","tmdb_id":209867},{"type":"tv","tmdb_id":100088},{"type":"tv","tmdb_id":220150},{"type":"tv","tmdb_id":117465},{"type":"tv","tmdb_id":220542},{"type":"tv","tmdb_id":223911},{"type":"tv","tmdb_id":231100},{"type":"tv","tmdb_id":208569},{"type":"tv","tmdb_id":113962},{"type":"tv","tmdb_id":212907},{"type":"tv","tmdb_id":202208},{"type":"tv","tmdb_id":111110},{"type":"tv","tmdb_id":203737},{"type":"tv","tmdb_id":125988},{"type":"tv","tmdb_id":198102},{"type":"tv","tmdb_id":202411},{"type":"tv","tmdb_id":136311},{"type":"tv","tmdb_id":129552},{"type":"tv","tmdb_id":204832},{"type":"tv","tmdb_id":228429},{"type":"tv","tmdb_id":228429},{"type":"tv","tmdb_id":120998},{"type":"tv","tmdb_id":212989},{"type":"tv","tmdb_id":154526},{"type":"tv","tmdb_id":205715},{"type":"tv","tmdb_id":131378},{"type":"tv","tmdb_id":210879},{"type":"tv","tmdb_id":205050},{"type":"tv","tmdb_id":158373},{"type":"tv","tmdb_id":219934},{"type":"tv","tmdb_id":211684},{"type":"tv","tmdb_id":225941},{"type":"tv","tmdb_id":231503},{"type":"tv","tmdb_id":208397},{"type":"tv","tmdb_id":207250},{"type":"tv","tmdb_id":213402},{"type":"tv","tmdb_id":103540},{"type":"tv","tmdb_id":131033},{"type":"tv","tmdb_id":92788},{"type":"tv","tmdb_id":195670},{"type":"tv","tmdb_id":92788},{"type":"tv","tmdb_id":229192},{"type":"tv","tmdb_id":217211},{"type":"tv","tmdb_id":211564},{"type":"tv","tmdb_id":195670},{"type":"tv","tmdb_id":114472},{"type":"tv","tmdb_id":202101},{"type":"tv","tmdb_id":196944},{"type":"tv","tmdb_id":203857},{"type":"tv","tmdb_id":218539},{"type":"tv","tmdb_id":215803},{"type":"tv","tmdb_id":212963},{"type":"tv","tmdb_id":223564},{"type":"tv","tmdb_id":198004},{"type":"tv","tmdb_id":218843},{"type":"tv","tmdb_id":231620},{"type":"tv","tmdb_id":197368},{"type":"tv","tmdb_id":202308},{"type":"tv","tmdb_id":203505},{"type":"tv","tmdb_id":126485},{"type":"tv","tmdb_id":212963},{"type":"tv","tmdb_id":244043},{"type":"tv","tmdb_id":126485},{"type":"tv","tmdb_id":202308},{"type":"tv","tmdb_id":226688},{"type":"tv","tmdb_id":125928},{"type":"tv","tmdb_id":220850},{"type":"tv","tmdb_id":210733},{"type":"tv","tmdb_id":117303},{"type":"tv","tmdb_id":224839},{"type":"tv","tmdb_id":155292},{"type":"tv","tmdb_id":194583},{"type":"tv","tmdb_id":91997},{"type":"tv","tmdb_id":202097},{"type":"tv","tmdb_id":117024},{"type":"tv","tmdb_id":207863},{"type":"tv","tmdb_id":221300},{"type":"tv","tmdb_id":135959},{"type":"tv","tmdb_id":210899},{"type":"tv","tmdb_id":157004},{"type":"tv","tmdb_id":209077},{"type":"tv","tmdb_id":215943},{"type":"tv","tmdb_id":202213},{"type":"tv","tmdb_id":225320},{"type":"tv","tmdb_id":126725},{"type":"tv","tmdb_id":207863},{"type":"tv","tmdb_id":214160},{"type":"tv","tmdb_id":117303},{"type":"tv","tmdb_id":206799},{"type":"tv","tmdb_id":155779},{"type":"tv","tmdb_id":225180},{"type":"tv","tmdb_id":202097},{"type":"tv","tmdb_id":219783},{"type":"tv","tmdb_id":210733},{"type":"tv","tmdb_id":204024},{"type":"tv","tmdb_id":214875},{"type":"tv","tmdb_id":226687},{"type":"tv","tmdb_id":207743},{"type":"tv","tmdb_id":135238},{"type":"tv","tmdb_id":135959},{"type":"tv","tmdb_id":230034},{"type":"tv","tmdb_id":135238},{"type":"tv","tmdb_id":199001},{"type":"tv","tmdb_id":212568},{"type":"tv","tmdb_id":154743},{"type":"tv","tmdb_id":213442},{"type":"tv","tmdb_id":204024},{"type":"tv","tmdb_id":233643},{"type":"tv","tmdb_id":232132},{"type":"tv","tmdb_id":133748},{"type":"tv","tmdb_id":94244},{"type":"tv","tmdb_id":205072},{"type":"tv","tmdb_id":155779},{"type":"tv","tmdb_id":218351},{"type":"tv","tmdb_id":213883},{"type":"tv","tmdb_id":229915},{"type":"tv","tmdb_id":219783},{"type":"tv","tmdb_id":225970},{"type":"tv","tmdb_id":195868},{"type":"tv","tmdb_id":99737},{"type":"tv","tmdb_id":123548},{"type":"tv","tmdb_id":261145},{"type":"tv","tmdb_id":233643},{"type":"tv","tmdb_id":114922},{"type":"tv","tmdb_id":208067},{"type":"tv","tmdb_id":195868},{"type":"tv","tmdb_id":208493},{"type":"tv","tmdb_id":229915},{"type":"tv","tmdb_id":205082},{"type":"tv","tmdb_id":94244},{"type":"tv","tmdb_id":218961},{"type":"tv","tmdb_id":239650},{"type":"tv","tmdb_id":158258},{"type":"tv","tmdb_id":214264},{"type":"tv","tmdb_id":157065},{"type":"tv","tmdb_id":194718},{"type":"tv","tmdb_id":196285},{"type":"tv","tmdb_id":236736},{"type":"tv","tmdb_id":203040},{"type":"tv","tmdb_id":156688},{"type":"tv","tmdb_id":203178},{"type":"tv","tmdb_id":106841},{"type":"tv","tmdb_id":196285},{"type":"tv","tmdb_id":212204},{"type":"tv","tmdb_id":210181},{"type":"tv","tmdb_id":235199},{"type":"tv","tmdb_id":234460},{"type":"tv","tmdb_id":218961},{"type":"tv","tmdb_id":156902},{"type":"tv","tmdb_id":215001},{"type":"tv","tmdb_id":239650},{"type":"tv","tmdb_id":236736},{"type":"tv","tmdb_id":228663},{"type":"tv","tmdb_id":220118},{"type":"tv","tmdb_id":203040},{"type":"tv","tmdb_id":194718},{"type":"tv","tmdb_id":112388},{"type":"tv","tmdb_id":214264},{"type":"tv","tmdb_id":230835},{"type":"tv","tmdb_id":208067},{"type":"tv","tmdb_id":213331},{"type":"tv","tmdb_id":209707},{"type":"tv","tmdb_id":228853},{"type":"tv","tmdb_id":213338},{"type":"tv","tmdb_id":205308},{"type":"tv","tmdb_id":214582},{"type":"tv","tmdb_id":156563},{"type":"tv","tmdb_id":146176},{"type":"tv","tmdb_id":156688},{"type":"tv","tmdb_id":238151},{"type":"tv","tmdb_id":203704},{"type":"tv","tmdb_id":72710},{"type":"tv","tmdb_id":100349},{"type":"tv","tmdb_id":232510},{"type":"tv","tmdb_id":201889},{"type":"tv","tmdb_id":194986},{"type":"tv","tmdb_id":127706},{"type":"tv","tmdb_id":214540},{"type":"tv","tmdb_id":138169},{"type":"tv","tmdb_id":123192},{"type":"tv","tmdb_id":213609},{"type":"tv","tmdb_id":222785},{"type":"tv","tmdb_id":214162},{"type":"tv","tmdb_id":213338},{"type":"tv","tmdb_id":214582},{"type":"tv","tmdb_id":210191},{"type":"tv","tmdb_id":204276},{"type":"tv","tmdb_id":201304},{"type":"tv","tmdb_id":157571},{"type":"tv","tmdb_id":146176},{"type":"tv","tmdb_id":230835},{"type":"tv","tmdb_id":223768},{"type":"tv","tmdb_id":232510},{"type":"tv","tmdb_id":218344},{"type":"tv","tmdb_id":136778},{"type":"tv","tmdb_id":223213},{"type":"tv","tmdb_id":112581},{"type":"tv","tmdb_id":206324},{"type":"tv","tmdb_id":110126},{"type":"tv","tmdb_id":241020},{"type":"tv","tmdb_id":96237},{"type":"tv","tmdb_id":238486},{"type":"tv","tmdb_id":196550},{"type":"tv","tmdb_id":110126},{"type":"tv","tmdb_id":204276},{"type":"tv","tmdb_id":218230},{"type":"tv","tmdb_id":156819},{"type":"tv","tmdb_id":216391},{"type":"tv","tmdb_id":219651},{"type":"tv","tmdb_id":205366},{"type":"tv","tmdb_id":222785},{"type":"tv","tmdb_id":224755},{"type":"tv","tmdb_id":112581},{"type":"tv","tmdb_id":204082},{"type":"tv","tmdb_id":131037},{"type":"tv","tmdb_id":241020},{"type":"tv","tmdb_id":230318},{"type":"tv","tmdb_id":139168},{"type":"tv","tmdb_id":237560},{"type":"tv","tmdb_id":217807},{"type":"tv","tmdb_id":238162},{"type":"tv","tmdb_id":218263},{"type":"tv","tmdb_id":235493},{"type":"tv","tmdb_id":233753},{"type":"tv","tmdb_id":194704},{"type":"tv","tmdb_id":204154},{"type":"tv","tmdb_id":198152},{"type":"tv","tmdb_id":206324},{"type":"tv","tmdb_id":210249},{"type":"tv","tmdb_id":240335},{"type":"tv","tmdb_id":219282},{"type":"tv","tmdb_id":157732},{"type":"tv","tmdb_id":226197},{"type":"tv","tmdb_id":195081},{"type":"tv","tmdb_id":157221},{"type":"tv","tmdb_id":230685},{"type":"tv","tmdb_id":136778},{"type":"tv","tmdb_id":216228},{"type":"tv","tmdb_id":205319},{"type":"tv","tmdb_id":205111},{"type":"tv","tmdb_id":211240},{"type":"tv","tmdb_id":213326},{"type":"tv","tmdb_id":217388},{"type":"tv","tmdb_id":220838},{"type":"tv","tmdb_id":227371},{"type":"tv","tmdb_id":226045},{"type":"tv","tmdb_id":135335},{"type":"tv","tmdb_id":201019},{"type":"tv","tmdb_id":206693},{"type":"tv","tmdb_id":224344},{"type":"tv","tmdb_id":210268},{"type":"tv","tmdb_id":219776},{"type":"tv","tmdb_id":239028},{"type":"tv","tmdb_id":226218},{"type":"tv","tmdb_id":219106},{"type":"tv","tmdb_id":231418},{"type":"tv","tmdb_id":124800},{"type":"tv","tmdb_id":211297},{"type":"tv","tmdb_id":234635},{"type":"tv","tmdb_id":234520},{"type":"tv","tmdb_id":136840},{"type":"tv","tmdb_id":218324},{"type":"tv","tmdb_id":223780},{"type":"tv","tmdb_id":201836},{"type":"tv","tmdb_id":197548},{"type":"tv","tmdb_id":229609},{"type":"tv","tmdb_id":194829},{"type":"tv","tmdb_id":209915},{"type":"tv","tmdb_id":207493},{"type":"tv","tmdb_id":203164},{"type":"tv","tmdb_id":226969},{"type":"tv","tmdb_id":236572},{"type":"tv","tmdb_id":105169},{"type":"tv","tmdb_id":219056},{"type":"tv","tmdb_id":226680},{"type":"tv","tmdb_id":135251},{"type":"tv","tmdb_id":47907},{"type":"tv","tmdb_id":207965},{"type":"tv","tmdb_id":155942},{"type":"tv","tmdb_id":216089},{"type":"tv","tmdb_id":135615},{"type":"tv","tmdb_id":208713},{"type":"tv","tmdb_id":199920},{"type":"tv","tmdb_id":224207},{"type":"tv","tmdb_id":230663},{"type":"tv","tmdb_id":146393},{"type":"tv","tmdb_id":221561},{"type":"tv","tmdb_id":221725},{"type":"tv","tmdb_id":228547},{"type":"tv","tmdb_id":154824},{"type":"tv","tmdb_id":116156},{"type":"tv","tmdb_id":225008},{"type":"tv","tmdb_id":205504},{"type":"tv","tmdb_id":234763},{"type":"tv","tmdb_id":227147},{"type":"tv","tmdb_id":238841},{"type":"tv","tmdb_id":221708},{"type":"tv","tmdb_id":223409},{"type":"tv","tmdb_id":117678},{"type":"tv","tmdb_id":233688},{"type":"tv","tmdb_id":118546},{"type":"tv","tmdb_id":223586},{"type":"tv","tmdb_id":238711},{"type":"tv","tmdb_id":212055},{"type":"tv","tmdb_id":203698},{"type":"tv","tmdb_id":207197},{"type":"tv","tmdb_id":210638},{"type":"tv","tmdb_id":128066},{"type":"tv","tmdb_id":209502},{"type":"tv","tmdb_id":234337},{"type":"tv","tmdb_id":229516},{"type":"tv","tmdb_id":132016},{"type":"tv","tmdb_id":218038},{"type":"tv","tmdb_id":195459},{"type":"tv","tmdb_id":216424},{"type":"tv","tmdb_id":226186},{"type":"tv","tmdb_id":95555},{"type":"tv","tmdb_id":210178},{"type":"tv","tmdb_id":130270},{"type":"tv","tmdb_id":226135},{"type":"tv","tmdb_id":207564},{"type":"tv","tmdb_id":216269},{"type":"tv","tmdb_id":131305},{"type":"tv","tmdb_id":155421},{"type":"tv","tmdb_id":214547},{"type":"tv","tmdb_id":240805},{"type":"tv","tmdb_id":226741},{"type":"tv","tmdb_id":223121},{"type":"tv","tmdb_id":200707},{"type":"tv","tmdb_id":225964},{"type":"tv","tmdb_id":233076},{"type":"tv","tmdb_id":157160},{"type":"tv","tmdb_id":156616},{"type":"tv","tmdb_id":133282},{"type":"tv","tmdb_id":114655},{"type":"tv","tmdb_id":225178},{"type":"tv","tmdb_id":229153},{"type":"tv","tmdb_id":220349},{"type":"tv","tmdb_id":202318},{"type":"tv","tmdb_id":222236},{"type":"tv","tmdb_id":210704},{"type":"tv","tmdb_id":204043},{"type":"tv","tmdb_id":210524},{"type":"tv","tmdb_id":223438},{"type":"tv","tmdb_id":139099},{"type":"tv","tmdb_id":217088},{"type":"tv","tmdb_id":217710},{"type":"tv","tmdb_id":225458},{"type":"tv","tmdb_id":194665},{"type":"tv","tmdb_id":219035},{"type":"tv","tmdb_id":209649},{"type":"tv","tmdb_id":204999},{"type":"tv","tmdb_id":134095},{"type":"tv","tmdb_id":153697},{"type":"tv","tmdb_id":217390},{"type":"tv","tmdb_id":128024},{"type":"tv","tmdb_id":218290},{"type":"tv","tmdb_id":209265},{"type":"tv","tmdb_id":218177},{"type":"tv","tmdb_id":226002},{"type":"tv","tmdb_id":203616},{"type":"tv","tmdb_id":241373},{"type":"tv","tmdb_id":200777},{"type":"tv","tmdb_id":204610},{"type":"tv","tmdb_id":127948},{"type":"tv","tmdb_id":121659},{"type":"tv","tmdb_id":204519},{"type":"tv","tmdb_id":217512},{"type":"tv","tmdb_id":223515},{"type":"tv","tmdb_id":218577},{"type":"tv","tmdb_id":235912},{"type":"tv","tmdb_id":244370},{"type":"tv","tmdb_id":125000},{"type":"tv","tmdb_id":195241},{"type":"tv","tmdb_id":214994},{"type":"tv","tmdb_id":154098},{"type":"tv","tmdb_id":206748},{"type":"tv","tmdb_id":155440},{"type":"tv","tmdb_id":231821},{"type":"tv","tmdb_id":240735},{"type":"tv","tmdb_id":241063},{"type":"tv","tmdb_id":95558},{"type":"tv","tmdb_id":217151},{"type":"tv","tmdb_id":215197},{"type":"tv","tmdb_id":231260},{"type":"tv","tmdb_id":231031},{"type":"tv","tmdb_id":240293},{"type":"tv","tmdb_id":211051},{"type":"tv","tmdb_id":233804},{"type":"tv","tmdb_id":235835},{"type":"tv","tmdb_id":204358},{"type":"tv","tmdb_id":238469},{"type":"tv","tmdb_id":232429},{"type":"tv","tmdb_id":256104},{"type":"tv","tmdb_id":230525},{"type":"tv","tmdb_id":228156},{"type":"tv","tmdb_id":134865},{"type":"tv","tmdb_id":156888},{"type":"tv","tmdb_id":209604},{"type":"tv","tmdb_id":231306},{"type":"tv","tmdb_id":223400},{"type":"tv","tmdb_id":138455},{"type":"tv","tmdb_id":153337},{"type":"tv","tmdb_id":217945},{"type":"tv","tmdb_id":234740},{"type":"tv","tmdb_id":298101},{"type":"tv","tmdb_id":132117},{"type":"tv","tmdb_id":94617},{"type":"tv","tmdb_id":194573},{"type":"tv","tmdb_id":236210},{"type":"tv","tmdb_id":125816},{"type":"tv","tmdb_id":233592},{"type":"tv","tmdb_id":226891},{"type":"tv","tmdb_id":218265},{"type":"tv","tmdb_id":222023},{"type":"tv","tmdb_id":232054},{"type":"tv","tmdb_id":224054},{"type":"tv","tmdb_id":123856},{"type":"tv","tmdb_id":202821},{"type":"tv","tmdb_id":223313},{"type":"tv","tmdb_id":214651},{"type":"tv","tmdb_id":196157},{"type":"tv","tmdb_id":204412},{"type":"tv","tmdb_id":218739},{"type":"tv","tmdb_id":204944},{"type":"tv","tmdb_id":227139},{"type":"tv","tmdb_id":210580},{"type":"tv","tmdb_id":230288},{"type":"tv","tmdb_id":132917},{"type":"tv","tmdb_id":222365},{"type":"tv","tmdb_id":138948},{"type":"tv","tmdb_id":224260},{"type":"tv","tmdb_id":210702},{"type":"tv","tmdb_id":214999},{"type":"tv","tmdb_id":211093},{"type":"tv","tmdb_id":236889},{"type":"tv","tmdb_id":134224},{"type":"tv","tmdb_id":219788},{"type":"tv","tmdb_id":230250},{"type":"tv","tmdb_id":233090},{"type":"tv","tmdb_id":196474},{"type":"tv","tmdb_id":231811},{"type":"tv","tmdb_id":217583},{"type":"tv","tmdb_id":203276},{"type":"tv","tmdb_id":230524},{"type":"tv","tmdb_id":221504},{"type":"tv","tmdb_id":219673},{"type":"tv","tmdb_id":223251},{"type":"tv","tmdb_id":241127},{"type":"tv","tmdb_id":217755},{"type":"tv","tmdb_id":214422},{"type":"tv","tmdb_id":194797},{"type":"tv","tmdb_id":209829},{"type":"tv","tmdb_id":235924},{"type":"tv","tmdb_id":225577},{"type":"tv","tmdb_id":219816},{"type":"tv","tmdb_id":207004},{"type":"tv","tmdb_id":218529},{"type":"tv","tmdb_id":137094},{"type":"tv","tmdb_id":204849},{"type":"tv","tmdb_id":225335},{"type":"tv","tmdb_id":213322},{"type":"tv","tmdb_id":218613},{"type":"tv","tmdb_id":169593},{"type":"tv","tmdb_id":233524},{"type":"tv","tmdb_id":137040},{"type":"tv","tmdb_id":217735},{"type":"tv","tmdb_id":210781},{"type":"tv","tmdb_id":235589},{"type":"tv","tmdb_id":216985},{"type":"tv","tmdb_id":235228},{"type":"tv","tmdb_id":213738},{"type":"tv","tmdb_id":131992},{"type":"tv","tmdb_id":238786},{"type":"tv","tmdb_id":218896},{"type":"tv","tmdb_id":224022},{"type":"tv","tmdb_id":208487},{"type":"tv","tmdb_id":216264},{"type":"tv","tmdb_id":237243},{"type":"tv","tmdb_id":228540},{"type":"tv","tmdb_id":222663},{"type":"tv","tmdb_id":235547},{"type":"tv","tmdb_id":224285},{"type":"tv","tmdb_id":210787},{"type":"tv","tmdb_id":213241},{"type":"tv","tmdb_id":155534},{"type":"tv","tmdb_id":229221},{"type":"tv","tmdb_id":217650},{"type":"tv","tmdb_id":228979},{"type":"tv","tmdb_id":218563},{"type":"tv","tmdb_id":220779},{"type":"tv","tmdb_id":220992},{"type":"tv","tmdb_id":215333},{"type":"tv","tmdb_id":210269},{"type":"tv","tmdb_id":239318},{"type":"tv","tmdb_id":156098},{"type":"tv","tmdb_id":200701},{"type":"tv","tmdb_id":235867},{"type":"tv","tmdb_id":230024},{"type":"tv","tmdb_id":236921},{"type":"tv","tmdb_id":238381},{"type":"tv","tmdb_id":49933},{"type":"tv","tmdb_id":239962},{"type":"tv","tmdb_id":238296},{"type":"tv","tmdb_id":219341},{"type":"tv","tmdb_id":210773},{"type":"tv","tmdb_id":153450},{"type":"tv","tmdb_id":134742},{"type":"tv","tmdb_id":214478},{"type":"tv","tmdb_id":235884},{"type":"tv","tmdb_id":234800},{"type":"tv","tmdb_id":205214},{"type":"tv","tmdb_id":233314},{"type":"tv","tmdb_id":120241},{"type":"tv","tmdb_id":228436},{"type":"tv","tmdb_id":158876},{"type":"tv","tmdb_id":230050},{"type":"tv","tmdb_id":137391},{"type":"tv","tmdb_id":204148},{"type":"tv","tmdb_id":156013},{"type":"tv","tmdb_id":229641},{"type":"tv","tmdb_id":211782},{"type":"tv","tmdb_id":216310},{"type":"tv","tmdb_id":139162},{"type":"tv","tmdb_id":235643},{"type":"tv","tmdb_id":209922},{"type":"tv","tmdb_id":214079},{"type":"tv","tmdb_id":233568},{"type":"tv","tmdb_id":225226},{"type":"tv","tmdb_id":220344},{"type":"tv","tmdb_id":241453},{"type":"tv","tmdb_id":225507},{"type":"tv","tmdb_id":228980},{"type":"tv","tmdb_id":218684},{"type":"tv","tmdb_id":220665},{"type":"tv","tmdb_id":234751},{"type":"tv","tmdb_id":207521},{"type":"tv","tmdb_id":126726},{"type":"tv","tmdb_id":206689},{"type":"tv","tmdb_id":224233},{"type":"tv","tmdb_id":220116},{"type":"tv","tmdb_id":229613},{"type":"tv","tmdb_id":233408},{"type":"tv","tmdb_id":207713},{"type":"tv","tmdb_id":233863},{"type":"tv","tmdb_id":233450},{"type":"tv","tmdb_id":218982},{"type":"tv","tmdb_id":121567},{"type":"tv","tmdb_id":225193},{"type":"tv","tmdb_id":197579},{"type":"tv","tmdb_id":222610},{"type":"tv","tmdb_id":234291},{"type":"tv","tmdb_id":236215},{"type":"tv","tmdb_id":204290},{"type":"tv","tmdb_id":237247},{"type":"tv","tmdb_id":209085},{"type":"tv","tmdb_id":231299},{"type":"tv","tmdb_id":222798},{"type":"tv","tmdb_id":238406},{"type":"tv","tmdb_id":203696},{"type":"tv","tmdb_id":201949},{"type":"tv","tmdb_id":156820},{"type":"tv","tmdb_id":220076},{"type":"tv","tmdb_id":209985},{"type":"tv","tmdb_id":206674},{"type":"tv","tmdb_id":212053},{"type":"tv","tmdb_id":233464},{"type":"tv","tmdb_id":226241},{"type":"tv","tmdb_id":262128},{"type":"tv","tmdb_id":232892},{"type":"tv","tmdb_id":224740},{"type":"tv","tmdb_id":237022},{"type":"tv","tmdb_id":228658},{"type":"tv","tmdb_id":229263},{"type":"tv","tmdb_id":204589},{"type":"tv","tmdb_id":228241},{"type":"tv","tmdb_id":216224},{"type":"tv","tmdb_id":217405},{"type":"tv","tmdb_id":210586},{"type":"tv","tmdb_id":215270},{"type":"tv","tmdb_id":196142},{"type":"tv","tmdb_id":152551},{"type":"tv","tmdb_id":219063},{"type":"tv","tmdb_id":229610},{"type":"tv","tmdb_id":218375},{"type":"tv","tmdb_id":229564},{"type":"tv","tmdb_id":236287},{"type":"tv","tmdb_id":158083},{"type":"tv","tmdb_id":236809},{"type":"tv","tmdb_id":157972},{"type":"tv","tmdb_id":213337},{"type":"tv","tmdb_id":211034},{"type":"tv","tmdb_id":251805},{"type":"tv","tmdb_id":243322},{"type":"tv","tmdb_id":226773},{"type":"tv","tmdb_id":230924},{"type":"tv","tmdb_id":275301},{"type":"tv","tmdb_id":115546},{"type":"tv","tmdb_id":200750},{"type":"tv","tmdb_id":229962}]}