{"ts":1771083821,"year":"2011","mode":"tv","candidates":[{"type":"tv","tmdb_id":1399},{"type":"tv","tmdb_id":34307},{"type":"tv","tmdb_id":39351},{"type":"tv","tmdb_id":1407},{"type":"tv","tmdb_id":37680},{"type":"tv","tmdb_id":1413},{"type":"tv","tmdb_id":32726},{"type":"tv","tmdb_id":42009},{"type":"tv","tmdb_id":1411},{"type":"tv","tmdb_id":34524},{"type":"tv","tmdb_id":39272},{"type":"tv","tmdb_id":1420},{"type":"tv","tmdb_id":41956},{"type":"tv","tmdb_id":39340},{"type":"tv","tmdb_id":46298},{"type":"tv","tmdb_id":45247},{"type":"tv","tmdb_id":42316},{"type":"tv","tmdb_id":39185},{"type":"tv","tmdb_id":37606},{"type":"tv","tmdb_id":52910},{"type":"tv","tmdb_id":39276},{"type":"tv","tmdb_id":38464},{"type":"tv","tmdb_id":37678},{"type":"tv","tmdb_id":45854},{"type":"tv","tmdb_id":34891},{"type":"tv","tmdb_id":38251},{"type":"tv","tmdb_id":39358},{"type":"tv","tmdb_id":39297},{"type":"tv","tmdb_id":50878},{"type":"tv","tmdb_id":36994},{"type":"tv","tmdb_id":84634},{"type":"tv","tmdb_id":35442},{"type":"tv","tmdb_id":1401},{"type":"tv","tmdb_id":45016},{"type":"tv","tmdb_id":39314},{"type":"tv","tmdb_id":52823},{"type":"tv","tmdb_id":59186},{"type":"tv","tmdb_id":195410},{"type":"tv","tmdb_id":37632},{"type":"tv","tmdb_id":33301},{"type":"tv","tmdb_id":38603},{"type":"tv","tmdb_id":38974},{"type":"tv","tmdb_id":39279},{"type":"tv","tmdb_id":32708},{"type":"tv","tmdb_id":32697},{"type":"tv","tmdb_id":34967},{"type":"tv","tmdb_id":42509},{"type":"tv","tmdb_id":73048},{"type":"tv","tmdb_id":63463},{"type":"tv","tmdb_id":33922},{"type":"tv","tmdb_id":32829},{"type":"tv","tmdb_id":43125},{"type":"tv","tmdb_id":45845},{"type":"tv","tmdb_id":40302},{"type":"tv","tmdb_id":35094},{"type":"tv","tmdb_id":34899},{"type":"tv","tmdb_id":34415},{"type":"tv","tmdb_id":32605},{"type":"tv","tmdb_id":38657},{"type":"tv","tmdb_id":80281},{"type":"tv","tmdb_id":42021},{"type":"tv","tmdb_id":101640},{"type":"tv","tmdb_id":32697},{"type":"tv","tmdb_id":43125},{"type":"tv","tmdb_id":195410},{"type":"tv","tmdb_id":121651},{"type":"tv","tmdb_id":60732},{"type":"tv","tmdb_id":53193},{"type":"tv","tmdb_id":39859},{"type":"tv","tmdb_id":66250},{"type":"tv","tmdb_id":44684},{"type":"tv","tmdb_id":37681},{"type":"tv","tmdb_id":46671},{"type":"tv","tmdb_id":32754},{"type":"tv","tmdb_id":40026},{"type":"tv","tmdb_id":39657},{"type":"tv","tmdb_id":95707},{"type":"tv","tmdb_id":39390},{"type":"tv","tmdb_id":110253},{"type":"tv","tmdb_id":55630},{"type":"tv","tmdb_id":46825},{"type":"tv","tmdb_id":51096},{"type":"tv","tmdb_id":39362},{"type":"tv","tmdb_id":46025},{"type":"tv","tmdb_id":35016},{"type":"tv","tmdb_id":39659},{"type":"tv","tmdb_id":42419},{"type":"tv","tmdb_id":50913},{"type":"tv","tmdb_id":44470},{"type":"tv","tmdb_id":31586},{"type":"tv","tmdb_id":114863},{"type":"tv","tmdb_id":39357},{"type":"tv","tmdb_id":45966},{"type":"tv","tmdb_id":35279},{"type":"tv","tmdb_id":87930},{"type":"tv","tmdb_id":39011},{"type":"tv","tmdb_id":60715},{"type":"tv","tmdb_id":31841},{"type":"tv","tmdb_id":61781},{"type":"tv","tmdb_id":38954},{"type":"tv","tmdb_id":42269},{"type":"tv","tmdb_id":249554},{"type":"tv","tmdb_id":42417},{"type":"tv","tmdb_id":52891},{"type":"tv","tmdb_id":34607},{"type":"tv","tmdb_id":32716},{"type":"tv","tmdb_id":40505},{"type":"tv","tmdb_id":34996},{"type":"tv","tmdb_id":69106},{"type":"tv","tmdb_id":37709},{"type":"tv","tmdb_id":39388},{"type":"tv","tmdb_id":57528},{"type":"tv","tmdb_id":33025},{"type":"tv","tmdb_id":33958},{"type":"tv","tmdb_id":41967},{"type":"tv","tmdb_id":45835},{"type":"tv","tmdb_id":39434},{"type":"tv","tmdb_id":61194},{"type":"tv","tmdb_id":39354},{"type":"tv","tmdb_id":38560},{"type":"tv","tmdb_id":49564},{"type":"tv","tmdb_id":42035},{"type":"tv","tmdb_id":39218},{"type":"tv","tmdb_id":38420},{"type":"tv","tmdb_id":42506},{"type":"tv","tmdb_id":32022},{"type":"tv","tmdb_id":46388},{"type":"tv","tmdb_id":43270},{"type":"tv","tmdb_id":42554},{"type":"tv","tmdb_id":45303},{"type":"tv","tmdb_id":41541},{"type":"tv","tmdb_id":47990},{"type":"tv","tmdb_id":35370},{"type":"tv","tmdb_id":97010},{"type":"tv","tmdb_id":34573},{"type":"tv","tmdb_id":61541},{"type":"tv","tmdb_id":38922},{"type":"tv","tmdb_id":38811},{"type":"tv","tmdb_id":40122},{"type":"tv","tmdb_id":69504},{"type":"tv","tmdb_id":34435},{"type":"tv","tmdb_id":43055},{"type":"tv","tmdb_id":60319},{"type":"tv","tmdb_id":68298},{"type":"tv","tmdb_id":40417},{"type":"tv","tmdb_id":43295},{"type":"tv","tmdb_id":44931},{"type":"tv","tmdb_id":46104},{"type":"tv","tmdb_id":45213},{"type":"tv","tmdb_id":88131},{"type":"tv","tmdb_id":39177},{"type":"tv","tmdb_id":9777},{"type":"tv","tmdb_id":71834},{"type":"tv","tmdb_id":37722},{"type":"tv","tmdb_id":42555},{"type":"tv","tmdb_id":46095},{"type":"tv","tmdb_id":37664},{"type":"tv","tmdb_id":39416},{"type":"tv","tmdb_id":40351},{"type":"tv","tmdb_id":45203},{"type":"tv","tmdb_id":44314},{"type":"tv","tmdb_id":41507},{"type":"tv","tmdb_id":38812},{"type":"tv","tmdb_id":62168},{"type":"tv","tmdb_id":35341},{"type":"tv","tmdb_id":49294},{"type":"tv","tmdb_id":34388},{"type":"tv","tmdb_id":38165},{"type":"tv","tmdb_id":44446},{"type":"tv","tmdb_id":42503},{"type":"tv","tmdb_id":35340},{"type":"tv","tmdb_id":32549},{"type":"tv","tmdb_id":37780},{"type":"tv","tmdb_id":39525},{"type":"tv","tmdb_id":109700},{"type":"tv","tmdb_id":51102},{"type":"tv","tmdb_id":273113},{"type":"tv","tmdb_id":34639},{"type":"tv","tmdb_id":34541},{"type":"tv","tmdb_id":43926},{"type":"tv","tmdb_id":39468},{"type":"tv","tmdb_id":39680},{"type":"tv","tmdb_id":88319},{"type":"tv","tmdb_id":38441},{"type":"tv","tmdb_id":39518},{"type":"tv","tmdb_id":39320},{"type":"tv","tmdb_id":32861},{"type":"tv","tmdb_id":55323},{"type":"tv","tmdb_id":39148},{"type":"tv","tmdb_id":39106},{"type":"tv","tmdb_id":61579},{"type":"tv","tmdb_id":43822},{"type":"tv","tmdb_id":66153},{"type":"tv","tmdb_id":39718},{"type":"tv","tmdb_id":39706},{"type":"tv","tmdb_id":50484},{"type":"tv","tmdb_id":35299},{"type":"tv","tmdb_id":77252},{"type":"tv","tmdb_id":60730},{"type":"tv","tmdb_id":34501},{"type":"tv","tmdb_id":65356},{"type":"tv","tmdb_id":61970},{"type":"tv","tmdb_id":41997},{"type":"tv","tmdb_id":34965},{"type":"tv","tmdb_id":55358},{"type":"tv","tmdb_id":54315},{"type":"tv","tmdb_id":39259},{"type":"tv","tmdb_id":8724},{"type":"tv","tmdb_id":46154},{"type":"tv","tmdb_id":68845},{"type":"tv","tmdb_id":56896},{"type":"tv","tmdb_id":39435},{"type":"tv","tmdb_id":43424},{"type":"tv","tmdb_id":62798},{"type":"tv","tmdb_id":58774},{"type":"tv","tmdb_id":45953},{"type":"tv","tmdb_id":45571},{"type":"tv","tmdb_id":32871},{"type":"tv","tmdb_id":46439},{"type":"tv","tmdb_id":38904},{"type":"tv","tmdb_id":43146},{"type":"tv","tmdb_id":37790},{"type":"tv","tmdb_id":39681},{"type":"tv","tmdb_id":48248},{"type":"tv","tmdb_id":40110},{"type":"tv","tmdb_id":47711},{"type":"tv","tmdb_id":34531},{"type":"tv","tmdb_id":34594},{"type":"tv","tmdb_id":79603},{"type":"tv","tmdb_id":37608},{"type":"tv","tmdb_id":32200},{"type":"tv","tmdb_id":32752},{"type":"tv","tmdb_id":38270},{"type":"tv","tmdb_id":41571},{"type":"tv","tmdb_id":39686},{"type":"tv","tmdb_id":45665},{"type":"tv","tmdb_id":69189},{"type":"tv","tmdb_id":34642},{"type":"tv","tmdb_id":152540},{"type":"tv","tmdb_id":39546},{"type":"tv","tmdb_id":46820},{"type":"tv","tmdb_id":42032},{"type":"tv","tmdb_id":45890},{"type":"tv","tmdb_id":34371},{"type":"tv","tmdb_id":46268},{"type":"tv","tmdb_id":39983},{"type":"tv","tmdb_id":100754},{"type":"tv","tmdb_id":61329},{"type":"tv","tmdb_id":34903},{"type":"tv","tmdb_id":40811},{"type":"tv","tmdb_id":95093},{"type":"tv","tmdb_id":41724},{"type":"tv","tmdb_id":38207},{"type":"tv","tmdb_id":45811},{"type":"tv","tmdb_id":38233},{"type":"tv","tmdb_id":42518},{"type":"tv","tmdb_id":32715},{"type":"tv","tmdb_id":38239},{"type":"tv","tmdb_id":45195},{"type":"tv","tmdb_id":39346},{"type":"tv","tmdb_id":40675},{"type":"tv","tmdb_id":39606},{"type":"tv","tmdb_id":49297},{"type":"tv","tmdb_id":52644},{"type":"tv","tmdb_id":35282},{"type":"tv","tmdb_id":77290},{"type":"tv","tmdb_id":236228},{"type":"tv","tmdb_id":48437},{"type":"tv","tmdb_id":68379},{"type":"tv","tmdb_id":95855},{"type":"tv","tmdb_id":41875},{"type":"tv","tmdb_id":35372},{"type":"tv","tmdb_id":45088},{"type":"tv","tmdb_id":105671},{"type":"tv","tmdb_id":42017},{"type":"tv","tmdb_id":35348},{"type":"tv","tmdb_id":43720},{"type":"tv","tmdb_id":84093},{"type":"tv","tmdb_id":196485},{"type":"tv","tmdb_id":135608},{"type":"tv","tmdb_id":46806},{"type":"tv","tmdb_id":39672},{"type":"tv","tmdb_id":45305},{"type":"tv","tmdb_id":38180},{"type":"tv","tmdb_id":38559},{"type":"tv","tmdb_id":42142},{"type":"tv","tmdb_id":34893},{"type":"tv","tmdb_id":194693},{"type":"tv","tmdb_id":59092},{"type":"tv","tmdb_id":48897},{"type":"tv","tmdb_id":93988},{"type":"tv","tmdb_id":38671},{"type":"tv","tmdb_id":40480},{"type":"tv","tmdb_id":42099},{"type":"tv","tmdb_id":32296},{"type":"tv","tmdb_id":48250},{"type":"tv","tmdb_id":85279},{"type":"tv","tmdb_id":87742},{"type":"tv","tmdb_id":45629},{"type":"tv","tmdb_id":239935},{"type":"tv","tmdb_id":46021},{"type":"tv","tmdb_id":203394},{"type":"tv","tmdb_id":61657},{"type":"tv","tmdb_id":40408},{"type":"tv","tmdb_id":56352},{"type":"tv","tmdb_id":32719},{"type":"tv","tmdb_id":38648},{"type":"tv","tmdb_id":35082},{"type":"tv","tmdb_id":38247},{"type":"tv","tmdb_id":55295},{"type":"tv","tmdb_id":71970},{"type":"tv","tmdb_id":57662},{"type":"tv","tmdb_id":41652},{"type":"tv","tmdb_id":38866},{"type":"tv","tmdb_id":84656},{"type":"tv","tmdb_id":32710},{"type":"tv","tmdb_id":38639},{"type":"tv","tmdb_id":42109},{"type":"tv","tmdb_id":43193},{"type":"tv","tmdb_id":51488},{"type":"tv","tmdb_id":83200},{"type":"tv","tmdb_id":44214},{"type":"tv","tmdb_id":35333},{"type":"tv","tmdb_id":41814},{"type":"tv","tmdb_id":39268},{"type":"tv","tmdb_id":63367},{"type":"tv","tmdb_id":45281},{"type":"tv","tmdb_id":42384},{"type":"tv","tmdb_id":34978},{"type":"tv","tmdb_id":39758},{"type":"tv","tmdb_id":77401},{"type":"tv","tmdb_id":46170},{"type":"tv","tmdb_id":35281},{"type":"tv","tmdb_id":43107},{"type":"tv","tmdb_id":41733},{"type":"tv","tmdb_id":41759},{"type":"tv","tmdb_id":39198},{"type":"tv","tmdb_id":122079},{"type":"tv","tmdb_id":40632},{"type":"tv","tmdb_id":39595},{"type":"tv","tmdb_id":38210},{"type":"tv","tmdb_id":251319},{"type":"tv","tmdb_id":50645},{"type":"tv","tmdb_id":211823},{"type":"tv","tmdb_id":80289},{"type":"tv","tmdb_id":39205},{"type":"tv","tmdb_id":61826},{"type":"tv","tmdb_id":39292},{"type":"tv","tmdb_id":109683},{"type":"tv","tmdb_id":244350},{"type":"tv","tmdb_id":308753},{"type":"tv","tmdb_id":39265},{"type":"tv","tmdb_id":89894},{"type":"tv","tmdb_id":197477},{"type":"tv","tmdb_id":35100},{"type":"tv","tmdb_id":58708},{"type":"tv","tmdb_id":41379},{"type":"tv","tmdb_id":38907},{"type":"tv","tmdb_id":44658},{"type":"tv","tmdb_id":37652},{"type":"tv","tmdb_id":42504},{"type":"tv","tmdb_id":46572},{"type":"tv","tmdb_id":85462},{"type":"tv","tmdb_id":59687},{"type":"tv","tmdb_id":41703},{"type":"tv","tmdb_id":42339},{"type":"tv","tmdb_id":46106},{"type":"tv","tmdb_id":106944},{"type":"tv","tmdb_id":40245},{"type":"tv","tmdb_id":48037},{"type":"tv","tmdb_id":69021},{"type":"tv","tmdb_id":34578},{"type":"tv","tmdb_id":270520},{"type":"tv","tmdb_id":96157},{"type":"tv","tmdb_id":44300},{"type":"tv","tmdb_id":38304},{"type":"tv","tmdb_id":39948},{"type":"tv","tmdb_id":103113},{"type":"tv","tmdb_id":40052},{"type":"tv","tmdb_id":39913},{"type":"tv","tmdb_id":41889},{"type":"tv","tmdb_id":81784},{"type":"tv","tmdb_id":34566},{"type":"tv","tmdb_id":195384},{"type":"tv","tmdb_id":50734},{"type":"tv","tmdb_id":43236},{"type":"tv","tmdb_id":32648},{"type":"tv","tmdb_id":74643},{"type":"tv","tmdb_id":40046},{"type":"tv","tmdb_id":37646},{"type":"tv","tmdb_id":41794},{"type":"tv","tmdb_id":42508},{"type":"tv","tmdb_id":40239},{"type":"tv","tmdb_id":39803},{"type":"tv","tmdb_id":32806},{"type":"tv","tmdb_id":38910},{"type":"tv","tmdb_id":56563},{"type":"tv","tmdb_id":43069},{"type":"tv","tmdb_id":85943},{"type":"tv","tmdb_id":41463},{"type":"tv","tmdb_id":34624},{"type":"tv","tmdb_id":73106},{"type":"tv","tmdb_id":40016},{"type":"tv","tmdb_id":42141},{"type":"tv","tmdb_id":37731},{"type":"tv","tmdb_id":32755},{"type":"tv","tmdb_id":63935},{"type":"tv","tmdb_id":67922},{"type":"tv","tmdb_id":40017},{"type":"tv","tmdb_id":224370},{"type":"tv","tmdb_id":45348},{"type":"tv","tmdb_id":119168},{"type":"tv","tmdb_id":139834},{"type":"tv","tmdb_id":45954},{"type":"tv","tmdb_id":83958},{"type":"tv","tmdb_id":41526},{"type":"tv","tmdb_id":39551},{"type":"tv","tmdb_id":38953},{"type":"tv","tmdb_id":40330},{"type":"tv","tmdb_id":115176},{"type":"tv","tmdb_id":38532},{"type":"tv","tmdb_id":111057},{"type":"tv","tmdb_id":53728},{"type":"tv","tmdb_id":85778},{"type":"tv","tmdb_id":205446},{"type":"tv","tmdb_id":61475},{"type":"tv","tmdb_id":33204},{"type":"tv","tmdb_id":40444},{"type":"tv","tmdb_id":67573},{"type":"tv","tmdb_id":49961},{"type":"tv","tmdb_id":63272},{"type":"tv","tmdb_id":88415},{"type":"tv","tmdb_id":39684},{"type":"tv","tmdb_id":40858},{"type":"tv","tmdb_id":41407},{"type":"tv","tmdb_id":38674},{"type":"tv","tmdb_id":38432},{"type":"tv","tmdb_id":90301},{"type":"tv","tmdb_id":40058},{"type":"tv","tmdb_id":104609},{"type":"tv","tmdb_id":60760},{"type":"tv","tmdb_id":80391},{"type":"tv","tmdb_id":39278},{"type":"tv","tmdb_id":42389},{"type":"tv","tmdb_id":53726},{"type":"tv","tmdb_id":40333},{"type":"tv","tmdb_id":41825},{"type":"tv","tmdb_id":45828},{"type":"tv","tmdb_id":37704},{"type":"tv","tmdb_id":158575},{"type":"tv","tmdb_id":48175},{"type":"tv","tmdb_id":40015},{"type":"tv","tmdb_id":35097},{"type":"tv","tmdb_id":50116},{"type":"tv","tmdb_id":283746},{"type":"tv","tmdb_id":34268},{"type":"tv","tmdb_id":42590},{"type":"tv","tmdb_id":53720},{"type":"tv","tmdb_id":45033},{"type":"tv","tmdb_id":38869},{"type":"tv","tmdb_id":41739},{"type":"tv","tmdb_id":95673},{"type":"tv","tmdb_id":31832},{"type":"tv","tmdb_id":39508},{"type":"tv","tmdb_id":41211},{"type":"tv","tmdb_id":298388},{"type":"tv","tmdb_id":310300},{"type":"tv","tmdb_id":37779},{"type":"tv","tmdb_id":76390},{"type":"tv","tmdb_id":65710},{"type":"tv","tmdb_id":220222},{"type":"tv","tmdb_id":55326},{"type":"tv","tmdb_id":41920},{"type":"tv","tmdb_id":34029},{"type":"tv","tmdb_id":59215},{"type":"tv","tmdb_id":38234},{"type":"tv","tmdb_id":37764},{"type":"tv","tmdb_id":39596},{"type":"tv","tmdb_id":40537},{"type":"tv","tmdb_id":35272},{"type":"tv","tmdb_id":32062},{"type":"tv","tmdb_id":102025},{"type":"tv","tmdb_id":256784},{"type":"tv","tmdb_id":45818},{"type":"tv","tmdb_id":32467},{"type":"tv","tmdb_id":58236},{"type":"tv","tmdb_id":39005},{"type":"tv","tmdb_id":41713},{"type":"tv","tmdb_id":38294},{"type":"tv","tmdb_id":39640},{"type":"tv","tmdb_id":44680},{"type":"tv","tmdb_id":40082},{"type":"tv","tmdb_id":41947},{"type":"tv","tmdb_id":29445},{"type":"tv","tmdb_id":40500},{"type":"tv","tmdb_id":38723},{"type":"tv","tmdb_id":70927},{"type":"tv","tmdb_id":44550},{"type":"tv","tmdb_id":252228},{"type":"tv","tmdb_id":35358},{"type":"tv","tmdb_id":40919},{"type":"tv","tmdb_id":95720},{"type":"tv","tmdb_id":35359},{"type":"tv","tmdb_id":107666},{"type":"tv","tmdb_id":43757},{"type":"tv","tmdb_id":61375},{"type":"tv","tmdb_id":51216},{"type":"tv","tmdb_id":34471},{"type":"tv","tmdb_id":30948},{"type":"tv","tmdb_id":39060},{"type":"tv","tmdb_id":34938},{"type":"tv","tmdb_id":38983},{"type":"tv","tmdb_id":35092},{"type":"tv","tmdb_id":39273},{"type":"tv","tmdb_id":128094},{"type":"tv","tmdb_id":38919},{"type":"tv","tmdb_id":262247},{"type":"tv","tmdb_id":44628},{"type":"tv","tmdb_id":42143},{"type":"tv","tmdb_id":72919},{"type":"tv","tmdb_id":68558},{"type":"tv","tmdb_id":41331},{"type":"tv","tmdb_id":38997},{"type":"tv","tmdb_id":39692},{"type":"tv","tmdb_id":39261},{"type":"tv","tmdb_id":42271},{"type":"tv","tmdb_id":78180},{"type":"tv","tmdb_id":79777},{"type":"tv","tmdb_id":80769},{"type":"tv","tmdb_id":221609},{"type":"tv","tmdb_id":48304},{"type":"tv","tmdb_id":42054},{"type":"tv","tmdb_id":108906},{"type":"tv","tmdb_id":42114},{"type":"tv","tmdb_id":133479},{"type":"tv","tmdb_id":39103},{"type":"tv","tmdb_id":208747},{"type":"tv","tmdb_id":153761},{"type":"tv","tmdb_id":51795},{"type":"tv","tmdb_id":38189},{"type":"tv","tmdb_id":62501},{"type":"tv","tmdb_id":43410},{"type":"tv","tmdb_id":37729},{"type":"tv","tmdb_id":39341},{"type":"tv","tmdb_id":65222},{"type":"tv","tmdb_id":39077},{"type":"tv","tmdb_id":40268},{"type":"tv","tmdb_id":40971},{"type":"tv","tmdb_id":41263},{"type":"tv","tmdb_id":39112},{"type":"tv","tmdb_id":39020},{"type":"tv","tmdb_id":47856},{"type":"tv","tmdb_id":38221},{"type":"tv","tmdb_id":39145},{"type":"tv","tmdb_id":129040},{"type":"tv","tmdb_id":288281},{"type":"tv","tmdb_id":104789},{"type":"tv","tmdb_id":39040},{"type":"tv","tmdb_id":201259},{"type":"tv","tmdb_id":56061},{"type":"tv","tmdb_id":46527},{"type":"tv","tmdb_id":44577},{"type":"tv","tmdb_id":38222},{"type":"tv","tmdb_id":46169},{"type":"tv","tmdb_id":44551},{"type":"tv","tmdb_id":110072},{"type":"tv","tmdb_id":37623},{"type":"tv","tmdb_id":68620},{"type":"tv","tmdb_id":37605},{"type":"tv","tmdb_id":154209},{"type":"tv","tmdb_id":41926},{"type":"tv","tmdb_id":34390},{"type":"tv","tmdb_id":46204},{"type":"tv","tmdb_id":42505},{"type":"tv","tmdb_id":60293},{"type":"tv","tmdb_id":35367},{"type":"tv","tmdb_id":38360},{"type":"tv","tmdb_id":39355},{"type":"tv","tmdb_id":252227},{"type":"tv","tmdb_id":60652},{"type":"tv","tmdb_id":41821},{"type":"tv","tmdb_id":37762},{"type":"tv","tmdb_id":153432},{"type":"tv","tmdb_id":39882},{"type":"tv","tmdb_id":128396},{"type":"tv","tmdb_id":98251},{"type":"tv","tmdb_id":65275},{"type":"tv","tmdb_id":67767},{"type":"tv","tmdb_id":215593},{"type":"tv","tmdb_id":60630},{"type":"tv","tmdb_id":40043},{"type":"tv","tmdb_id":42058},{"type":"tv","tmdb_id":42178},{"type":"tv","tmdb_id":35324},{"type":"tv","tmdb_id":280096},{"type":"tv","tmdb_id":38861},{"type":"tv","tmdb_id":156062},{"type":"tv","tmdb_id":46228},{"type":"tv","tmdb_id":38320},{"type":"tv","tmdb_id":42194}]}