{"ts":1771085408,"year":"2016","mode":"tv","candidates":[{"type":"tv","tmdb_id":66732},{"type":"tv","tmdb_id":63174},{"type":"tv","tmdb_id":67136},{"type":"tv","tmdb_id":63247},{"type":"tv","tmdb_id":65942},{"type":"tv","tmdb_id":65494},{"type":"tv","tmdb_id":74561},{"type":"tv","tmdb_id":67384},{"type":"tv","tmdb_id":62643},{"type":"tv","tmdb_id":66025},{"type":"tv","tmdb_id":62852},{"type":"tv","tmdb_id":67133},{"type":"tv","tmdb_id":66840},{"type":"tv","tmdb_id":66786},{"type":"tv","tmdb_id":67116},{"type":"tv","tmdb_id":65931},{"type":"tv","tmdb_id":68073},{"type":"tv","tmdb_id":66573},{"type":"tv","tmdb_id":96804},{"type":"tv","tmdb_id":104396},{"type":"tv","tmdb_id":67026},{"type":"tv","tmdb_id":62858},{"type":"tv","tmdb_id":64513},{"type":"tv","tmdb_id":61859},{"type":"tv","tmdb_id":65844},{"type":"tv","tmdb_id":68604},{"type":"tv","tmdb_id":66465},{"type":"tv","tmdb_id":67335},{"type":"tv","tmdb_id":72896},{"type":"tv","tmdb_id":67419},{"type":"tv","tmdb_id":63210},{"type":"tv","tmdb_id":67557},{"type":"tv","tmdb_id":66370},{"type":"tv","tmdb_id":66857},{"type":"tv","tmdb_id":67075},{"type":"tv","tmdb_id":65820},{"type":"tv","tmdb_id":64230},{"type":"tv","tmdb_id":65495},{"type":"tv","tmdb_id":61969},{"type":"tv","tmdb_id":305237},{"type":"tv","tmdb_id":67683},{"type":"tv","tmdb_id":70983},{"type":"tv","tmdb_id":62126},{"type":"tv","tmdb_id":63623},{"type":"tv","tmdb_id":69061},{"type":"tv","tmdb_id":65988},{"type":"tv","tmdb_id":67063},{"type":"tv","tmdb_id":67040},{"type":"tv","tmdb_id":67549},{"type":"tv","tmdb_id":88580},{"type":"tv","tmdb_id":68398},{"type":"tv","tmdb_id":74415},{"type":"tv","tmdb_id":66676},{"type":"tv","tmdb_id":66599},{"type":"tv","tmdb_id":70311},{"type":"tv","tmdb_id":67915},{"type":"tv","tmdb_id":67883},{"type":"tv","tmdb_id":65930},{"type":"tv","tmdb_id":65291},{"type":"tv","tmdb_id":67265},{"type":"tv","tmdb_id":67883},{"type":"tv","tmdb_id":65930},{"type":"tv","tmdb_id":67156},{"type":"tv","tmdb_id":70311},{"type":"tv","tmdb_id":64387},{"type":"tv","tmdb_id":67117},{"type":"tv","tmdb_id":305237},{"type":"tv","tmdb_id":65592},{"type":"tv","tmdb_id":67229},{"type":"tv","tmdb_id":68267},{"type":"tv","tmdb_id":67676},{"type":"tv","tmdb_id":66830},{"type":"tv","tmdb_id":66558},{"type":"tv","tmdb_id":68837},{"type":"tv","tmdb_id":65291},{"type":"tv","tmdb_id":65712},{"type":"tv","tmdb_id":66310},{"type":"tv","tmdb_id":67773},{"type":"tv","tmdb_id":96269},{"type":"tv","tmdb_id":64464},{"type":"tv","tmdb_id":67667},{"type":"tv","tmdb_id":68780},{"type":"tv","tmdb_id":65493},{"type":"tv","tmdb_id":67229},{"type":"tv","tmdb_id":53606},{"type":"tv","tmdb_id":66203},{"type":"tv","tmdb_id":65292},{"type":"tv","tmdb_id":69344},{"type":"tv","tmdb_id":67697},{"type":"tv","tmdb_id":65929},{"type":"tv","tmdb_id":66077},{"type":"tv","tmdb_id":64122},{"type":"tv","tmdb_id":66761},{"type":"tv","tmdb_id":70387},{"type":"tv","tmdb_id":66837},{"type":"tv","tmdb_id":66276},{"type":"tv","tmdb_id":68295},{"type":"tv","tmdb_id":66103},{"type":"tv","tmdb_id":66134},{"type":"tv","tmdb_id":64099},{"type":"tv","tmdb_id":65712},{"type":"tv","tmdb_id":65249},{"type":"tv","tmdb_id":90745},{"type":"tv","tmdb_id":67175},{"type":"tv","tmdb_id":67070},{"type":"tv","tmdb_id":139710},{"type":"tv","tmdb_id":66859},{"type":"tv","tmdb_id":66078},{"type":"tv","tmdb_id":74428},{"type":"tv","tmdb_id":66282},{"type":"tv","tmdb_id":66671},{"type":"tv","tmdb_id":65579},{"type":"tv","tmdb_id":64752},{"type":"tv","tmdb_id":67487},{"type":"tv","tmdb_id":68106},{"type":"tv","tmdb_id":66784},{"type":"tv","tmdb_id":71963},{"type":"tv","tmdb_id":70923},{"type":"tv","tmdb_id":68569},{"type":"tv","tmdb_id":96269},{"type":"tv","tmdb_id":68695},{"type":"tv","tmdb_id":66584},{"type":"tv","tmdb_id":70249},{"type":"tv","tmdb_id":66023},{"type":"tv","tmdb_id":65143},{"type":"tv","tmdb_id":67135},{"type":"tv","tmdb_id":66825},{"type":"tv","tmdb_id":66556},{"type":"tv","tmdb_id":66958},{"type":"tv","tmdb_id":82416},{"type":"tv","tmdb_id":64433},{"type":"tv","tmdb_id":67141},{"type":"tv","tmdb_id":95903},{"type":"tv","tmdb_id":68878},{"type":"tv","tmdb_id":65227},{"type":"tv","tmdb_id":66111},{"type":"tv","tmdb_id":106009},{"type":"tv","tmdb_id":64437},{"type":"tv","tmdb_id":116661},{"type":"tv","tmdb_id":67674},{"type":"tv","tmdb_id":85983},{"type":"tv","tmdb_id":64437},{"type":"tv","tmdb_id":67674},{"type":"tv","tmdb_id":66912},{"type":"tv","tmdb_id":67752},{"type":"tv","tmdb_id":71322},{"type":"tv","tmdb_id":64435},{"type":"tv","tmdb_id":68099},{"type":"tv","tmdb_id":66502},{"type":"tv","tmdb_id":63535},{"type":"tv","tmdb_id":68595},{"type":"tv","tmdb_id":67391},{"type":"tv","tmdb_id":66862},{"type":"tv","tmdb_id":64555},{"type":"tv","tmdb_id":73369},{"type":"tv","tmdb_id":62699},{"type":"tv","tmdb_id":10957},{"type":"tv","tmdb_id":67166},{"type":"tv","tmdb_id":66101},{"type":"tv","tmdb_id":65214},{"type":"tv","tmdb_id":66101},{"type":"tv","tmdb_id":65214},{"type":"tv","tmdb_id":65949},{"type":"tv","tmdb_id":93983},{"type":"tv","tmdb_id":91444},{"type":"tv","tmdb_id":84547},{"type":"tv","tmdb_id":66149},{"type":"tv","tmdb_id":66433},{"type":"tv","tmdb_id":64551},{"type":"tv","tmdb_id":74824},{"type":"tv","tmdb_id":67324},{"type":"tv","tmdb_id":66902},{"type":"tv","tmdb_id":69459},{"type":"tv","tmdb_id":65150},{"type":"tv","tmdb_id":68071},{"type":"tv","tmdb_id":64394},{"type":"tv","tmdb_id":68455},{"type":"tv","tmdb_id":106099},{"type":"tv","tmdb_id":95112},{"type":"tv","tmdb_id":70603},{"type":"tv","tmdb_id":64481},{"type":"tv","tmdb_id":68735},{"type":"tv","tmdb_id":64175},{"type":"tv","tmdb_id":68225},{"type":"tv","tmdb_id":67345},{"type":"tv","tmdb_id":116661},{"type":"tv","tmdb_id":67684},{"type":"tv","tmdb_id":83964},{"type":"tv","tmdb_id":66053},{"type":"tv","tmdb_id":67011},{"type":"tv","tmdb_id":108433},{"type":"tv","tmdb_id":65945},{"type":"tv","tmdb_id":66456},{"type":"tv","tmdb_id":102774},{"type":"tv","tmdb_id":65798},{"type":"tv","tmdb_id":66979},{"type":"tv","tmdb_id":68427},{"type":"tv","tmdb_id":116958},{"type":"tv","tmdb_id":68098},{"type":"tv","tmdb_id":68135},{"type":"tv","tmdb_id":67780},{"type":"tv","tmdb_id":67243},{"type":"tv","tmdb_id":68349},{"type":"tv","tmdb_id":67132},{"type":"tv","tmdb_id":66894},{"type":"tv","tmdb_id":67346},{"type":"tv","tmdb_id":66256},{"type":"tv","tmdb_id":103373},{"type":"tv","tmdb_id":66885},{"type":"tv","tmdb_id":67593},{"type":"tv","tmdb_id":67385},{"type":"tv","tmdb_id":67728},{"type":"tv","tmdb_id":64150},{"type":"tv","tmdb_id":67280},{"type":"tv","tmdb_id":83556},{"type":"tv","tmdb_id":68654},{"type":"tv","tmdb_id":67043},{"type":"tv","tmdb_id":66186},{"type":"tv","tmdb_id":68921},{"type":"tv","tmdb_id":69463},{"type":"tv","tmdb_id":58057},{"type":"tv","tmdb_id":67012},{"type":"tv","tmdb_id":92408},{"type":"tv","tmdb_id":75127},{"type":"tv","tmdb_id":66496},{"type":"tv","tmdb_id":67118},{"type":"tv","tmdb_id":68467},{"type":"tv","tmdb_id":80534},{"type":"tv","tmdb_id":68272},{"type":"tv","tmdb_id":65564},{"type":"tv","tmdb_id":68757},{"type":"tv","tmdb_id":62856},{"type":"tv","tmdb_id":68875},{"type":"tv","tmdb_id":68388},{"type":"tv","tmdb_id":65854},{"type":"tv","tmdb_id":75021},{"type":"tv","tmdb_id":67371},{"type":"tv","tmdb_id":65659},{"type":"tv","tmdb_id":88768},{"type":"tv","tmdb_id":68126},{"type":"tv","tmdb_id":68799},{"type":"tv","tmdb_id":68435},{"type":"tv","tmdb_id":262498},{"type":"tv","tmdb_id":66776},{"type":"tv","tmdb_id":94585},{"type":"tv","tmdb_id":75050},{"type":"tv","tmdb_id":65228},{"type":"tv","tmdb_id":66733},{"type":"tv","tmdb_id":64840},{"type":"tv","tmdb_id":66991},{"type":"tv","tmdb_id":65369},{"type":"tv","tmdb_id":66330},{"type":"tv","tmdb_id":65330},{"type":"tv","tmdb_id":65816},{"type":"tv","tmdb_id":93983},{"type":"tv","tmdb_id":65386},{"type":"tv","tmdb_id":68103},{"type":"tv","tmdb_id":65448},{"type":"tv","tmdb_id":115785},{"type":"tv","tmdb_id":62904},{"type":"tv","tmdb_id":64726},{"type":"tv","tmdb_id":65333},{"type":"tv","tmdb_id":66659},{"type":"tv","tmdb_id":68945},{"type":"tv","tmdb_id":69088},{"type":"tv","tmdb_id":67018},{"type":"tv","tmdb_id":67832},{"type":"tv","tmdb_id":138207},{"type":"tv","tmdb_id":67570},{"type":"tv","tmdb_id":100659},{"type":"tv","tmdb_id":70940},{"type":"tv","tmdb_id":66803},{"type":"tv","tmdb_id":66357},{"type":"tv","tmdb_id":66730},{"type":"tv","tmdb_id":68293},{"type":"tv","tmdb_id":68882},{"type":"tv","tmdb_id":67111},{"type":"tv","tmdb_id":65693},{"type":"tv","tmdb_id":67727},{"type":"tv","tmdb_id":86758},{"type":"tv","tmdb_id":67145},{"type":"tv","tmdb_id":67814},{"type":"tv","tmdb_id":89074},{"type":"tv","tmdb_id":65345},{"type":"tv","tmdb_id":65454},{"type":"tv","tmdb_id":68597},{"type":"tv","tmdb_id":68423},{"type":"tv","tmdb_id":90745},{"type":"tv","tmdb_id":69020},{"type":"tv","tmdb_id":68271},{"type":"tv","tmdb_id":66870},{"type":"tv","tmdb_id":69832},{"type":"tv","tmdb_id":94454},{"type":"tv","tmdb_id":64554},{"type":"tv","tmdb_id":66109},{"type":"tv","tmdb_id":67524},{"type":"tv","tmdb_id":65523},{"type":"tv","tmdb_id":64673},{"type":"tv","tmdb_id":70208},{"type":"tv","tmdb_id":70161},{"type":"tv","tmdb_id":65210},{"type":"tv","tmdb_id":67157},{"type":"tv","tmdb_id":89244},{"type":"tv","tmdb_id":72838},{"type":"tv","tmdb_id":68973},{"type":"tv","tmdb_id":67483},{"type":"tv","tmdb_id":68380},{"type":"tv","tmdb_id":67235},{"type":"tv","tmdb_id":71431},{"type":"tv","tmdb_id":87310},{"type":"tv","tmdb_id":68358},{"type":"tv","tmdb_id":74872},{"type":"tv","tmdb_id":65628},{"type":"tv","tmdb_id":67904},{"type":"tv","tmdb_id":67014},{"type":"tv","tmdb_id":66911},{"type":"tv","tmdb_id":72392},{"type":"tv","tmdb_id":66489},{"type":"tv","tmdb_id":67153},{"type":"tv","tmdb_id":74431},{"type":"tv","tmdb_id":67757},{"type":"tv","tmdb_id":66329},{"type":"tv","tmdb_id":68901},{"type":"tv","tmdb_id":66402},{"type":"tv","tmdb_id":67710},{"type":"tv","tmdb_id":67359},{"type":"tv","tmdb_id":72412},{"type":"tv","tmdb_id":67148},{"type":"tv","tmdb_id":65367},{"type":"tv","tmdb_id":67639},{"type":"tv","tmdb_id":67826},{"type":"tv","tmdb_id":231404},{"type":"tv","tmdb_id":67800},{"type":"tv","tmdb_id":99957},{"type":"tv","tmdb_id":66844},{"type":"tv","tmdb_id":72294},{"type":"tv","tmdb_id":66606},{"type":"tv","tmdb_id":65944},{"type":"tv","tmdb_id":65879},{"type":"tv","tmdb_id":65876},{"type":"tv","tmdb_id":65339},{"type":"tv","tmdb_id":68101},{"type":"tv","tmdb_id":106221},{"type":"tv","tmdb_id":106677},{"type":"tv","tmdb_id":89496},{"type":"tv","tmdb_id":68708},{"type":"tv","tmdb_id":67054},{"type":"tv","tmdb_id":65956},{"type":"tv","tmdb_id":106628},{"type":"tv","tmdb_id":84580},{"type":"tv","tmdb_id":66104},{"type":"tv","tmdb_id":78906},{"type":"tv","tmdb_id":80476},{"type":"tv","tmdb_id":95532},{"type":"tv","tmdb_id":68753},{"type":"tv","tmdb_id":67712},{"type":"tv","tmdb_id":68079},{"type":"tv","tmdb_id":69453},{"type":"tv","tmdb_id":70934},{"type":"tv","tmdb_id":65940},{"type":"tv","tmdb_id":65152},{"type":"tv","tmdb_id":66393},{"type":"tv","tmdb_id":85278},{"type":"tv","tmdb_id":67831},{"type":"tv","tmdb_id":221536},{"type":"tv","tmdb_id":68430},{"type":"tv","tmdb_id":68146},{"type":"tv","tmdb_id":77743},{"type":"tv","tmdb_id":65612},{"type":"tv","tmdb_id":65950},{"type":"tv","tmdb_id":66238},{"type":"tv","tmdb_id":74447},{"type":"tv","tmdb_id":68097},{"type":"tv","tmdb_id":68734},{"type":"tv","tmdb_id":62814},{"type":"tv","tmdb_id":64434},{"type":"tv","tmdb_id":68185},{"type":"tv","tmdb_id":65928},{"type":"tv","tmdb_id":63508},{"type":"tv","tmdb_id":67853},{"type":"tv","tmdb_id":70936},{"type":"tv","tmdb_id":68133},{"type":"tv","tmdb_id":64593},{"type":"tv","tmdb_id":65948},{"type":"tv","tmdb_id":64836},{"type":"tv","tmdb_id":67334},{"type":"tv","tmdb_id":66738},{"type":"tv","tmdb_id":65430},{"type":"tv","tmdb_id":66008},{"type":"tv","tmdb_id":69306},{"type":"tv","tmdb_id":70437},{"type":"tv","tmdb_id":154615},{"type":"tv","tmdb_id":68424},{"type":"tv","tmdb_id":75487},{"type":"tv","tmdb_id":72568},{"type":"tv","tmdb_id":73320},{"type":"tv","tmdb_id":67584},{"type":"tv","tmdb_id":97888},{"type":"tv","tmdb_id":65954},{"type":"tv","tmdb_id":66107},{"type":"tv","tmdb_id":66751},{"type":"tv","tmdb_id":70288},{"type":"tv","tmdb_id":19033},{"type":"tv","tmdb_id":112492},{"type":"tv","tmdb_id":65439},{"type":"tv","tmdb_id":66560},{"type":"tv","tmdb_id":90709},{"type":"tv","tmdb_id":248095},{"type":"tv","tmdb_id":66230},{"type":"tv","tmdb_id":65153},{"type":"tv","tmdb_id":68460},{"type":"tv","tmdb_id":67242},{"type":"tv","tmdb_id":72469},{"type":"tv","tmdb_id":67595},{"type":"tv","tmdb_id":71740},{"type":"tv","tmdb_id":75642},{"type":"tv","tmdb_id":130870},{"type":"tv","tmdb_id":83933},{"type":"tv","tmdb_id":65748},{"type":"tv","tmdb_id":68285},{"type":"tv","tmdb_id":65206},{"type":"tv","tmdb_id":68617},{"type":"tv","tmdb_id":93804},{"type":"tv","tmdb_id":104269},{"type":"tv","tmdb_id":240407},{"type":"tv","tmdb_id":68880},{"type":"tv","tmdb_id":68074},{"type":"tv","tmdb_id":67656},{"type":"tv","tmdb_id":68848},{"type":"tv","tmdb_id":65574},{"type":"tv","tmdb_id":68403},{"type":"tv","tmdb_id":67882},{"type":"tv","tmdb_id":69533},{"type":"tv","tmdb_id":76456},{"type":"tv","tmdb_id":74826},{"type":"tv","tmdb_id":111593},{"type":"tv","tmdb_id":68188},{"type":"tv","tmdb_id":67868},{"type":"tv","tmdb_id":65806},{"type":"tv","tmdb_id":68426},{"type":"tv","tmdb_id":79888},{"type":"tv","tmdb_id":71955},{"type":"tv","tmdb_id":66309},{"type":"tv","tmdb_id":65837},{"type":"tv","tmdb_id":127050},{"type":"tv","tmdb_id":66106},{"type":"tv","tmdb_id":289719},{"type":"tv","tmdb_id":67053},{"type":"tv","tmdb_id":72090},{"type":"tv","tmdb_id":73791},{"type":"tv","tmdb_id":68402},{"type":"tv","tmdb_id":68666},{"type":"tv","tmdb_id":68136},{"type":"tv","tmdb_id":68518},{"type":"tv","tmdb_id":95328},{"type":"tv","tmdb_id":74747},{"type":"tv","tmdb_id":66992},{"type":"tv","tmdb_id":134649},{"type":"tv","tmdb_id":74719},{"type":"tv","tmdb_id":65774},{"type":"tv","tmdb_id":66112},{"type":"tv","tmdb_id":66504},{"type":"tv","tmdb_id":113639},{"type":"tv","tmdb_id":107968},{"type":"tv","tmdb_id":71594},{"type":"tv","tmdb_id":67443},{"type":"tv","tmdb_id":67628},{"type":"tv","tmdb_id":86132},{"type":"tv","tmdb_id":67777},{"type":"tv","tmdb_id":72401},{"type":"tv","tmdb_id":68401},{"type":"tv","tmdb_id":65383},{"type":"tv","tmdb_id":75203},{"type":"tv","tmdb_id":68010},{"type":"tv","tmdb_id":65934},{"type":"tv","tmdb_id":65497},{"type":"tv","tmdb_id":68796},{"type":"tv","tmdb_id":67459},{"type":"tv","tmdb_id":73541},{"type":"tv","tmdb_id":208092},{"type":"tv","tmdb_id":68096},{"type":"tv","tmdb_id":67046},{"type":"tv","tmdb_id":80904},{"type":"tv","tmdb_id":68224},{"type":"tv","tmdb_id":65566},{"type":"tv","tmdb_id":68879},{"type":"tv","tmdb_id":66263},{"type":"tv","tmdb_id":68080},{"type":"tv","tmdb_id":65412},{"type":"tv","tmdb_id":66858},{"type":"tv","tmdb_id":74771},{"type":"tv","tmdb_id":65895},{"type":"tv","tmdb_id":68043},{"type":"tv","tmdb_id":65815},{"type":"tv","tmdb_id":68425},{"type":"tv","tmdb_id":66987},{"type":"tv","tmdb_id":94041},{"type":"tv","tmdb_id":66990},{"type":"tv","tmdb_id":65951},{"type":"tv","tmdb_id":66369},{"type":"tv","tmdb_id":154273},{"type":"tv","tmdb_id":65672},{"type":"tv","tmdb_id":67355},{"type":"tv","tmdb_id":129926},{"type":"tv","tmdb_id":70186},{"type":"tv","tmdb_id":65177},{"type":"tv","tmdb_id":67052},{"type":"tv","tmdb_id":107683},{"type":"tv","tmdb_id":68148},{"type":"tv","tmdb_id":68208},{"type":"tv","tmdb_id":65667},{"type":"tv","tmdb_id":98022},{"type":"tv","tmdb_id":64685},{"type":"tv","tmdb_id":66372},{"type":"tv","tmdb_id":67490},{"type":"tv","tmdb_id":66082},{"type":"tv","tmdb_id":102751},{"type":"tv","tmdb_id":65635},{"type":"tv","tmdb_id":67067},{"type":"tv","tmdb_id":71688},{"type":"tv","tmdb_id":67894},{"type":"tv","tmdb_id":66579},{"type":"tv","tmdb_id":67230},{"type":"tv","tmdb_id":218558},{"type":"tv","tmdb_id":67485},{"type":"tv","tmdb_id":48788},{"type":"tv","tmdb_id":86200},{"type":"tv","tmdb_id":70094},{"type":"tv","tmdb_id":65713},{"type":"tv","tmdb_id":204990},{"type":"tv","tmdb_id":69924},{"type":"tv","tmdb_id":74763},{"type":"tv","tmdb_id":99894},{"type":"tv","tmdb_id":66272},{"type":"tv","tmdb_id":66248},{"type":"tv","tmdb_id":69919},{"type":"tv","tmdb_id":70206},{"type":"tv","tmdb_id":68975},{"type":"tv","tmdb_id":67506},{"type":"tv","tmdb_id":68324},{"type":"tv","tmdb_id":66545},{"type":"tv","tmdb_id":66120},{"type":"tv","tmdb_id":67396},{"type":"tv","tmdb_id":66634},{"type":"tv","tmdb_id":111167},{"type":"tv","tmdb_id":70101},{"type":"tv","tmdb_id":66806},{"type":"tv","tmdb_id":65387},{"type":"tv","tmdb_id":86925},{"type":"tv","tmdb_id":65938},{"type":"tv","tmdb_id":72522},{"type":"tv","tmdb_id":64835},{"type":"tv","tmdb_id":64550},{"type":"tv","tmdb_id":68215},{"type":"tv","tmdb_id":67084},{"type":"tv","tmdb_id":67535},{"type":"tv","tmdb_id":88501},{"type":"tv","tmdb_id":65420},{"type":"tv","tmdb_id":79112},{"type":"tv","tmdb_id":66642},{"type":"tv","tmdb_id":288211},{"type":"tv","tmdb_id":68327},{"type":"tv","tmdb_id":65917},{"type":"tv","tmdb_id":65925},{"type":"tv","tmdb_id":279352},{"type":"tv","tmdb_id":65352},{"type":"tv","tmdb_id":66660},{"type":"tv","tmdb_id":77221},{"type":"tv","tmdb_id":113215},{"type":"tv","tmdb_id":66949},{"type":"tv","tmdb_id":104544},{"type":"tv","tmdb_id":69465},{"type":"tv","tmdb_id":106255},{"type":"tv","tmdb_id":86271},{"type":"tv","tmdb_id":214190},{"type":"tv","tmdb_id":65300},{"type":"tv","tmdb_id":281002},{"type":"tv","tmdb_id":66113},{"type":"tv","tmdb_id":69168},{"type":"tv","tmdb_id":95233},{"type":"tv","tmdb_id":67134},{"type":"tv","tmdb_id":68202},{"type":"tv","tmdb_id":158299},{"type":"tv","tmdb_id":66119},{"type":"tv","tmdb_id":65209},{"type":"tv","tmdb_id":66185},{"type":"tv","tmdb_id":66490},{"type":"tv","tmdb_id":65261},{"type":"tv","tmdb_id":66561},{"type":"tv","tmdb_id":65838},{"type":"tv","tmdb_id":130093},{"type":"tv","tmdb_id":63039},{"type":"tv","tmdb_id":68052},{"type":"tv","tmdb_id":75905},{"type":"tv","tmdb_id":100681},{"type":"tv","tmdb_id":62919},{"type":"tv","tmdb_id":65552},{"type":"tv","tmdb_id":66641},{"type":"tv","tmdb_id":70607},{"type":"tv","tmdb_id":65315}]}