{
    "list_id": "ls093298387",
    "title": "Hulu - All Movies",
    "platform_guess": "hulu",
    "updated_at": 1771381679,
    "source_url": "https://www.imdb.com/list/ls093298387/?view=detail&page=7",
    "ids": [
        "tt0023973",
        "tt0037166",
        "tt0042490",
        "tt0044196",
        "tt0046198",
        "tt0047136",
        "tt0048336",
        "tt0050652",
        "tt0051438",
        "tt0053644",
        "tt0053779",
        "tt0055871",
        "tt0056023",
        "tt0058976",
        "tt0059575",
        "tt0060564",
        "tt0062622",
        "tt0064107",
        "tt0064253",
        "tt0066026",
        "tt0067116",
        "tt0068675",
        "tt0070531",
        "tt0071402",
        "tt0072750",
        "tt0074811",
        "tt0075086",
        "tt0079945",
        "tt0082198",
        "tt0084695",
        "tt0084726",
        "tt0086927",
        "tt0087050",
        "tt0088170",
        "tt0089208",
        "tt0092772",
        "tt0093964",
        "tt0094006",
        "tt0094291",
        "tt0094625",
        "tt0095294",
        "tt0095327",
        "tt0095428",
        "tt0095496",
        "tt0096376",
        "tt0097987",
        "tt0098206",
        "tt0098382",
        "tt0099726",
        "tt0100318",
        "tt0101757",
        "tt0102266",
        "tt0102307",
        "tt0102975",
        "tt0104027",
        "tt0105598",
        "tt0106701",
        "tt0106763",
        "tt0107276",
        "tt0107692",
        "tt0108147",
        "tt0109068",
        "tt0109917",
        "tt0110265",
        "tt0110684",
        "tt0110998",
        "tt0111333",
        "tt0112966",
        "tt0113321",
        "tt0114148",
        "tt0114594",
        "tt0115530",
        "tt0116583",
        "tt0118930",
        "tt0119282",
        "tt0119644",
        "tt0119734",
        "tt0119738",
        "tt0120254",
        "tt0120520",
        "tt0120587",
        "tt0120598",
        "tt0120630",
        "tt0120663",
        "tt0120794",
        "tt0120844",
        "tt0121164",
        "tt0124298",
        "tt0125022",
        "tt0129868",
        "tt0134628",
        "tt0138704",
        "tt0138749",
        "tt0144608",
        "tt0149215",
        "tt0159273",
        "tt0163988",
        "tt0164226",
        "tt0165982",
        "tt0166813",
        "tt0167049",
        "tt0176095",
        "tt0181875",
        "tt0197384",
        "tt0202521",
        "tt0202641",
        "tt0208196",
        "tt0212235",
        "tt0213065",
        "tt0238063",
        "tt0238546",
        "tt0243424",
        "tt0243493",
        "tt0252683",
        "tt0252684",
        "tt0263757",
        "tt0270971",
        "tt0274812",
        "tt0278095",
        "tt0280486",
        "tt0284753",
        "tt0284971",
        "tt0285492",
        "tt0298148",
        "tt0303830",
        "tt0312528",
        "tt0316824",
        "tt0319061",
        "tt0325537",
        "tt0328589",
        "tt0331525",
        "tt0332047",
        "tt0337898",
        "tt0338348",
        "tt0342735",
        "tt0345416",
        "tt0346491",
        "tt0348333",
        "tt0350885",
        "tt0356721",
        "tt0358135",
        "tt0360582",
        "tt0367677",
        "tt0368909",
        "tt0369441",
        "tt0374563",
        "tt0377713",
        "tt0380277",
        "tt0381971",
        "tt0388482",
        "tt0389828",
        "tt0397401",
        "tt0401420",
        "tt0408664",
        "tt0409379",
        "tt0410975",
        "tt0412253",
        "tt0414923",
        "tt0416471",
        "tt0417299",
        "tt0417658",
        "tt0420223",
        "tt0424227",
        "tt0427229",
        "tt0428803",
        "tt0431438",
        "tt0438488",
        "tt0443676",
        "tt0447412",
        "tt0448011",
        "tt0450259",
        "tt0462335",
        "tt0462346",
        "tt0463854",
        "tt0469913",
        "tt0474622",
        "tt0476013",
        "tt0478237",
        "tt0479152",
        "tt0480008",
        "tt0490668",
        "tt0491175",
        "tt0492499",
        "tt0497030",
        "tt0498120",
        "tt0762125",
        "tt0781435",
        "tt0783478",
        "tt0790604",
        "tt0795351",
        "tt0800099",
        "tt0804516",
        "tt0806165",
        "tt0810012",
        "tt0811080",
        "tt0817230",
        "tt0826711",
        "tt0831887",
        "tt0834938",
        "tt0838232",
        "tt0840350",
        "tt0842929",
        "tt0858419",
        "tt0880455",
        "tt0893404",
        "tt0954990",
        "tt0968264",
        "tt0974613",
        "tt0997183",
        "tt0997263",
        "tt1002448",
        "tt10101720",
        "tt1019437",
        "tt10230404",
        "tt1023481",
        "tt10265436",
        "tt10326928",
        "tt1032817",
        "tt10329028",
        "tt10333920",
        "tt1037163",
        "tt10438096",
        "tt10438198",
        "tt1049402",
        "tt10525592",
        "tt10539128",
        "tt10621180",
        "tt1080012",
        "tt10854916",
        "tt10936658",
        "tt10970404",
        "tt11027164",
        "tt1103153",
        "tt1104814",
        "tt11074670",
        "tt1114712",
        "tt1116184",
        "tt11247018",
        "tt1126618",
        "tt1151359",
        "tt1152850",
        "tt1156173",
        "tt1159198",
        "tt1160424",
        "tt1160996",
        "tt1174042",
        "tt1176416",
        "tt1179034",
        "tt1179904",
        "tt1182605",
        "tt1183923",
        "tt1186818",
        "tt1189340",
        "tt1192628",
        "tt1194238",
        "tt1201561",
        "tt1204298",
        "tt1205497",
        "tt1213012",
        "tt1216491",
        "tt1229765",
        "tt1230213",
        "tt1232783",
        "tt1235187",
        "tt1235841",
        "tt1237838",
        "tt1242460",
        "tt1242545",
        "tt1245489",
        "tt1247662",
        "tt1247690",
        "tt1250777",
        "tt1251725",
        "tt1251757",
        "tt1259574",
        "tt1265998",
        "tt1267299",
        "tt1273678",
        "tt1289406",
        "tt1293842",
        "tt1294138",
        "tt1294161",
        "tt1314652",
        "tt1318517",
        "tt1319746",
        "tt1326831",
        "tt1334102",
        "tt1343092",
        "tt1350484",
        "tt1365637",
        "tt1371081",
        "tt1381512",
        "tt1389072",
        "tt1389098",
        "tt1391137",
        "tt1396484",
        "tt1398940",
        "tt1399103",
        "tt1401143",
        "tt1403177",
        "tt1403865",
        "tt1403988",
        "tt1411238",
        "tt1426378",
        "tt1430626",
        "tt1438522",
        "tt1438534",
        "tt1451423",
        "tt1456472",
        "tt1458175",
        "tt1484922",
        "tt1485762",
        "tt1489887",
        "tt1502712",
        "tt1502714",
        "tt1509268",
        "tt1510686",
        "tt1515208",
        "tt1517451",
        "tt1518812",
        "tt1524575",
        "tt1525366",
        "tt1528750",
        "tt1535615",
        "tt1536437",
        "tt1554091",
        "tt1563704",
        "tt1563742",
        "tt1566648",
        "tt1568338",
        "tt1572315",
        "tt1583732",
        "tt1590193",
        "tt1592873",
        "tt1594503",
        "tt1596345",
        "tt1599975",
        "tt1600196",
        "tt1604100",
        "tt1606378",
        "tt1610301",
        "tt1618447",
        "tt1640459",
        "tt1640486",
        "tt1652287",
        "tt1658837",
        "tt1659338",
        "tt1663143",
        "tt1663207",
        "tt1664723",
        "tt1666186",
        "tt1677720",
        "tt1683919",
        "tt1696192",
        "tt1698648",
        "tt1701210",
        "tt1703049",
        "tt1704614",
        "tt1709652",
        "tt1723121",
        "tt1725929",
        "tt1725986",
        "tt1727825",
        "tt1731701",
        "tt1748197",
        "tt1754557",
        "tt1756367",
        "tt1757944",
        "tt1759744",
        "tt1760967",
        "tt1764183",
        "tt1767354",
        "tt1772925",
        "tt1781775",
        "tt1787759",
        "tt1787875",
        "tt1790621",
        "tt1790867",
        "tt1792543",
        "tt1798603",
        "tt1815708",
        "tt1817676",
        "tt1835955",
        "tt1838544",
        "tt1844822",
        "tt1845866",
        "tt1847746",
        "tt1863268",
        "tt1864405",
        "tt1871731",
        "tt1887852",
        "tt1893269",
        "tt1910605",
        "tt1931435",
        "tt1935089",
        "tt1935194",
        "tt1935300",
        "tt1937340",
        "tt1946502",
        "tt1957938",
        "tt1958043",
        "tt1972571",
        "tt1975283",
        "tt1976000",
        "tt1979320",
        "tt1984279",
        "tt1991031",
        "tt2005374",
        "tt2012011",
        "tt2017561",
        "tt2023524",
        "tt2049586",
        "tt2051879",
        "tt2053352",
        "tt2057425",
        "tt2062700",
        "tt2063666",
        "tt2081367",
        "tt2085795",
        "tt2091240",
        "tt2094146",
        "tt2099556",
        "tt2102496",
        "tt2106670",
        "tt2111392",
        "tt2124074",
        "tt2124908",
        "tt2125480",
        "tt2131535",
        "tt2139555",
        "tt2140141",
        "tt2150332",
        "tt2160105",
        "tt2181837",
        "tt2186566",
        "tt2191888",
        "tt2201251",
        "tt2201548",
        "tt2215285",
        "tt2219650",
        "tt2229095",
        "tt2231253",
        "tt2233979",
        "tt2235779",
        "tt2238050",
        "tt2246673",
        "tt2250912",
        "tt2251281",
        "tt2259334",
        "tt2262308",
        "tt2265398",
        "tt2279083",
        "tt2292621",
        "tt2296777",
        "tt2299368",
        "tt2304672",
        "tt2306299",
        "tt2314824",
        "tt2329032",
        "tt2341971",
        "tt2349460",
        "tt2354247",
        "tt2355495",
        "tt2355762",
        "tt2357788",
        "tt2378507",
        "tt2379713",
        "tt2386490",
        "tt2400433",
        "tt2406252",
        "tt2415458",
        "tt2420006",
        "tt2421956",
        "tt2429074",
        "tt2436666",
        "tt2438644",
        "tt2465238",
        "tt2494376",
        "tt2516610",
        "tt2517658",
        "tt2529918",
        "tt2531318",
        "tt2532528",
        "tt2545118",
        "tt2555302",
        "tt2566580",
        "tt2567000",
        "tt2570858",
        "tt2582502",
        "tt2586120",
        "tt2622420",
        "tt2654580",
        "tt2670882",
        "tt2728784",
        "tt2732932",
        "tt2737304",
        "tt2752200",
        "tt2776878",
        "tt2781516",
        "tt2785032",
        "tt2794402",
        "tt2815902",
        "tt2828532",
        "tt2866360",
        "tt2869728",
        "tt2870808",
        "tt2872724",
        "tt2873282",
        "tt2893490",
        "tt2924392",
        "tt2929652",
        "tt2933544",
        "tt2934844",
        "tt2950418",
        "tt2960304",
        "tt2980086",
        "tt2991224",
        "tt3007132",
        "tt3027644",
        "tt3045616",
        "tt3068466",
        "tt3091320",
        "tt3118874",
        "tt3120508",
        "tt3124292",
        "tt3127022",
        "tt3127902",
        "tt3138122",
        "tt3140100",
        "tt3149038",
        "tt3149536",
        "tt3164198",
        "tt3171246",
        "tt3172126",
        "tt3175438",
        "tt3177316",
        "tt3219462",
        "tt3230082",
        "tt3230454",
        "tt3240784",
        "tt3259320",
        "tt3261114",
        "tt3262342",
        "tt3266266",
        "tt3268030",
        "tt3270538",
        "tt3286560",
        "tt3300572",
        "tt3305316",
        "tt3305844",
        "tt3344922",
        "tt3348730",
        "tt3393400",
        "tt3396114",
        "tt3451984",
        "tt3457508",
        "tt3459090",
        "tt3462710",
        "tt3464290",
        "tt3475020",
        "tt3482062",
        "tt3488056",
        "tt3494610",
        "tt3498820",
        "tt3504064",
        "tt3511012",
        "tt3521770",
        "tt3531202",
        "tt3539664",
        "tt3544734",
        "tt3547682",
        "tt3553976",
        "tt3557446",
        "tt3559422",
        "tt3579698",
        "tt3588588",
        "tt3591946",
        "tt3593666",
        "tt3605266",
        "tt3611002",
        "tt3616916",
        "tt3636326",
        "tt3640710",
        "tt3663020",
        "tt3699354",
        "tt3704416",
        "tt3707114",
        "tt3707284",
        "tt3712822",
        "tt3726704",
        "tt3738128",
        "tt3742378",
        "tt3746824",
        "tt3760922",
        "tt3791268",
        "tt3793100",
        "tt3794204",
        "tt3804730",
        "tt3813094",
        "tt3814808",
        "tt3815430",
        "tt3816372",
        "tt3823116",
        "tt3824412",
        "tt3824458",
        "tt3829920",
        "tt3831344",
        "tt3844362",
        "tt3847642",
        "tt3859272",
        "tt3860916",
        "tt3863156",
        "tt3865478",
        "tt3877296",
        "tt3881784",
        "tt3894312",
        "tt3896738",
        "tt3904186",
        "tt3907470",
        "tt3918368",
        "tt3991066",
        "tt3997238",
        "tt4009460",
        "tt4019560",
        "tt4035898",
        "tt4039862",
        "tt4048732",
        "tt4058572",
        "tt4068576",
        "tt4072418",
        "tt4085084",
        "tt4088268",
        "tt4103724",
        "tt4116030",
        "tt4126304",
        "tt4131496",
        "tt4131800",
        "tt4144206",
        "tt4146132",
        "tt4150494",
        "tt4156586",
        "tt4168604",
        "tt4180556",
        "tt4190530",
        "tt4255110",
        "tt4255622",
        "tt4262174",
        "tt4285496",
        "tt4287234",
        "tt4288674",
        "tt4310428",
        "tt4312842",
        "tt4383288",
        "tt4390570",
        "tt4410000",
        "tt4423778",
        "tt4425064",
        "tt4428800",
        "tt4459424",
        "tt4480940",
        "tt4498460",
        "tt4503906",
        "tt4518272",
        "tt4526136",
        "tt4526372",
        "tt4530422",
        "tt4532930",
        "tt4536768",
        "tt4538916",
        "tt4542726",
        "tt4547194",
        "tt4557956",
        "tt4560008",
        "tt4560436",
        "tt4565520",
        "tt4571606",
        "tt4574736",
        "tt4590092",
        "tt4610372",
        "tt4622340",
        "tt4632440",
        "tt4645330",
        "tt4647784",
        "tt4648586",
        "tt4652650",
        "tt4661798",
        "tt4668860",
        "tt4669296",
        "tt4680182",
        "tt4682780",
        "tt4685554",
        "tt4687358",
        "tt4687410",
        "tt4687464",
        "tt4693860",
        "tt4694544",
        "tt4701182",
        "tt4706292",
        "tt4720596",
        "tt4728946",
        "tt4733640",
        "tt4738776",
        "tt4743226",
        "tt4757570",
        "tt4765240",
        "tt4767356",
        "tt4773854",
        "tt4786824",
        "tt4799066",
        "tt4807408",
        "tt4814436",
        "tt4838248",
        "tt4848066",
        "tt4851570",
        "tt4855932",
        "tt4864624",
        "tt4872768",
        "tt4875962",
        "tt4884034",
        "tt4899370",
        "tt4902736",
        "tt4912910",
        "tt4920274",
        "tt4932104",
        "tt4935334",
        "tt4935462",
        "tt4943236",
        "tt4966532",
        "tt4971344",
        "tt4998222",
        "tt5003654",
        "tt5017060",
        "tt5023260",
        "tt5032364",
        "tt5034122",
        "tt5039578",
        "tt5039822",
        "tt5042426",
        "tt5062678",
        "tt5073652",
        "tt5079382",
        "tt5084170",
        "tt5104988",
        "tt5106390",
        "tt5109784",
        "tt5117428",
        "tt5119116",
        "tt5128826",
        "tt5144348",
        "tt5183810",
        "tt5186236",
        "tt5192362",
        "tt5198868",
        "tt5208252",
        "tt5213870",
        "tt5226984",
        "tt5228304",
        "tt5244974",
        "tt5275828",
        "tt5278506",
        "tt5279204",
        "tt5304996",
        "tt5311542",
        "tt5311972",
        "tt5321814",
        "tt5333842",
        "tt5351458",
        "tt5390504",
        "tt5424984",
        "tt5427194",
        "tt5439796",
        "tt5446858",
        "tt5461944",
        "tt5483940",
        "tt5501104",
        "tt5503688",
        "tt5505992",
        "tt5519566",
        "tt5544384",
        "tt5564932",
        "tt5591666",
        "tt5592878",
        "tt5608530",
        "tt5613920",
        "tt5616294",
        "tt5619332",
        "tt5629964",
        "tt5634960",
        "tt5635416",
        "tt5644050",
        "tt5657764",
        "tt5657846",
        "tt5671216",
        "tt5673432",
        "tt5687040",
        "tt5687814",
        "tt5687968",
        "tt5688932",
        "tt5692390",
        "tt5700182",
        "tt5706876",
        "tt5723272",
        "tt5727282",
        "tt5734576",
        "tt5740866",
        "tt5740868",
        "tt5750534",
        "tt5752360",
        "tt5757874",
        "tt5758802",
        "tt5770430",
        "tt5776858",
        "tt5792656",
        "tt5805470",
        "tt5815944",
        "tt5829104",
        "tt5834278",
        "tt5843716",
        "tt5878476",
        "tt5881528",
        "tt5886440",
        "tt5889204",
        "tt5893264",
        "tt5912700",
        "tt5913798",
        "tt5914996",
        "tt5915572",
        "tt5922124",
        "tt5931670",
        "tt5933560",
        "tt5958312",
        "tt5960374",
        "tt5962210",
        "tt5969714",
        "tt5973364",
        "tt5974624",
        "tt5989732",
        "tt5999530",
        "tt6020428",
        "tt6024030",
        "tt6026014",
        "tt6039284",
        "tt6059570",
        "tt6063050",
        "tt6067832",
        "tt6096346",
        "tt6107562",
        "tt6109874",
        "tt6110504",
        "tt6112414",
        "tt6131386",
        "tt6133130",
        "tt6135348",
        "tt6143850",
        "tt6149802",
        "tt6149936",
        "tt6165936",
        "tt6169622",
        "tt6170484",
        "tt6176928",
        "tt6188658",
        "tt6205872",
        "tt6208750",
        "tt6210996",
        "tt6217804",
        "tt6223806",
        "tt6229656",
        "tt6233688",
        "tt6249614",
        "tt6255478",
        "tt6256978",
        "tt6263828",
        "tt6269192",
        "tt6269368",
        "tt6275674",
        "tt6287174",
        "tt6294892",
        "tt6301452",
        "tt6303866",
        "tt6304046",
        "tt6315800",
        "tt6333088",
        "tt6333092",
        "tt6338476",
        "tt6343058",
        "tt6343314",
        "tt6345080",
        "tt6348138",
        "tt6393368",
        "tt6418778",
        "tt6418918",
        "tt6421118",
        "tt6423776",
        "tt6428150",
        "tt6428676",
        "tt6433880",
        "tt6450186",
        "tt6453158",
        "tt6466464",
        "tt6471628",
        "tt6478538",
        "tt6494556",
        "tt6495526",
        "tt6495770",
        "tt6511932",
        "tt6521610",
        "tt6523720",
        "tt6573720",
        "tt6574272",
        "tt6583368",
        "tt6609156",
        "tt6612946",
        "tt6615240",
        "tt6662736",
        "tt6663582",
        "tt6673628",
        "tt6676028",
        "tt6687748",
        "tt6710658",
        "tt6727816",
        "tt6729000",
        "tt6742252",
        "tt6748466",
        "tt6763664",
        "tt6764122",
        "tt6769280",
        "tt6769578",
        "tt6777338",
        "tt6781982",
        "tt6794376",
        "tt6794450",
        "tt6794464",
        "tt6802896",
        "tt6811018",
        "tt6814080",
        "tt6836772",
        "tt6843596",
        "tt6848736",
        "tt6857166",
        "tt6857250",
        "tt6859352",
        "tt6860634",
        "tt6878038",
        "tt6903296",
        "tt6903636",
        "tt6927880",
        "tt6937878",
        "tt6953034",
        "tt6958958",
        "tt6966552",
        "tt7012864",
        "tt7026672",
        "tt7040874",
        "tt7042862",
        "tt7046002",
        "tt7050792",
        "tt7058080",
        "tt7068878",
        "tt7077714",
        "tt7078658",
        "tt7091300",
        "tt7109844",
        "tt7125860",
        "tt7126948",
        "tt7130832",
        "tt7131622",
        "tt7131870",
        "tt7137380",
        "tt7158430",
        "tt7160070",
        "tt7161902",
        "tt7174764",
        "tt7203810",
        "tt7210348",
        "tt7215388",
        "tt7218804",
        "tt7259104",
        "tt7279188",
        "tt7280898",
        "tt7284202",
        "tt7304192",
        "tt7317494",
        "tt7339248",
        "tt7359170",
        "tt7363336",
        "tt7365604",
        "tt7375304",
        "tt7390536",
        "tt7390588",
        "tt7401588",
        "tt7476236",
        "tt7494416",
        "tt7525514",
        "tt7542576",
        "tt7545524",
        "tt7545566",
        "tt7589524",
        "tt7605396",
        "tt7634968",
        "tt7645122",
        "tt7651892",
        "tt7661396",
        "tt7664504",
        "tt7689052",
        "tt7689906",
        "tt7689956",
        "tt7689964",
        "tt7712746",
        "tt7721986",
        "tt7769572",
        "tt7769610",
        "tt7772160",
        "tt7772214",
        "tt7772288",
        "tt7772320",
        "tt7775622",
        "tt7776172",
        "tt7843600",
        "tt7869738",
        "tt7872704",
        "tt7877382",
        "tt7890550",
        "tt7894420",
        "tt7896614",
        "tt7903530",
        "tt7942746",
        "tt7946216",
        "tt7946422",
        "tt7950028",
        "tt7957608",
        "tt7966994",
        "tt7973860",
        "tt7978660",
        "tt7999950",
        "tt8031422",
        "tt8036174",
        "tt8074486",
        "tt8075192",
        "tt8135494",
        "tt8214718",
        "tt8226078",
        "tt8236398",
        "tt8289524",
        "tt8328072",
        "tt8328716",
        "tt8330280",
        "tt8332922",
        "tt8334236",
        "tt8400758",
        "tt8428316",
        "tt8499102",
        "tt8526506",
        "tt8535852",
        "tt8544498",
        "tt8563452",
        "tt8655708",
        "tt8708304",
        "tt8760684",
        "tt8769318",
        "tt8769848",
        "tt8783532",
        "tt8805246",
        "tt8811136",
        "tt8918212",
        "tt8925102",
        "tt8961266",
        "tt8969332",
        "tt8986096",
        "tt8991268",
        "tt9041234",
        "tt9067240",
        "tt9129296",
        "tt9134216",
        "tt9149946",
        "tt9155740",
        "tt9177040",
        "tt9332084",
        "tt9352780",
        "tt9352926",
        "tt9353436",
        "tt9358044",
        "tt9358084",
        "tt9358206",
        "tt9377630",
        "tt9496128",
        "tt9503606",
        "tt9597858",
        "tt9652888",
        "tt9670466",
        "tt9914414",
        "tt9914598"
    ]
}