{
    "list_id": "ls093350982",
    "title": "List of all Netflix Original Movies",
    "platform_guess": "netflix",
    "updated_at": 1771381696,
    "source_url": "https://www.imdb.com/list/ls093350982/?view=detail&page=5",
    "ids": [
        "tt0069049",
        "tt0365545",
        "tt0800325",
        "tt0837156",
        "tt0993840",
        "tt10006006",
        "tt10060094",
        "tt10062614",
        "tt10091530",
        "tt10101702",
        "tt10121392",
        "tt1016150",
        "tt10161886",
        "tt10183816",
        "tt10187208",
        "tt10199914",
        "tt10230404",
        "tt10230414",
        "tt10230422",
        "tt10230426",
        "tt10230436",
        "tt10230994",
        "tt10235600",
        "tt10243672",
        "tt10243678",
        "tt10276470",
        "tt10287954",
        "tt10293406",
        "tt10332588",
        "tt10350626",
        "tt10418662",
        "tt10442352",
        "tt10451914",
        "tt10514222",
        "tt10521144",
        "tt10539608",
        "tt10540242",
        "tt10543680",
        "tt10600398",
        "tt10618286",
        "tt10627548",
        "tt10627584",
        "tt10642834",
        "tt10661848",
        "tt10676012",
        "tt10682266",
        "tt10696784",
        "tt1070874",
        "tt10714856",
        "tt10731768",
        "tt10752004",
        "tt10763820",
        "tt10804786",
        "tt10888708",
        "tt10914452",
        "tt10962368",
        "tt11010144",
        "tt11024272",
        "tt11027830",
        "tt11057594",
        "tt11057644",
        "tt11066130",
        "tt11097384",
        "tt11100856",
        "tt11102314",
        "tt11142762",
        "tt11161474",
        "tt11163028",
        "tt11199410",
        "tt11213600",
        "tt11233960",
        "tt11274492",
        "tt11278476",
        "tt11286314",
        "tt11301886",
        "tt11316680",
        "tt11364112",
        "tt1136617",
        "tt11388278",
        "tt11388406",
        "tt11390036",
        "tt11426572",
        "tt11499506",
        "tt11514780",
        "tt11564570",
        "tt11651780",
        "tt11651796",
        "tt11671006",
        "tt11742798",
        "tt11755740",
        "tt11777040",
        "tt11792734",
        "tt11897478",
        "tt11953628",
        "tt11958344",
        "tt12141112",
        "tt12263384",
        "tt12327140",
        "tt12383460",
        "tt12393526",
        "tt1241317",
        "tt12547822",
        "tt12567088",
        "tt12610390",
        "tt12676326",
        "tt12736014",
        "tt12747748",
        "tt12779208",
        "tt12783454",
        "tt12823454",
        "tt12838766",
        "tt12851396",
        "tt12885272",
        "tt1289403",
        "tt12908110",
        "tt12929990",
        "tt12971924",
        "tt13007592",
        "tt13014820",
        "tt1302006",
        "tt13024674",
        "tt13055780",
        "tt13056008",
        "tt13070602",
        "tt13103340",
        "tt13131232",
        "tt13186604",
        "tt13236566",
        "tt13274016",
        "tt13314558",
        "tt13320662",
        "tt13327038",
        "tt13328840",
        "tt13353486",
        "tt13354204",
        "tt13446424",
        "tt13452446",
        "tt13454122",
        "tt13456318",
        "tt13510660",
        "tt13529034",
        "tt13575806",
        "tt13603966",
        "tt13610562",
        "tt1365050",
        "tt13655328",
        "tt13701962",
        "tt13793230",
        "tt1386691",
        "tt13873302",
        "tt13978306",
        "tt13978520",
        "tt13989030",
        "tt14077516",
        "tt14091818",
        "tt14138650",
        "tt14152140",
        "tt14158554",
        "tt14160834",
        "tt14174940",
        "tt14227048",
        "tt14298328",
        "tt14307536",
        "tt14307694",
        "tt14309446",
        "tt14315756",
        "tt14369780",
        "tt14371878",
        "tt14428598",
        "tt14479746",
        "tt14506528",
        "tt14537540",
        "tt14577874",
        "tt14592064",
        "tt14611368",
        "tt14641788",
        "tt1464763",
        "tt14715170",
        "tt14731142",
        "tt14764464",
        "tt14813966",
        "tt14817272",
        "tt14826022",
        "tt14833464",
        "tt14855468",
        "tt14856980",
        "tt14857528",
        "tt1488589",
        "tt1488606",
        "tt1489887",
        "tt14914430",
        "tt14923260",
        "tt14998742",
        "tt15033192",
        "tt15083184",
        "tt15128068",
        "tt15181360",
        "tt15215512",
        "tt15238986",
        "tt15250998",
        "tt15255288",
        "tt15257160",
        "tt15289240",
        "tt15314640",
        "tt15334430",
        "tt1536537",
        "tt1542768",
        "tt15433600",
        "tt15434074",
        "tt1545304",
        "tt15463032",
        "tt15507512",
        "tt15509244",
        "tt15521050",
        "tt1552211",
        "tt15565704",
        "tt15748830",
        "tt15777864",
        "tt15807910",
        "tt15824322",
        "tt1587420",
        "tt15979666",
        "tt16085592",
        "tt1618434",
        "tt16304446",
        "tt1639084",
        "tt16437278",
        "tt1649418",
        "tt1655389",
        "tt1682886",
        "tt1690967",
        "tt1712192",
        "tt1754656",
        "tt1799516",
        "tt18394190",
        "tt18413766",
        "tt18563148",
        "tt1860242",
        "tt18747542",
        "tt1880399",
        "tt1893273",
        "tt19500164",
        "tt1950235",
        "tt19862722",
        "tt19887550",
        "tt2011311",
        "tt20115096",
        "tt20194882",
        "tt20221690",
        "tt20502488",
        "tt20561114",
        "tt20917338",
        "tt21030216",
        "tt21051906",
        "tt2106651",
        "tt21106646",
        "tt21276878",
        "tt21279806",
        "tt21284218",
        "tt21382296",
        "tt21388556",
        "tt21448346",
        "tt21626774",
        "tt2183014",
        "tt21848358",
        "tt21957774",
        "tt2222042",
        "tt22297828",
        "tt2235695",
        "tt22437050",
        "tt22774688",
        "tt23063732",
        "tt23137904",
        "tt2338454",
        "tt2353868",
        "tt23722792",
        "tt2386237",
        "tt2388771",
        "tt2396589",
        "tt24083908",
        "tt24458622",
        "tt2452244",
        "tt2452386",
        "tt2463208",
        "tt24640474",
        "tt2479478",
        "tt24807110",
        "tt24870072",
        "tt2499472",
        "tt2548396",
        "tt2560092",
        "tt2582576",
        "tt26225118",
        "tt2652118",
        "tt26658272",
        "tt26861992",
        "tt26926267",
        "tt27028399",
        "tt27048691",
        "tt2737304",
        "tt27671792",
        "tt27728519",
        "tt27729779",
        "tt27936770",
        "tt27989067",
        "tt2798920",
        "tt28066777",
        "tt28073548",
        "tt28075881",
        "tt28491891",
        "tt2850272",
        "tt28508739",
        "tt28568397",
        "tt28943278",
        "tt28943323",
        "tt2935622",
        "tt2937366",
        "tt2962984",
        "tt2990140",
        "tt3083016",
        "tt31022050",
        "tt3111426",
        "tt31123288",
        "tt3120280",
        "tt31514262",
        "tt31522415",
        "tt3155298",
        "tt3155328",
        "tt3155342",
        "tt3171832",
        "tt3174376",
        "tt31800329",
        "tt3201640",
        "tt32084246",
        "tt32359447",
        "tt32368345",
        "tt3255590",
        "tt3256226",
        "tt3257794",
        "tt3317234",
        "tt3331028",
        "tt33498765",
        "tt3447590",
        "tt3458510",
        "tt34608980",
        "tt3661210",
        "tt3685236",
        "tt3704700",
        "tt3748172",
        "tt3758814",
        "tt3799232",
        "tt3846674",
        "tt3860916",
        "tt3907584",
        "tt3922798",
        "tt3960240",
        "tt3967856",
        "tt3975918",
        "tt3993886",
        "tt4126476",
        "tt4139588",
        "tt4144332",
        "tt4180560",
        "tt4181052",
        "tt4181158",
        "tt4196566",
        "tt4225622",
        "tt4273800",
        "tt4332232",
        "tt4357394",
        "tt4460800",
        "tt4463894",
        "tt4501268",
        "tt4590256",
        "tt4595186",
        "tt4614584",
        "tt4687108",
        "tt4729430",
        "tt4733624",
        "tt4758646",
        "tt4762824",
        "tt4769836",
        "tt4779326",
        "tt4799064",
        "tt4842646",
        "tt4844150",
        "tt4855748",
        "tt4878482",
        "tt4882376",
        "tt4902716",
        "tt4936176",
        "tt4940416",
        "tt4981636",
        "tt4986098",
        "tt4991512",
        "tt4995776",
        "tt5034266",
        "tt5057140",
        "tt5059406",
        "tt5096470",
        "tt5113010",
        "tt5155780",
        "tt5164438",
        "tt5181830",
        "tt5206260",
        "tt5208252",
        "tt5240748",
        "tt5246700",
        "tt5267472",
        "tt5294518",
        "tt5302918",
        "tt5304992",
        "tt5315210",
        "tt5315212",
        "tt5316540",
        "tt5343008",
        "tt5397194",
        "tt5477566",
        "tt5519340",
        "tt5535276",
        "tt5536610",
        "tt5536736",
        "tt5539052",
        "tt5539054",
        "tt5541240",
        "tt5563324",
        "tt5566790",
        "tt5577742",
        "tt5580392",
        "tt5638642",
        "tt5640450",
        "tt5688996",
        "tt5710042",
        "tt5710514",
        "tt5717492",
        "tt5723286",
        "tt5727208",
        "tt5740806",
        "tt5755238",
        "tt5783956",
        "tt5792472",
        "tt5796838",
        "tt5809020",
        "tt5826432",
        "tt5827360",
        "tt5834874",
        "tt5848416",
        "tt5851786",
        "tt5865326",
        "tt5893332",
        "tt5913798",
        "tt5968274",
        "tt5990342",
        "tt6048930",
        "tt6060964",
        "tt6061074",
        "tt6078866",
        "tt6111574",
        "tt6116856",
        "tt6119504",
        "tt6119856",
        "tt6142496",
        "tt6155172",
        "tt6155456",
        "tt6160448",
        "tt6214928",
        "tt6217306",
        "tt6218358",
        "tt6292852",
        "tt6338498",
        "tt6341832",
        "tt6412452",
        "tt6423886",
        "tt6432466",
        "tt6445414",
        "tt6485928",
        "tt6514010",
        "tt6566576",
        "tt6571548",
        "tt6593054",
        "tt6679794",
        "tt6714432",
        "tt6728096",
        "tt6733874",
        "tt6744044",
        "tt6747420",
        "tt6772802",
        "tt6821012",
        "tt6878306",
        "tt6908274",
        "tt6938828",
        "tt6952960",
        "tt6964940",
        "tt6968614",
        "tt7038762",
        "tt7043012",
        "tt7084386",
        "tt7133686",
        "tt7170950",
        "tt7212754",
        "tt7215232",
        "tt7256866",
        "tt7280898",
        "tt7315484",
        "tt7374948",
        "tt7395114",
        "tt7427356",
        "tt7456312",
        "tt7475578",
        "tt7488208",
        "tt7524414",
        "tt7525778",
        "tt7533152",
        "tt7550000",
        "tt7556122",
        "tt7608028",
        "tt7608418",
        "tt7608534",
        "tt7653254",
        "tt7736496",
        "tt7737528",
        "tt7772580",
        "tt7798604",
        "tt7805960",
        "tt7846844",
        "tt7853242",
        "tt7939766",
        "tt7949046",
        "tt7957694",
        "tt7978758",
        "tt7979580",
        "tt7984766",
        "tt7991608",
        "tt8009428",
        "tt8041276",
        "tt8075260",
        "tt8106534",
        "tt8110640",
        "tt8116640",
        "tt8128188",
        "tt8150814",
        "tt8169446",
        "tt8178486",
        "tt8179388",
        "tt8201170",
        "tt8228288",
        "tt8231668",
        "tt8262802",
        "tt8310474",
        "tt8337264",
        "tt8361028",
        "tt8368408",
        "tt8400584",
        "tt8404614",
        "tt8435324",
        "tt8439854",
        "tt8508734",
        "tt8510488",
        "tt8521876",
        "tt8526872",
        "tt8580274",
        "tt8629748",
        "tt8637498",
        "tt8675288",
        "tt8709036",
        "tt8721424",
        "tt8743064",
        "tt8745676",
        "tt8750570",
        "tt8846176",
        "tt8851668",
        "tt8856470",
        "tt8893974",
        "tt8902948",
        "tt8907974",
        "tt8907992",
        "tt8936646",
        "tt8954732",
        "tt8976576",
        "tt8976710",
        "tt8998738",
        "tt9013182",
        "tt9032888",
        "tt9100054",
        "tt9176296",
        "tt9243946",
        "tt9252508",
        "tt9257484",
        "tt9261218",
        "tt9288046",
        "tt9288748",
        "tt9288822",
        "tt9310328",
        "tt9345754",
        "tt9354842",
        "tt9398640",
        "tt9419834",
        "tt9421570",
        "tt9471678",
        "tt9619798",
        "tt9664078",
        "tt9683478",
        "tt9684220",
        "tt9701940",
        "tt9701942",
        "tt9725830",
        "tt9777644",
        "tt9783600",
        "tt9784456",
        "tt9784708",
        "tt9806192",
        "tt9860728",
        "tt9866072",
        "tt9873892",
        "tt9893250",
        "tt9898858"
    ]
}