{
    "list_id": "ls093298636",
    "title": "Disney+ - All Movies",
    "platform_guess": "disneyplus",
    "updated_at": 1771381751,
    "source_url": "https://www.imdb.com/list/ls093298636/?view=detail&page=5",
    "ids": [
        "tt0029583",
        "tt0032455",
        "tt0034091",
        "tt0034492",
        "tt0038166",
        "tt0039404",
        "tt0039628",
        "tt0040580",
        "tt0041094",
        "tt0045197",
        "tt0045546",
        "tt0046008",
        "tt0046183",
        "tt0047642",
        "tt0047803",
        "tt0047977",
        "tt0049125",
        "tt0049733",
        "tt0050051",
        "tt0050798",
        "tt0052722",
        "tt0053271",
        "tt0053977",
        "tt0054195",
        "tt0054307",
        "tt0054357",
        "tt0054594",
        "tt0054944",
        "tt0055254",
        "tt0055277",
        "tt0057215",
        "tt0057546",
        "tt0058056",
        "tt0059742",
        "tt0059793",
        "tt0059796",
        "tt0061135",
        "tt0061333",
        "tt0062622",
        "tt0062737",
        "tt0063036",
        "tt0064603",
        "tt0065421",
        "tt0065566",
        "tt0066728",
        "tt0066817",
        "tt0067172",
        "tt0068276",
        "tt0068789",
        "tt0069291",
        "tt0070608",
        "tt0071199",
        "tt0071288",
        "tt0071607",
        "tt0072653",
        "tt0072951",
        "tt0073760",
        "tt0074599",
        "tt0075200",
        "tt0075347",
        "tt0075807",
        "tt0076137",
        "tt0076363",
        "tt0076538",
        "tt0076618",
        "tt0076759",
        "tt0076976",
        "tt0077305",
        "tt0078158",
        "tt0078790",
        "tt0078869",
        "tt0079588",
        "tt0080062",
        "tt0080788",
        "tt0080861",
        "tt0082406",
        "tt0082474",
        "tt0084827",
        "tt0085327",
        "tt0085975",
        "tt0086190",
        "tt0088814",
        "tt0089385",
        "tt0089731",
        "tt0089908",
        "tt0090683",
        "tt0090840",
        "tt0091059",
        "tt0091149",
        "tt0092513",
        "tt0092638",
        "tt0094137",
        "tt0095776",
        "tt0096438",
        "tt0096446",
        "tt0097053",
        "tt0097757",
        "tt0098536",
        "tt0098966",
        "tt0099018",
        "tt0099472",
        "tt0099785",
        "tt0099816",
        "tt0100477",
        "tt0102803",
        "tt0103247",
        "tt0103639",
        "tt0104437",
        "tt0104940",
        "tt0104990",
        "tt0105417",
        "tt0106223",
        "tt0106611",
        "tt0107120",
        "tt0107131",
        "tt0107413",
        "tt0107688",
        "tt0107952",
        "tt0107985",
        "tt0108147",
        "tt0109287",
        "tt0109369",
        "tt0110006",
        "tt0110157",
        "tt0111070",
        "tt0111359",
        "tt0111419",
        "tt0112302",
        "tt0113104",
        "tt0113198",
        "tt0113538",
        "tt0114048",
        "tt0114148",
        "tt0114924",
        "tt0115433",
        "tt0115491",
        "tt0116311",
        "tt0116583",
        "tt0116669",
        "tt0116683",
        "tt0116756",
        "tt0117110",
        "tt0118692",
        "tt0119137",
        "tt0119190",
        "tt0119282",
        "tt0119432",
        "tt0119918",
        "tt0120131",
        "tt0120363",
        "tt0120623",
        "tt0120645",
        "tt0120751",
        "tt0120762",
        "tt0120764",
        "tt0120910",
        "tt0120915",
        "tt0120917",
        "tt0121765",
        "tt0121766",
        "tt0130121",
        "tt0133240",
        "tt0141369",
        "tt0143808",
        "tt0144262",
        "tt0147800",
        "tt0147926",
        "tt0151738",
        "tt0153992",
        "tt0155110",
        "tt0162212",
        "tt0163986",
        "tt0165598",
        "tt0167038",
        "tt0173886",
        "tt0185007",
        "tt0186726",
        "tt0186910",
        "tt0187819",
        "tt0192618",
        "tt0193187",
        "tt0195568",
        "tt0197094",
        "tt0198781",
        "tt0200208",
        "tt0206064",
        "tt0206446",
        "tt0206511",
        "tt0208185",
        "tt0210945",
        "tt0211181",
        "tt0213565",
        "tt0217990",
        "tt0218440",
        "tt0219813",
        "tt0220099",
        "tt0230011",
        "tt0240684",
        "tt0244764",
        "tt0245380",
        "tt0246834",
        "tt0247638",
        "tt0249677",
        "tt0250754",
        "tt0253550",
        "tt0256466",
        "tt0265632",
        "tt0266543",
        "tt0266850",
        "tt0271172",
        "tt0271271",
        "tt0271722",
        "tt0273842",
        "tt0274557",
        "tt0274636",
        "tt0274728",
        "tt0274761",
        "tt0275847",
        "tt0276033",
        "tt0278866",
        "tt0279967",
        "tt0280030",
        "tt0281373",
        "tt0281905",
        "tt0282123",
        "tt0282521",
        "tt0283084",
        "tt0283426",
        "tt0291082",
        "tt0294425",
        "tt0296251",
        "tt0299172",
        "tt0299943",
        "tt0301935",
        "tt0304669",
        "tt0306841",
        "tt0311289",
        "tt0313634",
        "tt0313680",
        "tt0317219",
        "tt0317705",
        "tt0318403",
        "tt0318850",
        "tt0322330",
        "tt0323642",
        "tt0323810",
        "tt0324572",
        "tt0325980",
        "tt0327698",
        "tt0328880",
        "tt0329783",
        "tt0338094",
        "tt0338852",
        "tt0344864",
        "tt0348124",
        "tt0349825",
        "tt0350194",
        "tt0354828",
        "tt0356634",
        "tt0361089",
        "tt0361467",
        "tt0363771",
        "tt0365109",
        "tt0367623",
        "tt0368933",
        "tt0371606",
        "tt0371746",
        "tt0373051",
        "tt0374926",
        "tt0379060",
        "tt0379708",
        "tt0382142",
        "tt0382932",
        "tt0382936",
        "tt0382937",
        "tt0384696",
        "tt0385726",
        "tt0388980",
        "tt0393596",
        "tt0395699",
        "tt0396555",
        "tt0396652",
        "tt0397113",
        "tt0397313",
        "tt0398286",
        "tt0399104",
        "tt0400497",
        "tt0401398",
        "tt0407121",
        "tt0410696",
        "tt0414078",
        "tt0416716",
        "tt0416980",
        "tt0417415",
        "tt0424279",
        "tt0430932",
        "tt0435761",
        "tt0445990",
        "tt0446724",
        "tt0447854",
        "tt0447987",
        "tt0448090",
        "tt0449088",
        "tt0450455",
        "tt0452681",
        "tt0457993",
        "tt0458290",
        "tt0458339",
        "tt0463985",
        "tt0465234",
        "tt0465925",
        "tt0465940",
        "tt0467421",
        "tt0470028",
        "tt0478970",
        "tt0480242",
        "tt0485985",
        "tt0486576",
        "tt0486761",
        "tt0489007",
        "tt0492956",
        "tt0494716",
        "tt0496386",
        "tt0499448",
        "tt0780521",
        "tt0790781",
        "tt0800318",
        "tt0800369",
        "tt0805559",
        "tt0816520",
        "tt0823671",
        "tt0848228",
        "tt0889162",
        "tt0902967",
        "tt0910970",
        "tt0942378",
        "tt0962726",
        "tt0969647",
        "tt0997047",
        "tt1013542",
        "tt1014759",
        "tt1017465",
        "tt1028576",
        "tt10290670",
        "tt1049413",
        "tt1055366",
        "tt1068284",
        "tt1072755",
        "tt1090750",
        "tt1104001",
        "tt1109624",
        "tt1114677",
        "tt1127884",
        "tt1133985",
        "tt1142977",
        "tt1159961",
        "tt1196141",
        "tt1196339",
        "tt1204342",
        "tt1211837",
        "tt1216475",
        "tt1216515",
        "tt1216516",
        "tt1217209",
        "tt1217213",
        "tt1222815",
        "tt1222816",
        "tt1222818",
        "tt1223236",
        "tt1228705",
        "tt1229827",
        "tt1230204",
        "tt1245537",
        "tt1247700",
        "tt1252380",
        "tt1300854",
        "tt1369845",
        "tt1376699",
        "tt1403075",
        "tt1415889",
        "tt1453405",
        "tt1479534",
        "tt1509767",
        "tt1570382",
        "tt1579247",
        "tt1588398",
        "tt1629440",
        "tt1648204",
        "tt1661199",
        "tt1754799",
        "tt1772341",
        "tt1790809",
        "tt1825918",
        "tt1835977",
        "tt1836776",
        "tt1843866",
        "tt1845866",
        "tt1846442",
        "tt1865368",
        "tt1888523",
        "tt1979376",
        "tt1979388",
        "tt1981115",
        "tt2025690",
        "tt2096673",
        "tt2140373",
        "tt2165933",
        "tt2245084",
        "tt2277860",
        "tt2281587",
        "tt2294629",
        "tt2325989",
        "tt2326087",
        "tt2380307",
        "tt2395427",
        "tt2414212",
        "tt2448374",
        "tt2488496",
        "tt2490352",
        "tt2527336",
        "tt2543062",
        "tt2762970",
        "tt2771200",
        "tt2788732",
        "tt2857458",
        "tt2948356",
        "tt2999390",
        "tt3040964",
        "tt3067436",
        "tt3098874",
        "tt3117532",
        "tt3498820",
        "tt3501632",
        "tt3521164",
        "tt3544734",
        "tt3591568",
        "tt3606752",
        "tt3660770",
        "tt3691740",
        "tt3748528",
        "tt3764966",
        "tt3856042",
        "tt3861390",
        "tt3896198",
        "tt3920782",
        "tt4128102",
        "tt4154664",
        "tt4154796",
        "tt4183192",
        "tt4341582",
        "tt4902964",
        "tt5028340",
        "tt5097410",
        "tt5116302",
        "tt5117876",
        "tt5195114",
        "tt5467838",
        "tt5480340",
        "tt5594080",
        "tt5648768",
        "tt5653444",
        "tt5929776",
        "tt5936838",
        "tt5977536",
        "tt6105098",
        "tt6139732",
        "tt6279452",
        "tt6314170",
        "tt6346162",
        "tt6378076",
        "tt6390686",
        "tt6467274",
        "tt6878820",
        "tt7008868",
        "tt7153434",
        "tt7188868",
        "tt7217020",
        "tt7293698",
        "tt7573844",
        "tt7587890",
        "tt7620568",
        "tt7728344",
        "tt7775248",
        "tt7775622",
        "tt7848136",
        "tt7974952",
        "tt8022928",
        "tt8096832",
        "tt8263952",
        "tt8333746",
        "tt8510382",
        "tt8780664",
        "tt8884364",
        "tt9154632",
        "tt9165688",
        "tt9217254",
        "tt9236264",
        "tt9269852",
        "tt9292468",
        "tt9782756",
        "tt9822474"
    ]
}