{
    "list_id": "ls093287916",
    "title": "Prime Video - All TV Shows",
    "platform_guess": "primevideo",
    "updated_at": 1771381736,
    "source_url": "https://www.imdb.com/list/ls093287916/?view=detail&page=11",
    "ids": [
        "tt0014330",
        "tt0014898",
        "tt0020407",
        "tt0022437",
        "tt0024962",
        "tt0029495",
        "tt0029843",
        "tt0029942",
        "tt0031442",
        "tt0031537",
        "tt0035360",
        "tt0037522",
        "tt0038975",
        "tt0039678",
        "tt0040051",
        "tt0041030",
        "tt0043169",
        "tt0043225",
        "tt0043356",
        "tt0044106",
        "tt0044277",
        "tt0044706",
        "tt0044905",
        "tt0045030",
        "tt0045329",
        "tt0045410",
        "tt0046588",
        "tt0046600",
        "tt0048421",
        "tt0048535",
        "tt0048840",
        "tt0050010",
        "tt0050022",
        "tt0050051",
        "tt0050053",
        "tt0051267",
        "tt0051301",
        "tt0051308",
        "tt0051312",
        "tt0051329",
        "tt0052442",
        "tt0052461",
        "tt0052494",
        "tt0052505",
        "tt0052847",
        "tt0053479",
        "tt0053496",
        "tt0053534",
        "tt0053546",
        "tt0053795",
        "tt0054047",
        "tt0054357",
        "tt0054528",
        "tt0054533",
        "tt0055277",
        "tt0055673",
        "tt0055701",
        "tt0056751",
        "tt0056780",
        "tt0058808",
        "tt0058846",
        "tt0059973",
        "tt0059975",
        "tt0059982",
        "tt0060028",
        "tt0060034",
        "tt0060350",
        "tt0061287",
        "tt0061994",
        "tt0062558",
        "tt0062569",
        "tt0062588",
        "tt0062601",
        "tt0063801",
        "tt0063878",
        "tt0063895",
        "tt0063939",
        "tt0063951",
        "tt0064961",
        "tt0065309",
        "tt0066516",
        "tt0066651",
        "tt0066936",
        "tt0068069",
        "tt0068093",
        "tt0068122",
        "tt0068149",
        "tt0068853",
        "tt0069577",
        "tt0069608",
        "tt0069632",
        "tt0070078",
        "tt0071007",
        "tt0071389",
        "tt0072006",
        "tt0072251",
        "tt0072547",
        "tt0075537",
        "tt0075592",
        "tt0076976",
        "tt0077042",
        "tt0077864",
        "tt0077946",
        "tt0078243",
        "tt0078662",
        "tt0078676",
        "tt0079894",
        "tt0079931",
        "tt0080179",
        "tt0080231",
        "tt0080707",
        "tt0080745",
        "tt0081871",
        "tt0082340",
        "tt0082501",
        "tt0083199",
        "tt0083395",
        "tt0083399",
        "tt0083413",
        "tt0083452",
        "tt0084296",
        "tt0084570",
        "tt0084988",
        "tt0085031",
        "tt0085060",
        "tt0085075",
        "tt0085169",
        "tt0086464",
        "tt0086617",
        "tt0086660",
        "tt0086687",
        "tt0086730",
        "tt0086760",
        "tt0086791",
        "tt0086837",
        "tt0086884",
        "tt0087234",
        "tt0087538",
        "tt0088485",
        "tt0088527",
        "tt0088551",
        "tt0088559",
        "tt0088591",
        "tt0088595",
        "tt0089613",
        "tt0089907",
        "tt0090110",
        "tt0090417",
        "tt0090966",
        "tt0091068",
        "tt0091943",
        "tt0092325",
        "tt0092339",
        "tt0092406",
        "tt0092455",
        "tt0092484",
        "tt0092890",
        "tt0093010",
        "tt0093780",
        "tt0094416",
        "tt0094481",
        "tt0094540",
        "tt0094574",
        "tt0095729",
        "tt0096002",
        "tt0096542",
        "tt0096657",
        "tt0096677",
        "tt0096732",
        "tt0096898",
        "tt0097013",
        "tt0097445",
        "tt0098474",
        "tt0098749",
        "tt0098884",
        "tt0098889",
        "tt0099142",
        "tt0099768",
        "tt0100366",
        "tt0101041",
        "tt0101049",
        "tt0101077",
        "tt0101088",
        "tt0101171",
        "tt0101226",
        "tt0101238",
        "tt0103373",
        "tt0103405",
        "tt0103437",
        "tt0103442",
        "tt0103491",
        "tt0103524",
        "tt0105245",
        "tt0105929",
        "tt0105930",
        "tt0105946",
        "tt0105950",
        "tt0106004",
        "tt0106017",
        "tt0106022",
        "tt0106079",
        "tt0106145",
        "tt0106179",
        "tt0107012",
        "tt0107120",
        "tt0107228",
        "tt0108700",
        "tt0108717",
        "tt0108826",
        "tt0108858",
        "tt0108903",
        "tt0108938",
        "tt0108961",
        "tt0108968",
        "tt0108992",
        "tt0110721",
        "tt0110832",
        "tt0111402",
        "tt0111899",
        "tt0111902",
        "tt0111932",
        "tt0111952",
        "tt0111958",
        "tt0111964",
        "tt0111973",
        "tt0111993",
        "tt0112022",
        "tt0112084",
        "tt0112111",
        "tt0112130",
        "tt0112178",
        "tt0112281",
        "tt0112626",
        "tt0113131",
        "tt0113670",
        "tt0114388",
        "tt0114714",
        "tt0114728",
        "tt0115082",
        "tt0115083",
        "tt0115237",
        "tt0115283",
        "tt0115324",
        "tt0115355",
        "tt0115387",
        "tt0115690",
        "tt0116731",
        "tt0117104",
        "tt0117509",
        "tt0117589",
        "tt0118274",
        "tt0118290",
        "tt0118300",
        "tt0118305",
        "tt0118346",
        "tt0118354",
        "tt0118421",
        "tt0118437",
        "tt0118480",
        "tt0118497",
        "tt0118984",
        "tt0119223",
        "tt0120177",
        "tt0120448",
        "tt0120512",
        "tt0120794",
        "tt0120815",
        "tt0120910",
        "tt0121466",
        "tt0121967",
        "tt0122019",
        "tt0122642",
        "tt0122818",
        "tt0123351",
        "tt0123987",
        "tt0124228",
        "tt0124932",
        "tt0126169",
        "tt0127991",
        "tt0128889",
        "tt0129681",
        "tt0133295",
        "tt0133302",
        "tt0133412",
        "tt0135738",
        "tt0136634",
        "tt0138230",
        "tt0138956",
        "tt0138959",
        "tt0138973",
        "tt0141842",
        "tt0142183",
        "tt0144701",
        "tt0144714",
        "tt0144727",
        "tt0145048",
        "tt0149447",
        "tt0154887",
        "tt0159090",
        "tt0159206",
        "tt0159885",
        "tt0161952",
        "tt0163025",
        "tt0163507",
        "tt0165006",
        "tt0165598",
        "tt0166050",
        "tt0166458",
        "tt0167552",
        "tt0167820",
        "tt0168366",
        "tt0168551",
        "tt0169437",
        "tt0173523",
        "tt0174445",
        "tt0174585",
        "tt0178147",
        "tt0178737",
        "tt0179558",
        "tt0180384",
        "tt0182629",
        "tt0182633",
        "tt0184974",
        "tt0185133",
        "tt0185906",
        "tt0187636",
        "tt0190211",
        "tt0191922",
        "tt0194597",
        "tt0195546",
        "tt0195794",
        "tt0197176",
        "tt0197178",
        "tt0203259",
        "tt0204082",
        "tt0205737",
        "tt0206512",
        "tt0207275",
        "tt0207302",
        "tt0207890",
        "tt0208653",
        "tt0209673",
        "tt0211878",
        "tt0217086",
        "tt0217177",
        "tt0218775",
        "tt0219822",
        "tt0220552",
        "tt0221199",
        "tt0221740",
        "tt0224455",
        "tt0226377",
        "tt0228660",
        "tt0230804",
        "tt0232537",
        "tt0233115",
        "tt0233598",
        "tt0235917",
        "tt0236899",
        "tt0237123",
        "tt0239195",
        "tt0240278",
        "tt0241986",
        "tt0242391",
        "tt0242949",
        "tt0243689",
        "tt0244365",
        "tt0244911",
        "tt0246257",
        "tt0247882",
        "tt0248654",
        "tt0248832",
        "tt0250764",
        "tt0251504",
        "tt0251512",
        "tt0251816",
        "tt0252076",
        "tt0252162",
        "tt0252612",
        "tt0252963",
        "tt0255734",
        "tt0255763",
        "tt0259308",
        "tt0259786",
        "tt0260932",
        "tt0262150",
        "tt0262151",
        "tt0262153",
        "tt0262817",
        "tt0262963",
        "tt0262985",
        "tt0264228",
        "tt0264235",
        "tt0264262",
        "tt0264365",
        "tt0264666",
        "tt0265972",
        "tt0275138",
        "tt0277371",
        "tt0278548",
        "tt0278873",
        "tt0278876",
        "tt0278881",
        "tt0279543",
        "tt0280277",
        "tt0280345",
        "tt0281432",
        "tt0281455",
        "tt0283194",
        "tt0283226",
        "tt0283721",
        "tt0285335",
        "tt0285370",
        "tt0285395",
        "tt0286205",
        "tt0288737",
        "tt0290057",
        "tt0290966",
        "tt0292414",
        "tt0292868",
        "tt0292963",
        "tt0294104",
        "tt0294167",
        "tt0295018",
        "tt0295066",
        "tt0296461",
        "tt0297607",
        "tt0298343",
        "tt0300556",
        "tt0300879",
        "tt0300989",
        "tt0301743",
        "tt0306318",
        "tt0306414",
        "tt0309152",
        "tt0311429",
        "tt0312172",
        "tt0314331",
        "tt0316481",
        "tt0316958",
        "tt0318997",
        "tt0319006",
        "tt0319061",
        "tt0319969",
        "tt0320661",
        "tt0320935",
        "tt0324860",
        "tt0325980",
        "tt0327282",
        "tt0327373",
        "tt0327386",
        "tt0329829",
        "tt0331439",
        "tt0334874",
        "tt0337541",
        "tt0339907",
        "tt0341855",
        "tt0341973",
        "tt0343302",
        "tt0346369",
        "tt0346515",
        "tt0348913",
        "tt0348914",
        "tt0349856",
        "tt0352116",
        "tt0352248",
        "tt0353279",
        "tt0354333",
        "tt0357400",
        "tt0358856",
        "tt0359724",
        "tt0360255",
        "tt0361257",
        "tt0362153",
        "tt0362355",
        "tt0364314",
        "tt0364797",
        "tt0364800",
        "tt0364863",
        "tt0365741",
        "tt0366037",
        "tt0367413",
        "tt0368825",
        "tt0374455",
        "tt0374463",
        "tt0376441",
        "tt0376591",
        "tt0380111",
        "tt0381798",
        "tt0382286",
        "tt0383699",
        "tt0383795",
        "tt0383961",
        "tt0384537",
        "tt0384766",
        "tt0386950",
        "tt0387199",
        "tt0387764",
        "tt0387808",
        "tt0389591",
        "tt0389668",
        "tt0389680",
        "tt0390197",
        "tt0390739",
        "tt0392992",
        "tt0393009",
        "tt0396555",
        "tt0396595",
        "tt0397146",
        "tt0397850",
        "tt0400497",
        "tt0401003",
        "tt0401019",
        "tt0403778",
        "tt0406402",
        "tt0407368",
        "tt0408378",
        "tt0409459",
        "tt0409608",
        "tt0409979",
        "tt0412142",
        "tt0412175",
        "tt0412536",
        "tt0415438",
        "tt0417311",
        "tt0419955",
        "tt0420403",
        "tt0421030",
        "tt0422685",
        "tt0424324",
        "tt0426688",
        "tt0426697",
        "tt0426774",
        "tt0428134",
        "tt0429315",
        "tt0429363",
        "tt0429422",
        "tt0430266",
        "tt0430389",
        "tt0433726",
        "tt0435585",
        "tt0435680",
        "tt0435995",
        "tt0436992",
        "tt0437005",
        "tt0439341",
        "tt0439349",
        "tt0439879",
        "tt0441950",
        "tt0443362",
        "tt0443533",
        "tt0444745",
        "tt0445071",
        "tt0445114",
        "tt0445867",
        "tt0446636",
        "tt0447676",
        "tt0449461",
        "tt0452573",
        "tt0453434",
        "tt0456029",
        "tt0456104",
        "tt0457400",
        "tt0458253",
        "tt0458352",
        "tt0459093",
        "tt0459159",
        "tt0460619",
        "tt0460627",
        "tt0460644",
        "tt0460666",
        "tt0461097",
        "tt0462520",
        "tt0463826",
        "tt0463850",
        "tt0463944",
        "tt0464049",
        "tt0465326",
        "tt0466452",
        "tt0468426",
        "tt0470732",
        "tt0472014",
        "tt0472027",
        "tt0472480",
        "tt0475198",
        "tt0475404",
        "tt0477507",
        "tt0479207",
        "tt0480025",
        "tt0480489",
        "tt0483725",
        "tt0486998",
        "tt0487002",
        "tt0487116",
        "tt0487560",
        "tt0487813",
        "tt0487849",
        "tt0488262",
        "tt0489974",
        "tt0490035",
        "tt0490822",
        "tt0491172",
        "tt0491603",
        "tt0491738",
        "tt0492429",
        "tt0493334",
        "tt0496195",
        "tt0496806",
        "tt0497509",
        "tt0500089",
        "tt0757127",
        "tt0765725",
        "tt0770659",
        "tt0770820",
        "tt0780362",
        "tt0780441",
        "tt0783414",
        "tt0783612",
        "tt0784955",
        "tt0787985",
        "tt0796264",
        "tt0796584",
        "tt0805944",
        "tt0807832",
        "tt0808013",
        "tt0809497",
        "tt0809815",
        "tt0810788",
        "tt0810819",
        "tt0813789",
        "tt0814164",
        "tt0815143",
        "tt0816364",
        "tt0816399",
        "tt0819821",
        "tt0830361",
        "tt0830452",
        "tt0835434",
        "tt0843195",
        "tt0844441",
        "tt0852785",
        "tt0857335",
        "tt0861748",
        "tt0863046",
        "tt0866442",
        "tt0867222",
        "tt0870980",
        "tt0871427",
        "tt0873151",
        "tt0874267",
        "tt0875948",
        "tt0876219",
        "tt0883680",
        "tt0883772",
        "tt0885472",
        "tt0885761",
        "tt0890871",
        "tt0897261",
        "tt0899203",
        "tt0902272",
        "tt0904108",
        "tt0904208",
        "tt0905638",
        "tt0907831",
        "tt0908454",
        "tt0910980",
        "tt0913965",
        "tt0914387",
        "tt0921875",
        "tt0926230",
        "tt0927625",
        "tt0934814",
        "tt0935095",
        "tt0936458",
        "tt0950739",
        "tt0958877",
        "tt0961121",
        "tt0962715",
        "tt0962740",
        "tt0963989",
        "tt0964941",
        "tt0964996",
        "tt0965393",
        "tt0965404",
        "tt0974078",
        "tt0979432",
        "tt0983193",
        "tt0991266",
        "tt0995832",
        "tt0995941",
        "tt1000734",
        "tt1002836",
        "tt10063676",
        "tt1010044",
        "tt10101068",
        "tt10102490",
        "tt10112178",
        "tt10115756",
        "tt10153650",
        "tt10162630",
        "tt10163320",
        "tt10186220",
        "tt10195850",
        "tt1020070",
        "tt1020109",
        "tt10202268",
        "tt10230404",
        "tt10233448",
        "tt1024932",
        "tt10308928",
        "tt10332322",
        "tt1034331",
        "tt1035498",
        "tt10380340",
        "tt1039872",
        "tt1039922",
        "tt10399742",
        "tt10414604",
        "tt10427920",
        "tt10427926",
        "tt1043696",
        "tt1043776",
        "tt1044196",
        "tt10443344",
        "tt10452196",
        "tt1045385",
        "tt1047540",
        "tt10487210",
        "tt10491414",
        "tt10512372",
        "tt1051906",
        "tt10551126",
        "tt10560400",
        "tt10590558",
        "tt1059455",
        "tt1059475",
        "tt10634214",
        "tt1065309",
        "tt10655258",
        "tt10675284",
        "tt10676490",
        "tt10685792",
        "tt1069207",
        "tt1071795",
        "tt10719478",
        "tt10746440",
        "tt10751552",
        "tt10763450",
        "tt1077368",
        "tt10800292",
        "tt10820666",
        "tt1082583",
        "tt1082807",
        "tt1083834",
        "tt1083860",
        "tt1084694",
        "tt1088214",
        "tt1090016",
        "tt1090143",
        "tt1091234",
        "tt1091328",
        "tt10913630",
        "tt1091722",
        "tt1091909",
        "tt10921256",
        "tt10934426",
        "tt1094229",
        "tt10950692",
        "tt1097633",
        "tt1098356",
        "tt11018308",
        "tt1102732",
        "tt1103984",
        "tt11049616",
        "tt11084780",
        "tt11092020",
        "tt1114855",
        "tt1119176",
        "tt11193160",
        "tt11225428",
        "tt11242532",
        "tt1125758",
        "tt1126618",
        "tt1128052",
        "tt1131746",
        "tt1132449",
        "tt1134000",
        "tt1137439",
        "tt11405568",
        "tt1140939",
        "tt11438828",
        "tt1143885",
        "tt1145438",
        "tt1145491",
        "tt11460334",
        "tt1149608",
        "tt11547472",
        "tt1155605",
        "tt11563238",
        "tt1166709",
        "tt1170243",
        "tt1176951",
        "tt1181320",
        "tt1183569",
        "tt1185403",
        "tt1186342",
        "tt1190080",
        "tt1190634",
        "tt1195419",
        "tt1196094",
        "tt1196585",
        "tt1196946",
        "tt1197649",
        "tt1199099",
        "tt1205793",
        "tt1206328",
        "tt1206885",
        "tt1219817",
        "tt1229295",
        "tt1231970",
        "tt1232320",
        "tt1239185",
        "tt1242773",
        "tt1243815",
        "tt1249254",
        "tt1252615",
        "tt1252616",
        "tt1255913",
        "tt1266020",
        "tt1266462",
        "tt1276958",
        "tt1277979",
        "tt1279024",
        "tt1286039",
        "tt1294955",
        "tt1296166",
        "tt1297754",
        "tt1298650",
        "tt1299365",
        "tt1300017",
        "tt1309374",
        "tt1310625",
        "tt1310944",
        "tt1313064",
        "tt1319260",
        "tt1320080",
        "tt1323535",
        "tt1324999",
        "tt1329291",
        "tt1333053",
        "tt1334260",
        "tt1336911",
        "tt1340758",
        "tt1346018",
        "tt1349938",
        "tt1352532",
        "tt1353056",
        "tt1355237",
        "tt1357604",
        "tt1361721",
        "tt1361828",
        "tt1364951",
        "tt1371652",
        "tt1375710",
        "tt1378167",
        "tt1379249",
        "tt1385817",
        "tt1386588",
        "tt1386958",
        "tt1393908",
        "tt1397243",
        "tt1399664",
        "tt1409825",
        "tt1411254",
        "tt1415300",
        "tt1426952",
        "tt1429423",
        "tt1429439",
        "tt1430794",
        "tt1440232",
        "tt1440346",
        "tt1440379",
        "tt1440382",
        "tt1441096",
        "tt1442109",
        "tt1442462",
        "tt1442566",
        "tt1450752",
        "tt1456661",
        "tt1458674",
        "tt1460205",
        "tt1460746",
        "tt1462446",
        "tt1462649",
        "tt1462901",
        "tt1464482",
        "tt1466463",
        "tt1467265",
        "tt1470837",
        "tt1474684",
        "tt1476750",
        "tt1477819",
        "tt1489097",
        "tt1489428",
        "tt1489595",
        "tt1489889",
        "tt1490562",
        "tt1491601",
        "tt1492030",
        "tt1492088",
        "tt1492179",
        "tt1495894",
        "tt1507564",
        "tt1508238",
        "tt1509004",
        "tt1509816",
        "tt1516169",
        "tt1516172",
        "tt1520150",
        "tt1532411",
        "tt1535002",
        "tt1535270",
        "tt1536735",
        "tt1538296",
        "tt1541777",
        "tt1541940",
        "tt1542981",
        "tt1546139",
        "tt1549701",
        "tt1551948",
        "tt1552648",
        "tt1553656",
        "tt1554369",
        "tt1556078",
        "tt1556097",
        "tt1564623",
        "tt1566154",
        "tt1567432",
        "tt1569972",
        "tt1571057",
        "tt1574505",
        "tt1578652",
        "tt1586680",
        "tt1594381",
        "tt1594970",
        "tt1595856",
        "tt1595859",
        "tt1596589",
        "tt1598822",
        "tt1599378",
        "tt1607037",
        "tt1610527",
        "tt1612145",
        "tt1620981",
        "tt1625015",
        "tt1625724",
        "tt1628033",
        "tt1629348",
        "tt1632701",
        "tt1636694",
        "tt1637727",
        "tt1641653",
        "tt1643266",
        "tt1646987",
        "tt1652216",
        "tt1661470",
        "tt1663676",
        "tt1672209",
        "tt1674117",
        "tt1675198",
        "tt1677720",
        "tt1684397",
        "tt1684555",
        "tt1685313",
        "tt1686784",
        "tt1688612",
        "tt1691307",
        "tt1694505",
        "tt1695366",
        "tt1699440",
        "tt1703874",
        "tt1704499",
        "tt1714810",
        "tt1715134",
        "tt1715332",
        "tt1715368",
        "tt1717152",
        "tt1717690",
        "tt1723816",
        "tt1739432",
        "tt1740299",
        "tt1745953",
        "tt1747551",
        "tt1748227",
        "tt1748705",
        "tt1750269",
        "tt1752076",
        "tt1753993",
        "tt1759310",
        "tt1759761",
        "tt1763482",
        "tt1764477",
        "tt1764565",
        "tt1765510",
        "tt1772752",
        "tt1776932",
        "tt1780862",
        "tt1781769",
        "tt1785123",
        "tt1786081",
        "tt1786276",
        "tt1787439",
        "tt1787984",
        "tt1790867",
        "tt1796785",
        "tt1797404",
        "tt1797469",
        "tt1799631",
        "tt1807859",
        "tt1808541",
        "tt1809014",
        "tt1810559",
        "tt1811310",
        "tt1819952",
        "tt1820742",
        "tt1822383",
        "tt1823963",
        "tt1825123",
        "tt1825842",
        "tt1829850",
        "tt1830332",
        "tt1830617",
        "tt1830924",
        "tt1831403",
        "tt1831575",
        "tt1832668",
        "tt1832727",
        "tt1840051",
        "tt1841012",
        "tt1842602",
        "tt1843198",
        "tt1843678",
        "tt1843894",
        "tt1844624",
        "tt1859650",
        "tt1864015",
        "tt1865572",
        "tt1867630",
        "tt1869453",
        "tt1869454",
        "tt1870479",
        "tt1870946",
        "tt1871391",
        "tt1871731",
        "tt1875337",
        "tt1877368",
        "tt1877514",
        "tt1880313",
        "tt1889810",
        "tt1890072",
        "tt1890552",
        "tt1895140",
        "tt1919418",
        "tt1928918",
        "tt1936714",
        "tt1941726",
        "tt1948830",
        "tt1954347",
        "tt1955311",
        "tt1966086",
        "tt1967678",
        "tt1972591",
        "tt1973370",
        "tt1975178",
        "tt1981677",
        "tt1997202",
        "tt2000287",
        "tt2007042",
        "tt2010894",
        "tt2011532",
        "tt2011723",
        "tt2014553",
        "tt2017109",
        "tt2035145",
        "tt2041488",
        "tt2050481",
        "tt2053193",
        "tt2057856",
        "tt2058050",
        "tt2071322",
        "tt2072233",
        "tt2087850",
        "tt2088659",
        "tt2091522",
        "tt2092158",
        "tt2098190",
        "tt2106476",
        "tt2106547",
        "tt2114184",
        "tt2115354",
        "tt2125638",
        "tt2128211",
        "tt2129304",
        "tt2131915",
        "tt2133239",
        "tt2141011",
        "tt2141913",
        "tt2147610",
        "tt2148482",
        "tt2149175",
        "tt2154194",
        "tt2162118",
        "tt2167393",
        "tt2171719",
        "tt2174367",
        "tt2174909",
        "tt2181679",
        "tt2189221",
        "tt2189248",
        "tt2190731",
        "tt2195045",
        "tt2202432",
        "tt2206667",
        "tt2211457",
        "tt2211761",
        "tt2215155",
        "tt2215285",
        "tt2223298",
        "tt2229907",
        "tt2231098",
        "tt2231461",
        "tt2234222",
        "tt2239822",
        "tt2240991",
        "tt2243973",
        "tt2244826",
        "tt2245328",
        "tt2245988",
        "tt2246924",
        "tt2248736",
        "tt2254098",
        "tt2262122",
        "tt2266701",
        "tt2276413",
        "tt2277728",
        "tt2287041",
        "tt2292388",
        "tt2294227",
        "tt2294629",
        "tt2295809",
        "tt2297714",
        "tt2301120",
        "tt2303065",
        "tt2303687",
        "tt2304406",
        "tt2305041",
        "tt2305051",
        "tt2306299",
        "tt2310212",
        "tt2314792",
        "tt2317740",
        "tt2317835",
        "tt2327804",
        "tt2329077",
        "tt2332518",
        "tt2340036",
        "tt2340178",
        "tt2345148",
        "tt2346947",
        "tt2353113",
        "tt2355601",
        "tt2355608",
        "tt2357472",
        "tt2359704",
        "tt2363624",
        "tt2367916",
        "tt2368285",
        "tt2370500",
        "tt2372236",
        "tt2372855",
        "tt2374683",
        "tt2378089",
        "tt2378794",
        "tt2379308",
        "tt2379649",
        "tt2382660",
        "tt2383988",
        "tt2387601",
        "tt2392179",
        "tt2396275",
        "tt2397461",
        "tt2401919",
        "tt2402500",
        "tt2408444",
        "tt2411174",
        "tt2415232",
        "tt2421324",
        "tt2431022",
        "tt2433570",
        "tt2435216",
        "tt2445326",
        "tt2452042",
        "tt2452050",
        "tt2456424",
        "tt2458640",
        "tt2460432",
        "tt2462452",
        "tt2467242",
        "tt2473510",
        "tt2486436",
        "tt2490118",
        "tt2504710",
        "tt2514488",
        "tt2517340",
        "tt2524934",
        "tt2527184",
        "tt2534596",
        "tt2543336",
        "tt2548838",
        "tt2549176",
        "tt2552204",
        "tt2560140",
        "tt2564734",
        "tt2577192",
        "tt2595486",
        "tt2609450",
        "tt2615982",
        "tt2616770",
        "tt2619926",
        "tt2623770",
        "tt2624154",
        "tt2642374",
        "tt2646312",
        "tt2646334",
        "tt2650536",
        "tt2651108",
        "tt2652476",
        "tt2653768",
        "tt2656046",
        "tt2656614",
        "tt2690902",
        "tt2691104",
        "tt2693892",
        "tt2701582",
        "tt2706484",
        "tt2711738",
        "tt2712612",
        "tt2718164",
        "tt2730248",
        "tt2752724",
        "tt2756292",
        "tt2761630",
        "tt2771200",
        "tt2776240",
        "tt2787218",
        "tt2799012",
        "tt2805096",
        "tt2805574",
        "tt2811472",
        "tt2815248",
        "tt2825476",
        "tt2858698",
        "tt2858812",
        "tt2870808",
        "tt2874610",
        "tt2876994",
        "tt2878464",
        "tt2883562",
        "tt2903778",
        "tt2928472",
        "tt2931286",
        "tt2938398",
        "tt2940332",
        "tt2944198",
        "tt2948202",
        "tt2948562",
        "tt2949316",
        "tt2960796",
        "tt2963254",
        "tt2975590",
        "tt2978774",
        "tt2980528",
        "tt2986262",
        "tt2986266",
        "tt3004644",
        "tt3008828",
        "tt3011894",
        "tt3012160",
        "tt3012184",
        "tt3012532",
        "tt3012540",
        "tt3017438",
        "tt3040470",
        "tt3060666",
        "tt3062328",
        "tt3062654",
        "tt3071294",
        "tt3084798",
        "tt3093546",
        "tt3104402",
        "tt3106210",
        "tt3112066",
        "tt3124928",
        "tt3133386",
        "tt3138604",
        "tt3143378",
        "tt3149180",
        "tt3155320",
        "tt3161744",
        "tt3177402",
        "tt3183264",
        "tt3184148",
        "tt3198920",
        "tt3203700",
        "tt3206540",
        "tt3211050",
        "tt3223004",
        "tt3224252",
        "tt3226424",
        "tt3230854",
        "tt3236934",
        "tt3237082",
        "tt3239958",
        "tt3240750",
        "tt3245690",
        "tt3259224",
        "tt3266504",
        "tt3270208",
        "tt3281548",
        "tt3281630",
        "tt3282216",
        "tt3286844",
        "tt3293194",
        "tt3306842",
        "tt3313636",
        "tt3321642",
        "tt3323824",
        "tt3326054",
        "tt3333762",
        "tt3333880",
        "tt3336420",
        "tt3357564",
        "tt3377134",
        "tt3390892",
        "tt3394596",
        "tt3399016",
        "tt3415250",
        "tt3416742",
        "tt3419982",
        "tt3441810",
        "tt3441878",
        "tt3447440",
        "tt3455408",
        "tt3468858",
        "tt3473072",
        "tt3473178",
        "tt3476576",
        "tt3477638",
        "tt3481634",
        "tt3482378",
        "tt3494154",
        "tt3494220",
        "tt3496764",
        "tt3496824",
        "tt3498622",
        "tt3502172",
        "tt3502248",
        "tt3502262",
        "tt3503520",
        "tt3505524",
        "tt3507484",
        "tt3508050",
        "tt3522216",
        "tt3524446",
        "tt3526078",
        "tt3529090",
        "tt3532216",
        "tt3533628",
        "tt3548368",
        "tt3548468",
        "tt3552166",
        "tt3552688",
        "tt3553312",
        "tt3556920",
        "tt3560728",
        "tt3561180",
        "tt3574152",
        "tt3587176",
        "tt3590264",
        "tt3593446",
        "tt3597912",
        "tt3600266",
        "tt3606752",
        "tt3610248",
        "tt3610322",
        "tt3611334",
        "tt3612226",
        "tt3618534",
        "tt3620088",
        "tt3620414",
        "tt3621796",
        "tt3636060",
        "tt3638584",
        "tt3638772",
        "tt3640376",
        "tt3644730",
        "tt3667284",
        "tt3668586",
        "tt3681794",
        "tt3684862",
        "tt3692144",
        "tt3696476",
        "tt3704280",
        "tt3705890",
        "tt3706628",
        "tt3716528",
        "tt3717490",
        "tt3721964",
        "tt3734912",
        "tt3738872",
        "tt3747572",
        "tt3750020",
        "tt3752910",
        "tt3761278",
        "tt3762958",
        "tt3767666",
        "tt3772478",
        "tt3777108",
        "tt3779610",
        "tt3791260",
        "tt3799552",
        "tt3804128",
        "tt3815412",
        "tt3816784",
        "tt3823116",
        "tt3823912",
        "tt3826664",
        "tt3850726",
        "tt3862762",
        "tt3868860",
        "tt3877200",
        "tt3880826",
        "tt3893044",
        "tt3900614",
        "tt3902878",
        "tt3905756",
        "tt3917432",
        "tt3920378",
        "tt3920814",
        "tt3922614",
        "tt3923774",
        "tt3952746",
        "tt3952772",
        "tt3952774",
        "tt3960750",
        "tt3964988",
        "tt3965986",
        "tt3969754",
        "tt3971974",
        "tt3973768",
        "tt3973820",
        "tt3975760",
        "tt3980622",
        "tt3981902",
        "tt4015216",
        "tt4020252",
        "tt4020924",
        "tt4025406",
        "tt4034398",
        "tt4058680",
        "tt4065694",
        "tt4067826",
        "tt4074786",
        "tt4075876",
        "tt4082744",
        "tt4084868",
        "tt4095622",
        "tt4103724",
        "tt4103992",
        "tt4113078",
        "tt4115864",
        "tt4118932",
        "tt4122068",
        "tt4136008",
        "tt4141954",
        "tt4143508",
        "tt4144000",
        "tt4148038",
        "tt4158110",
        "tt4159604",
        "tt4181258",
        "tt4189314",
        "tt4192812",
        "tt4195548",
        "tt4196686",
        "tt4211706",
        "tt4228802",
        "tt4231432",
        "tt4259798",
        "tt4266646",
        "tt4270516",
        "tt4272442",
        "tt4276018",
        "tt4287982",
        "tt4294114",
        "tt4306696",
        "tt4320944",
        "tt4322056",
        "tt4335680",
        "tt4354616",
        "tt4358226",
        "tt4374208",
        "tt4374644",
        "tt4384644",
        "tt4397864",
        "tt4400058",
        "tt4439928",
        "tt4446740",
        "tt4474750",
        "tt4483518",
        "tt4484616",
        "tt4484722",
        "tt4489890",
        "tt4504418",
        "tt4520906",
        "tt4520992",
        "tt4527488",
        "tt4531728",
        "tt4538916",
        "tt4545128",
        "tt4547468",
        "tt4568496",
        "tt4595882",
        "tt4597870",
        "tt4606528",
        "tt4607112",
        "tt4610700",
        "tt4614532",
        "tt4623636",
        "tt4623920",
        "tt4630562",
        "tt4634294",
        "tt4649098",
        "tt4662602",
        "tt4665322",
        "tt4669522",
        "tt4675846",
        "tt4677846",
        "tt4680444",
        "tt4687880",
        "tt4687882",
        "tt4687892",
        "tt4694268",
        "tt4719796",
        "tt4741312",
        "tt4762000",
        "tt4762080",
        "tt4762346",
        "tt4765468",
        "tt4799050",
        "tt4803766",
        "tt4820388",
        "tt4830790",
        "tt4832070",
        "tt4834194",
        "tt4849564",
        "tt4854900",
        "tt4855932",
        "tt4877736",
        "tt4878612",
        "tt4892108",
        "tt4901376",
        "tt4908956",
        "tt4909140",
        "tt4912910",
        "tt4925000",
        "tt4928166",
        "tt4932500",
        "tt4938084",
        "tt4947608",
        "tt4958538",
        "tt4960806",
        "tt4968922",
        "tt4969640",
        "tt4981448",
        "tt4986134",
        "tt4991446",
        "tt4997780",
        "tt5008688",
        "tt5011816",
        "tt5012346",
        "tt5014882",
        "tt5027982",
        "tt5028280",
        "tt5038686",
        "tt5050548",
        "tt5051500",
        "tt5057054",
        "tt5059866",
        "tt5070488",
        "tt5074678",
        "tt5084170",
        "tt5085398",
        "tt5095614",
        "tt5095804",
        "tt5099020",
        "tt5106590",
        "tt5109000",
        "tt5112876",
        "tt5120600",
        "tt5124168",
        "tt5126922",
        "tt5133742",
        "tt5135744",
        "tt5137338",
        "tt5150248",
        "tt5160520",
        "tt5163450",
        "tt5164574",
        "tt5169608",
        "tt5171438",
        "tt5177088",
        "tt5180504",
        "tt5198620",
        "tt5200330",
        "tt5200466",
        "tt5219042",
        "tt5237818",
        "tt5247918",
        "tt5248878",
        "tt5257744",
        "tt5262572",
        "tt5276658",
        "tt5280684",
        "tt5292052",
        "tt5292208",
        "tt5302168",
        "tt5302804",
        "tt5311790",
        "tt5321092",
        "tt5340782",
        "tt5342836",
        "tt5345050",
        "tt5345424",
        "tt5355972",
        "tt5358422",
        "tt5358948",
        "tt5375126",
        "tt5375140",
        "tt5375224",
        "tt5433600",
        "tt5437394",
        "tt5442754",
        "tt5456324",
        "tt5458834",
        "tt5460480",
        "tt5475526",
        "tt5478702",
        "tt5478730",
        "tt5478746",
        "tt5499076",
        "tt5523368",
        "tt5533788",
        "tt5542814",
        "tt5546516",
        "tt5548612",
        "tt5556636",
        "tt5556656",
        "tt5563932",
        "tt5574490",
        "tt5593296",
        "tt5607714",
        "tt5615874",
        "tt5626028",
        "tt5635328",
        "tt5638642",
        "tt5643026",
        "tt5659824",
        "tt5672212",
        "tt5678628",
        "tt5687612",
        "tt5688996",
        "tt5693212",
        "tt5700106",
        "tt5700672",
        "tt5710996",
        "tt5711280",
        "tt5712314",
        "tt5712554",
        "tt5718960",
        "tt5721394",
        "tt5725570",
        "tt5726128",
        "tt5732812",
        "tt5734342",
        "tt5735456",
        "tt5736908",
        "tt5739744",
        "tt5746576",
        "tt5754602",
        "tt5769154",
        "tt5779830",
        "tt5787450",
        "tt5788792",
        "tt5788814",
        "tt5792656",
        "tt5795780",
        "tt5805288",
        "tt5808704",
        "tt5809798",
        "tt5814540",
        "tt5815160",
        "tt5831646",
        "tt5834198",
        "tt5860892",
        "tt5866252",
        "tt5875234",
        "tt5881896",
        "tt5882386",
        "tt5892384",
        "tt5893316",
        "tt5902334",
        "tt5904812",
        "tt5904828",
        "tt5911560",
        "tt5911602",
        "tt5919548",
        "tt5936838",
        "tt5937940",
        "tt5940506",
        "tt5942532",
        "tt5951544",
        "tt5953320",
        "tt5958312",
        "tt5959046",
        "tt5964630",
        "tt5968748",
        "tt5969776",
        "tt5969822",
        "tt5997152",
        "tt6022174",
        "tt6026030",
        "tt6038954",
        "tt6042492",
        "tt6044674",
        "tt6046238",
        "tt6048414",
        "tt6050292",
        "tt6055492",
        "tt6056924",
        "tt6058886",
        "tt6079282",
        "tt6101624",
        "tt6101862",
        "tt6110504",
        "tt6112414",
        "tt6118426",
        "tt6119048",
        "tt6121444",
        "tt6126724",
        "tt6130902",
        "tt6131146",
        "tt6138612",
        "tt6139566",
        "tt6139972",
        "tt6148744",
        "tt6166364",
        "tt6170874",
        "tt6176132",
        "tt6186164",
        "tt6193408",
        "tt6207096",
        "tt6210822",
        "tt6212478",
        "tt6223864",
        "tt6229656",
        "tt6237362",
        "tt6245282",
        "tt6246760",
        "tt6258162",
        "tt6258754",
        "tt6268052",
        "tt6280224",
        "tt6283378",
        "tt6293840",
        "tt6312454",
        "tt6319758",
        "tt6321266",
        "tt6329014",
        "tt6340502",
        "tt6341776",
        "tt6352844",
        "tt6369836",
        "tt6375742",
        "tt6387232",
        "tt6389490",
        "tt6398184",
        "tt6399158",
        "tt6411072",
        "tt6411820",
        "tt6414218",
        "tt6422680",
        "tt6422944",
        "tt6428704",
        "tt6435118",
        "tt6447774",
        "tt6453394",
        "tt6462506",
        "tt6475714",
        "tt6477270",
        "tt6482812",
        "tt6488862",
        "tt6494518",
        "tt6501908",
        "tt6508182",
        "tt6517320",
        "tt6519410",
        "tt6523140",
        "tt6528154",
        "tt6542196",
        "tt6545192",
        "tt6566624",
        "tt6579376",
        "tt6581428",
        "tt6594882",
        "tt6599010",
        "tt6599482",
        "tt6613768",
        "tt6614936",
        "tt6622518",
        "tt6628364",
        "tt6638842",
        "tt6675712",
        "tt6682754",
        "tt6695774",
        "tt6704972",
        "tt6708260",
        "tt6715164",
        "tt6723522",
        "tt6724968",
        "tt6741116",
        "tt6743488",
        "tt6752226",
        "tt6755926",
        "tt6768866",
        "tt6769592",
        "tt6772246",
        "tt6786518",
        "tt6794990",
        "tt6800982",
        "tt6805798",
        "tt6821622",
        "tt6826678",
        "tt6837512",
        "tt6842752",
        "tt6843596",
        "tt6846982",
        "tt6847292",
        "tt6857988",
        "tt6862736",
        "tt6872436",
        "tt6889748",
        "tt6889818",
        "tt6901720",
        "tt6904118",
        "tt6916746",
        "tt6917394",
        "tt6918668",
        "tt6934914",
        "tt6938856",
        "tt6950542",
        "tt6953902",
        "tt6953924",
        "tt6954542",
        "tt6954674",
        "tt6958698",
        "tt6961868",
        "tt6962872",
        "tt6963502",
        "tt6963828",
        "tt6964776",
        "tt6980258",
        "tt6994582",
        "tt6994700",
        "tt7004172",
        "tt7004272",
        "tt7008596",
        "tt7008682",
        "tt7010154",
        "tt7039224",
        "tt7043070",
        "tt7076630",
        "tt7094426",
        "tt7104930",
        "tt7119506",
        "tt7126948",
        "tt7128052",
        "tt7131622",
        "tt7132032",
        "tt7153382",
        "tt7158430",
        "tt7161104",
        "tt7161312",
        "tt7177870",
        "tt7194764",
        "tt7204170",
        "tt7215262",
        "tt7216288",
        "tt7222086",
        "tt7227748",
        "tt7243884",
        "tt7255952",
        "tt7256296",
        "tt7256332",
        "tt7256418",
        "tt7256504",
        "tt7263154",
        "tt7269100",
        "tt7274440",
        "tt7278588",
        "tt7283528",
        "tt7286472",
        "tt7319282",
        "tt7329322",
        "tt7329602",
        "tt7335184",
        "tt7336778",
        "tt7338878",
        "tt7344644",
        "tt7372934",
        "tt7397944",
        "tt7404868",
        "tt7431022",
        "tt7452140",
        "tt7455754",
        "tt7456400",
        "tt7459986",
        "tt7464926",
        "tt7468780",
        "tt7476514",
        "tt7488430",
        "tt7492998",
        "tt7493176",
        "tt7497132",
        "tt7497198",
        "tt7516522",
        "tt7523166",
        "tt7533146",
        "tt7549518",
        "tt7555670",
        "tt7558708",
        "tt7564330",
        "tt7569592",
        "tt7591766",
        "tt7603386",
        "tt7604980",
        "tt7605144",
        "tt7606620",
        "tt7634698",
        "tt7636656",
        "tt7637350",
        "tt7638986",
        "tt7653274",
        "tt7662722",
        "tt7712306",
        "tt7712598",
        "tt7714520",
        "tt7715070",
        "tt7736122",
        "tt7746692",
        "tt7747758",
        "tt7752136",
        "tt7790776",
        "tt7808370",
        "tt7817930",
        "tt7818310",
        "tt7818354",
        "tt7818356",
        "tt7818358",
        "tt7818360",
        "tt7818362",
        "tt7818384",
        "tt7821912",
        "tt7821916",
        "tt7821922",
        "tt7821926",
        "tt7821930",
        "tt7821934",
        "tt7821950",
        "tt7821952",
        "tt7821956",
        "tt7821972",
        "tt7826972",
        "tt7826976",
        "tt7826988",
        "tt7826992",
        "tt7827002",
        "tt7827006",
        "tt7827010",
        "tt7878864",
        "tt7879138",
        "tt7885004",
        "tt7896408",
        "tt7900936",
        "tt7921292",
        "tt7933666",
        "tt7941974",
        "tt7943660",
        "tt7981232",
        "tt7985120",
        "tt7985540",
        "tt7986946",
        "tt8005176",
        "tt8006374",
        "tt8060080",
        "tt8077544",
        "tt8086718",
        "tt8098164",
        "tt8101850",
        "tt8101954",
        "tt8107060",
        "tt8110548",
        "tt8123920",
        "tt8124372",
        "tt8134160",
        "tt8169088",
        "tt8176578",
        "tt8179350",
        "tt8191944",
        "tt8223492",
        "tt8223626",
        "tt8223644",
        "tt8242412",
        "tt8254592",
        "tt8254880",
        "tt8261836",
        "tt8263176",
        "tt8263228",
        "tt8271176",
        "tt8328512",
        "tt8341714",
        "tt8343748",
        "tt8347504",
        "tt8394734",
        "tt8400662",
        "tt8403164",
        "tt8405802",
        "tt8405804",
        "tt8405806",
        "tt8420476",
        "tt8421662",
        "tt8427036",
        "tt8439492",
        "tt8442744",
        "tt8449032",
        "tt8450534",
        "tt8451992",
        "tt8456330",
        "tt8458634",
        "tt8461164",
        "tt8463714",
        "tt8475950",
        "tt8485436",
        "tt8488294",
        "tt8488330",
        "tt8494990",
        "tt8496638",
        "tt8502324",
        "tt8503628",
        "tt8515016",
        "tt8523192",
        "tt8523322",
        "tt8528462",
        "tt8535180",
        "tt8539056",
        "tt8540990",
        "tt8543390",
        "tt8544172",
        "tt8561356",
        "tt8571650",
        "tt8614132",
        "tt8619506",
        "tt8619846",
        "tt8627268",
        "tt8644562",
        "tt8696458",
        "tt8706058",
        "tt8724286",
        "tt8726338",
        "tt8728534",
        "tt8769226",
        "tt8779732",
        "tt8814450",
        "tt8814520",
        "tt8819854",
        "tt8836898",
        "tt8841606",
        "tt8862328",
        "tt8863424",
        "tt8927222",
        "tt8965666",
        "tt8969784",
        "tt8986558",
        "tt9014000",
        "tt9025100",
        "tt9029006",
        "tt9050366",
        "tt9050480",
        "tt9054748",
        "tt9060228",
        "tt9069650",
        "tt9080630",
        "tt9103856",
        "tt9134666",
        "tt9134714",
        "tt9134942",
        "tt9147456",
        "tt9154456",
        "tt9165706",
        "tt9170224",
        "tt9170714",
        "tt9178140",
        "tt9184994",
        "tt9188926",
        "tt9196684",
        "tt9198020",
        "tt9203812",
        "tt9204132",
        "tt9206788",
        "tt9218334",
        "tt9233402",
        "tt9278356",
        "tt9284430",
        "tt9302722",
        "tt9303006",
        "tt9303692",
        "tt9304186",
        "tt9327146",
        "tt9332084",
        "tt9336752",
        "tt9359446",
        "tt9365182",
        "tt9389662",
        "tt9394532",
        "tt9394850",
        "tt9395310",
        "tt9396682",
        "tt9412484",
        "tt9424520",
        "tt9425132",
        "tt9446978",
        "tt9451336",
        "tt9458304",
        "tt9504984",
        "tt9529810",
        "tt9544034",
        "tt9568012",
        "tt9569216",
        "tt9573902",
        "tt9595880",
        "tt9620226",
        "tt9642746",
        "tt9680058",
        "tt9690214",
        "tt9720814",
        "tt9759712",
        "tt9784930",
        "tt9799476",
        "tt9854932",
        "tt9899342",
        "tt9910232",
        "tt9915432"
    ]
}