{
    "list_id": "ls597078032",
    "title": "List of Warner Bros. Films 2020-2024",
    "platform_guess": "warnerbros",
    "updated_at": 1771381760,
    "source_url": "https://m.imdb.com/list/ls597078032/?ref_=ttpg_urls_5&view=detail&page=3",
    "ids": [
        "tt0293429",
        "tt0439572",
        "tt0805647",
        "tt10016180",
        "tt10151854",
        "tt10160976",
        "tt10245072",
        "tt10474606",
        "tt10556022",
        "tt10627548",
        "tt10731256",
        "tt10808832",
        "tt10838180",
        "tt10985510",
        "tt11079116",
        "tt11079148",
        "tt11225626",
        "tt11315808",
        "tt11525644",
        "tt11540284",
        "tt1160419",
        "tt11790674",
        "tt11847410",
        "tt11946300",
        "tt1200263",
        "tt12037194",
        "tt12093878",
        "tt12361974",
        "tt12584954",
        "tt12585076",
        "tt12587564",
        "tt12745164",
        "tt12794046",
        "tt12838958",
        "tt12876132",
        "tt12885852",
        "tt13061914",
        "tt13186528",
        "tt1321510",
        "tt13249596",
        "tt13345606",
        "tt1361336",
        "tt13676256",
        "tt13804084",
        "tt14128670",
        "tt14260566",
        "tt14324650",
        "tt14402926",
        "tt14445134",
        "tt14539740",
        "tt14636170",
        "tt14636186",
        "tt14636190",
        "tt14636214",
        "tt14824600",
        "tt14825736",
        "tt14851194",
        "tt14901058",
        "tt14903892",
        "tt14961110",
        "tt1517268",
        "tt15239678",
        "tt15248702",
        "tt15352516",
        "tt15352526",
        "tt15422240",
        "tt15552142",
        "tt15831226",
        "tt16280138",
        "tt17154734",
        "tt17220704",
        "tt17505010",
        "tt18250460",
        "tt1877830",
        "tt18951472",
        "tt1924245",
        "tt19896418",
        "tt20192230",
        "tt2049403",
        "tt21103300",
        "tt21197740",
        "tt21477618",
        "tt21919270",
        "tt21950514",
        "tt21958986",
        "tt22207152",
        "tt22698070",
        "tt22769820",
        "tt22814692",
        "tt23177868",
        "tt24068064",
        "tt24223450",
        "tt24548912",
        "tt26736843",
        "tt26753003",
        "tt27403986",
        "tt27469256",
        "tt27687527",
        "tt27712788",
        "tt28508231",
        "tt28786861",
        "tt29195117",
        "tt30150907",
        "tt30150917",
        "tt3152592",
        "tt3215824",
        "tt32276246",
        "tt32627540",
        "tt32627545",
        "tt3272066",
        "tt3554046",
        "tt3704428",
        "tt3811906",
        "tt4123432",
        "tt5012504",
        "tt5034838",
        "tt6166392",
        "tt6334354",
        "tt6443346",
        "tt6723592",
        "tt7069210",
        "tt7126948",
        "tt7178640",
        "tt7713068",
        "tt7737224",
        "tt8005118",
        "tt8110232",
        "tt8206668",
        "tt8544498",
        "tt8912936",
        "tt9048840",
        "tt9059704",
        "tt9208444",
        "tt9224104",
        "tt9362930",
        "tt9580138",
        "tt9620288",
        "tt9663764",
        "tt9784798"
    ]
}