{"Title":"Crazy/Beautiful","Year":"2001","Rated":"PG-13","Released":"29 Jun 2001","Runtime":"99 min","Genre":"Drama, Romance","Director":"John Stockwell","Writer":"Phil Hay, Matt Manfredi","Actors":"Kirsten Dunst, Jay Hernandez, Bruce Davison","Plot":"At Pacific Palisades High, a poor Latino falls hard for a troubled girl from an affluent neighborhood.","Language":"English, Spanish","Country":"United States","Awards":"5 nominations total","Poster":"https://m.media-amazon.com/images/M/MV5BNTQyN2IyMTEtMTQ4YS00ODEzLWFjNTgtMTdiYTU4YmE0M2RmXkEyXkFqcGc@._V1_SX300.jpg","Ratings":[{"Source":"Internet Movie Database","Value":"6.4/10"},{"Source":"Rotten Tomatoes","Value":"62%"},{"Source":"Metacritic","Value":"61/100"}],"Metascore":"61","imdbRating":"6.4","imdbVotes":"26,176","imdbID":"tt0250224","Type":"movie","DVD":"N/A","BoxOffice":"$16,937,988","Production":"N/A","Website":"N/A","Response":"True"}