{"Title":"Scarlet Diva","Year":"2000","Rated":"R","Released":"26 May 2000","Runtime":"90 min","Genre":"Drama","Director":"Asia Argento","Writer":"Asia Argento","Actors":"Asia Argento, Jean Shepard, Herbert Fritsch","Plot":"A young Italian actress embarks on a self-destructive spree of sex, drugs and other excess while doing some soul searching to find the path for redemption.","Language":"English, Italian, French","Country":"Italy","Awards":"2 wins total","Poster":"https://m.media-amazon.com/images/M/MV5BNzFkNjA1NjEtYTE2My00OGE2LWE0ZDctMzA2YzA1YzA0YTc2XkEyXkFqcGc@._V1_SX300.jpg","Ratings":[{"Source":"Internet Movie Database","Value":"5.0/10"},{"Source":"Rotten Tomatoes","Value":"52%"},{"Source":"Metacritic","Value":"48/100"}],"Metascore":"48","imdbRating":"5.0","imdbVotes":"2,841","imdbID":"tt0218581","Type":"movie","DVD":"N/A","BoxOffice":"$18,062","Production":"N/A","Website":"N/A","Response":"True"}