{"Title":"Justice League","Year":"2017","Rated":"PG-13","Released":"17 Nov 2017","Runtime":"120 min","Genre":"Action, Adventure, Fantasy","Director":"Zack Snyder","Writer":"Jerry Siegel, Joe Shuster, Chris Terrio","Actors":"Ben Affleck, Gal Gadot, Jason Momoa","Plot":"Steppenwolf and his Parademons return after eons to capture Earth. However, Batman seeks the help of Wonder Woman to recruit and assemble Flash, Cyborg and Aquaman to fight the powerful new enemy.","Language":"English, Irish Gaelic, Russian, Icelandic","Country":"United States, Canada, United Kingdom","Awards":"2 wins & 15 nominations total","Poster":"https://m.media-amazon.com/images/M/MV5BMjM5YmQxM2YtZjI2Yy00YjhhLTg5N2MtMTEyMzdlZDU3OTVhXkEyXkFqcGc@._V1_SX300.jpg","Ratings":[{"Source":"Internet Movie Database","Value":"6.0/10"},{"Source":"Rotten Tomatoes","Value":"39%"},{"Source":"Metacritic","Value":"45/100"}],"Metascore":"45","imdbRating":"6.0","imdbVotes":"500,541","imdbID":"tt0974015","Type":"movie","DVD":"N/A","BoxOffice":"$229,024,295","Production":"N/A","Website":"N/A","Response":"True"}