{"Title":"The Pursuit of Happyness","Year":"2006","Rated":"PG-13","Released":"15 Dec 2006","Runtime":"117 min","Genre":"Biography, Drama","Director":"Gabriele Muccino","Writer":"Steve Conrad","Actors":"Will Smith, Thandiwe Newton, Jaden Smith","Plot":"A struggling salesman takes custody of his son as he's poised to begin a life-changing professional career.","Language":"English, Cantonese","Country":"United States","Awards":"Nominated for 1 Oscar. 12 wins & 26 nominations total","Poster":"https://m.media-amazon.com/images/M/MV5BMTQ5NjQ0NDI3NF5BMl5BanBnXkFtZTcwNDI0MjEzMw@@._V1_SX300.jpg","Ratings":[{"Source":"Internet Movie Database","Value":"8.0/10"},{"Source":"Rotten Tomatoes","Value":"67%"},{"Source":"Metacritic","Value":"64/100"}],"Metascore":"64","imdbRating":"8.0","imdbVotes":"609,718","imdbID":"tt0454921","Type":"movie","DVD":"N/A","BoxOffice":"$163,566,459","Production":"N/A","Website":"N/A","Response":"True"}