{"Title":"Old Dogs","Year":"2009","Rated":"PG","Released":"25 Nov 2009","Runtime":"88 min","Genre":"Comedy, Family","Director":"Walt Becker","Writer":"David Diamond, David Weissman","Actors":"Robin Williams, John Travolta, Seth Green","Plot":"Charlie and Dan have been best friends and business partners for thirty years and their Manhattan public relations firm is on the verge of a huge business deal with a Japanese company. With two weeks to sew up the contract, Dan gets a surprise; a woman he married on a drunken impulse nearly nine years before (annulled the next day) shows up to tell him he's the father of her twins, now seven, and she'll be in jail for 14 days for a political protest. Dan volunteers to keep the tykes, although he's uptight and clueless. With Charlie's help is there any way they can be dad and uncle, meet the kids' expectations, and still land the account?","Language":"English, Ukrainian","Country":"United States","Awards":"5 nominations total","Poster":"https://m.media-amazon.com/images/M/MV5BMjExMTYyMzk3MV5BMl5BanBnXkFtZTcwMzI2Njg0Mg@@._V1_SX300.jpg","Ratings":[{"Source":"Internet Movie Database","Value":"5.3/10"},{"Source":"Rotten Tomatoes","Value":"5%"},{"Source":"Metacritic","Value":"19/100"}],"Metascore":"19","imdbRating":"5.3","imdbVotes":"40,101","imdbID":"tt0976238","Type":"movie","DVD":"N/A","BoxOffice":"$49,492,060","Production":"N/A","Website":"N/A","Response":"True"}