{"Title":"Live Free or Die Hard","Year":"2007","Rated":"PG-13","Released":"27 Jun 2007","Runtime":"128 min","Genre":"Action, Thriller","Director":"Len Wiseman","Writer":"John Carlin, Roderick Thorp, Mark Bomback","Actors":"Bruce Willis, Justin Long, Timothy Olyphant","Plot":"John McClane is forced to team up with a young computer hacker, Matt Farrell, to stop a master cyber-terrorist called Thomas Gabriel, who wants to shut down the entire nations computer infrastructure in a mass cyber attack.","Language":"English, Italian, French","Country":"United States, United Kingdom","Awards":"3 wins & 16 nominations total","Poster":"https://m.media-amazon.com/images/M/MV5BNDQxMDE1OTg4NV5BMl5BanBnXkFtZTcwMTMzOTQzMw@@._V1_SX300.jpg","Ratings":[{"Source":"Internet Movie Database","Value":"7.1/10"},{"Source":"Rotten Tomatoes","Value":"82%"},{"Source":"Metacritic","Value":"69/100"}],"Metascore":"69","imdbRating":"7.1","imdbVotes":"433,767","imdbID":"tt0337978","Type":"movie","DVD":"N/A","BoxOffice":"$134,529,403","Production":"N/A","Website":"N/A","Response":"True"}