{"Title":"Lost in Beijing","Year":"2007","Rated":"N/A","Released":"21 Feb 2008","Runtime":"112 min","Genre":"Drama","Director":"Yu Li","Writer":"Fang Li, Yu Li, Emilie Saada","Actors":"Bingbing Fan, Dawei Tong, Tony Ka Fai Leung","Plot":"A look at modern-day life in China's capital centered on a ménage-a-quatre involving a young woman, her boss, her husband and her boss's wife.","Language":"Mandarin","Country":"China","Awards":"2 wins & 4 nominations total","Poster":"https://m.media-amazon.com/images/M/MV5BNjU2ZmNhN2YtZTliNy00ZWY4LTllOWYtZDFlZTBmNjkzYzFjXkEyXkFqcGc@._V1_SX300.jpg","Ratings":[{"Source":"Internet Movie Database","Value":"6.7/10"},{"Source":"Rotten Tomatoes","Value":"52%"},{"Source":"Metacritic","Value":"58/100"}],"Metascore":"58","imdbRating":"6.7","imdbVotes":"2,496","imdbID":"tt0949489","Type":"movie","DVD":"N/A","BoxOffice":"$11,163","Production":"N/A","Website":"N/A","Response":"True"}