{"Title":"28 Years Later","Year":"2025","Rated":"R","Released":"20 Jun 2025","Runtime":"115 min","Genre":"Horror, Sci-Fi, Thriller","Director":"Danny Boyle","Writer":"Alex Garland","Actors":"Jodie Comer, Aaron Taylor-Johnson, Ralph Fiennes","Plot":"A group of survivors of the rage virus live on a small island. When one of the group leaves the island on a mission into the mainland, he discovers secrets, wonders, and horrors that have mutated not only the infected but other su...","Language":"English, Swedish","Country":"United Kingdom, Canada, United States","Awards":"4 wins & 41 nominations total","Poster":"https://m.media-amazon.com/images/M/MV5BNjgwYTI0YjctMWYzNS00MmI1LWI5YTctNmE1YjBkNDFlNWMxXkEyXkFqcGc@._V1_SX300.jpg","Ratings":[{"Source":"Internet Movie Database","Value":"6.6/10"},{"Source":"Rotten Tomatoes","Value":"89%"},{"Source":"Metacritic","Value":"77/100"}],"Metascore":"77","imdbRating":"6.6","imdbVotes":"172,724","imdbID":"tt10548174","Type":"movie","DVD":"N/A","BoxOffice":"$70,446,897","Production":"N/A","Website":"N/A","Response":"True"}