{"Title":"Puss in Boots","Year":"2011","Rated":"PG","Released":"15 Nov 2011","Runtime":"90 min","Genre":"Animation, Action, Adventure","Director":"Chris Miller","Writer":"Tom Wheeler, Brian Lynch, William Davies","Actors":"Antonio Banderas, Salma Hayek, Zach Galifianakis","Plot":"Years before meeting Shrek and Donkey, the adorable but tricky Puss in Boots must clear his name from all charges making him a wanted fugitive. While trying to steal magic beans from the infamous criminals Jack and Jill, the hero crosses paths with his female match, Kitty Softpaws, who leads Puss to his old friend, but now enemy, Humpty Dumpty. Memories of friendship and betrayal enlarges Puss' doubt, but he eventually agrees to help the egg get the magic beans. Together, the three plan to steal the beans, get to the Giant's castle, nab the golden goose, and clear Puss' name.","Language":"English, Spanish","Country":"United States","Awards":"Nominated for 1 Oscar. 9 wins & 43 nominations total","Poster":"https://m.media-amazon.com/images/M/MV5BOTQwMGU5YTEtYmQzMy00MTM0LWFhNzAtOGY2Yzc1MzBkYTYyXkEyXkFqcGc@._V1_SX300.jpg","Ratings":[{"Source":"Internet Movie Database","Value":"6.6/10"},{"Source":"Rotten Tomatoes","Value":"85%"},{"Source":"Metacritic","Value":"65/100"}],"Metascore":"65","imdbRating":"6.6","imdbVotes":"208,940","imdbID":"tt0448694","Type":"movie","DVD":"N/A","BoxOffice":"$149,260,504","Production":"N/A","Website":"N/A","Response":"True"}