{"Title":"The Invisible Man","Year":"2020","Rated":"R","Released":"28 Feb 2020","Runtime":"124 min","Genre":"Drama, Horror, Mystery","Director":"Leigh Whannell","Writer":"Leigh Whannell, H.G. Wells","Actors":"Elisabeth Moss, Oliver Jackson-Cohen, Harriet Dyer","Plot":"When Cecilia's abusive ex takes his own life and leaves her his fortune, she suspects his death was a hoax. As a series of coincidences turn lethal, Cecilia works to prove that she is being hunted by someone nobody can see.","Language":"English","Country":"Australia, United States","Awards":"40 wins & 81 nominations total","Poster":"https://m.media-amazon.com/images/M/MV5BYTM3NDJhZWUtZWM1Yy00ODk4LThjNmMtNDg3OGYzMGM2OGYzXkEyXkFqcGc@._V1_SX300.jpg","Ratings":[{"Source":"Internet Movie Database","Value":"7.1/10"},{"Source":"Metacritic","Value":"72/100"}],"Metascore":"72","imdbRating":"7.1","imdbVotes":"279,697","imdbID":"tt1051906","Type":"movie","DVD":"N/A","BoxOffice":"$70,410,000","Production":"N/A","Website":"N/A","Response":"True"}