{"Title":"Troy","Year":"2004","Rated":"R","Released":"14 May 2004","Runtime":"163 min","Genre":"Action, Adventure, Drama","Director":"Wolfgang Petersen","Writer":"Homer, David Benioff","Actors":"Brad Pitt, Eric Bana, Orlando Bloom","Plot":"An adaptation of Homer's great epic, the film follows the assault on Troy by the united Greek forces.","Language":"English","Country":"United Kingdom, Malta, Bulgaria, United States","Awards":"Nominated for 1 Oscar. 5 wins & 23 nominations total","Poster":"https://m.media-amazon.com/images/M/MV5BMTk5MzU1MDMwMF5BMl5BanBnXkFtZTcwNjczODMzMw@@._V1_SX300.jpg","Ratings":[{"Source":"Internet Movie Database","Value":"7.3/10"},{"Source":"Rotten Tomatoes","Value":"53%"},{"Source":"Metacritic","Value":"56/100"}],"Metascore":"56","imdbRating":"7.3","imdbVotes":"609,875","imdbID":"tt0332452","Type":"movie","DVD":"N/A","BoxOffice":"$133,378,256","Production":"N/A","Website":"N/A","Response":"True"}