{"Title":"Idiocracy","Year":"2006","Rated":"R","Released":"25 Jan 2007","Runtime":"84 min","Genre":"Adventure, Comedy, Sci-Fi","Director":"Mike Judge","Writer":"Mike Judge, Etan Cohen","Actors":"Luke Wilson, Maya Rudolph, Dax Shepard","Plot":"Corporal Joe Bauers, a decidedly average American, is selected for a top-secret hibernation program but is forgotten and left to awaken to a future so incredibly moronic that he's easily the most intelligent person alive.","Language":"English","Country":"United States","Awards":"1 nomination total","Poster":"https://m.media-amazon.com/images/M/MV5BNmNhN2NiOGUtOGM0Yy00ZjA3LTljNjAtNGZjZDZlNzdlZDcxXkEyXkFqcGc@._V1_SX300.jpg","Ratings":[{"Source":"Internet Movie Database","Value":"6.5/10"},{"Source":"Rotten Tomatoes","Value":"71%"},{"Source":"Metacritic","Value":"66/100"}],"Metascore":"66","imdbRating":"6.5","imdbVotes":"210,618","imdbID":"tt0387808","Type":"movie","DVD":"N/A","BoxOffice":"$444,093","Production":"N/A","Website":"N/A","Response":"True"}