{"Title":"Shanghai Noon","Year":"2000","Rated":"PG-13","Released":"26 May 2000","Runtime":"110 min","Genre":"Action, Adventure, Comedy","Director":"Tom Dey","Writer":"Miles Millar, Alfred Gough","Actors":"Jackie Chan, Owen Wilson, Lucy Liu","Plot":"A Chinese man travels to the Wild West to rescue a kidnapped Princess. After teaming up with a train robber, the unlikely duo takes on a Chinese traitor and his corrupt boss.","Language":"English, Mandarin, Sioux, Spanish","Country":"United States, Hong Kong","Awards":"1 win & 7 nominations total","Poster":"https://m.media-amazon.com/images/M/MV5BMTI0MjE2MzUwOV5BMl5BanBnXkFtZTYwMTk5NjU3._V1_SX300.jpg","Ratings":[{"Source":"Internet Movie Database","Value":"6.6/10"},{"Source":"Rotten Tomatoes","Value":"80%"},{"Source":"Metacritic","Value":"77/100"}],"Metascore":"77","imdbRating":"6.6","imdbVotes":"139,655","imdbID":"tt0184894","Type":"movie","DVD":"N/A","BoxOffice":"$56,937,502","Production":"N/A","Website":"N/A","Response":"True"}