{"Title":"Drive","Year":"2011","Rated":"R","Released":"16 Sep 2011","Runtime":"100 min","Genre":"Action, Drama","Director":"Nicolas Winding Refn","Writer":"Hossein Amini, James Sallis","Actors":"Ryan Gosling, Carey Mulligan, Bryan Cranston","Plot":"This action drama follows a mysterious man who has multiple jobs as a garage mechanic, a Hollywood stuntman and a getaway driver seems to be trying to escape his shady past as he falls for his neighbor - whose husband is in prison and who's looking after her child alone. Meanwhile, his garage mechanic boss is trying to set up a race team using gangland money, which implicates our driver as he is to be used as the race team's main driver. Our hero gets more than he bargained for when he meets the man who is married to the woman he loves.","Language":"English, Spanish","Country":"United States","Awards":"Nominated for 1 Oscar. 79 wins & 180 nominations total","Poster":"https://m.media-amazon.com/images/M/MV5BYTFmNTFlOTAtNzEyNi00MWU2LTg3MGEtYjA2NWY3MDliNjlkXkEyXkFqcGc@._V1_SX300.jpg","Ratings":[{"Source":"Internet Movie Database","Value":"7.8/10"},{"Source":"Rotten Tomatoes","Value":"93%"},{"Source":"Metacritic","Value":"79/100"}],"Metascore":"79","imdbRating":"7.8","imdbVotes":"754,976","imdbID":"tt0780504","Type":"movie","DVD":"N/A","BoxOffice":"$35,061,555","Production":"N/A","Website":"N/A","Response":"True"}