{"Title":"All Quiet on the Western Front","Year":"2022","Rated":"R","Released":"28 Oct 2022","Runtime":"148 min","Genre":"Drama, History, War","Director":"Edward Berger","Writer":"Edward Berger, Lesley Paterson, Ian Stokell","Actors":"Felix Kammerer, Albrecht Schuch, Aaron Hilmer","Plot":"A young German soldier's eagerness to serve his country quickly fades when he witnesses the horrors of combat on the Western Front during World War I.","Language":"German, French","Country":"Germany, United States, United Kingdom","Awards":"Won 4 Oscars. 59 wins & 89 nominations total","Poster":"https://m.media-amazon.com/images/M/MV5BOWJiYWMyYTktZThhOS00ZjgxLWE0YTQtZDMyNTQxMjMyYjI2XkEyXkFqcGc@._V1_SX300.jpg","Ratings":[{"Source":"Internet Movie Database","Value":"7.8/10"},{"Source":"Rotten Tomatoes","Value":"90%"},{"Source":"Metacritic","Value":"76/100"}],"Metascore":"76","imdbRating":"7.8","imdbVotes":"304,290","imdbID":"tt1016150","Type":"movie","DVD":"N/A","BoxOffice":"N/A","Production":"N/A","Website":"N/A","Response":"True"}