{"Title":"Shrek the Third","Year":"2007","Rated":"PG","Released":"18 May 2007","Runtime":"93 min","Genre":"Animation, Adventure, Comedy","Director":"Chris Miller, Raman Hui","Writer":"William Steig, Andrew Adamson, Jeffrey Price","Actors":"Mike Myers, Cameron Diaz, Eddie Murphy","Plot":"Reluctantly designated as the heir to the land of Far, Far Away, Shrek hatches a plan to install the rebellious Artie as the new king while Princess Fiona tries to fend off a coup d'état by the jilted Prince Charming.","Language":"English","Country":"United States","Awards":"Nominated for 1 BAFTA Award5 wins & 17 nominations total","Poster":"https://m.media-amazon.com/images/M/MV5BOTgyMjc3ODk2MV5BMl5BanBnXkFtZTcwMjY0MjEzMw@@._V1_SX300.jpg","Ratings":[{"Source":"Internet Movie Database","Value":"6.1/10"},{"Source":"Rotten Tomatoes","Value":"41%"},{"Source":"Metacritic","Value":"58/100"}],"Metascore":"58","imdbRating":"6.1","imdbVotes":"355,730","imdbID":"tt0413267","Type":"movie","DVD":"N/A","BoxOffice":"$322,719,944","Production":"N/A","Website":"N/A","Response":"True"}