{"Title":"Jungle Cruise","Year":"2021","Rated":"PG-13","Released":"30 Jul 2021","Runtime":"127 min","Genre":"Action, Adventure, Comedy","Director":"Jaume Collet-Serra","Writer":"Michael Green, Glenn Ficarra, John Requa","Actors":"Dwayne Johnson, Emily Blunt, Edgar Ramírez","Plot":"Based on Disneyland's theme park ride where a small riverboat takes a group of travelers through a jungle filled with dangerous animals and reptiles but with a supernatural element.","Language":"English, German, Spanish, Tupi, Italian, Portuguese, Latin, French","Country":"United States, Hungary, Canada","Awards":"6 wins & 11 nominations total","Poster":"https://m.media-amazon.com/images/M/MV5BMWU5ZTBkMjQtMzg2Yi00ZmJlLTk4YWEtYTc0ZjU1YzE1NGNkXkEyXkFqcGc@._V1_SX300.jpg","Ratings":[{"Source":"Internet Movie Database","Value":"6.5/10"},{"Source":"Rotten Tomatoes","Value":"62%"},{"Source":"Metacritic","Value":"50/100"}],"Metascore":"50","imdbRating":"6.5","imdbVotes":"223,746","imdbID":"tt0870154","Type":"movie","DVD":"N/A","BoxOffice":"$116,987,516","Production":"N/A","Website":"N/A","Response":"True"}