{"Title":"Kingdom of Heaven","Year":"2005","Rated":"R","Released":"06 May 2005","Runtime":"144 min","Genre":"Action, Adventure, Drama","Director":"Ridley Scott","Writer":"William Monahan","Actors":"Orlando Bloom, Eva Green, Liam Neeson","Plot":"Balian of Ibelin travels to Jerusalem during the Crusades of the 12th century, and there he finds himself as the defender of the city and its people.","Language":"English, Arabic, Latin, Italian, German","Country":"United Kingdom, Germany, Spain, Morocco, United States, Italy, France","Awards":"5 wins & 15 nominations total","Poster":"https://m.media-amazon.com/images/M/MV5BMzdhNGZhMjQtYjVmNy00OWMyLTk1MmQtZGNhZDYwMzZlZjI3XkEyXkFqcGc@._V1_SX300.jpg","Ratings":[{"Source":"Internet Movie Database","Value":"7.3/10"},{"Source":"Rotten Tomatoes","Value":"39%"},{"Source":"Metacritic","Value":"63/100"}],"Metascore":"63","imdbRating":"7.3","imdbVotes":"347,384","imdbID":"tt0320661","Type":"movie","DVD":"N/A","BoxOffice":"$47,527,678","Production":"N/A","Website":"N/A","Response":"True"}