{"Title":"Strange World","Year":"2022","Rated":"PG","Released":"23 Nov 2022","Runtime":"102 min","Genre":"Animation, Action, Adventure","Director":"Don Hall, Qui Nguyen","Writer":"Qui Nguyen","Actors":"Jake Gyllenhaal, Jaboukie Young-White, Gabrielle Union","Plot":"The legendary Clades are a family of explorers whose differences threaten to topple their latest and most crucial mission.","Language":"English","Country":"United States, Japan","Awards":"9 nominations total","Poster":"https://m.media-amazon.com/images/M/MV5BZDI1ZjY1OTUtMzE1Yi00OWVmLTliNjAtNWVlOTk0ZjNkMDI4XkEyXkFqcGc@._V1_SX300.jpg","Ratings":[{"Source":"Internet Movie Database","Value":"5.7/10"},{"Source":"Rotten Tomatoes","Value":"72%"},{"Source":"Metacritic","Value":"65/100"}],"Metascore":"65","imdbRating":"5.7","imdbVotes":"49,541","imdbID":"tt10298840","Type":"movie","DVD":"N/A","BoxOffice":"$37,968,963","Production":"N/A","Website":"N/A","Response":"True"}