{"Title":"Rambo","Year":"2008","Rated":"R","Released":"25 Jan 2008","Runtime":"92 min","Genre":"Action, Thriller","Director":"Sylvester Stallone","Writer":"Art Monterastelli, Sylvester Stallone, David Morrell","Actors":"Sylvester Stallone, Julie Benz, Matthew Marsden","Plot":"In Thailand, John Rambo joins a group of mercenaries to venture into war-torn Burma, and rescue a group of Christian aid workers who were kidnapped by the ruthless local infantry unit.","Language":"English, Burmese, Thai","Country":"Germany, United States","Awards":"1 win & 1 nomination total","Poster":"https://m.media-amazon.com/images/M/MV5BMTI5Mjg1MzM4NF5BMl5BanBnXkFtZTcwNTAyNzUzMw@@._V1_SX300.jpg","Ratings":[{"Source":"Internet Movie Database","Value":"7.0/10"},{"Source":"Rotten Tomatoes","Value":"38%"},{"Source":"Metacritic","Value":"46/100"}],"Metascore":"46","imdbRating":"7.0","imdbVotes":"255,282","imdbID":"tt0462499","Type":"movie","DVD":"N/A","BoxOffice":"$42,754,105","Production":"N/A","Website":"N/A","Response":"True"}