{"Title":"Westworld","Year":"2016–2022","Rated":"TV-MA","Released":"02 Oct 2016","Runtime":"62 min","Genre":"Drama, Mystery, Sci-Fi","Director":"N/A","Writer":"Lisa Joy, Jonathan Nolan","Actors":"Evan Rachel Wood, Jeffrey Wright, Ed Harris","Plot":"At the intersection of the near future and the reimagined past, waits a world in which every human appetite can be indulged without consequence.","Language":"English","Country":"United States","Awards":"Won 7 Primetime Emmys. 57 wins & 214 nominations total","Poster":"https://m.media-amazon.com/images/M/MV5BMjM2MTA5NjIwNV5BMl5BanBnXkFtZTgwNjI2OTMxNTM@._V1_SX300.jpg","Ratings":[{"Source":"Internet Movie Database","Value":"8.4/10"}],"Metascore":"N/A","imdbRating":"8.4","imdbVotes":"554,640","imdbID":"tt0475784","Type":"series","totalSeasons":"4","Response":"True"}