{"Title":"Freaky Friday","Year":"2003","Rated":"PG","Released":"06 Aug 2003","Runtime":"97 min","Genre":"Comedy, Family, Fantasy","Director":"Mark Waters","Writer":"Mary Rodgers, Heather Hach, Leslie Dixon","Actors":"Jamie Lee Curtis, Lindsay Lohan, Mark Harmon","Plot":"Dr. Tess Coleman and her daughter, Anna, do not get along with each other. However, things take a turn when, in a freak accident, they switch bodies and are forced to live each other's lives.","Language":"English, Mandarin","Country":"United States","Awards":"5 wins & 11 nominations total","Poster":"https://m.media-amazon.com/images/M/MV5BOGNhNDAyZWUtNmU3My00ZWRlLTkwYTgtMzZiYmNjNmM0MzVkXkEyXkFqcGc@._V1_SX300.jpg","Ratings":[{"Source":"Internet Movie Database","Value":"6.4/10"},{"Source":"Rotten Tomatoes","Value":"88%"},{"Source":"Metacritic","Value":"70/100"}],"Metascore":"70","imdbRating":"6.4","imdbVotes":"171,583","imdbID":"tt0322330","Type":"movie","DVD":"N/A","BoxOffice":"$110,230,332","Production":"N/A","Website":"N/A","Response":"True"}