{"Title":"Cast Away","Year":"2000","Rated":"PG-13","Released":"22 Dec 2000","Runtime":"143 min","Genre":"Adventure, Drama, Romance","Director":"Robert Zemeckis","Writer":"William Broyles Jr.","Actors":"Tom Hanks, Helen Hunt, Paul Sanchez","Plot":"A FedEx executive undergoes a physical and emotional transformation after crash landing on a deserted island.","Language":"English, Russian","Country":"United States","Awards":"Nominated for 2 Oscars. 15 wins & 36 nominations total","Poster":"https://m.media-amazon.com/images/M/MV5BOGNjNDI5ZGQtZjRjMy00NzQyLWFiYzQtYjcwNjM3ZDYwNThhXkEyXkFqcGc@._V1_SX300.jpg","Ratings":[{"Source":"Internet Movie Database","Value":"7.8/10"},{"Source":"Rotten Tomatoes","Value":"88%"},{"Source":"Metacritic","Value":"74/100"}],"Metascore":"74","imdbRating":"7.8","imdbVotes":"676,631","imdbID":"tt0162222","Type":"movie","DVD":"N/A","BoxOffice":"$233,632,142","Production":"N/A","Website":"N/A","Response":"True"}