{"Title":"Van Helsing","Year":"2004","Rated":"PG-13","Released":"07 May 2004","Runtime":"131 min","Genre":"Action, Adventure, Fantasy","Director":"Stephen Sommers","Writer":"Stephen Sommers","Actors":"Hugh Jackman, Kate Beckinsale, Richard Roxburgh","Plot":"The famed monster hunter is sent to Transylvania to stop Count Dracula, who is using Dr. Frankenstein's research and a werewolf for nefarious purposes.","Language":"English, Latin, French","Country":"Czech Republic, United States","Awards":"3 wins & 21 nominations total","Poster":"https://m.media-amazon.com/images/M/MV5BNDk3NTdlYzQtMjhiMy00MWJkLWFjNDctMzE4ZGEwZWExNGViXkEyXkFqcGc@._V1_SX300.jpg","Ratings":[{"Source":"Internet Movie Database","Value":"6.1/10"},{"Source":"Metacritic","Value":"35/100"}],"Metascore":"35","imdbRating":"6.1","imdbVotes":"303,779","imdbID":"tt0338526","Type":"movie","DVD":"N/A","BoxOffice":"$120,177,084","Production":"N/A","Website":"N/A","Response":"True"}