{"Title":"The Boy in the Striped Pajamas","Year":"2008","Rated":"PG-13","Released":"26 Nov 2008","Runtime":"94 min","Genre":"Drama, War","Director":"Mark Herman","Writer":"John Boyne, Mark Herman","Actors":"Asa Butterfield, David Thewlis, Rupert Friend","Plot":"Through the innocent eyes of Bruno, the eight-year-old son of the commandant at a German concentration camp, a forbidden friendship with a Jewish boy on the other side of the camp fence has startling and unexpected consequences.","Language":"English","Country":"United Kingdom, United States","Awards":"7 wins & 7 nominations total","Poster":"https://m.media-amazon.com/images/M/MV5BMTMzMTc3MjA5NF5BMl5BanBnXkFtZTcwOTk3MDE5MQ@@._V1_SX300.jpg","Ratings":[{"Source":"Internet Movie Database","Value":"7.7/10"},{"Source":"Rotten Tomatoes","Value":"65%"},{"Source":"Metacritic","Value":"55/100"}],"Metascore":"55","imdbRating":"7.7","imdbVotes":"268,135","imdbID":"tt0914798","Type":"movie","DVD":"N/A","BoxOffice":"$9,046,156","Production":"N/A","Website":"N/A","Response":"True"}