{"Title":"Daredevil","Year":"2003","Rated":"PG-13","Released":"14 Feb 2003","Runtime":"103 min","Genre":"Action, Crime, Drama","Director":"Mark Steven Johnson","Writer":"Mark Steven Johnson","Actors":"Ben Affleck, Jennifer Garner, Colin Farrell","Plot":"A man blinded by toxic waste which also enhanced his remaining senses fights crime as an acrobatic martial arts superhero.","Language":"English, Greek, Italian","Country":"United States, Switzerland","Awards":"5 wins & 17 nominations total","Poster":"https://m.media-amazon.com/images/M/MV5BZGVjZjU3MmEtNDFjZS00N2ExLTk4YzktYjYzM2MzYTJjYmE0XkEyXkFqcGc@._V1_SX300.jpg","Ratings":[{"Source":"Internet Movie Database","Value":"5.3/10"},{"Source":"Rotten Tomatoes","Value":"42%"},{"Source":"Metacritic","Value":"42/100"}],"Metascore":"42","imdbRating":"5.3","imdbVotes":"239,118","imdbID":"tt0287978","Type":"movie","DVD":"N/A","BoxOffice":"$102,543,518","Production":"N/A","Website":"N/A","Response":"True"}