{"Title":"Kung Fu Hustle","Year":"2004","Rated":"R","Released":"22 Apr 2005","Runtime":"99 min","Genre":"Action, Comedy, Fantasy","Director":"Stephen Chow","Writer":"Stephen Chow, Kan-Cheung Tsang, Xin Huo","Actors":"Stephen Chow, Wah Yuen, Qiu Yuen","Plot":"In Shanghai, China in the 1940s, a wannabe gangster aspires to join the notorious \"Axe Gang\" while residents of a housing complex exhibit extraordinary powers in defending their turf.","Language":"Mandarin, Cantonese","Country":"Hong Kong, China, United States","Awards":"Nominated for 1 BAFTA Award25 wins & 47 nominations total","Poster":"https://m.media-amazon.com/images/M/MV5BNGU2OWVlM2ItZGZlOC00Yzk2LWE1NzEtMDYwMzE4YTE5MzQ2XkEyXkFqcGc@._V1_SX300.jpg","Ratings":[{"Source":"Internet Movie Database","Value":"7.7/10"},{"Source":"Rotten Tomatoes","Value":"90%"},{"Source":"Metacritic","Value":"78/100"}],"Metascore":"78","imdbRating":"7.7","imdbVotes":"161,570","imdbID":"tt0373074","Type":"movie","DVD":"N/A","BoxOffice":"$17,108,591","Production":"N/A","Website":"N/A","Response":"True"}