{"Title":"Hachi: A Dog's Tale","Year":"2009","Rated":"G","Released":"12 Mar 2010","Runtime":"93 min","Genre":"Biography, Drama, Family","Director":"Lasse Hallström","Writer":"Stephen P. Lindsey, Kaneto Shindô","Actors":"Richard Gere, Joan Allen, Cary-Hiroyuki Tagawa","Plot":"Commuting by train, music professor Parker Wilson finds an Akita puppy, whose cage broke unnoticed during shipping, leaving his destination unknown, and since the station can't care for it and the dog catcher warns even such cute ones may not be adopted in the two weeks allowed, he kindly takes it home. His bossy, jealous wife Cate initially makes Parker swear it won't stay, but by the time its' clear nobody will claim him and an adoption candidate is found, she agrees to keep the dog, who won over their daughter Andy and her fiance Michael at first sight. Parker's Japanese college friend Ken inspires naming the pup Hachi(ko), and is pleasantly surprised when Parker successfully tackles the challenge to get it to fetch, which Akitas don't usually do. Hachi makes a habit of waiting for his equally doting master at the station every evening, but after a cardiac crisis, Parker dies. Hachi refuses to accept this, being moved to Michael's home as Cate moves out, waiting for a master who can never come home again, by now collectively adopted by sympathizing town-folk. The story is told in flashbacks as class assignment 'my hero' by Michael's teen son Robbie, who also gets an Akita puppy.","Language":"English, Japanese","Country":"United Kingdom, United States","Awards":"1 nomination total","Poster":"https://m.media-amazon.com/images/M/MV5BNTU5NjYyYTgtZGQ3My00MzRhLThjNGYtZmVjN2JjYjhkMjhhXkEyXkFqcGc@._V1_SX300.jpg","Ratings":[{"Source":"Internet Movie Database","Value":"8.1/10"},{"Source":"Rotten Tomatoes","Value":"64%"}],"Metascore":"N/A","imdbRating":"8.1","imdbVotes":"336,321","imdbID":"tt1028532","Type":"movie","DVD":"N/A","BoxOffice":"N/A","Production":"N/A","Website":"N/A","Response":"True"}