{"Title":"Sherlock Holmes","Year":"2009","Rated":"PG-13","Released":"25 Dec 2009","Runtime":"128 min","Genre":"Action, Adventure, Mystery","Director":"Guy Ritchie","Writer":"Michael Robert Johnson, Anthony Peckham, Simon Kinberg","Actors":"Robert Downey Jr., Jude Law, Rachel McAdams","Plot":"After finally catching serial killer and occult \"sorcerer\" Lord Blackwood, legendary sleuth Sherlock Holmes and his assistant Dr. Watson can close yet another successful case. But when Blackwood mysteriously returns from the grave and resumes his killing spree, Holmes must take up the hunt once again. Contending with his partner's new fiancée and the dimwitted head of Scotland Yard, the dauntless detective must unravel the clues that will lead him into a twisted web of murder, deceit, and black magic - and the deadly embrace of temptress Irene Adler.","Language":"English, French","Country":"United States, Germany","Awards":"Nominated for 2 Oscars. 10 wins & 31 nominations total","Poster":"https://m.media-amazon.com/images/M/MV5BMTg0NjEwNjUxM15BMl5BanBnXkFtZTcwMzk0MjQ5Mg@@._V1_SX300.jpg","Ratings":[{"Source":"Internet Movie Database","Value":"7.5/10"},{"Source":"Rotten Tomatoes","Value":"69%"},{"Source":"Metacritic","Value":"57/100"}],"Metascore":"57","imdbRating":"7.5","imdbVotes":"702,387","imdbID":"tt0988045","Type":"movie","DVD":"N/A","BoxOffice":"$209,028,679","Production":"N/A","Website":"N/A","Response":"True"}