{"Title":"Silent Hill","Year":"2006","Rated":"R","Released":"21 Apr 2006","Runtime":"125 min","Genre":"Horror, Mystery","Director":"Christophe Gans","Writer":"Roger Avary","Actors":"Radha Mitchell, Laurie Holden, Sean Bean","Plot":"Rose Da Silva takes her adopted daughter, Sharon, to the town of Silent Hill in an attempt to cure her of her ailment. After a violent car crash, Sharon disappears and Rose begins a horrific journey to get her back.","Language":"English","Country":"Canada, France, Japan, United States","Awards":"8 nominations total","Poster":"https://m.media-amazon.com/images/M/MV5BYTczZmZlZmEtODU4ZS00YzgzLThiMDUtMGE0ZmJhYzdhZGY5XkEyXkFqcGc@._V1_SX300.jpg","Ratings":[{"Source":"Internet Movie Database","Value":"6.5/10"},{"Source":"Rotten Tomatoes","Value":"33%"},{"Source":"Metacritic","Value":"31/100"}],"Metascore":"31","imdbRating":"6.5","imdbVotes":"257,135","imdbID":"tt0384537","Type":"movie","DVD":"N/A","BoxOffice":"$46,982,632","Production":"N/A","Website":"N/A","Response":"True"}