{"Title":"Mamma Mia!","Year":"2008","Rated":"PG-13","Released":"18 Jul 2008","Runtime":"108 min","Genre":"Comedy, Musical, Romance","Director":"Phyllida Lloyd","Writer":"Catherine Johnson, Melvin Frank, Sheldon Keller","Actors":"Meryl Streep, Pierce Brosnan, Amanda Seyfried","Plot":"Independent hotelier Donna is preparing for her daughter's wedding with the help of two old friends. Meanwhile, spirited bride-to-be Sophie invites three men from her mother's past in order to discern which is her biological father.","Language":"English, Greek","Country":"United Kingdom, Germany, United States","Awards":"Nominated for 3 BAFTA 16 wins & 27 nominations total","Poster":"https://m.media-amazon.com/images/M/MV5BMTA2MDU0MjM0MzReQTJeQWpwZ15BbWU3MDYwNzgwNzE@._V1_SX300.jpg","Ratings":[{"Source":"Internet Movie Database","Value":"6.5/10"},{"Source":"Rotten Tomatoes","Value":"55%"},{"Source":"Metacritic","Value":"51/100"}],"Metascore":"51","imdbRating":"6.5","imdbVotes":"300,526","imdbID":"tt0795421","Type":"movie","DVD":"N/A","BoxOffice":"$144,330,569","Production":"N/A","Website":"N/A","Response":"True"}