{"Title":"Man of Steel","Year":"2013","Rated":"PG-13","Released":"14 Jun 2013","Runtime":"143 min","Genre":"Action, Adventure, Sci-Fi","Director":"Zack Snyder","Writer":"David S. Goyer, Christopher Nolan, Jerry Siegel","Actors":"Henry Cavill, Amy Adams, Michael Shannon","Plot":"A young boy learns that he has extraordinary powers and is not of this Earth. As a young man, he journeys to discover where he came from and what he was sent here to do. But the hero in him must now emerge if he is to save the world from annihilation and become the symbol of hope for all mankind.","Language":"English","Country":"United States, United Kingdom, Canada","Awards":"Nominated for 1 BAFTA Award7 wins & 46 nominations total","Poster":"https://m.media-amazon.com/images/M/MV5BMTk5ODk1NDkxMF5BMl5BanBnXkFtZTcwNTA5OTY0OQ@@._V1_SX300.jpg","Ratings":[{"Source":"Internet Movie Database","Value":"7.1/10"},{"Source":"Rotten Tomatoes","Value":"57%"},{"Source":"Metacritic","Value":"55/100"}],"Metascore":"55","imdbRating":"7.1","imdbVotes":"858,780","imdbID":"tt0770828","Type":"movie","DVD":"N/A","BoxOffice":"$291,045,518","Production":"N/A","Website":"N/A","Response":"True"}