{"Title":"xXx: State of the Union","Year":"2005","Rated":"PG-13","Released":"29 Apr 2005","Runtime":"101 min","Genre":"Action, Adventure, Crime","Director":"Lee Tamahori","Writer":"Rich Wilkes, Simon Kinberg","Actors":"Ice Cube, Samuel L. Jackson, Willem Dafoe","Plot":"Darius Stone, a new agent in the xXx program, is sent to Washington, D.C. to stop a coup attempt against the President of the United States.","Language":"English","Country":"United States","Awards":"1 nomination total","Poster":"https://m.media-amazon.com/images/M/MV5BOTliNDIxZTUtOGViNC00Mzk4LThkYWEtNDFiMjU0ZTcwYjhhXkEyXkFqcGc@._V1_SX300.jpg","Ratings":[{"Source":"Internet Movie Database","Value":"4.5/10"},{"Source":"Rotten Tomatoes","Value":"17%"},{"Source":"Metacritic","Value":"37/100"}],"Metascore":"37","imdbRating":"4.5","imdbVotes":"76,154","imdbID":"tt0329774","Type":"movie","DVD":"N/A","BoxOffice":"$26,873,932","Production":"N/A","Website":"N/A","Response":"True"}