{"Title":"Air Buddies","Year":"2006","Rated":"PG","Released":"12 Dec 2006","Runtime":"80 min","Genre":"Adventure, Comedy, Family","Director":"Robert Vince","Writer":"Robert Vince, Anna McRoberts, Phil Hanley, Kevin DiCicco (character \"Air Bud\"), Paul Tamasy (characters), Aaron Mendelsohn (characters)","Actors":"Cascy Beddow, Jane Carr, Kelly Chapek, Patrick Cranshaw","Plot":"When dad BUDDY and mom MOLLY are dognapped, their five adorable pups, the AIR BUDDIES, must save the day...","Language":"English","Country":"USA","Awards":"1 nomination.","Poster":"https://m.media-amazon.com/images/M/MV5BMTUzNTg4MjEyN15BMl5BanBnXkFtZTgwNTIxMDc4ODE@._V1_SX300.jpg","Ratings":[{"Source":"Internet Movie Database","Value":"4.8/10"}],"Metascore":"N/A","imdbRating":"4.8","imdbVotes":"3,445","imdbID":"tt0470982","Type":"movie","DVD":"N/A","BoxOffice":"N/A","Production":"N/A","Website":"N/A","Response":"True"}