{"Title":"Wallace & Gromit: The Curse of the Were-Rabbit","Year":"2005","Rated":"G","Released":"07 Oct 2005","Runtime":"85 min","Genre":"Animation, Adventure, Comedy","Director":"Steve Box, Nick Park","Writer":"Steve Box, Nick Park, Mark Burton","Actors":"Peter Sallis, Helena Bonham Carter, Ralph Fiennes","Plot":"Wallace and his loyal dog, Gromit, set out to discover the mystery behind the garden sabotage that plagues their village and threatens the annual giant vegetable growing contest.","Language":"English","Country":"United Kingdom, United States","Awards":"Won 1 Oscar. 41 wins & 25 nominations total","Poster":"https://m.media-amazon.com/images/M/MV5BM2JkOTRkZTctN2ZiMy00ZGRmLWJkNzQtOGJkNmFiM2ZjNjYzXkEyXkFqcGc@._V1_SX300.jpg","Ratings":[{"Source":"Internet Movie Database","Value":"7.5/10"},{"Source":"Rotten Tomatoes","Value":"95%"},{"Source":"Metacritic","Value":"87/100"}],"Metascore":"87","imdbRating":"7.5","imdbVotes":"152,997","imdbID":"tt0312004","Type":"movie","DVD":"N/A","BoxOffice":"$56,110,897","Production":"N/A","Website":"N/A","Response":"True"}