{"Title":"Amazing Saturday","Year":"2018–","Rated":"N/A","Released":"07 Apr 2018","Runtime":"N/A","Genre":"Game-Show","Director":"N/A","Writer":"N/A","Actors":"Boom, Sin Dong-yup, Kim Dong-hyun","Plot":"Every week there will be a featured market from South Korea and within it, there are 3 types of food selected as its representatives. The cast and guest(s), as contestants, have to play games and win to be able to enjoy the food. ...","Language":"Korean","Country":"South Korea","Awards":"N/A","Poster":"https://m.media-amazon.com/images/M/MV5BMmQxNzE3ZWItOWY1NS00M2Q3LWE0OTgtNzk2MTFlNmVlMTlkXkEyXkFqcGc@._V1_SX300.jpg","Ratings":[],"Metascore":"N/A","imdbRating":"N/A","imdbVotes":"29","imdbID":"tt10160132","Type":"series","totalSeasons":"1","Response":"True"}