{"Title":"Jolt","Year":"2021","Rated":"R","Released":"23 Jul 2021","Runtime":"91 min","Genre":"Action, Comedy, Crime","Director":"Tanya Wexler","Writer":"Scott Wascha","Actors":"Kate Beckinsale, Jai Courtney, Stanley Tucci","Plot":"A bouncer with a slightly murderous anger-management problem that she controls with the help of an electrode-lined vest she uses to shock herself back to normalcy whenever she gets homicidal.","Language":"English","Country":"United States","Awards":"2 wins total","Poster":"https://m.media-amazon.com/images/M/MV5BZDJmMjBiYTItOGUwMC00M2U2LWI3NTMtMDkzYTgzZGUzODAyXkEyXkFqcGc@._V1_SX300.jpg","Ratings":[{"Source":"Internet Movie Database","Value":"5.6/10"},{"Source":"Rotten Tomatoes","Value":"40%"},{"Source":"Metacritic","Value":"48/100"}],"Metascore":"48","imdbRating":"5.6","imdbVotes":"37,912","imdbID":"tt10228134","Type":"movie","DVD":"N/A","BoxOffice":"N/A","Production":"N/A","Website":"N/A","Response":"True"}