{"Title":"Taken","Year":"2008","Rated":"PG-13","Released":"30 Jan 2009","Runtime":"90 min","Genre":"Action, Crime, Thriller","Director":"Pierre Morel","Writer":"Luc Besson, Robert Mark Kamen","Actors":"Liam Neeson, Maggie Grace, Famke Janssen","Plot":"A retired CIA agent travels across Europe and relies on his old skills to save his estranged daughter, who has been kidnapped while on a trip to Paris.","Language":"English, French, Albanian, Arabic, Serbian","Country":"France, United Kingdom, United States","Awards":"2 wins & 2 nominations total","Poster":"https://m.media-amazon.com/images/M/MV5BYTAxNTY2NjMtYjk5Yy00Nzg4LTkyMmItYmMzMDM2OWQ1ZGQ3XkEyXkFqcGc@._V1_SX300.jpg","Ratings":[{"Source":"Internet Movie Database","Value":"7.7/10"},{"Source":"Rotten Tomatoes","Value":"60%"},{"Source":"Metacritic","Value":"51/100"}],"Metascore":"51","imdbRating":"7.7","imdbVotes":"666,648","imdbID":"tt0936501","Type":"movie","DVD":"N/A","BoxOffice":"$145,000,989","Production":"N/A","Website":"N/A","Response":"True"}