{"Title":"Harry Potter and the Goblet of Fire","Year":"2005","Rated":"PG-13","Released":"18 Nov 2005","Runtime":"157 min","Genre":"Adventure, Family, Fantasy","Director":"Mike Newell","Writer":"Steve Kloves, J.K. Rowling","Actors":"Daniel Radcliffe, Emma Watson, Rupert Grint","Plot":"Harry Potter finds himself competing in a hazardous tournament between rival schools of magic, but he is distracted by recurring nightmares.","Language":"English, French, Latin","Country":"United Kingdom, United States","Awards":"Nominated for 1 Oscar. 13 wins & 48 nominations total","Poster":"https://m.media-amazon.com/images/M/MV5BMTIzNzUzOTk2NV5BMl5BanBnXkFtZTYwNTI4MDg2._V1_SX300.jpg","Ratings":[{"Source":"Internet Movie Database","Value":"7.7/10"},{"Source":"Rotten Tomatoes","Value":"88%"},{"Source":"Metacritic","Value":"81/100"}],"Metascore":"81","imdbRating":"7.7","imdbVotes":"739,101","imdbID":"tt0330373","Type":"movie","DVD":"N/A","BoxOffice":"$290,469,928","Production":"N/A","Website":"N/A","Response":"True"}