{"Title":"Dreamgirls","Year":"2006","Rated":"PG-13","Released":"25 Dec 2006","Runtime":"130 min","Genre":"Drama, Musical","Director":"Bill Condon","Writer":"Tom Eyen, Bill Condon","Actors":"Beyoncé, Jamie Foxx, Eddie Murphy","Plot":"A trio of black female soul singers cross over to the pop charts in the early 1960s, facing their own personal struggles along the way.","Language":"English","Country":"United States","Awards":"Won 2 Oscars. 67 wins & 93 nominations total","Poster":"https://m.media-amazon.com/images/M/MV5BMTY1MzIwNDQyNl5BMl5BanBnXkFtZTcwNDEwNzYyMw@@._V1_SX300.jpg","Ratings":[{"Source":"Internet Movie Database","Value":"6.6/10"},{"Source":"Rotten Tomatoes","Value":"79%"},{"Source":"Metacritic","Value":"76/100"}],"Metascore":"76","imdbRating":"6.6","imdbVotes":"78,973","imdbID":"tt0443489","Type":"movie","DVD":"N/A","BoxOffice":"$103,365,956","Production":"N/A","Website":"N/A","Response":"True"}