{"Title":"Click","Year":"2006","Rated":"PG-13","Released":"23 Jun 2006","Runtime":"107 min","Genre":"Comedy, Drama, Fantasy","Director":"Frank Coraci","Writer":"Steve Koren, Mark O'Keefe","Actors":"Adam Sandler, Kate Beckinsale, Christopher Walken","Plot":"A workaholic architect finds a universal remote that allows him to fast-forward and rewind to different parts of his life. Complications arise when the remote starts to overrule his choices.","Language":"English, Spanish, Japanese, Portuguese","Country":"United States","Awards":"Nominated for 1 Oscar. 3 wins & 12 nominations total","Poster":"https://m.media-amazon.com/images/M/MV5BMTA1MTUxNDY4NzReQTJeQWpwZ15BbWU2MDE3ODAxNw@@._V1_SX300.jpg","Ratings":[{"Source":"Internet Movie Database","Value":"6.4/10"},{"Source":"Rotten Tomatoes","Value":"34%"},{"Source":"Metacritic","Value":"45/100"}],"Metascore":"45","imdbRating":"6.4","imdbVotes":"381,344","imdbID":"tt0389860","Type":"movie","DVD":"N/A","BoxOffice":"$137,355,633","Production":"N/A","Website":"N/A","Response":"True"}