{"Title":"Children of Men","Year":"2006","Rated":"R","Released":"05 Jan 2007","Runtime":"109 min","Genre":"Drama, Sci-Fi, Thriller","Director":"Alfonso Cuarón","Writer":"Alfonso Cuarón, Timothy J. Sexton, David Arata","Actors":"Juan Gabriel Yacuzzi, Mishal Husain, Rob Curling","Plot":"In 2027, in a chaotic world in which women have somehow become infertile, a former activist agrees to help transport a miraculously pregnant woman to a sanctuary at sea.","Language":"English, German, Italian, Romanian, Spanish, Arabic, Georgian, Hebrew, Sanskrit, Russian, Serbian","Country":"United States, United Kingdom, Japan","Awards":"Nominated for 3 Oscars. 49 wins & 89 nominations total","Poster":"https://m.media-amazon.com/images/M/MV5BMDNkNmNiYzYtYWY0YS00NWEwLTgwMWUtYjM0M2E4Nzk3MzhmXkEyXkFqcGc@._V1_SX300.jpg","Ratings":[{"Source":"Internet Movie Database","Value":"7.9/10"},{"Source":"Rotten Tomatoes","Value":"92%"},{"Source":"Metacritic","Value":"84/100"}],"Metascore":"84","imdbRating":"7.9","imdbVotes":"557,669","imdbID":"tt0206634","Type":"movie","DVD":"N/A","BoxOffice":"$35,552,383","Production":"N/A","Website":"N/A","Response":"True"}