{"Title":"Brothers","Year":"2009","Rated":"R","Released":"04 Dec 2009","Runtime":"105 min","Genre":"Drama, Thriller, War","Director":"Jim Sheridan","Writer":"David Benioff, Susanne Bier, Anders Thomas Jensen","Actors":"Jake Gyllenhaal, Natalie Portman, Tobey Maguire","Plot":"Before leaving on his second tour in Afghanistan, Marine Captain Sam Cahill, a leader, an athlete, a good husband and father, welcomes his screw-up brother Tommy home from prison. He'd robbed a bank. In country, Sam's helicopter is shot down and all are presumed dead. Back home, while Sam wastes away as a prisoner in a remote encampment, Tommy tries to take care of the widow and her two children. While imprisoned, Sam experiences horrors unbearable, so when he's rescued and returns home, he's silent, detached, without affect, and he's convinced his wife and brother have slept together. Demons of war possess him; what will silence them?","Language":"English","Country":"United States","Awards":"4 wins & 16 nominations total","Poster":"https://m.media-amazon.com/images/M/MV5BMTkyMTY5MTcxOV5BMl5BanBnXkFtZTcwMTI3MDE3Mg@@._V1_SX300.jpg","Ratings":[{"Source":"Internet Movie Database","Value":"7.1/10"},{"Source":"Rotten Tomatoes","Value":"63%"},{"Source":"Metacritic","Value":"58/100"}],"Metascore":"58","imdbRating":"7.1","imdbVotes":"167,427","imdbID":"tt0765010","Type":"movie","DVD":"N/A","BoxOffice":"$28,544,157","Production":"N/A","Website":"N/A","Response":"True"}