{"Title":"Transporter 2","Year":"2005","Rated":"R","Released":"02 Sep 2005","Runtime":"87 min","Genre":"Action, Thriller","Director":"Louis Leterrier","Writer":"Luc Besson, Robert Mark Kamen","Actors":"Jason Statham, Amber Valletta, Kate Nauta","Plot":"Transporter Frank Martin, surfaces in Miami, Florida and is implicated in the kidnapping of the young son of a powerful USA official.","Language":"English, French, Italian","Country":"France, Germany, United States","Awards":"N/A","Poster":"https://m.media-amazon.com/images/M/MV5BMTQ5MDM0MTI2N15BMl5BanBnXkFtZTcwNTM5NDczMw@@._V1_SX300.jpg","Ratings":[{"Source":"Internet Movie Database","Value":"6.3/10"},{"Source":"Metacritic","Value":"56/100"}],"Metascore":"56","imdbRating":"6.3","imdbVotes":"224,388","imdbID":"tt0388482","Type":"movie","DVD":"N/A","BoxOffice":"$43,095,856","Production":"N/A","Website":"N/A","Response":"True"}