{"Title":"Unfaithful","Year":"2002","Rated":"R","Released":"10 May 2002","Runtime":"124 min","Genre":"Drama, Romance, Thriller","Director":"Adrian Lyne","Writer":"Claude Chabrol, Alvin Sargent, William Broyles Jr.","Actors":"Richard Gere, Diane Lane, Olivier Martinez","Plot":"A New York suburban couple's marriage goes dangerously awry when the wife indulges in an adulterous fling.","Language":"English, French","Country":"United States, Germany, Switzerland","Awards":"Nominated for 1 Oscar. 3 wins & 16 nominations total","Poster":"https://m.media-amazon.com/images/M/MV5BMDFlOTJhODItOTgzYi00MmRjLTkzMTktODVhYTc4NGUzNDEyXkEyXkFqcGc@._V1_SX300.jpg","Ratings":[{"Source":"Internet Movie Database","Value":"6.7/10"},{"Source":"Rotten Tomatoes","Value":"51%"},{"Source":"Metacritic","Value":"63/100"}],"Metascore":"63","imdbRating":"6.7","imdbVotes":"106,118","imdbID":"tt0250797","Type":"movie","DVD":"N/A","BoxOffice":"$52,775,765","Production":"N/A","Website":"N/A","Response":"True"}