{"Title":"Lara Croft: Tomb Raider","Year":"2001","Rated":"PG-13","Released":"15 Jun 2001","Runtime":"100 min","Genre":"Action, Adventure, Fantasy","Director":"Simon West","Writer":"Sara B Cooper, Mike Werb, Michael Colleary","Actors":"Angelina Jolie, Jon Voight, Iain Glen","Plot":"Adventurer Lara Croft explores lost empires and discovers immeasurable treasures in her daily life, but a secret from the past of her father, a missing archaeologist, will lead her to one of her greatest challenges.","Language":"English, Central Khmer, Russian, Italian","Country":"United Kingdom, Germany, Japan, United States","Awards":"4 wins & 21 nominations total","Poster":"https://m.media-amazon.com/images/M/MV5BNjcxYzIyZWItZWRiOS00ODliLWI3ZTEtZTA4NTg4OGQwZDY1XkEyXkFqcGc@._V1_SX300.jpg","Ratings":[{"Source":"Internet Movie Database","Value":"5.8/10"},{"Source":"Rotten Tomatoes","Value":"21%"},{"Source":"Metacritic","Value":"33/100"}],"Metascore":"33","imdbRating":"5.8","imdbVotes":"228,793","imdbID":"tt0146316","Type":"movie","DVD":"N/A","BoxOffice":"$131,168,070","Production":"N/A","Website":"N/A","Response":"True"}