{"Title":"All Creatures Great & Small","Year":"2020–","Rated":"TV-PG","Released":"10 Jan 2021","Runtime":"2 min","Genre":"Comedy, Drama","Director":"N/A","Writer":"N/A","Actors":"Samuel West, Anna Madeley, Nicholas Ralph","Plot":"James Herriot, fresh out of Glasgow Veterinary College, pursues his dream to become a vet in the Yorkshire Dales. He discovers that treating the animals is as much about treating their owners, and the Dales' farmers are a tough to...","Language":"English","Country":"United Kingdom","Awards":"Nominated for 1 BAFTA Award1 win & 16 nominations total","Poster":"https://m.media-amazon.com/images/M/MV5BMThlZmFhOTUtNzM3My00YTAwLWEzMDMtYmI0MGZiOTlkOTQ4XkEyXkFqcGc@._V1_SX300.jpg","Ratings":[{"Source":"Internet Movie Database","Value":"8.6/10"}],"Metascore":"N/A","imdbRating":"8.6","imdbVotes":"20,186","imdbID":"tt10590066","Type":"series","totalSeasons":"5","Response":"True"}