{"Title":"Terminator Salvation","Year":"2009","Rated":"PG-13","Released":"21 May 2009","Runtime":"115 min","Genre":"Action, Adventure, Sci-Fi","Director":"McG","Writer":"John Brancato, Michael Ferris","Actors":"Christian Bale, Sam Worthington, Anton Yelchin","Plot":"In 2003, in the Longview State Correctional Facility, the criminal Marcus Wright is on death row, and is convinced by the cancerous Dr. Serena Kogan to donate his body to her research and he accepts. In 2018, after an unsuccessful attack to a Skynet facility, only John Connor survives, but he discovers that Skynet is developing the powerful new model T-800. Out of the blue, Marcus appears naked and with amnesia in the location. Marcus befriends the teenager Kyle Reese and the girl Star who help him to survive the lethal machines and they travel together in a Jeep. Meanwhile the resistance discovers a signal that might turn-off the machines and John offers to test it. When Kyle is captured by a machine and brought to the Skynet headquarters, Marcus decides to help the youngster and heads to Skynet; on the way, he saves Blair Williams who suggests to him that he should meet John Connor first. But Marcus steps on a mine and is submitted to surgery, when a secret about his origins is disclosed.","Language":"English, Italian","Country":"United States","Awards":"2 wins & 14 nominations total","Poster":"https://m.media-amazon.com/images/M/MV5BMWY1OWQ4ZWQtYzZkOS00ZTU0LWE3MDItOTg3YzdmODRkMDVjXkEyXkFqcGc@._V1_SX300.jpg","Ratings":[{"Source":"Internet Movie Database","Value":"6.5/10"},{"Source":"Rotten Tomatoes","Value":"33%"},{"Source":"Metacritic","Value":"49/100"}],"Metascore":"49","imdbRating":"6.5","imdbVotes":"388,740","imdbID":"tt0438488","Type":"movie","DVD":"N/A","BoxOffice":"$125,322,469","Production":"N/A","Website":"N/A","Response":"True"}