{"Title":"The Texas Chainsaw Massacre","Year":"2003","Rated":"R","Released":"17 Oct 2003","Runtime":"98 min","Genre":"Horror","Director":"Marcus Nispel","Writer":"Kim Henkel, Tobe Hooper, Scott Kosar","Actors":"Jessica Biel, Jonathan Tucker, Andrew Bryniarski","Plot":"After picking up a traumatized young hitchhiker, five friends find themselves stalked and hunted by a deformed chainsaw-wielding loon and his family of equally psychopathic killers.","Language":"English","Country":"United States","Awards":"4 wins & 17 nominations total","Poster":"https://m.media-amazon.com/images/M/MV5BNzY0MDQwMTctYzQ1Mi00ODIwLThlMWQtODQ0NzA2ZTg3ZDFhXkEyXkFqcGc@._V1_SX300.jpg","Ratings":[{"Source":"Internet Movie Database","Value":"6.2/10"},{"Source":"Rotten Tomatoes","Value":"37%"},{"Source":"Metacritic","Value":"38/100"}],"Metascore":"38","imdbRating":"6.2","imdbVotes":"158,409","imdbID":"tt0324216","Type":"movie","DVD":"N/A","BoxOffice":"$80,571,655","Production":"N/A","Website":"N/A","Response":"True"}