{"Title":"Monsters vs. Aliens","Year":"2009","Rated":"PG","Released":"27 Mar 2009","Runtime":"94 min","Genre":"Animation, Action, Adventure","Director":"Rob Letterman, Conrad Vernon","Writer":"Maya Forbes, Wallace Wolodarsky, Rob Letterman","Actors":"Reese Witherspoon, Rainn Wilson, Stephen Colbert","Plot":"When a meteorite from outer space hits a young California woman named Susan Murphy (Reese Witherspoon) and turns her into a giant monster, she is taken to a secret government compound where she meets a ragtag group of monsters also rounded up over the years. As a last resort, under the guidance of General W.R. Monger (Kiefer Sutherland), on a desperate order from President Hathaway (Stephen Colbert), the motley crew of Monsters is called into action to combat the aliens and save the world from imminent destruction.","Language":"English, Portuguese","Country":"United States","Awards":"3 wins & 10 nominations total","Poster":"https://m.media-amazon.com/images/M/MV5BMTY0OTQ3MzE3MV5BMl5BanBnXkFtZTcwMDQyMzMzMg@@._V1_SX300.jpg","Ratings":[{"Source":"Internet Movie Database","Value":"6.4/10"},{"Source":"Rotten Tomatoes","Value":"73%"},{"Source":"Metacritic","Value":"56/100"}],"Metascore":"56","imdbRating":"6.4","imdbVotes":"186,429","imdbID":"tt0892782","Type":"movie","DVD":"N/A","BoxOffice":"$198,351,526","Production":"N/A","Website":"N/A","Response":"True"}