{"Title":"Avatar","Year":"2009","Rated":"PG-13","Released":"18 Dec 2009","Runtime":"162 min","Genre":"Action, Adventure, Fantasy","Director":"James Cameron","Writer":"James Cameron","Actors":"Sam Worthington, Zoe Saldaña, Sigourney Weaver","Plot":"When his brother is killed in a robbery, paraplegic Marine Jake Sully decides to take his place in a mission on the distant world of Pandora. There he learns of greedy corporate figurehead Parker Selfridge's intentions of driving off the native humanoid \"Na'vi\" in order to mine for the precious material scattered throughout their rich woodland. In exchange for the spinal surgery that will fix his legs, Jake gathers knowledge, of the Indigenous Race and their Culture, for the cooperating military unit spearheaded by gung-ho Colonel Quaritch, while simultaneously attempting to infiltrate the Na'vi people with the use of an \"avatar\" identity. While Jake begins to bond with the native tribe and quickly falls in love with the beautiful alien Neytiri, the restless Colonel moves forward with his ruthless extermination tactics, forcing the soldier to take a stand - and fight back in an epic battle for the fate of Pandora.","Language":"English, Spanish","Country":"United States, United Kingdom","Awards":"Won 3 Oscars. 91 wins & 131 nominations total","Poster":"https://m.media-amazon.com/images/M/MV5BMDEzMmQwZjctZWU2My00MWNlLWE0NjItMDJlYTRlNGJiZjcyXkEyXkFqcGc@._V1_SX300.jpg","Ratings":[{"Source":"Internet Movie Database","Value":"7.9/10"},{"Source":"Rotten Tomatoes","Value":"81%"},{"Source":"Metacritic","Value":"83/100"}],"Metascore":"83","imdbRating":"7.9","imdbVotes":"1,468,320","imdbID":"tt0499549","Type":"movie","DVD":"N/A","BoxOffice":"$785,221,649","Production":"N/A","Website":"N/A","Response":"True"}