{"Title":"Brokeback Mountain","Year":"2005","Rated":"R","Released":"13 Jan 2006","Runtime":"134 min","Genre":"Drama, Romance","Director":"Ang Lee","Writer":"Annie Proulx, Larry McMurtry, Diana Ossana","Actors":"Jake Gyllenhaal, Heath Ledger, Michelle Williams","Plot":"Two shepherds fall for each other, but their relationship becomes complicated when they both get married to their respective girlfriends.","Language":"English, Spanish","Country":"Canada, United States","Awards":"Won 3 Oscars. 141 wins & 133 nominations total","Poster":"https://m.media-amazon.com/images/M/MV5BMzM4OWFjMTMtZjNjOS00YmU3LTlhY2MtNjFiMTVkN2Y1OTZlXkEyXkFqcGc@._V1_SX300.jpg","Ratings":[{"Source":"Internet Movie Database","Value":"7.7/10"},{"Source":"Rotten Tomatoes","Value":"88%"},{"Source":"Metacritic","Value":"87/100"}],"Metascore":"87","imdbRating":"7.7","imdbVotes":"409,792","imdbID":"tt0388795","Type":"movie","DVD":"N/A","BoxOffice":"$84,111,816","Production":"N/A","Website":"N/A","Response":"True"}