{"Title":"Madagascar","Year":"2005","Rated":"PG","Released":"27 May 2005","Runtime":"86 min","Genre":"Animation, Adventure, Comedy","Director":"Eric Darnell, Tom McGrath","Writer":"Mark Burton, Billy Frolick, Eric Darnell","Actors":"Chris Rock, Ben Stiller, David Schwimmer","Plot":"A group of animals who have spent all their life in a New York zoo end up in the jungles of Madagascar, and must adjust to living in the wild.","Language":"English, Portuguese, Spanish, German, French, American Sign ","Country":"United States, Canada, United Kingdom","Awards":"4 wins & 32 nominations total","Poster":"https://m.media-amazon.com/images/M/MV5BYjk4OGFmZmYtYWE4NC00MzM4LTkwZTItODdhMjk3NTZjMmI5XkEyXkFqcGc@._V1_SX300.jpg","Ratings":[{"Source":"Internet Movie Database","Value":"6.9/10"},{"Source":"Rotten Tomatoes","Value":"55%"},{"Source":"Metacritic","Value":"57/100"}],"Metascore":"57","imdbRating":"6.9","imdbVotes":"473,809","imdbID":"tt0351283","Type":"movie","DVD":"N/A","BoxOffice":"$194,820,396","Production":"N/A","Website":"N/A","Response":"True"}