{"Title":"The Road to El Dorado","Year":"2000","Rated":"PG","Released":"31 Mar 2000","Runtime":"89 min","Genre":"Animation, Adventure, Comedy","Director":"Bibo Bergeron, Don Paul, Jeffrey Katzenberg","Writer":"Ted Elliott, Terry Rossio, Karey Kirkpatrick","Actors":"Kevin Kline, Kenneth Branagh, Rosie Perez","Plot":"Two swindlers get their hands on a map to the fabled city of gold, El Dorado.","Language":"English","Country":"United States, Canada, France","Awards":"1 win & 12 nominations total","Poster":"https://m.media-amazon.com/images/M/MV5BMjIyNDBmYTEtYjM3MS00NDhkLWFhNjYtZGYxYzA2OGUyZjQ2XkEyXkFqcGc@._V1_SX300.jpg","Ratings":[{"Source":"Internet Movie Database","Value":"6.9/10"},{"Source":"Rotten Tomatoes","Value":"49%"},{"Source":"Metacritic","Value":"51/100"}],"Metascore":"51","imdbRating":"6.9","imdbVotes":"117,618","imdbID":"tt0138749","Type":"movie","DVD":"N/A","BoxOffice":"$50,863,742","Production":"N/A","Website":"N/A","Response":"True"}