{"Title":"Blindness","Year":"2008","Rated":"R","Released":"03 Oct 2008","Runtime":"121 min","Genre":"Drama, Mystery, Thriller","Director":"Fernando Meirelles","Writer":"José Saramago, Don McKellar","Actors":"Julianne Moore, Mark Ruffalo, Gael García Bernal","Plot":"A city is ravaged by an epidemic of instant white blindness.","Language":"English, Japanese","Country":"Brazil, Canada, Japan, United Kingdom, Italy","Awards":"16 wins & 21 nominations total","Poster":"https://m.media-amazon.com/images/M/MV5BOTZmNWE5YmYtZjVlNi00YzlkLTk1MWUtNTI0ZjcwMTJiYThiXkEyXkFqcGc@._V1_SX300.jpg","Ratings":[{"Source":"Internet Movie Database","Value":"6.5/10"},{"Source":"Rotten Tomatoes","Value":"44%"},{"Source":"Metacritic","Value":"45/100"}],"Metascore":"45","imdbRating":"6.5","imdbVotes":"76,644","imdbID":"tt0861689","Type":"movie","DVD":"N/A","BoxOffice":"$3,351,751","Production":"N/A","Website":"N/A","Response":"True"}