{"Title":"The Aviator","Year":"2004","Rated":"PG-13","Released":"25 Dec 2004","Runtime":"170 min","Genre":"Biography, Drama","Director":"Martin Scorsese","Writer":"John Logan","Actors":"Leonardo DiCaprio, Cate Blanchett, Kate Beckinsale","Plot":"A biopic depicting the early years of legendary director and aviator Howard Hughes' career from the late 1920s to the mid 1940s.","Language":"English, Persian","Country":"Germany, United States","Awards":"Won 5 Oscars. 89 wins & 131 nominations total","Poster":"https://m.media-amazon.com/images/M/MV5BYTUyYWJlNDgtOTM5Ny00YTQ3LWFmYTgtZjJiNTNkYjJlMmY4XkEyXkFqcGc@._V1_SX300.jpg","Ratings":[{"Source":"Internet Movie Database","Value":"7.5/10"},{"Source":"Rotten Tomatoes","Value":"86%"},{"Source":"Metacritic","Value":"77/100"}],"Metascore":"77","imdbRating":"7.5","imdbVotes":"401,380","imdbID":"tt0338751","Type":"movie","DVD":"N/A","BoxOffice":"$102,610,330","Production":"N/A","Website":"N/A","Response":"True"}