{"Title":"Up","Year":"2009","Rated":"PG","Released":"29 May 2009","Runtime":"96 min","Genre":"Animation, Adventure, Comedy","Director":"Pete Docter, Bob Peterson","Writer":"Pete Docter, Bob Peterson, Tom McCarthy","Actors":"Edward Asner, Jordan Nagai, John Ratzenberger","Plot":"As a boy, Carl Fredricksen wanted to explore South America and find the forbidden Paradise Falls. About 64 years later he gets to begin his journey along with Boy Scout Russell by lifting his house with thousands of balloons. On their journey, they make many new friends including a talking dog, and figure out that someone has evil plans. Carl soon realizes that this evildoer is his childhood idol.","Language":"English","Country":"United States","Awards":"Won 2 Oscars. 81 wins & 88 nominations total","Poster":"https://m.media-amazon.com/images/M/MV5BNmI1ZTc5MWMtMDYyOS00ZDc2LTkzOTAtNjQ4NWIxNjYyNDgzXkEyXkFqcGc@._V1_SX300.jpg","Ratings":[{"Source":"Internet Movie Database","Value":"8.3/10"},{"Source":"Rotten Tomatoes","Value":"98%"},{"Source":"Metacritic","Value":"88/100"}],"Metascore":"88","imdbRating":"8.3","imdbVotes":"1,204,006","imdbID":"tt1049413","Type":"movie","DVD":"N/A","BoxOffice":"$293,004,164","Production":"N/A","Website":"N/A","Response":"True"}