{"Title":"The Princess and the Frog","Year":"2009","Rated":"G","Released":"11 Dec 2009","Runtime":"97 min","Genre":"Animation, Adventure, Comedy","Director":"Ron Clements, John Musker","Writer":"Ron Clements, John Musker, Greg Erb","Actors":"Anika Noni Rose, Keith David, Oprah Winfrey","Plot":"A modern day retelling of the classic story The Frog Prince. The Princess and the Frog finds the lives of arrogant, carefree Prince Naveen and hardworking waitress Tiana crossing paths. Prince Naveen is transformed into a frog by a conniving voodoo magician and Tiana, following suit, upon kissing the amphibian royalty. With the help of a trumpet-playing alligator, a Cajun firefly, and an old blind lady who lives in a boat in a tree, Naveen and Tiana must race to break the spell and fulfill their dreams.","Language":"English, French","Country":"United States, Brazil, Canada","Awards":"Nominated for 3 Oscars. 10 wins & 42 nominations total","Poster":"https://m.media-amazon.com/images/M/MV5BOTE3YTExYTEtOTUxZC00OTM0LWJmYmItMDk5YjczNmIwNzA2XkEyXkFqcGc@._V1_SX300.jpg","Ratings":[{"Source":"Internet Movie Database","Value":"7.2/10"},{"Source":"Rotten Tomatoes","Value":"86%"},{"Source":"Metacritic","Value":"73/100"}],"Metascore":"73","imdbRating":"7.2","imdbVotes":"183,673","imdbID":"tt0780521","Type":"movie","DVD":"N/A","BoxOffice":"$104,400,899","Production":"N/A","Website":"N/A","Response":"True"}