{"Title":"Racing Stripes","Year":"2005","Rated":"PG","Released":"14 Jan 2005","Runtime":"102 min","Genre":"Adventure, Comedy, Drama","Director":"Frederik Du Chau","Writer":"David Schmidt, Steven P. Wegner, Kirk DeMicco","Actors":"Frankie Muniz, David Spade, Snoop Dogg","Plot":"An abandoned zebra grows up believing he is a racehorse, and, with the help of his barnyard friends and a teenage girl, sets out to achieve his dream of racing with thoroughbreds.","Language":"English","Country":"United States","Awards":"3 nominations total","Poster":"https://m.media-amazon.com/images/M/MV5BMjE0NDA2MTQwM15BMl5BanBnXkFtZTcwMzYxNDcyMQ@@._V1_SX300.jpg","Ratings":[{"Source":"Internet Movie Database","Value":"5.2/10"},{"Source":"Rotten Tomatoes","Value":"35%"},{"Source":"Metacritic","Value":"43/100"}],"Metascore":"43","imdbRating":"5.2","imdbVotes":"19,081","imdbID":"tt0376105","Type":"movie","DVD":"N/A","BoxOffice":"$49,772,522","Production":"N/A","Website":"N/A","Response":"True"}