{"Title":"28 Days Later","Year":"2002","Rated":"R","Released":"27 Jun 2003","Runtime":"113 min","Genre":"Drama, Horror, Sci-Fi","Director":"Danny Boyle","Writer":"Alex Garland","Actors":"Cillian Murphy, Naomie Harris, Christopher Eccleston","Plot":"Four weeks after a mysterious, incurable virus spreads throughout the United Kingdom, a handful of survivors try to find sanctuary.","Language":"English, Spanish, Finnish","Country":"United Kingdom, United States","Awards":"10 wins & 32 nominations total","Poster":"https://m.media-amazon.com/images/M/MV5BM2I4NTI0ZGQtNGQ2ZC00ODIxLWI2N2QtMDBkNzI1NDhjYjE5XkEyXkFqcGc@._V1_SX300.jpg","Ratings":[{"Source":"Internet Movie Database","Value":"7.5/10"},{"Source":"Rotten Tomatoes","Value":"87%"},{"Source":"Metacritic","Value":"73/100"}],"Metascore":"73","imdbRating":"7.5","imdbVotes":"529,096","imdbID":"tt0289043","Type":"movie","DVD":"N/A","BoxOffice":"$45,064,915","Production":"N/A","Website":"N/A","Response":"True"}