{"Title":"Jenifer","Year":"2005","Rated":"TV-MA","Released":"18 Nov 2005","Season":"1","Episode":"4","Runtime":"58 min","Genre":"Horror","Director":"Dario Argento","Writer":"Mick Garris, Steven Weber, Bruce Jones","Actors":"Steven Weber, Laurie Brunetti, Carrie Anne Fleming","Plot":"Frank Spivey (Steven Weber) is a detective who rescues a strange young girl with a horribly disfigured face and lusciously ripe body from a deranged killer.","Language":"English","Country":"United States, Canada","Awards":"N/A","Poster":"https://m.media-amazon.com/images/M/MV5BMTQ4MDQ4ODMzMV5BMl5BanBnXkFtZTcwMDg5MDUzMQ@@._V1_SX300.jpg","Ratings":[{"Source":"Internet Movie Database","Value":"6.3/10"}],"Metascore":"N/A","imdbRating":"6.3","imdbVotes":"6541","imdbID":"tt0643108","seriesID":"tt0448190","Type":"episode","Response":"True"}