{"Title":"The Prestige","Year":"2006","Rated":"PG-13","Released":"20 Oct 2006","Runtime":"130 min","Genre":"Drama, Mystery, Sci-Fi","Director":"Christopher Nolan","Writer":"Jonathan Nolan, Christopher Nolan, Christopher Priest","Actors":"Christian Bale, Hugh Jackman, Scarlett Johansson","Plot":"Rival 19th-century magicians engage in a bitter battle for trade secrets.","Language":"English","Country":"United Kingdom, United States","Awards":"Nominated for 2 Oscars. 6 wins & 44 nominations total","Poster":"https://m.media-amazon.com/images/M/MV5BMTM3MzQ5MjQ5OF5BMl5BanBnXkFtZTcwMTQ3NzMzMw@@._V1_SX300.jpg","Ratings":[{"Source":"Internet Movie Database","Value":"8.5/10"},{"Source":"Rotten Tomatoes","Value":"77%"},{"Source":"Metacritic","Value":"66/100"}],"Metascore":"66","imdbRating":"8.5","imdbVotes":"1,560,211","imdbID":"tt0482571","Type":"movie","DVD":"N/A","BoxOffice":"$53,089,891","Production":"N/A","Website":"N/A","Response":"True"}