{"Title":"Titans","Year":"2018–2023","Rated":"TV-MA","Released":"12 Oct 2018","Runtime":"45 min","Genre":"Action, Adventure, Crime","Director":"N/A","Writer":"Greg Berlanti, Akiva Goldsman, Geoff Johns","Actors":"Brenton Thwaites, Anna Diop, Ryan Potter","Plot":"Dick and Rachel, a girl possessed by a strange darkness, get embroiled in a conspiracy that could bring Hell on Earth. Joining them along the way are the hot-headed Starfire and lovable Beast Boy. Together they become a team of he...","Language":"English","Country":"United States","Awards":"5 wins & 16 nominations total","Poster":"https://m.media-amazon.com/images/M/MV5BNTJlNGQ3YmUtMGNjNC00OTE5LWFmYzEtNjJiMDNmZjk0ZjU0XkEyXkFqcGc@._V1_SX300.jpg","Ratings":[{"Source":"Internet Movie Database","Value":"7.5/10"},{"Source":"Rotten Tomatoes","Value":"50%"}],"Metascore":"N/A","imdbRating":"7.5","imdbVotes":"117,423","imdbID":"tt1043813","Type":"series","totalSeasons":"4","Response":"True"}