{"Title":"Mank","Year":"2020","Rated":"R","Released":"04 Dec 2020","Runtime":"131 min","Genre":"Biography, Drama","Director":"David Fincher","Writer":"Jack Fincher","Actors":"Gary Oldman, Amanda Seyfried, Lily Collins","Plot":"1940. Film studio RKO hires 24-year-old wunderkind Orson Welles under a contract that gives him full creative control of his movies. For his first film, he calls in washed-up alcoholic Herman J Mankiewicz to write the screenplay. That film is \"Citizen Kane,\" and this is the story of how it was written.","Language":"English, German, Latin","Country":"United States","Awards":"Won 2 Oscars. 65 wins & 270 nominations total","Poster":"https://m.media-amazon.com/images/M/MV5BOTA0NTI1ODYtZDVkMy00ZDU5LThiODgtYjEzYmNlZmUyYTg0XkEyXkFqcGc@._V1_SX300.jpg","Ratings":[{"Source":"Internet Movie Database","Value":"6.8/10"},{"Source":"Rotten Tomatoes","Value":"83%"},{"Source":"Metacritic","Value":"79/100"}],"Metascore":"79","imdbRating":"6.8","imdbVotes":"85,954","imdbID":"tt10618286","Type":"movie","DVD":"N/A","BoxOffice":"N/A","Production":"N/A","Website":"N/A","Response":"True"}