{"Title":"The Equalizer","Year":"2014","Rated":"R","Released":"26 Sep 2014","Runtime":"132 min","Genre":"Action, Crime, Thriller","Director":"Antoine Fuqua","Writer":"Richard Wenk, Michael Sloan, Richard Lindheim","Actors":"Denzel Washington, Marton Csokas, Chloë Grace Moretz","Plot":"Robert McCall is a former special service commando who faked his own death in hopes of living out a quiet life. Instead, he comes out of his self-imposed retirement to save a young girl, and finds his desire for justice reawakened after coming face-to-face with members of a brutal Russian gang. McCall becomes the go-to man when the helpless require the kind of vengeance they would never find without his skills.","Language":"English, Russian, Spanish, German, Ukrainian","Country":"United States","Awards":"1 win & 9 nominations total","Poster":"https://m.media-amazon.com/images/M/MV5BMTQ2MzE2NTk0NF5BMl5BanBnXkFtZTgwOTM3NTk1MjE@._V1_SX300.jpg","Ratings":[{"Source":"Internet Movie Database","Value":"7.3/10"},{"Source":"Rotten Tomatoes","Value":"61%"},{"Source":"Metacritic","Value":"57/100"}],"Metascore":"57","imdbRating":"7.3","imdbVotes":"458,905","imdbID":"tt0455944","Type":"movie","DVD":"N/A","BoxOffice":"$101,530,738","Production":"N/A","Website":"N/A","Response":"True"}