{"Title":"Die Another Day","Year":"2002","Rated":"PG-13","Released":"22 Nov 2002","Runtime":"133 min","Genre":"Action, Adventure, Thriller","Director":"Lee Tamahori","Writer":"Ian Fleming, Neal Purvis, Robert Wade","Actors":"Pierce Brosnan, Halle Berry, Rosamund Pike","Plot":"James Bond is sent to investigate the connection between a North Korean terrorist and a diamond mogul, who is funding the development of an international space weapon.","Language":"English, Korean, Cantonese, Spanish, German, Icelandic, Italian, Arabic","Country":"United Kingdom, United States","Awards":"6 wins & 36 nominations total","Poster":"https://m.media-amazon.com/images/M/MV5BNDZiYWFmOTQtMTQ5Yy00MzA3LWFlNzktZTVmMGQ1MDA4MjEyXkEyXkFqcGc@._V1_SX300.jpg","Ratings":[{"Source":"Internet Movie Database","Value":"6.1/10"},{"Source":"Rotten Tomatoes","Value":"56%"},{"Source":"Metacritic","Value":"56/100"}],"Metascore":"56","imdbRating":"6.1","imdbVotes":"236,957","imdbID":"tt0246460","Type":"movie","DVD":"N/A","BoxOffice":"$160,942,139","Production":"N/A","Website":"N/A","Response":"True"}