{"Title":"John Carter","Year":"2012","Rated":"PG-13","Released":"09 Mar 2012","Runtime":"132 min","Genre":"Action, Adventure, Sci-Fi","Director":"Andrew Stanton","Writer":"Andrew Stanton, Mark Andrews, Michael Chabon","Actors":"Taylor Kitsch, Lynn Collins, Willem Dafoe","Plot":"John Carter, a Civil War veteran, who in 1868 was trying to live a normal life, is \"asked\" by the Army to join, but he refuses so he is locked up. He escapes, and is pursued. Eventually they run into some Indians, and there's a gunfight. Carter seeks refuge in a cave. While there, he encounters someone who is holding some kind of medallion. When Carter touches it, he finds himself in a place where he can leap incredible heights, among other things. He later encounters beings he has never seen before. He meets a woman who helps him to discover that he is on Mars, and he learns there's some kind of unrest going on.","Language":"English","Country":"United States","Awards":"2 wins & 8 nominations total","Poster":"https://m.media-amazon.com/images/M/MV5BZWNmZGYzZjUtODRmOS00ODgzLWE4NWQtMDI3MGUwNjRjYjY0XkEyXkFqcGc@._V1_SX300.jpg","Ratings":[{"Source":"Internet Movie Database","Value":"6.6/10"},{"Source":"Rotten Tomatoes","Value":"52%"},{"Source":"Metacritic","Value":"51/100"}],"Metascore":"51","imdbRating":"6.6","imdbVotes":"294,974","imdbID":"tt0401729","Type":"movie","DVD":"N/A","BoxOffice":"$73,078,100","Production":"N/A","Website":"N/A","Response":"True"}