{"Title":"#Alive","Year":"2020","Rated":"TV-MA","Released":"08 Sep 2020","Runtime":"98 min","Genre":"Action, Drama, Horror","Director":"Il Cho","Writer":"Il Cho, Matt Naylor","Actors":"Yoo Ah-in, Park Shin-hye, Jeon Bae-soo","Plot":"Without warning, people in the streets of Seoul become extremely violent, cannibalistic, attacking passersby, behaving like zombies. A young man alone in his parents' 4th floor apartment becomes spectator to all this. There're no groceries left in the apartment. He foolishly opens the door and a neighbor forces himself in. He's infected but is finally forced out. TV informs him that the virus is spreading nationwide. As the days pass, the phone and internet stop working, then the water's gone. When all hope is gone, he sees a cute girl in the apartment across from his.","Language":"Korean","Country":"South Korea","Awards":"1 win & 1 nomination total","Poster":"https://m.media-amazon.com/images/M/MV5BZTI3ZTExYzktMDcwNC00MzUwLTg2NDQtYzBkYjAxMDAyNzVkXkEyXkFqcGc@._V1_SX300.jpg","Ratings":[{"Source":"Internet Movie Database","Value":"6.3/10"}],"Metascore":"N/A","imdbRating":"6.3","imdbVotes":"52,542","imdbID":"tt10620868","Type":"movie","DVD":"N/A","BoxOffice":"N/A","Production":"N/A","Website":"N/A","Response":"True"}