{"Title":"Fantasy Island","Year":"2020","Rated":"PG-13","Released":"14 Feb 2020","Runtime":"109 min","Genre":"Fantasy, Horror, Mystery","Director":"Jeff Wadlow","Writer":"Jeff Wadlow, Chris Roach, Jillian Jacobs","Actors":"Michael Peña, Maggie Q, Lucy Hale","Plot":"When the owner and operator of a luxurious island invites a collection of guests to live out their most elaborate fantasies in relative seclusion, chaos quickly descends.","Language":"English","Country":"United States","Awards":"5 nominations total","Poster":"https://m.media-amazon.com/images/M/MV5BMjhiNGM2NGQtNDlkNi00NTg4LWFlNTctMTE0ODNlOWY3NWI5XkEyXkFqcGc@._V1_SX300.jpg","Ratings":[{"Source":"Internet Movie Database","Value":"4.9/10"},{"Source":"Rotten Tomatoes","Value":"9%"},{"Source":"Metacritic","Value":"22/100"}],"Metascore":"22","imdbRating":"4.9","imdbVotes":"63,215","imdbID":"tt0983946","Type":"movie","DVD":"N/A","BoxOffice":"$27,309,289","Production":"N/A","Website":"N/A","Response":"True"}