{"Title":"Junebug","Year":"2005","Rated":"R","Released":"16 Sep 2005","Runtime":"106 min","Genre":"Comedy, Drama","Director":"Phil Morrison","Writer":"Angus MacLachlan","Actors":"Embeth Davidtz, Alessandro Nivola, David Kuhn","Plot":"A dealer in \"outsider\" art travels from Chicago to North Carolina to meet her new in-laws, challenging the equilibrium of this middle class Southern home.","Language":"English","Country":"United States","Awards":"Nominated for 1 Oscar. 21 wins & 28 nominations total","Poster":"https://m.media-amazon.com/images/M/MV5BNWEzM2Y0ZWEtODZkMC00N2M1LTljNDctMzMxYzE0NzUyZDliXkEyXkFqcGc@._V1_SX300.jpg","Ratings":[{"Source":"Internet Movie Database","Value":"6.9/10"},{"Source":"Rotten Tomatoes","Value":"86%"},{"Source":"Metacritic","Value":"80/100"}],"Metascore":"80","imdbRating":"6.9","imdbVotes":"23,593","imdbID":"tt0418773","Type":"movie","DVD":"N/A","BoxOffice":"$2,678,691","Production":"N/A","Website":"N/A","Response":"True"}