{"Title":"Inside 'Moonraker'","Year":"2000","Rated":"N/A","Released":"N/A","Runtime":"42 min","Genre":"Documentary, Short","Director":"John Cork","Writer":"John Cork","Actors":"Patrick Macnee, Albert R. Broccoli, Christopher Wood, Michael G. Wilson","Plot":"The making of the James Bond film that sought to bring 007 into space, after recent science fiction film successes like Star Wars (1977).","Language":"English","Country":"USA","Awards":"N/A","Poster":"https://m.media-amazon.com/images/M/MV5BM2QzM2NiZTYtNGI1ZS00ODY2LTgwOWEtNzEwNjAzMWM4ZTE4L2ltYWdlL2ltYWdlXkEyXkFqcGdeQXVyMTQxMjk0Mg@@._V1_SX300.jpg","Ratings":[{"Source":"Internet Movie Database","Value":"7.5/10"}],"Metascore":"N/A","imdbRating":"7.5","imdbVotes":"114","imdbID":"tt0322764","Type":"movie","DVD":"N/A","BoxOffice":"N/A","Production":"N/A","Website":"N/A","Response":"True"}