{"Title":"Tropic Thunder","Year":"2008","Rated":"R","Released":"13 Aug 2008","Runtime":"107 min","Genre":"Action, Comedy, War","Director":"Ben Stiller","Writer":"Justin Theroux, Ben Stiller, Etan Cohen","Actors":"Ben Stiller, Jack Black, Robert Downey Jr.","Plot":"Through a series of freak occurrences, a group of actors shooting a big-budget war movie are forced to become the soldiers they are portraying.","Language":"English, Mandarin","Country":"United Kingdom, Germany, United States","Awards":"Nominated for 1 Oscar. 10 wins & 47 nominations total","Poster":"https://m.media-amazon.com/images/M/MV5BNDE5NjQzMDkzOF5BMl5BanBnXkFtZTcwODI3ODI3MQ@@._V1_SX300.jpg","Ratings":[{"Source":"Internet Movie Database","Value":"7.1/10"},{"Source":"Rotten Tomatoes","Value":"82%"},{"Source":"Metacritic","Value":"71/100"}],"Metascore":"71","imdbRating":"7.1","imdbVotes":"482,829","imdbID":"tt0942385","Type":"movie","DVD":"N/A","BoxOffice":"$110,515,313","Production":"N/A","Website":"N/A","Response":"True"}