{"Title":"Shaun of the Dead","Year":"2004","Rated":"R","Released":"24 Sep 2004","Runtime":"99 min","Genre":"Comedy, Horror","Director":"Edgar Wright","Writer":"Simon Pegg, Edgar Wright","Actors":"Simon Pegg, Kate Ashfield, Nick Frost","Plot":"The uneventful, aimless lives of a London electronics salesman and his layabout roommate are disrupted by the zombie apocalypse.","Language":"English","Country":"United Kingdom, France, United States","Awards":"Nominated for 3 BAFTA 14 wins & 20 nominations total","Poster":"https://m.media-amazon.com/images/M/MV5BNzNjZGE4YTUtOWU3OC00Mzg2LThjNWItMzUwYzEwMDgxYmVjXkEyXkFqcGc@._V1_SX300.jpg","Ratings":[{"Source":"Internet Movie Database","Value":"7.8/10"},{"Source":"Rotten Tomatoes","Value":"92%"},{"Source":"Metacritic","Value":"76/100"}],"Metascore":"76","imdbRating":"7.8","imdbVotes":"630,456","imdbID":"tt0365748","Type":"movie","DVD":"N/A","BoxOffice":"$14,461,359","Production":"N/A","Website":"N/A","Response":"True"}