{"Title":"Breaking Bad","Year":"2008–2013","Rated":"TV-MA","Released":"20 Jan 2008","Runtime":"49 min","Genre":"Crime, Drama, Thriller","Director":"N/A","Writer":"Vince Gilligan","Actors":"Bryan Cranston, Aaron Paul, Anna Gunn","Plot":"A chemistry teacher diagnosed with inoperable lung cancer turns to manufacturing and selling methamphetamine with a former student to secure his family's future.","Language":"English, Spanish","Country":"United States","Awards":"Won 16 Primetime Emmys. 172 wins & 269 nominations total","Poster":"https://m.media-amazon.com/images/M/MV5BMzU5ZGYzNmQtMTdhYy00OGRiLTg0NmQtYjVjNzliZTg1ZGE4XkEyXkFqcGc@._V1_SX300.jpg","Ratings":[{"Source":"Internet Movie Database","Value":"9.5/10"},{"Source":"Rotten Tomatoes","Value":"96%"}],"Metascore":"N/A","imdbRating":"9.5","imdbVotes":"2,449,665","imdbID":"tt0903747","Type":"series","totalSeasons":"5","Response":"True"}