{"Title":"Spirited Away","Year":"2001","Rated":"PG","Released":"28 Mar 2003","Runtime":"124 min","Genre":"Animation, Adventure, Family","Director":"Hayao Miyazaki","Writer":"Hayao Miyazaki","Actors":"Miyu Irino, Rumi Hiiragi, Mari Natsuki","Plot":"During her family's move to the suburbs, a sullen 10-year-old girl wanders into a world ruled by gods, witches and spirits, and where humans are changed into beasts.","Language":"Japanese, English","Country":"Japan, United States","Awards":"Won 1 Oscar. 58 wins & 31 nominations total","Poster":"https://m.media-amazon.com/images/M/MV5BNTEyNmEwOWUtYzkyOC00ZTQ4LTllZmUtMjk0Y2YwOGUzYjRiXkEyXkFqcGc@._V1_SX300.jpg","Ratings":[{"Source":"Internet Movie Database","Value":"8.6/10"},{"Source":"Rotten Tomatoes","Value":"96%"},{"Source":"Metacritic","Value":"96/100"}],"Metascore":"96","imdbRating":"8.6","imdbVotes":"954,145","imdbID":"tt0245429","Type":"movie","DVD":"N/A","BoxOffice":"$14,821,254","Production":"N/A","Website":"N/A","Response":"True"}