{"Title":"CODA","Year":"2021","Rated":"PG-13","Released":"13 Aug 2021","Runtime":"111 min","Genre":"Comedy, Drama, Music","Director":"Sian Heder","Writer":"Sian Heder, Victoria Bedos, Stanislas Carré de Malberg","Actors":"Emilia Jones, Marlee Matlin, Troy Kotsur","Plot":"When the family's fishing business is threatened, Ruby finds herself torn between pursuing her musical passion and her fear of abandoning her deaf parents.","Language":"American Sign , English","Country":"France, Canada, United States","Awards":"Won 3 Oscars. 69 wins & 149 nominations total","Poster":"https://m.media-amazon.com/images/M/MV5BNzIzOTNjOTQtM2QzOC00NjFlLTljZDUtZmI4Yjg1YTkyMTBiXkEyXkFqcGc@._V1_SX300.jpg","Ratings":[{"Source":"Internet Movie Database","Value":"8.0/10"},{"Source":"Rotten Tomatoes","Value":"94%"},{"Source":"Metacritic","Value":"72/100"}],"Metascore":"72","imdbRating":"8.0","imdbVotes":"200,285","imdbID":"tt10366460","Type":"movie","DVD":"N/A","BoxOffice":"N/A","Production":"N/A","Website":"N/A","Response":"True"}