{"Title":"A.I. Artificial Intelligence","Year":"2001","Rated":"PG-13","Released":"29 Jun 2001","Runtime":"146 min","Genre":"Adventure, Drama, Sci-Fi","Director":"Steven Spielberg","Writer":"Brian Aldiss, Ian Watson, Steven Spielberg","Actors":"Haley Joel Osment, Jude Law, Frances O'Connor","Plot":"A highly advanced robotic boy longs to become \"real\" so that he can regain the love of his human mother.","Language":"English","Country":"United States","Awards":"Nominated for 2 Oscars. 18 wins & 71 nominations total","Poster":"https://m.media-amazon.com/images/M/MV5BODA1YjhhZDctM2Y1ZS00ODkyLWFmMTAtZGY5YWEzNzRjYzA1XkEyXkFqcGc@._V1_SX300.jpg","Ratings":[{"Source":"Internet Movie Database","Value":"7.2/10"},{"Source":"Rotten Tomatoes","Value":"76%"},{"Source":"Metacritic","Value":"65/100"}],"Metascore":"65","imdbRating":"7.2","imdbVotes":"337,075","imdbID":"tt0212720","Type":"movie","DVD":"N/A","BoxOffice":"$78,616,689","Production":"N/A","Website":"N/A","Response":"True"}