{"Title":"Horton Hears a Who!","Year":"2008","Rated":"G","Released":"14 Mar 2008","Runtime":"86 min","Genre":"Animation, Adventure, Comedy","Director":"Jimmy Hayward, Steve Martino","Writer":"Cinco Paul, Ken Daurio, Dr. Seuss","Actors":"Jim Carrey, Steve Carell, Carol Burnett","Plot":"Horton the Elephant struggles to protect a microscopic community from his neighbors who refuse to believe it exists.","Language":"English","Country":"United States, United Kingdom","Awards":"1 win & 18 nominations total","Poster":"https://m.media-amazon.com/images/M/MV5BM2I3NzAwN2ItYWY1Yi00OTlhLTkxMjEtZTk3MDc1MWFlMDdlXkEyXkFqcGc@._V1_SX300.jpg","Ratings":[{"Source":"Internet Movie Database","Value":"6.8/10"},{"Source":"Rotten Tomatoes","Value":"79%"},{"Source":"Metacritic","Value":"71/100"}],"Metascore":"71","imdbRating":"6.8","imdbVotes":"157,273","imdbID":"tt0451079","Type":"movie","DVD":"N/A","BoxOffice":"$154,529,439","Production":"N/A","Website":"N/A","Response":"True"}