{"Title":"Hancock","Year":"2008","Rated":"R","Released":"02 Jul 2008","Runtime":"92 min","Genre":"Action, Comedy, Drama","Director":"Peter Berg","Writer":"Vy Vincent Ngo, Vince Gilligan","Actors":"Will Smith, Charlize Theron, Jason Bateman","Plot":"Hancock is a superhero whose ill-considered behavior regularly causes damage in the millions. He changes when the person he saves helps him improve his public image.","Language":"English, Japanese, Vietnamese","Country":"United States","Awards":"4 wins & 14 nominations total","Poster":"https://m.media-amazon.com/images/M/MV5BMTgyMzc4ODU3NV5BMl5BanBnXkFtZTcwNjk5Mzc1MQ@@._V1_SX300.jpg","Ratings":[{"Source":"Internet Movie Database","Value":"6.4/10"},{"Source":"Rotten Tomatoes","Value":"42%"},{"Source":"Metacritic","Value":"49/100"}],"Metascore":"49","imdbRating":"6.4","imdbVotes":"534,419","imdbID":"tt0448157","Type":"movie","DVD":"N/A","BoxOffice":"$227,946,274","Production":"N/A","Website":"N/A","Response":"True"}