{"Title":"Toy Story 3","Year":"2010","Rated":"G","Released":"18 Jun 2010","Runtime":"103 min","Genre":"Animation, Adventure, Comedy","Director":"Lee Unkrich","Writer":"John Lasseter, Andrew Stanton, Lee Unkrich","Actors":"Tom Hanks, Tim Allen, Joan Cusack","Plot":"Woody, Buzz and the whole gang are back. As their owner Andy prepares to depart for college, his loyal toys find themselves in daycare where untamed tots with their sticky little fingers do not play nice. So, it's all for one and one for all as they join Barbie's counterpart Ken, a thespian hedgehog named Mr. Pricklepants and a pink, strawberry-scented teddy bear called Lots-o'-Huggin' Bear to plan their great escape.","Language":"English, Spanish","Country":"United States","Awards":"Won 2 Oscars. 63 wins & 96 nominations total","Poster":"https://m.media-amazon.com/images/M/MV5BMTgxOTY4Mjc0MF5BMl5BanBnXkFtZTcwNTA4MDQyMw@@._V1_SX300.jpg","Ratings":[{"Source":"Internet Movie Database","Value":"8.3/10"},{"Source":"Rotten Tomatoes","Value":"98%"},{"Source":"Metacritic","Value":"92/100"}],"Metascore":"92","imdbRating":"8.3","imdbVotes":"956,088","imdbID":"tt0435761","Type":"movie","DVD":"N/A","BoxOffice":"$415,004,880","Production":"N/A","Website":"N/A","Response":"True"}