{"Title":"Gangs of New York","Year":"2002","Rated":"R","Released":"20 Dec 2002","Runtime":"167 min","Genre":"Crime, Drama","Director":"Martin Scorsese","Writer":"Jay Cocks, Steven Zaillian, Kenneth Lonergan","Actors":"Leonardo DiCaprio, Cameron Diaz, Daniel Day-Lewis","Plot":"In 1862, Amsterdam Vallon returns to the Five Points area of New York City seeking revenge against Bill the Butcher; his father's killer.","Language":"English, Irish Gaelic, Chinese, Latin","Country":"United States, Italy","Awards":"Nominated for 10 Oscars. 50 wins & 135 nominations total","Poster":"https://m.media-amazon.com/images/M/MV5BMTQ0MDA0MTUtYzkzMi00NDY3LThhZDEtNGM4MWUwYzMyZDk5XkEyXkFqcGc@._V1_SX300.jpg","Ratings":[{"Source":"Internet Movie Database","Value":"7.5/10"},{"Source":"Rotten Tomatoes","Value":"72%"},{"Source":"Metacritic","Value":"72/100"}],"Metascore":"72","imdbRating":"7.5","imdbVotes":"491,688","imdbID":"tt0217505","Type":"movie","DVD":"N/A","BoxOffice":"$77,812,000","Production":"N/A","Website":"N/A","Response":"True"}