{"Title":"Brother Bear","Year":"2003","Rated":"G","Released":"01 Nov 2003","Runtime":"85 min","Genre":"Animation, Adventure, Comedy","Director":"Aaron Blaise, Robert Walker","Writer":"Tab Murphy, Lorne Cameron, David Hoselton","Actors":"Joaquin Phoenix, Jeremy Suarez, Rick Moranis","Plot":"When a young Inuit hunter needlessly kills a bear, he is magically changed into a bear himself as punishment with a talkative cub being his only guide to changing back.","Language":"English, Inuktitut, Croatian, Serbian","Country":"United States, Japan","Awards":"Nominated for 1 Oscar. 2 wins & 22 nominations total","Poster":"https://m.media-amazon.com/images/M/MV5BMTIyNTAyNDYxNF5BMl5BanBnXkFtZTYwNjYwMjg2._V1_SX300.jpg","Ratings":[{"Source":"Internet Movie Database","Value":"6.9/10"},{"Source":"Rotten Tomatoes","Value":"38%"},{"Source":"Metacritic","Value":"48/100"}],"Metascore":"48","imdbRating":"6.9","imdbVotes":"133,298","imdbID":"tt0328880","Type":"movie","DVD":"N/A","BoxOffice":"$85,336,277","Production":"N/A","Website":"N/A","Response":"True"}