{"Title":"The Blind Side","Year":"2009","Rated":"PG-13","Released":"20 Nov 2009","Runtime":"129 min","Genre":"Biography, Drama, Sport","Director":"John Lee Hancock","Writer":"John Lee Hancock, Michael Lewis","Actors":"Quinton Aaron, Sandra Bullock, Tim McGraw","Plot":"Based on the true story of Leigh Anne Tuohy and Sean Tuohy who take in a homeless teenage African-American, Michael Oher. Michael has no idea who his father is and his mother is a drug addict. Michael has had little formal education and few skills to help him learn. Leigh Anne soon takes charge however, as is her nature, ensuring that the young man has every opportunity to succeed. When he expresses an interest in football, she goes all out to help him, including giving the coach a few ideas on how best to use Michael's skills. They not only provide him with a loving home, but hire a tutor to help him improve his grades to the point where he would qualify for an NCAA Division I athletic scholarship. Michael Oher was the first-round pick of the Baltimore Ravens in the 2009 NFL draft.","Language":"English","Country":"United States","Awards":"Won 1 Oscar. 9 wins & 30 nominations total","Poster":"https://m.media-amazon.com/images/M/MV5BMjEzOTE3ODM3OF5BMl5BanBnXkFtZTcwMzYyODI4Mg@@._V1_SX300.jpg","Ratings":[{"Source":"Internet Movie Database","Value":"7.6/10"},{"Source":"Rotten Tomatoes","Value":"66%"},{"Source":"Metacritic","Value":"53/100"}],"Metascore":"53","imdbRating":"7.6","imdbVotes":"383,190","imdbID":"tt0878804","Type":"movie","DVD":"N/A","BoxOffice":"$255,982,860","Production":"N/A","Website":"N/A","Response":"True"}