{"Title":"Rush Hour 2","Year":"2001","Rated":"PG-13","Released":"03 Aug 2001","Runtime":"90 min","Genre":"Action, Comedy, Crime","Director":"Brett Ratner","Writer":"Ross LaManna, Jeff Nathanson","Actors":"Jackie Chan, Chris Tucker, John Lone","Plot":"Carter and Lee head to Hong Kong for a vacation, but become embroiled in a counterfeit money scam.","Language":"English, Mandarin, Cantonese","Country":"United States, Hong Kong","Awards":"10 wins & 22 nominations total","Poster":"https://m.media-amazon.com/images/M/MV5BMGM0OTM4NGYtYzkzMC00OGZmLWEwZTItOTg4ZTdkYTIxOTc0XkEyXkFqcGc@._V1_SX300.jpg","Ratings":[{"Source":"Internet Movie Database","Value":"6.7/10"},{"Source":"Rotten Tomatoes","Value":"50%"},{"Source":"Metacritic","Value":"48/100"}],"Metascore":"48","imdbRating":"6.7","imdbVotes":"256,979","imdbID":"tt0266915","Type":"movie","DVD":"N/A","BoxOffice":"$226,164,286","Production":"N/A","Website":"N/A","Response":"True"}