{"Title":"Superbad","Year":"2007","Rated":"R","Released":"17 Aug 2007","Runtime":"113 min","Genre":"Comedy","Director":"Greg Mottola","Writer":"Seth Rogen, Evan Goldberg","Actors":"Michael Cera, Jonah Hill, Christopher Mintz-Plasse","Plot":"Two co-dependent high school seniors are forced to deal with separation anxiety after their plan to stage a booze-soaked party goes awry.","Language":"English","Country":"United States","Awards":"11 wins & 24 nominations total","Poster":"https://m.media-amazon.com/images/M/MV5BNjk0MzdlZGEtNTRkOC00ZDRiLWJkYjAtMzUzYTRiNzk1YTViXkEyXkFqcGc@._V1_SX300.jpg","Ratings":[{"Source":"Internet Movie Database","Value":"7.6/10"},{"Source":"Rotten Tomatoes","Value":"88%"},{"Source":"Metacritic","Value":"76/100"}],"Metascore":"76","imdbRating":"7.6","imdbVotes":"682,160","imdbID":"tt0829482","Type":"movie","DVD":"N/A","BoxOffice":"$121,463,226","Production":"N/A","Website":"N/A","Response":"True"}