{"Title":"Mary","Year":"2005","Rated":"Not Rated","Released":"11 Nov 2005","Runtime":"83 min","Genre":"Drama, Thriller","Director":"Abel Ferrara","Writer":"Abel Ferrara, Mario Isabella, Simone Lageoles","Actors":"Juliette Binoche, Forest Whitaker, Matthew Modine","Plot":"The Virgin Mary delivers a message to an 11-year-old girl.","Language":"English, Hebrew, French","Country":"Italy, France, United States","Awards":"4 wins & 1 nomination","Poster":"https://m.media-amazon.com/images/M/MV5BZDA5Njc1NTctMjRjMy00M2E3LTg1YjUtMzRhMzBjNzAxOWEyXkEyXkFqcGc@._V1_SX300.jpg","Ratings":[{"Source":"Internet Movie Database","Value":"5.8/10"},{"Source":"Rotten Tomatoes","Value":"59%"}],"Metascore":"N/A","imdbRating":"5.8","imdbVotes":"2,124","imdbID":"tt0425236","Type":"movie","DVD":"N/A","BoxOffice":"N/A","Production":"N/A","Website":"N/A","Response":"True"}