{"Title":"Old School","Year":"2003","Rated":"R","Released":"21 Feb 2003","Runtime":"88 min","Genre":"Comedy","Director":"Todd Phillips","Writer":"Court Crandall, Todd Phillips, Scot Armstrong","Actors":"Luke Wilson, Vince Vaughn, Will Ferrell","Plot":"Three friends attempt to recapture their glory days by opening up a fraternity near their alma mater.","Language":"English","Country":"United States","Awards":"5 nominations total","Poster":"https://m.media-amazon.com/images/M/MV5BZGZiNGEwNjQtNTMzOS00NDI3LWI2ZWQtMGQwMjEzNjExZjNlXkEyXkFqcGc@._V1_SX300.jpg","Ratings":[{"Source":"Internet Movie Database","Value":"7.0/10"},{"Source":"Rotten Tomatoes","Value":"60%"},{"Source":"Metacritic","Value":"54/100"}],"Metascore":"54","imdbRating":"7.0","imdbVotes":"255,772","imdbID":"tt0302886","Type":"movie","DVD":"N/A","BoxOffice":"$75,585,093","Production":"N/A","Website":"N/A","Response":"True"}