{"Title":"Man on Fire","Year":"2004","Rated":"R","Released":"23 Apr 2004","Runtime":"146 min","Genre":"Action, Crime, Drama","Director":"Tony Scott","Writer":"A.J. Quinnell, Brian Helgeland","Actors":"Denzel Washington, Christopher Walken, Dakota Fanning","Plot":"In Mexico City, a former CIA operative swears vengeance on those who committed an unspeakable act against the family he was hired to protect.","Language":"English, Spanish","Country":"Switzerland, United Kingdom, United States, Mexico","Awards":"1 win & 7 nominations total","Poster":"https://m.media-amazon.com/images/M/MV5BMGMzNjg3ZDgtOGNlNy00NTdjLWI2NDEtMjI1MmEwMTBmMjMxXkEyXkFqcGc@._V1_SX300.jpg","Ratings":[{"Source":"Internet Movie Database","Value":"7.7/10"},{"Source":"Rotten Tomatoes","Value":"39%"},{"Source":"Metacritic","Value":"47/100"}],"Metascore":"47","imdbRating":"7.7","imdbVotes":"413,069","imdbID":"tt0328107","Type":"movie","DVD":"N/A","BoxOffice":"$77,911,774","Production":"N/A","Website":"N/A","Response":"True"}