{"Title":"Indiana Jones and the Kingdom of the Crystal Skull","Year":"2008","Rated":"PG-13","Released":"22 May 2008","Runtime":"122 min","Genre":"Action, Adventure","Director":"Steven Spielberg","Writer":"David Koepp, George Lucas, Jeff Nathanson","Actors":"Harrison Ford, Cate Blanchett, Shia LaBeouf","Plot":"In 1957, Indiana Jones is called back into action when he becomes entangled in a Soviet plot to uncover the secret behind mysterious artifacts known as the Crystal Skulls.","Language":"English, German, Russian","Country":"United States","Awards":"Nominated for 1 BAFTA Award10 wins & 42 nominations total","Poster":"https://m.media-amazon.com/images/M/MV5BYTFiMDk2NzItZDU5Ni00ZjBjLTkzYWQtYzcwZDIwMWZjMmZiXkEyXkFqcGc@._V1_SX300.jpg","Ratings":[{"Source":"Internet Movie Database","Value":"6.2/10"},{"Source":"Rotten Tomatoes","Value":"77%"},{"Source":"Metacritic","Value":"65/100"}],"Metascore":"65","imdbRating":"6.2","imdbVotes":"510,008","imdbID":"tt0367882","Type":"movie","DVD":"N/A","BoxOffice":"$317,101,119","Production":"N/A","Website":"N/A","Response":"True"}