{"Title":"Oldboy","Year":"2003","Rated":"R","Released":"21 Nov 2003","Runtime":"120 min","Genre":"Action, Drama, Mystery","Director":"Park Chan-wook","Writer":"Garon Tsuchiya, Nobuaki Minegishi, Park Chan-wook","Actors":"Choi Min-sik, Yoo Ji-tae, Kang Hye-jeong","Plot":"After being kidnapped and imprisoned for fifteen years, Oh Dae-Su is released, only to find that he must track down his captor in five days.","Language":"Korean","Country":"South Korea","Awards":"46 wins & 28 nominations total","Poster":"https://m.media-amazon.com/images/M/MV5BMTAwNzNjYWItZmI0Ni00ZTcyLWIwNWMtZjlmNGMxZTEyYTJmXkEyXkFqcGc@._V1_SX300.jpg","Ratings":[{"Source":"Internet Movie Database","Value":"8.3/10"},{"Source":"Rotten Tomatoes","Value":"82%"},{"Source":"Metacritic","Value":"78/100"}],"Metascore":"78","imdbRating":"8.3","imdbVotes":"705,254","imdbID":"tt0364569","Type":"movie","DVD":"N/A","BoxOffice":"$2,458,200","Production":"N/A","Website":"N/A","Response":"True"}