{"Title":"Catch Me If You Can","Year":"2002","Rated":"PG-13","Released":"25 Dec 2002","Runtime":"141 min","Genre":"Biography, Crime, Drama","Director":"Steven Spielberg","Writer":"Frank Abagnale Jr., Stan Redding, Jeff Nathanson","Actors":"Leonardo DiCaprio, Tom Hanks, Christopher Walken","Plot":"Barely 17 yet, Frank is a skilled forger who has passed as a doctor, lawyer and pilot. FBI agent Carl becomes obsessed with tracking down the con man, who only revels in the pursuit.","Language":"English, French","Country":"United States, Canada","Awards":"Nominated for 2 Oscars. 16 wins & 46 nominations total","Poster":"https://m.media-amazon.com/images/M/MV5BMTY5MzYzNjc5NV5BMl5BanBnXkFtZTYwNTUyNTc2._V1_SX300.jpg","Ratings":[{"Source":"Internet Movie Database","Value":"8.1/10"},{"Source":"Rotten Tomatoes","Value":"96%"},{"Source":"Metacritic","Value":"75/100"}],"Metascore":"75","imdbRating":"8.1","imdbVotes":"1,207,125","imdbID":"tt0264464","Type":"movie","DVD":"N/A","BoxOffice":"$164,615,351","Production":"N/A","Website":"N/A","Response":"True"}