{"Title":"The Pianist","Year":"2002","Rated":"R","Released":"28 Mar 2003","Runtime":"150 min","Genre":"Biography, Drama, Music","Director":"Roman Polanski","Writer":"Ronald Harwood, Wladyslaw Szpilman","Actors":"Adrien Brody, Thomas Kretschmann, Frank Finlay","Plot":"During WWII, acclaimed Polish musician Wladyslaw faces various struggles as he loses contact with his family. As the situation worsens, he hides in the ruins of Warsaw in order to survive.","Language":"English, German, Russian","Country":"France, Poland, Germany, United Kingdom, United States","Awards":"Won 3 Oscars. 57 wins & 74 nominations total","Poster":"https://m.media-amazon.com/images/M/MV5BMjEwNmEwYjgtNTk3ZC00NjljLTg5ZDctZTY3ZGQwZjRkZmQxXkEyXkFqcGc@._V1_SX300.jpg","Ratings":[{"Source":"Internet Movie Database","Value":"8.5/10"},{"Source":"Rotten Tomatoes","Value":"95%"},{"Source":"Metacritic","Value":"85/100"}],"Metascore":"85","imdbRating":"8.5","imdbVotes":"1,002,792","imdbID":"tt0253474","Type":"movie","DVD":"N/A","BoxOffice":"$32,590,750","Production":"N/A","Website":"N/A","Response":"True"}