{"Title":"Bruce Almighty","Year":"2003","Rated":"PG-13","Released":"23 May 2003","Runtime":"101 min","Genre":"Comedy, Fantasy","Director":"Tom Shadyac","Writer":"Steve Koren, Mark O'Keefe, Steve Oedekerk","Actors":"Jim Carrey, Jennifer Aniston, Morgan Freeman","Plot":"A whiny news reporter is given the chance to step into God's shoes.","Language":"English, Spanish","Country":"United States","Awards":"7 wins & 9 nominations total","Poster":"https://m.media-amazon.com/images/M/MV5BZWM2ZjA2OTctZmRhMy00ZDIzLTkwZGQtYTRlNmQwZWZmMDBlXkEyXkFqcGc@._V1_SX300.jpg","Ratings":[{"Source":"Internet Movie Database","Value":"6.8/10"},{"Source":"Rotten Tomatoes","Value":"48%"},{"Source":"Metacritic","Value":"46/100"}],"Metascore":"46","imdbRating":"6.8","imdbVotes":"463,490","imdbID":"tt0315327","Type":"movie","DVD":"N/A","BoxOffice":"$242,829,261","Production":"N/A","Website":"N/A","Response":"True"}