{"Title":"Panic","Year":"2000","Rated":"R","Released":"26 Apr 2001","Runtime":"88 min","Genre":"Comedy, Crime, Drama","Director":"Henry Bromell","Writer":"Henry Bromell","Actors":"William H. Macy, Neve Campbell, John Ritter","Plot":"Alex, a hit man, tries to get out of the family business, but his father won't let him do so. While seeking the help of a therapist, he meets a sexually charged 23-year-old woman with whom he falls in love.","Language":"English","Country":"United States","Awards":"2 nominations total","Poster":"https://m.media-amazon.com/images/M/MV5BYjU3MDIyYzgtNDYwNS00OWEzLWIxZjctNDBmNDA3NDg5ZWY0XkEyXkFqcGc@._V1_SX300.jpg","Ratings":[{"Source":"Internet Movie Database","Value":"6.6/10"},{"Source":"Rotten Tomatoes","Value":"91%"},{"Source":"Metacritic","Value":"77/100"}],"Metascore":"77","imdbRating":"6.6","imdbVotes":"9,463","imdbID":"tt0194218","Type":"movie","DVD":"N/A","BoxOffice":"$779,137","Production":"N/A","Website":"N/A","Response":"True"}