{"Title":"Crash","Year":"2004","Rated":"R","Released":"06 May 2005","Runtime":"112 min","Genre":"Crime, Drama, Thriller","Director":"Paul Haggis","Writer":"Paul Haggis, Bobby Moresco","Actors":"Don Cheadle, Sandra Bullock, Thandiwe Newton","Plot":"Racial tensions collide in a collection of intertwined stories involving residents of Los Angeles.","Language":"English, Persian, Spanish, Mandarin, Korean","Country":"United States, Germany","Awards":"Won 3 Oscars. 66 wins & 112 nominations total","Poster":"https://m.media-amazon.com/images/M/MV5BOTk1OTA1MjIyNV5BMl5BanBnXkFtZTcwODQxMTkyMQ@@._V1_SX300.jpg","Ratings":[{"Source":"Internet Movie Database","Value":"7.7/10"},{"Source":"Rotten Tomatoes","Value":"73%"},{"Source":"Metacritic","Value":"66/100"}],"Metascore":"66","imdbRating":"7.7","imdbVotes":"459,726","imdbID":"tt0375679","Type":"movie","DVD":"N/A","BoxOffice":"$54,580,300","Production":"N/A","Website":"N/A","Response":"True"}