{"Title":"Ice Age: Dawn of the Dinosaurs","Year":"2009","Rated":"PG","Released":"01 Jul 2009","Runtime":"94 min","Genre":"Animation, Adventure, Comedy","Director":"Carlos Saldanha, Michael Thurmeier","Writer":"Michael Berg, Peter Ackerman, Mike Reiss","Actors":"Ray Romano, John Leguizamo, Denis Leary","Plot":"After the events of \"Ice Age: The Meltdown\", life begins to change for Manny and his friends: Scrat is still on the hunt to hold onto his beloved acorn, while finding a possible romance in a female sabre-toothed squirrel named Scratte. Manny and Ellie, having since become an item, are expecting a baby, which leaves Manny anxious to ensure that everything is perfect for when his baby arrives. Diego is fed up with being treated like a house-cat and ponders the notion that he is becoming too laid-back. Sid begins to wish for a family of his own, and so steals some dinosaur eggs which leads to Sid ending up in a strange underground world where his herd must rescue him, while dodging dinosaurs and facing danger left and right, and meeting up with a one-eyed weasel known as Buck who hunts dinosaurs intently.","Language":"English","Country":"United States, United Kingdom, Canada","Awards":"3 wins & 13 nominations total","Poster":"https://m.media-amazon.com/images/M/MV5BZWJjZDYwMjgtZDZiMy00YzcyLThjN2YtYjI1ZDQ2ZDJkOTVmXkEyXkFqcGc@._V1_SX300.jpg","Ratings":[{"Source":"Internet Movie Database","Value":"6.9/10"},{"Source":"Rotten Tomatoes","Value":"46%"},{"Source":"Metacritic","Value":"50/100"}],"Metascore":"50","imdbRating":"6.9","imdbVotes":"282,279","imdbID":"tt1080016","Type":"movie","DVD":"N/A","BoxOffice":"$196,573,705","Production":"N/A","Website":"N/A","Response":"True"}