{"Title":"Big Momma's House","Year":"2000","Rated":"PG-13","Released":"02 Jun 2000","Runtime":"99 min","Genre":"Action, Comedy, Crime","Director":"Raja Gosnell","Writer":"Darryl Quarles, Don Rhymer","Actors":"Martin Lawrence, Nia Long, Paul Giamatti","Plot":"FBI agent Malcolm Turner goes undercover as a large, elderly woman to catch an escaped convict, but complications arise when he bonds with Sherry, the convict's ex-girlfriend and the woman's granddaughter.","Language":"English","Country":"Germany, United States","Awards":"1 win & 9 nominations total","Poster":"https://m.media-amazon.com/images/M/MV5BMTg4YWY4MjEtNzQ2NC00MDJjLTg3YWEtZDI1ODkzYjEwNjczXkEyXkFqcGc@._V1_SX300.jpg","Ratings":[{"Source":"Internet Movie Database","Value":"5.3/10"},{"Source":"Rotten Tomatoes","Value":"31%"},{"Source":"Metacritic","Value":"33/100"}],"Metascore":"33","imdbRating":"5.3","imdbVotes":"94,730","imdbID":"tt0208003","Type":"movie","DVD":"N/A","BoxOffice":"$117,559,438","Production":"N/A","Website":"N/A","Response":"True"}