{"Title":"Bee Movie","Year":"2007","Rated":"PG","Released":"02 Nov 2007","Runtime":"91 min","Genre":"Animation, Adventure, Comedy","Director":"Simon J. Smith, Steve Hickner","Writer":"Jerry Seinfeld, Spike Feresten, Barry Marder","Actors":"Jerry Seinfeld, Renée Zellweger, Matthew Broderick","Plot":"Barry B. Benson, a bee just graduated from college, is disillusioned at his lone career choice: making honey. On a special trip outside the hive, Barry's life is saved by Vanessa, a florist in New York City. As their relationship ...","Language":"English","Country":"United States","Awards":"1 win & 15 nominations total","Poster":"https://m.media-amazon.com/images/M/MV5BMjE1MDYxOTA4MF5BMl5BanBnXkFtZTcwMDE0MDUzMw@@._V1_SX300.jpg","Ratings":[{"Source":"Internet Movie Database","Value":"6.1/10"},{"Source":"Rotten Tomatoes","Value":"49%"},{"Source":"Metacritic","Value":"54/100"}],"Metascore":"54","imdbRating":"6.1","imdbVotes":"194,532","imdbID":"tt0389790","Type":"movie","DVD":"N/A","BoxOffice":"$126,631,277","Production":"N/A","Website":"N/A","Response":"True"}