{"Title":"Unbreakable","Year":"2000","Rated":"PG-13","Released":"22 Nov 2000","Runtime":"106 min","Genre":"Drama, Mystery, Sci-Fi","Director":"M. Night Shyamalan","Writer":"M. Night Shyamalan","Actors":"Bruce Willis, Samuel L. Jackson, Robin Wright","Plot":"A man learns something extraordinary about himself after a devastating accident.","Language":"English","Country":"United States","Awards":"2 wins & 16 nominations total","Poster":"https://m.media-amazon.com/images/M/MV5BZWNmMGYwMDQtNGIxMS00MzMzLTlhNmItYzllN2M2M2EwMTZmXkEyXkFqcGc@._V1_SX300.jpg","Ratings":[{"Source":"Internet Movie Database","Value":"7.3/10"},{"Source":"Rotten Tomatoes","Value":"70%"},{"Source":"Metacritic","Value":"62/100"}],"Metascore":"62","imdbRating":"7.3","imdbVotes":"464,005","imdbID":"tt0217869","Type":"movie","DVD":"N/A","BoxOffice":"$95,011,339","Production":"N/A","Website":"N/A","Response":"True"}