{"Title":"Mortal Kombat","Year":"2021","Rated":"R","Released":"23 Apr 2021","Runtime":"110 min","Genre":"Action, Adventure, Fantasy","Director":"Simon McQuoid","Writer":"Greg Russo, Dave Callaham, Oren Uziel","Actors":"Lewis Tan, Jessica McNamee, Josh Lawson","Plot":"MMA fighter Cole Young seeks out Earth's greatest champions in order to stand against the enemies of Outworld in a high stakes battle for the universe.","Language":"English, Japanese, Chinese","Country":"United States","Awards":"4 wins & 10 nominations total","Poster":"https://m.media-amazon.com/images/M/MV5BNmRmN2I5M2EtNDA1Ny00N2ZmLWE3YWYtMjQ1NTFjY2Q4NWM5XkEyXkFqcGc@._V1_SX300.jpg","Ratings":[{"Source":"Internet Movie Database","Value":"6.1/10"},{"Source":"Rotten Tomatoes","Value":"55%"},{"Source":"Metacritic","Value":"44/100"}],"Metascore":"44","imdbRating":"6.1","imdbVotes":"201,721","imdbID":"tt0293429","Type":"movie","DVD":"N/A","BoxOffice":"$42,326,031","Production":"N/A","Website":"N/A","Response":"True"}