{"Title":"Wedding Crashers","Year":"2005","Rated":"R","Released":"15 Jul 2005","Runtime":"119 min","Genre":"Comedy, Romance","Director":"David Dobkin","Writer":"Steve Faber, Bob Fisher","Actors":"Owen Wilson, Vince Vaughn, Rachel McAdams","Plot":"John Beckwith and Jeremy Grey, a pair of committed womanizers who sneak into weddings to take advantage of the romantic tinge in the air, find themselves at odds with one another when John meets and falls for Claire Cleary.","Language":"English","Country":"United States","Awards":"11 wins & 11 nominations total","Poster":"https://m.media-amazon.com/images/M/MV5BYzQwNmU0NGEtZjlmYy00ZjQ5LTlmMWYtODY3YzI4NTdiYzA4XkEyXkFqcGc@._V1_SX300.jpg","Ratings":[{"Source":"Internet Movie Database","Value":"7.0/10"},{"Source":"Rotten Tomatoes","Value":"75%"},{"Source":"Metacritic","Value":"64/100"}],"Metascore":"64","imdbRating":"7.0","imdbVotes":"393,852","imdbID":"tt0396269","Type":"movie","DVD":"N/A","BoxOffice":"$209,273,411","Production":"N/A","Website":"N/A","Response":"True"}