{"Title":"Babylon","Year":"2022","Rated":"R","Released":"23 Dec 2022","Runtime":"189 min","Genre":"Comedy, Drama","Director":"Damien Chazelle","Writer":"Damien Chazelle","Actors":"Brad Pitt, Margot Robbie, Jean Smart","Plot":"A tale of outsized ambition and outrageous excess, it traces the rise and fall of multiple characters during an era of unbridled decadence and depravity in early Hollywood.","Language":"English, Spanish, Italian, Cantonese, French, Hungarian, German","Country":"United States","Awards":"Nominated for 3 Oscars. 45 wins & 158 nominations total","Poster":"https://m.media-amazon.com/images/M/MV5BNGY3M2NkN2QtZTdhOS00YTNjLTgyYmMtMGY3Y2U0OTk2NjA0XkEyXkFqcGc@._V1_SX300.jpg","Ratings":[{"Source":"Internet Movie Database","Value":"7.1/10"},{"Source":"Rotten Tomatoes","Value":"57%"},{"Source":"Metacritic","Value":"61/100"}],"Metascore":"61","imdbRating":"7.1","imdbVotes":"198,997","imdbID":"tt10640346","Type":"movie","DVD":"N/A","BoxOffice":"$15,658,225","Production":"N/A","Website":"N/A","Response":"True"}