{"Title":"The Hills Have Eyes","Year":"2006","Rated":"R","Released":"10 Mar 2006","Runtime":"107 min","Genre":"Horror, Thriller","Director":"Alexandre Aja","Writer":"Wes Craven, Alexandre Aja, Grégory Levasseur","Actors":"Ted Levine, Kathleen Quinlan, Dan Byrd","Plot":"A traveling family falls victim to a group of mutated cannibals in a desert far away from civilization.","Language":"English","Country":"United States, France, Morocco","Awards":"2 wins & 13 nominations total","Poster":"https://m.media-amazon.com/images/M/MV5BMzk0MTg5MzEyOF5BMl5BanBnXkFtZTcwNDUyMzIzMQ@@._V1_SX300.jpg","Ratings":[{"Source":"Internet Movie Database","Value":"6.4/10"},{"Source":"Rotten Tomatoes","Value":"51%"},{"Source":"Metacritic","Value":"52/100"}],"Metascore":"52","imdbRating":"6.4","imdbVotes":"191,132","imdbID":"tt0454841","Type":"movie","DVD":"N/A","BoxOffice":"$41,778,863","Production":"N/A","Website":"N/A","Response":"True"}