{"Title":"After We Collided","Year":"2020","Rated":"R","Released":"23 Oct 2020","Runtime":"105 min","Genre":"Drama, Romance","Director":"Roger Kumble","Writer":"Anna Todd, Mario Celaya","Actors":"Josephine Langford, Hero Fiennes Tiffin, Dylan Sprouse","Plot":"Based on the 2014 romance novel of the same name, this follows the love life of two young adults.","Language":"English, Chinese","Country":"United States","Awards":"1 win total","Poster":"https://m.media-amazon.com/images/M/MV5BMDFmMGYzMGYtNWFkNy00NTFmLWIzNjMtNjhjOWI3NjEyNDE0XkEyXkFqcGc@._V1_SX300.jpg","Ratings":[{"Source":"Internet Movie Database","Value":"5.1/10"},{"Source":"Rotten Tomatoes","Value":"13%"},{"Source":"Metacritic","Value":"14/100"}],"Metascore":"14","imdbRating":"5.1","imdbVotes":"43,084","imdbID":"tt10362466","Type":"movie","DVD":"N/A","BoxOffice":"$2,386,483","Production":"N/A","Website":"N/A","Response":"True"}