{"Title":"Army of the Dead","Year":"2021","Rated":"R","Released":"21 May 2021","Runtime":"148 min","Genre":"Action, Adventure, Crime","Director":"Zack Snyder","Writer":"Zack Snyder, Shay Hatten, Joby Harold","Actors":"Dave Bautista, Ella Purnell, Ana de la Reguera","Plot":"With the abandoned, walled city of Las Vegas overrun with zombies, after a disastrous government fault, billionaire casino magnate Bly Tanaka realises he has left something behind in Sin City: $200 million to be more precise. But for the time being, his mountains of cash are safe behind an impenetrable casino vault. Now, Tanaka is willing to pay $50 million to decorated former mercenary Scott Ward and his hand-picked team to retrieve the money before the US President nukes the entire city. Indeed, this is a life-changing offer Scott cannot refuse; nevertheless, the rules have changed, and this time, the horde of the walking undead seems to be more organised than they might have expected. And, above all, time is running out. Will Ward's crew return from Vegas in one piece and rich?","Language":"English, Spanish, German, French, Bable, Polish","Country":"United States","Awards":"1 win & 4 nominations total","Poster":"https://m.media-amazon.com/images/M/MV5BNjc0MDFjZmQtMWMxZi00YzY4LWI5N2EtOGQwM2IzZjRkYmY1XkEyXkFqcGc@._V1_SX300.jpg","Ratings":[{"Source":"Internet Movie Database","Value":"5.8/10"},{"Source":"Rotten Tomatoes","Value":"68%"},{"Source":"Metacritic","Value":"57/100"}],"Metascore":"57","imdbRating":"5.8","imdbVotes":"198,860","imdbID":"tt0993840","Type":"movie","DVD":"N/A","BoxOffice":"N/A","Production":"N/A","Website":"N/A","Response":"True"}