{"Title":"Flushed Away","Year":"2006","Rated":"PG","Released":"03 Nov 2006","Runtime":"85 min","Genre":"Animation, Action, Adventure","Director":"David Bowers, Sam Fell","Writer":"Dick Clement, Ian La Frenais, Christopher Lloyd","Actors":"Hugh Jackman, Kate Winslet, Ian McKellen","Plot":"The story of an uptown rat that gets flushed down the toilet from his penthouse apartment, ending in the sewers of London, where he has to learn a whole new and different way of life.","Language":"English","Country":"United Kingdom, United States","Awards":"Nominated for 1 BAFTA Award7 wins & 15 nominations total","Poster":"https://m.media-amazon.com/images/M/MV5BMTI1MzE1MDk2N15BMl5BanBnXkFtZTYwMjEwMzI3._V1_SX300.jpg","Ratings":[{"Source":"Internet Movie Database","Value":"6.6/10"},{"Source":"Rotten Tomatoes","Value":"72%"},{"Source":"Metacritic","Value":"74/100"}],"Metascore":"74","imdbRating":"6.6","imdbVotes":"147,280","imdbID":"tt0424095","Type":"movie","DVD":"N/A","BoxOffice":"$64,665,672","Production":"N/A","Website":"N/A","Response":"True"}