{"Title":"The Holiday","Year":"2006","Rated":"PG-13","Released":"08 Dec 2006","Runtime":"136 min","Genre":"Comedy, Romance","Director":"Nancy Meyers","Writer":"Nancy Meyers","Actors":"Kate Winslet, Cameron Diaz, Jude Law","Plot":"Amanda lives in LA and is a movie trailer editor. Iris lives in Surrey and is a journalist. The two decide to swap houses for two weeks at Christmas - both trying to forget their troubled love lives, until love finds them anyways.","Language":"English","Country":"United States","Awards":"2 wins & 12 nominations total","Poster":"https://m.media-amazon.com/images/M/MV5BZmEwNDg0M2QtMDdiNy00YTliLTk4ZjctOThjZjczODVmMTdkXkEyXkFqcGc@._V1_SX300.jpg","Ratings":[{"Source":"Internet Movie Database","Value":"7.0/10"},{"Source":"Rotten Tomatoes","Value":"51%"},{"Source":"Metacritic","Value":"52/100"}],"Metascore":"52","imdbRating":"7.0","imdbVotes":"362,015","imdbID":"tt0457939","Type":"movie","DVD":"N/A","BoxOffice":"$63,224,849","Production":"N/A","Website":"N/A","Response":"True"}