{"Title":"The Witches","Year":"2020","Rated":"PG","Released":"22 Oct 2020","Runtime":"106 min","Genre":"Adventure, Comedy, Family","Director":"Robert Zemeckis","Writer":"Robert Zemeckis, Kenya Barris, Guillermo del Toro","Actors":"Anne Hathaway, Octavia Spencer, Stanley Tucci","Plot":"A young boy and his grandmother have a run-in with a coven of witches and their leader.","Language":"English","Country":"United States, Mexico, Canada","Awards":"10 nominations total","Poster":"https://m.media-amazon.com/images/M/MV5BZjRiYWFmZTYtYTBmZi00ZmM0LWFjODgtNWZmNjQyYjQ5OTRkXkEyXkFqcGc@._V1_SX300.jpg","Ratings":[{"Source":"Internet Movie Database","Value":"5.4/10"},{"Source":"Metacritic","Value":"47/100"}],"Metascore":"47","imdbRating":"5.4","imdbVotes":"49,584","imdbID":"tt0805647","Type":"movie","DVD":"N/A","BoxOffice":"$203,571","Production":"N/A","Website":"N/A","Response":"True"}