{"Title":"Tales from the Magic Garden","Year":"2025","Rated":"N/A","Released":"18 May 2025","Runtime":"71 min","Genre":"Animation, Family","Director":"Patrik Pass Jr., Jean-Claude Rozec, David Sukup","Writer":"Kaja Balog, Arnost Goldflam, Blandine Jet","Actors":"Mikulas Cizek, Arnost Goldflam, Zofie Hanova","Plot":"Three kids spend the night at their grandpa's house. To fill the silence after losing their grandma, the family's storyteller, they create their own stories and discover the power of imagination.","Language":"Czech, English","Country":"Czech Republic, Slovakia, Slovenia, France","Awards":"2 nominations total","Poster":"https://m.media-amazon.com/images/M/MV5BNDgzZjBkYzQtZDk3YS00YTM5LWE4Y2UtMmE5YWFiMzg3NTU0XkEyXkFqcGc@._V1_SX300.jpg","Ratings":[],"Metascore":"N/A","imdbRating":"N/A","imdbVotes":"18","imdbID":"tt10312938","Type":"movie","DVD":"N/A","BoxOffice":"N/A","Production":"N/A","Website":"N/A","Response":"True"}