{"Title":"The Pink Panther","Year":"2006","Rated":"PG","Released":"10 Feb 2006","Runtime":"93 min","Genre":"Adventure, Comedy, Crime","Director":"Shawn Levy","Writer":"Len Blum, Steve Martin, Michael Saltzman","Actors":"Steve Martin, Kevin Kline, Jean Reno","Plot":"Bumbling Inspector Clouseau must solve the murder of a famous soccer coach and find out who stole the infamous Pink Panther diamond.","Language":"English","Country":"Czech Republic, United States","Awards":"1 win & 8 nominations total","Poster":"https://m.media-amazon.com/images/M/MV5BZTE2ODdmMTktNmEwMy00ZDZmLWJmNDAtYTEyN2FjYjcwM2M1XkEyXkFqcGc@._V1_SX300.jpg","Ratings":[{"Source":"Internet Movie Database","Value":"5.7/10"},{"Source":"Rotten Tomatoes","Value":"21%"},{"Source":"Metacritic","Value":"38/100"}],"Metascore":"38","imdbRating":"5.7","imdbVotes":"97,155","imdbID":"tt0383216","Type":"movie","DVD":"N/A","BoxOffice":"$82,226,474","Production":"N/A","Website":"N/A","Response":"True"}