{"Title":"xXx","Year":"2002","Rated":"PG-13","Released":"09 Aug 2002","Runtime":"124 min","Genre":"Action, Adventure, Drama","Director":"Rob Cohen","Writer":"Rich Wilkes","Actors":"Vin Diesel, Asia Argento, Marton Csokas","Plot":"The US government recruits extreme sports athlete Xander Cage to infiltrate a Russian criminal ring, which is plotting the destruction of the world.","Language":"English, German, Spanish, Russian, Czech","Country":"United States","Awards":"4 wins & 14 nominations total","Poster":"https://m.media-amazon.com/images/M/MV5BNjY0MTc4ZDEtY2MxYi00ODIxLWJlNzQtZTlmZDVkYTYwM2NhXkEyXkFqcGc@._V1_SX300.jpg","Ratings":[{"Source":"Internet Movie Database","Value":"5.9/10"},{"Source":"Rotten Tomatoes","Value":"48%"},{"Source":"Metacritic","Value":"48/100"}],"Metascore":"48","imdbRating":"5.9","imdbVotes":"192,071","imdbID":"tt0295701","Type":"movie","DVD":"N/A","BoxOffice":"$142,109,382","Production":"N/A","Website":"N/A","Response":"True"}