{"Title":"Baise-moi","Year":"2000","Rated":"Not Rated","Released":"28 Jun 2000","Runtime":"77 min","Genre":"Crime, Drama, Thriller","Director":"Virginie Despentes, Coralie Trinh Thi","Writer":"Virginie Despentes, Coralie Trinh Thi","Actors":"Raffaëla Anderson, Karen Lancaume, Céline Beugnot","Plot":"Two young women, marginalized by society, go on a destructive tour of sex and violence.","Language":"French","Country":"France","Awards":"3 nominations total","Poster":"https://m.media-amazon.com/images/M/MV5BNTgwNzA5MTEtZGY1Yi00ZDcxLWI1NzgtMGNjMTgxNzViZDI1XkEyXkFqcGc@._V1_SX300.jpg","Ratings":[{"Source":"Internet Movie Database","Value":"4.4/10"},{"Source":"Rotten Tomatoes","Value":"22%"},{"Source":"Metacritic","Value":"35/100"}],"Metascore":"35","imdbRating":"4.4","imdbVotes":"19,181","imdbID":"tt0249380","Type":"movie","DVD":"N/A","BoxOffice":"$420,224","Production":"N/A","Website":"N/A","Response":"True"}