{"Title":"Legion","Year":"2010","Rated":"R","Released":"22 Jan 2010","Runtime":"100 min","Genre":"Action, Fantasy, Horror","Director":"Scott Stewart","Writer":"Peter Schink, Scott Stewart","Actors":"Paul Bettany, Dennis Quaid, Charles S. Dutton","Plot":"An out-of-the-way diner becomes the unlikely battleground for the survival of the human race. When God loses faith in humankind, he sends his legion of angels to bring on the Apocalypse. Humanity's only hope lies in a group of strangers trapped in a desert diner with the Archangel Michael (Bettany).","Language":"English","Country":"United States","Awards":"N/A","Poster":"https://m.media-amazon.com/images/M/MV5BMTMzNDg4NjYxOV5BMl5BanBnXkFtZTcwODQyNDg3Mg@@._V1_SX300.jpg","Ratings":[{"Source":"Internet Movie Database","Value":"5.3/10"},{"Source":"Rotten Tomatoes","Value":"20%"},{"Source":"Metacritic","Value":"32/100"}],"Metascore":"32","imdbRating":"5.3","imdbVotes":"115,475","imdbID":"tt1038686","Type":"movie","DVD":"N/A","BoxOffice":"$40,168,080","Production":"N/A","Website":"N/A","Response":"True"}