{"Title":"Collision","Year":"2022","Rated":"TV-MA","Released":"16 Jun 2022","Runtime":"99 min","Genre":"Crime, Drama, Thriller","Director":"Fabien Martorell","Writer":"William Gillin, Fabien Martorell, Sean Cameron Michael","Actors":"Langley Kirkwood, Tessa Jubber, Bonko Khoza","Plot":"Freedom always comes at a price.","Language":"English","Country":"South Africa","Awards":"1 nomination","Poster":"https://m.media-amazon.com/images/M/MV5BOGM3ZmQ0YTMtMzliMS00ZjljLThjYjEtZGI5MmYwZWI3YTBkXkEyXkFqcGc@._V1_SX300.jpg","Ratings":[{"Source":"Internet Movie Database","Value":"4.2/10"}],"Metascore":"N/A","imdbRating":"4.2","imdbVotes":"1,206","imdbID":"tt10809742","Type":"movie","DVD":"N/A","BoxOffice":"N/A","Production":"N/A","Website":"N/A","Response":"True"}