{"Title":"Real Steel","Year":"2011","Rated":"PG-13","Released":"07 Oct 2011","Runtime":"127 min","Genre":"Action, Drama, Sci-Fi","Director":"Shawn Levy","Writer":"John Gatins, Dan Gilroy, Jeremy Leven","Actors":"Hugh Jackman, Evangeline Lilly, Dakota Goyo","Plot":"In the near future when people become uninterested in boxing and similar sports, a new sport is created - Robot boxing wherein robots battle each other while being controlled by someone. Charlie Kenton, a former boxer who's trying to make it in the new sport, not only doesn't do well, he is very deeply in the red. When he learns that his ex, mother of his son Max, dies, he goes to figure out what to do with him. His ex's sister wants to take him in but Charlie has first say in the matter. Charlie asks her husband for money so he can buy a new Robot in exchange for turning Max over to them. He takes Max for the summer. And Max improves his control of his robot. But when the robot is destroyed, they go to a scrap yard to get parts. Max finds an old generation robot named Atom and restores him. Max wants Atom to fight but Charlie tells him he won't last a round. However, Atom wins. And it isn't long before Atom is getting major bouts. Max gets Charlie to teach Atom how to fight, and the father and son bond strenghtens.","Language":"English, Ukrainian","Country":"United States, India","Awards":"Nominated for 1 Oscar. 2 wins & 6 nominations total","Poster":"https://m.media-amazon.com/images/M/MV5BMjEzMzEzNjg0N15BMl5BanBnXkFtZTcwMzg4NDk0Ng@@._V1_SX300.jpg","Ratings":[{"Source":"Internet Movie Database","Value":"7.1/10"},{"Source":"Rotten Tomatoes","Value":"60%"},{"Source":"Metacritic","Value":"56/100"}],"Metascore":"56","imdbRating":"7.1","imdbVotes":"374,872","imdbID":"tt0433035","Type":"movie","DVD":"N/A","BoxOffice":"$85,468,508","Production":"N/A","Website":"N/A","Response":"True"}