{"Title":"Blade II","Year":"2002","Rated":"R","Released":"22 Mar 2002","Runtime":"117 min","Genre":"Action, Horror, Sci-Fi","Director":"Guillermo del Toro","Writer":"Marv Wolfman, Gene Colan, David S. Goyer","Actors":"Wesley Snipes, Kris Kristofferson, Ron Perlman","Plot":"Blade forms an uneasy alliance with the vampire council in order to combat the Reapers, who are feeding on vampires.","Language":"English, Romanian, Czech","Country":"United States, Germany","Awards":"6 wins & 10 nominations total","Poster":"https://m.media-amazon.com/images/M/MV5BMGE5ZmY2NzEtZTEyMi00MWIyLThmOWYtYzJkOTQ0Y2U3ZWU1XkEyXkFqcGc@._V1_SX300.jpg","Ratings":[{"Source":"Internet Movie Database","Value":"6.7/10"},{"Source":"Rotten Tomatoes","Value":"57%"},{"Source":"Metacritic","Value":"52/100"}],"Metascore":"52","imdbRating":"6.7","imdbVotes":"250,099","imdbID":"tt0187738","Type":"movie","DVD":"N/A","BoxOffice":"$82,348,319","Production":"N/A","Website":"N/A","Response":"True"}