{"Title":"Bolt","Year":"2008","Rated":"PG","Released":"21 Nov 2008","Runtime":"96 min","Genre":"Animation, Adventure, Comedy","Director":"Byron Howard, Chris Williams","Writer":"Dan Fogelman, Chris Williams","Actors":"John Travolta, Miley Cyrus, Susie Essman","Plot":"The canine star of a fictional sci-fi/action show that believes his powers are real embarks on a cross country trek to save his co-star from a threat he believes is just as real.","Language":"English","Country":"United States, Japan","Awards":"Nominated for 1 Oscar. 1 win & 32 nominations total","Poster":"https://m.media-amazon.com/images/M/MV5BMTY3NGVkMmItYWNjMy00MmE0LTlkZmUtNGIxZGJmZTA1YWI0XkEyXkFqcGc@._V1_SX300.jpg","Ratings":[{"Source":"Internet Movie Database","Value":"6.8/10"},{"Source":"Rotten Tomatoes","Value":"90%"},{"Source":"Metacritic","Value":"67/100"}],"Metascore":"67","imdbRating":"6.8","imdbVotes":"241,714","imdbID":"tt0397892","Type":"movie","DVD":"N/A","BoxOffice":"$114,053,579","Production":"N/A","Website":"N/A","Response":"True"}