{"Title":"Hugo","Year":"2011","Rated":"PG","Released":"23 Nov 2011","Runtime":"126 min","Genre":"Adventure, Drama, Family","Director":"Martin Scorsese","Writer":"John Logan, Brian Selznick","Actors":"Asa Butterfield, Chloë Grace Moretz, Christopher Lee","Plot":"Hugo is an orphan boy living in the walls of a train station in 1930s Paris. He learned to fix clocks and other gadgets from his father and uncle which he puts to use keeping the train station clocks running. The only thing that he has left that connects him to his dead father is an automaton (mechanical man) that doesn't work without a special key. Hugo needs to find the key to unlock the secret he believes it contains. On his adventures, he meets George Melies, a shopkeeper, who works in the train station, and his adventure-seeking god-daughter. Hugo finds that they have a surprising connection to his father and the automaton, and he discovers it unlocks some memories the old man has buried inside regarding his past.","Language":"English","Country":"United Kingdom, United States","Awards":"Won 5 Oscars. 61 wins & 193 nominations total","Poster":"https://m.media-amazon.com/images/M/MV5BMjAzNzk5MzgyNF5BMl5BanBnXkFtZTcwOTE4NDU5Ng@@._V1_SX300.jpg","Ratings":[{"Source":"Internet Movie Database","Value":"7.5/10"},{"Source":"Rotten Tomatoes","Value":"93%"},{"Source":"Metacritic","Value":"83/100"}],"Metascore":"83","imdbRating":"7.5","imdbVotes":"346,172","imdbID":"tt0970179","Type":"movie","DVD":"N/A","BoxOffice":"$73,864,507","Production":"N/A","Website":"N/A","Response":"True"}