{"Title":"War of the Worlds","Year":"2005","Rated":"PG-13","Released":"29 Jun 2005","Runtime":"117 min","Genre":"Action, Adventure, Sci-Fi","Director":"Steven Spielberg","Writer":"Josh Friedman, David Koepp, H.G. Wells","Actors":"Tom Cruise, Dakota Fanning, Tim Robbins","Plot":"An alien invasion threatens the future of humanity. The catastrophic nightmare is depicted through the eyes of one American family fighting for survival.","Language":"English","Country":"United States","Awards":"Nominated for 3 Oscars. 16 wins & 49 nominations total","Poster":"https://m.media-amazon.com/images/M/MV5BNDUyODAzNDI1Nl5BMl5BanBnXkFtZTcwMDA2NDAzMw@@._V1_SX300.jpg","Ratings":[{"Source":"Internet Movie Database","Value":"6.6/10"},{"Source":"Rotten Tomatoes","Value":"76%"},{"Source":"Metacritic","Value":"73/100"}],"Metascore":"73","imdbRating":"6.6","imdbVotes":"502,091","imdbID":"tt0407304","Type":"movie","DVD":"N/A","BoxOffice":"$234,280,354","Production":"N/A","Website":"N/A","Response":"True"}