{"Title":"Happy Feet","Year":"2006","Rated":"PG","Released":"17 Nov 2006","Runtime":"108 min","Genre":"Animation, Adventure, Comedy","Director":"George Miller, Warren Coleman, Judy Morris","Writer":"George Miller, John Collee, Judy Morris","Actors":"Elijah Wood, Brittany Murphy, Hugh Jackman","Plot":"Into the world of the Emperor Penguins, who find their soul mates through song, a penguin is born who cannot sing. But he can tap dance something fierce!","Language":"English","Country":"United States, Australia","Awards":"Won 1 Oscar. 20 wins & 26 nominations total","Poster":"https://m.media-amazon.com/images/M/MV5BNjViZDZhNjctM2MwOS00MDdhLWIwMTYtNjNmNGY2OGMzZWZhXkEyXkFqcGc@._V1_SX300.jpg","Ratings":[{"Source":"Internet Movie Database","Value":"6.4/10"},{"Source":"Rotten Tomatoes","Value":"76%"},{"Source":"Metacritic","Value":"77/100"}],"Metascore":"77","imdbRating":"6.4","imdbVotes":"211,863","imdbID":"tt0366548","Type":"movie","DVD":"N/A","BoxOffice":"$198,000,317","Production":"N/A","Website":"N/A","Response":"True"}