{"Title":"Tickets","Year":"2005","Rated":"N/A","Released":"25 Mar 2005","Runtime":"109 min","Genre":"Comedy, Drama","Director":"Abbas Kiarostami, Ken Loach, Ermanno Olmi","Writer":"Ermanno Olmi, Abbas Kiarostami, Paul Laverty","Actors":"Carlo Delle Piane, Valeria Bruni Tedeschi, Silvana De Santis","Plot":"During a train journey from Central Europe to Rome, characters connect through casual encounters and set forth a story of love, chance and sacrifice. One single journey sparks many changes for many people.","Language":"Italian, English, German, Albanian, Persian","Country":"Italy, United Kingdom","Awards":"1 nomination total","Poster":"https://m.media-amazon.com/images/M/MV5BMDdiMjZjMjUtM2Y4ZS00NGEwLWIzMGEtNmZmN2NlNWIwMWVjXkEyXkFqcGc@._V1_SX300.jpg","Ratings":[{"Source":"Internet Movie Database","Value":"6.9/10"}],"Metascore":"N/A","imdbRating":"6.9","imdbVotes":"2,912","imdbID":"tt0418239","Type":"movie","DVD":"27 Sep 2005","BoxOffice":"N/A","Production":"N/A","Website":"N/A","Response":"True"}