{"Title":"Training Day","Year":"2001","Rated":"R","Released":"05 Oct 2001","Runtime":"122 min","Genre":"Crime, Drama, Thriller","Director":"Antoine Fuqua","Writer":"David Ayer","Actors":"Denzel Washington, Ethan Hawke, Scott Glenn","Plot":"A rookie cop spends his first day as a Los Angeles narcotics officer with a rogue detective who isn't what he appears to be.","Language":"English, Russian, Spanish, Korean, Greek","Country":"United States","Awards":"Won 1 Oscar. 18 wins & 23 nominations total","Poster":"https://m.media-amazon.com/images/M/MV5BMjRlNjUwOGYtNGQxZS00ZjhkLTg0NDgtYjcwNzZlNDU2YjBlXkEyXkFqcGc@._V1_SX300.jpg","Ratings":[{"Source":"Internet Movie Database","Value":"7.8/10"},{"Source":"Rotten Tomatoes","Value":"74%"},{"Source":"Metacritic","Value":"71/100"}],"Metascore":"71","imdbRating":"7.8","imdbVotes":"507,321","imdbID":"tt0139654","Type":"movie","DVD":"N/A","BoxOffice":"$76,631,907","Production":"N/A","Website":"N/A","Response":"True"}