{"Title":"What Happens in Vegas","Year":"2008","Rated":"PG-13","Released":"09 May 2008","Runtime":"99 min","Genre":"Comedy, Romance","Director":"Tom Vaughan","Writer":"Dana Fox","Actors":"Cameron Diaz, Ashton Kutcher, Rob Corddry","Plot":"A man and a woman are compelled, for legal reasons, to live life as a couple for a limited period of time. At stake is a large amount of money.","Language":"English, Serbo-Croatian","Country":"United States","Awards":"2 wins & 3 nominations total","Poster":"https://m.media-amazon.com/images/M/MV5BNmU3NDdkNDktYWJjNC00ZDAyLWI4ODItZjdhYjg2ZjZhNzM1XkEyXkFqcGc@._V1_SX300.jpg","Ratings":[{"Source":"Internet Movie Database","Value":"6.1/10"},{"Source":"Rotten Tomatoes","Value":"25%"},{"Source":"Metacritic","Value":"36/100"}],"Metascore":"36","imdbRating":"6.1","imdbVotes":"191,824","imdbID":"tt1033643","Type":"movie","DVD":"N/A","BoxOffice":"$80,277,646","Production":"N/A","Website":"N/A","Response":"True"}