{"Title":"Secret Window","Year":"2004","Rated":"PG-13","Released":"12 Mar 2004","Runtime":"96 min","Genre":"Drama, Mystery, Thriller","Director":"David Koepp","Writer":"Stephen King, David Koepp","Actors":"Johnny Depp, Maria Bello, John Turturro","Plot":"A successful writer in the midst of a painful divorce is stalked at his remote lake house by a would-be scribe who accuses him of plagiarism.","Language":"English","Country":"United States","Awards":"3 nominations total","Poster":"https://m.media-amazon.com/images/M/MV5BZjI0ZDBiM2MtZDdhMy00ZWQzLWIwNjAtZDAyNmMxZWJhMzA4XkEyXkFqcGc@._V1_SX300.jpg","Ratings":[{"Source":"Internet Movie Database","Value":"6.5/10"},{"Source":"Rotten Tomatoes","Value":"46%"},{"Source":"Metacritic","Value":"46/100"}],"Metascore":"46","imdbRating":"6.5","imdbVotes":"219,964","imdbID":"tt0363988","Type":"movie","DVD":"N/A","BoxOffice":"$48,022,900","Production":"N/A","Website":"N/A","Response":"True"}