{"Title":"The Hitchhiker's Guide to the Galaxy","Year":"2005","Rated":"PG","Released":"29 Apr 2005","Runtime":"109 min","Genre":"Adventure, Comedy, Sci-Fi","Director":"Garth Jennings","Writer":"Douglas Adams, Karey Kirkpatrick","Actors":"Martin Freeman, Yasiin Bey, Sam Rockwell","Plot":"Mere seconds before the Earth is to be demolished by an alien construction crew, journeyman Arthur Dent is swept off the planet by his friend Ford Prefect, a researcher penning a new edition of \"The Hitchhiker's Guide to the Galaxy.\"","Language":"English","Country":"United Kingdom, United States","Awards":"1 win & 10 nominations total","Poster":"https://m.media-amazon.com/images/M/MV5BMTg4OWYwZjgtZDU0ZS00NjU4LTkxNjItYmYyYmUwNDU5YmM3XkEyXkFqcGc@._V1_SX300.jpg","Ratings":[{"Source":"Internet Movie Database","Value":"6.7/10"},{"Source":"Rotten Tomatoes","Value":"61%"},{"Source":"Metacritic","Value":"63/100"}],"Metascore":"63","imdbRating":"6.7","imdbVotes":"215,254","imdbID":"tt0371724","Type":"movie","DVD":"N/A","BoxOffice":"$51,085,416","Production":"N/A","Website":"N/A","Response":"True"}