{"Title":"How to Lose a Guy in 10 Days","Year":"2003","Rated":"PG-13","Released":"07 Feb 2003","Runtime":"116 min","Genre":"Comedy, Romance","Director":"Donald Petrie","Writer":"Michele Alexander, Jeannie Long, Kristen Buckley","Actors":"Kate Hudson, Matthew McConaughey, Adam Goldberg","Plot":"An advertising executive and ladies' man, to win a big campaign, bets that he can make a woman fall in love with him in 10 days.","Language":"English","Country":"Germany, United States","Awards":"1 win & 8 nominations total","Poster":"https://m.media-amazon.com/images/M/MV5BMjE4NTA1NzExN15BMl5BanBnXkFtZTYwNjc3MjM3._V1_SX300.jpg","Ratings":[{"Source":"Internet Movie Database","Value":"6.5/10"},{"Source":"Rotten Tomatoes","Value":"42%"},{"Source":"Metacritic","Value":"45/100"}],"Metascore":"45","imdbRating":"6.5","imdbVotes":"309,600","imdbID":"tt0251127","Type":"movie","DVD":"N/A","BoxOffice":"$105,813,373","Production":"N/A","Website":"N/A","Response":"True"}