{"Title":"The Simpsons Movie","Year":"2007","Rated":"PG-13","Released":"27 Jul 2007","Runtime":"87 min","Genre":"Animation, Adventure, Comedy","Director":"David Silverman","Writer":"James L. Brooks, Matt Groening, Al Jean","Actors":"Dan Castellaneta, Julie Kavner, Nancy Cartwright","Plot":"After Homer pollutes the town's water supply, Springfield is encased in a gigantic dome by the EPA and the Simpsons are declared fugitives.","Language":"English","Country":"United States","Awards":"Won 1 BAFTA Award5 wins & 34 nominations total","Poster":"https://m.media-amazon.com/images/M/MV5BMzIxN2IzOGItOTcyZi00MTkzLWE4ZjktZTdlOWFiYWE4NzlmXkEyXkFqcGc@._V1_SX300.jpg","Ratings":[{"Source":"Internet Movie Database","Value":"7.3/10"},{"Source":"Rotten Tomatoes","Value":"87%"},{"Source":"Metacritic","Value":"80/100"}],"Metascore":"80","imdbRating":"7.3","imdbVotes":"360,821","imdbID":"tt0462538","Type":"movie","DVD":"N/A","BoxOffice":"$183,135,014","Production":"N/A","Website":"N/A","Response":"True"}