{"Title":"Saw II","Year":"2005","Rated":"R","Released":"28 Oct 2005","Runtime":"93 min","Genre":"Horror, Mystery","Director":"Darren Lynn Bousman","Writer":"Leigh Whannell, Darren Lynn Bousman","Actors":"Donnie Wahlberg, Beverley Mitchell, Franky G","Plot":"A detective and his team must rescue eight people trapped in a factory by a man known as Jigsaw.","Language":"English","Country":"Canada, United States","Awards":"4 wins & 11 nominations total","Poster":"https://m.media-amazon.com/images/M/MV5BZGVlNjk3MmItZmUzNy00MzcyLWIzOTktZjllYWU5MDAyMjM1XkEyXkFqcGc@._V1_SX300.jpg","Ratings":[{"Source":"Internet Movie Database","Value":"6.6/10"},{"Source":"Rotten Tomatoes","Value":"39%"},{"Source":"Metacritic","Value":"40/100"}],"Metascore":"40","imdbRating":"6.6","imdbVotes":"294,183","imdbID":"tt0432348","Type":"movie","DVD":"N/A","BoxOffice":"$87,039,965","Production":"N/A","Website":"N/A","Response":"True"}