{"Title":"Slumdog Millionaire","Year":"2008","Rated":"R","Released":"25 Dec 2008","Runtime":"120 min","Genre":"Crime, Drama, Romance","Director":"Danny Boyle, Loveleen Tandan","Writer":"Simon Beaufoy, Vikas Swarup","Actors":"Dev Patel, Freida Pinto, Saurabh Shukla","Plot":"When a teenager from the slums of Mumbai is interrogated about his suspicious performance on a quiz show, he revisits various events from his past to explain how he knew all the answers.","Language":"English, Hindi","Country":"United Kingdom, France, United States, India","Awards":"Won 8 Oscars. 154 wins & 133 nominations total","Poster":"https://m.media-amazon.com/images/M/MV5BMTE5ZTRkYWEtZmU5MC00NDJjLTk3NmUtZGJlYTM2MmQ3NTJkXkEyXkFqcGc@._V1_SX300.jpg","Ratings":[{"Source":"Internet Movie Database","Value":"8.0/10"},{"Source":"Rotten Tomatoes","Value":"92%"},{"Source":"Metacritic","Value":"84/100"}],"Metascore":"84","imdbRating":"8.0","imdbVotes":"905,492","imdbID":"tt1010048","Type":"movie","DVD":"N/A","BoxOffice":"$141,319,928","Production":"N/A","Website":"N/A","Response":"True"}