{"Title":"Mean Girls","Year":"2004","Rated":"PG-13","Released":"30 Apr 2004","Runtime":"97 min","Genre":"Comedy","Director":"Mark Waters","Writer":"Rosalind Wiseman, Tina Fey","Actors":"Lindsay Lohan, Jonathan Bennett, Rachel McAdams","Plot":"Cady Heron is a hit with The Plastics, the A-list girl clique at her new school, until she makes the mistake of falling for Aaron Samuels, the ex-boyfriend of alpha Plastic Regina George.","Language":"English, German, Vietnamese, Swahili","Country":"United States, Canada","Awards":"7 wins & 25 nominations total","Poster":"https://m.media-amazon.com/images/M/MV5BMjE1MDQ4MjI1OV5BMl5BanBnXkFtZTcwNzcwODAzMw@@._V1_SX300.jpg","Ratings":[{"Source":"Internet Movie Database","Value":"7.1/10"},{"Source":"Rotten Tomatoes","Value":"84%"},{"Source":"Metacritic","Value":"66/100"}],"Metascore":"66","imdbRating":"7.1","imdbVotes":"478,103","imdbID":"tt0377092","Type":"movie","DVD":"N/A","BoxOffice":"$86,058,055","Production":"N/A","Website":"N/A","Response":"True"}