{"Title":"Scary Movie 3","Year":"2003","Rated":"PG-13","Released":"24 Oct 2003","Runtime":"84 min","Genre":"Comedy","Director":"David Zucker","Writer":"Craig Mazin, Pat Proft, Shawn Wayans","Actors":"Anna Faris, Charlie Sheen, Regina Hall","Plot":"Cindy must investigate mysterious crop circles and video tapes, and help the President in preventing an alien invasion.","Language":"English","Country":"United States, Canada","Awards":"2 wins & 4 nominations total","Poster":"https://m.media-amazon.com/images/M/MV5BNDE2NTIyMjg2OF5BMl5BanBnXkFtZTYwNDEyMTg3._V1_SX300.jpg","Ratings":[{"Source":"Internet Movie Database","Value":"5.6/10"},{"Source":"Rotten Tomatoes","Value":"36%"},{"Source":"Metacritic","Value":"49/100"}],"Metascore":"49","imdbRating":"5.6","imdbVotes":"168,709","imdbID":"tt0306047","Type":"movie","DVD":"N/A","BoxOffice":"$110,003,217","Production":"N/A","Website":"N/A","Response":"True"}