{"Title":"The Chronicles of Narnia: The Lion, the Witch and the Wardrobe","Year":"2005","Rated":"PG","Released":"09 Dec 2005","Runtime":"143 min","Genre":"Adventure, Family, Fantasy","Director":"Andrew Adamson","Writer":"Ann Peacock, Andrew Adamson, Christopher Markus","Actors":"Tilda Swinton, Georgie Henley, William Moseley","Plot":"While playing, Lucy and her siblings find a wardrobe that lands them in a mystical place called Narnia. Here they realize that it was fated and they must now unite with Aslan to defeat an evil queen.","Language":"English, German, Brazilian Sign ","Country":"United Kingdom, United States","Awards":"Won 1 Oscar. 18 wins & 46 nominations total","Poster":"https://m.media-amazon.com/images/M/MV5BMTc0NTUwMTU5OV5BMl5BanBnXkFtZTcwNjAwNzQzMw@@._V1_SX300.jpg","Ratings":[{"Source":"Internet Movie Database","Value":"6.9/10"},{"Source":"Rotten Tomatoes","Value":"76%"},{"Source":"Metacritic","Value":"75/100"}],"Metascore":"75","imdbRating":"6.9","imdbVotes":"450,246","imdbID":"tt0363771","Type":"movie","DVD":"N/A","BoxOffice":"$291,710,957","Production":"N/A","Website":"N/A","Response":"True"}