{"Title":"Coyote Ugly","Year":"2000","Rated":"PG-13","Released":"04 Aug 2000","Runtime":"100 min","Genre":"Comedy, Drama, Music","Director":"David McNally","Writer":"Gina Wendkos","Actors":"Piper Perabo, Adam Garcia, John Goodman","Plot":"Aspiring songwriter Violet Sanford, after getting a job at a women-run NYC bar that teases its male patrons, comes out of her shell.","Language":"English","Country":"United States","Awards":"4 wins & 8 nominations total","Poster":"https://m.media-amazon.com/images/M/MV5BYmM2NDA1ZDQtYTRjNi00NGIwLWJhZmMtM2Q3YjFmZGFjNjZhXkEyXkFqcGc@._V1_SX300.jpg","Ratings":[{"Source":"Internet Movie Database","Value":"5.8/10"},{"Source":"Rotten Tomatoes","Value":"23%"},{"Source":"Metacritic","Value":"27/100"}],"Metascore":"27","imdbRating":"5.8","imdbVotes":"125,922","imdbID":"tt0200550","Type":"movie","DVD":"N/A","BoxOffice":"$60,786,269","Production":"N/A","Website":"N/A","Response":"True"}