{"Title":"Alien vs. Predator","Year":"2004","Rated":"PG-13","Released":"13 Aug 2004","Runtime":"101 min","Genre":"Action, Adventure, Horror","Director":"Paul W.S. Anderson","Writer":"Paul W.S. Anderson, Dan O'Bannon, Ronald Shusett","Actors":"Sanaa Lathan, Lance Henriksen, Raoul Bova","Plot":"During an archaeological expedition on Bouvetøya Island in Antarctica, a team of archaeologists and other scientists find themselves caught up in a battle between the two legends. Soon, the team realize that only one species can win.","Language":"English, Italian","Country":"Czech Republic, United Kingdom, Germany, Canada, United States","Awards":"2 wins & 4 nominations total","Poster":"https://m.media-amazon.com/images/M/MV5BMTU4MjIwMTcyMl5BMl5BanBnXkFtZTYwMTYwNDA3._V1_SX300.jpg","Ratings":[{"Source":"Internet Movie Database","Value":"5.7/10"},{"Source":"Rotten Tomatoes","Value":"21%"},{"Source":"Metacritic","Value":"29/100"}],"Metascore":"29","imdbRating":"5.7","imdbVotes":"229,457","imdbID":"tt0370263","Type":"movie","DVD":"N/A","BoxOffice":"$80,282,231","Production":"N/A","Website":"N/A","Response":"True"}