{"Title":"Scooby-Doo","Year":"2002","Rated":"PG","Released":"14 Jun 2002","Runtime":"86 min","Genre":"Adventure, Comedy, Family","Director":"Raja Gosnell","Writer":"James Gunn, Craig Titley, William Hanna","Actors":"Matthew Lillard, Freddie Prinze Jr., Sarah Michelle Gellar","Plot":"After an acrimonious break up, the Mystery Inc. gang are individually brought to an island resort to investigate strange goings on.","Language":"English","Country":"United States","Awards":"5 wins & 14 nominations total","Poster":"https://m.media-amazon.com/images/M/MV5BMTg4MzMzMTY0OF5BMl5BanBnXkFtZTYwNzM3MTg2._V1_SX300.jpg","Ratings":[{"Source":"Internet Movie Database","Value":"5.4/10"},{"Source":"Rotten Tomatoes","Value":"32%"},{"Source":"Metacritic","Value":"35/100"}],"Metascore":"35","imdbRating":"5.4","imdbVotes":"138,973","imdbID":"tt0267913","Type":"movie","DVD":"N/A","BoxOffice":"$153,322,074","Production":"N/A","Website":"N/A","Response":"True"}