{"Title":"Lovewrecked","Year":"2005","Rated":"PG","Released":"08 Jun 2006","Runtime":"87 min","Genre":"Adventure, Comedy, Romance","Director":"Randal Kleiser","Writer":"Stephen Langford","Actors":"Amanda Bynes, Chris Carmack, Jonathan Bennett","Plot":"On a Caribbean cruise, Jenny is marooned on a beach with her rock and roll idol. Deliriously in love with the idea of time alone with him, she manages to hide the fact that they're a stone's throw away from their resort.","Language":"English","Country":"United States","Awards":"N/A","Poster":"https://m.media-amazon.com/images/M/MV5BNDQyMTAwNTctYmZkNC00MWQ5LTk5NTMtM2EzNmYxNzI3NDgyXkEyXkFqcGc@._V1_SX300.jpg","Ratings":[{"Source":"Internet Movie Database","Value":"4.8/10"},{"Source":"Rotten Tomatoes","Value":"14%"}],"Metascore":"N/A","imdbRating":"4.8","imdbVotes":"15,691","imdbID":"tt0409011","Type":"movie","DVD":"N/A","BoxOffice":"N/A","Production":"N/A","Website":"N/A","Response":"True"}