{"Title":"Zebra Lounge","Year":"2001","Rated":"R","Released":"06 Nov 2002","Runtime":"93 min","Genre":"Crime, Drama, Thriller","Director":"Kari Skogland","Writer":"Claire Montgomery, Monte Montgomery","Actors":"Stephen Baldwin, Cameron Daddo, Kristy Swanson","Plot":"A husband and wife, dissatisfied with their banal suburban existence, take a walk on the wild side one night with a couple they meet at the Zebra Lounge.","Language":"English","Country":"Canada","Awards":"N/A","Poster":"https://m.media-amazon.com/images/M/MV5BNjk1MjE0MDgyNl5BMl5BanBnXkFtZTcwNzM4OTQyMQ@@._V1_SX300.jpg","Ratings":[{"Source":"Internet Movie Database","Value":"4.7/10"}],"Metascore":"N/A","imdbRating":"4.7","imdbVotes":"2,168","imdbID":"tt0271884","Type":"movie","DVD":"N/A","BoxOffice":"N/A","Production":"N/A","Website":"N/A","Response":"True"}