{"Title":"Final Destination 3","Year":"2006","Rated":"R","Released":"10 Feb 2006","Runtime":"93 min","Genre":"Horror, Thriller","Director":"James Wong","Writer":"Glen Morgan, James Wong, Jeffrey Reddick","Actors":"Mary Elizabeth Winstead, Ryan Merriman, Kris Lemche","Plot":"Wendy Christensen and a group of teens who escaped a fatal roller-coaster crash face a bloody date with Death.","Language":"English","Country":"United States, Canada","Awards":"6 nominations total","Poster":"https://m.media-amazon.com/images/M/MV5BMzI3NzE0MmEtYmFjZC00NTJhLWI4OWUtNGRmNDEwNGU3NzM0XkEyXkFqcGc@._V1_SX300.jpg","Ratings":[{"Source":"Internet Movie Database","Value":"5.9/10"},{"Source":"Rotten Tomatoes","Value":"44%"},{"Source":"Metacritic","Value":"43/100"}],"Metascore":"43","imdbRating":"5.9","imdbVotes":"180,724","imdbID":"tt0414982","Type":"movie","DVD":"N/A","BoxOffice":"$54,098,051","Production":"N/A","Website":"N/A","Response":"True"}