{"Title":"The Bourne Identity","Year":"2002","Rated":"PG-13","Released":"14 Jun 2002","Runtime":"119 min","Genre":"Action, Mystery, Thriller","Director":"Doug Liman","Writer":"Tony Gilroy, William Blake Herron, Robert Ludlum","Actors":"Franka Potente, Matt Damon, Chris Cooper","Plot":"A man is picked up by a fishing boat, bullet-riddled and suffering from amnesia, before racing to elude assassins and attempting to regain his memory.","Language":"English, French, German, Dutch, Italian, Yoruba","Country":"Czech Republic, Germany, United States","Awards":"3 wins & 6 nominations total","Poster":"https://m.media-amazon.com/images/M/MV5BYTk1ZTcyMWMtMWUxYS00MmEzLTlmODYtOTk1MGRjOTg1ZjlmXkEyXkFqcGc@._V1_SX300.jpg","Ratings":[{"Source":"Internet Movie Database","Value":"7.8/10"},{"Source":"Rotten Tomatoes","Value":"84%"},{"Source":"Metacritic","Value":"68/100"}],"Metascore":"68","imdbRating":"7.8","imdbVotes":"606,363","imdbID":"tt0258463","Type":"movie","DVD":"N/A","BoxOffice":"$121,661,683","Production":"N/A","Website":"N/A","Response":"True"}