{"Title":"The Marvels","Year":"2023","Rated":"PG-13","Released":"10 Nov 2023","Runtime":"105 min","Genre":"Action, Adventure, Sci-Fi","Director":"Nia DaCosta","Writer":"Nia DaCosta, Megan McDonnell, Elissa Karasik","Actors":"Brie Larson, Teyonah Parris, Iman Vellani","Plot":"Carol Danvers gets her powers entangled with those of Kamala Khan and Monica Rambeau, forcing them to work together to save the universe.","Language":"English, Urdu","Country":"United States","Awards":"5 wins & 13 nominations total","Poster":"https://m.media-amazon.com/images/M/MV5BYzczOWM4MzItMWMyOS00ZDczLWIxMzctNzBmYTgzOTI1MzI3XkEyXkFqcGc@._V1_SX300.jpg","Ratings":[{"Source":"Internet Movie Database","Value":"5.5/10"},{"Source":"Rotten Tomatoes","Value":"63%"},{"Source":"Metacritic","Value":"50/100"}],"Metascore":"50","imdbRating":"5.5","imdbVotes":"160,886","imdbID":"tt10676048","Type":"movie","DVD":"N/A","BoxOffice":"$84,500,223","Production":"N/A","Website":"N/A","Response":"True"}