{"Title":"I Am Legend","Year":"2007","Rated":"PG-13","Released":"14 Dec 2007","Runtime":"101 min","Genre":"Drama, Horror, Sci-Fi","Director":"Francis Lawrence","Writer":"Mark Protosevich, Akiva Goldsman, Richard Matheson","Actors":"Will Smith, Alice Braga, Charlie Tahan","Plot":"Years after a plague kills most of humanity and transforms the rest into monsters, the sole survivor in New York City struggles valiantly to find a cure.","Language":"English","Country":"United States, United Kingdom","Awards":"9 wins & 23 nominations total","Poster":"https://m.media-amazon.com/images/M/MV5BMGE1OWZkZmItNmVhMC00YzAxLTgxOTctNjg3NWExM2RmOWJkXkEyXkFqcGc@._V1_SX300.jpg","Ratings":[{"Source":"Internet Movie Database","Value":"7.2/10"},{"Source":"Rotten Tomatoes","Value":"68%"},{"Source":"Metacritic","Value":"65/100"}],"Metascore":"65","imdbRating":"7.2","imdbVotes":"865,889","imdbID":"tt0480249","Type":"movie","DVD":"N/A","BoxOffice":"$256,393,010","Production":"N/A","Website":"N/A","Response":"True"}