{"Title":"Sex and the City","Year":"2008","Rated":"R","Released":"30 May 2008","Runtime":"145 min","Genre":"Comedy, Drama, Romance","Director":"Michael Patrick King","Writer":"Michael Patrick King, Candace Bushnell, Darren Star","Actors":"Sarah Jessica Parker, Kim Cattrall, Cynthia Nixon","Plot":"Carrie is finally getting married to her Mr. Big, but heartbreak ensues when an observation by Miranda inadvertently causes him to jilt her.","Language":"English","Country":"United States","Awards":"2 wins & 12 nominations total","Poster":"https://m.media-amazon.com/images/M/MV5BYWRjMGMxM2UtODgyYS00OTAxLTk0MDctZjFhOWY0NWUxNmI0XkEyXkFqcGc@._V1_SX300.jpg","Ratings":[{"Source":"Internet Movie Database","Value":"5.7/10"},{"Source":"Rotten Tomatoes","Value":"49%"},{"Source":"Metacritic","Value":"53/100"}],"Metascore":"53","imdbRating":"5.7","imdbVotes":"132,004","imdbID":"tt1000774","Type":"movie","DVD":"N/A","BoxOffice":"$152,647,258","Production":"N/A","Website":"N/A","Response":"True"}