{"Title":"Out of Time","Year":"2003","Rated":"PG-13","Released":"03 Oct 2003","Runtime":"105 min","Genre":"Crime, Drama, Mystery","Director":"Carl Franklin","Writer":"Dave Collard","Actors":"Denzel Washington, Sanaa Lathan, Eva Mendes","Plot":"A Florida police chief must solve a vicious double homicide before he himself falls under suspicion.","Language":"English","Country":"United States","Awards":"5 wins & 7 nominations total","Poster":"https://m.media-amazon.com/images/M/MV5BMjAxMTMzNTI5Ml5BMl5BanBnXkFtZTcwNDAwMTQ2NA@@._V1_SX300.jpg","Ratings":[{"Source":"Internet Movie Database","Value":"6.5/10"},{"Source":"Metacritic","Value":"63/100"}],"Metascore":"63","imdbRating":"6.5","imdbVotes":"70,650","imdbID":"tt0313443","Type":"movie","DVD":"N/A","BoxOffice":"$41,088,845","Production":"N/A","Website":"N/A","Response":"True"}