{"Title":"Coraline","Year":"2009","Rated":"PG","Released":"06 Feb 2009","Runtime":"100 min","Genre":"Animation, Drama, Family","Director":"Henry Selick","Writer":"Henry Selick, Neil Gaiman","Actors":"Dakota Fanning, Teri Hatcher, John Hodgman","Plot":"When Coraline moves to an old house, she feels bored and neglected by her parents. She finds a hidden door with a bricked up passage. During the night, she crosses the passage and finds a parallel world where everybody has buttons instead of eyes, with caring parents and all her dreams coming true. When the Other Mother invites Coraline to stay in her world forever, the girl refuses and finds that the alternate reality where she is trapped is only a trick to lure her.","Language":"English, Russian","Country":"United States","Awards":"Nominated for 1 Oscar. 8 wins & 46 nominations total","Poster":"https://m.media-amazon.com/images/M/MV5BMzQxNjM5NzkxNV5BMl5BanBnXkFtZTcwMzg5NDMwMg@@._V1_SX300.jpg","Ratings":[{"Source":"Internet Movie Database","Value":"7.8/10"},{"Source":"Rotten Tomatoes","Value":"91%"},{"Source":"Metacritic","Value":"80/100"}],"Metascore":"80","imdbRating":"7.8","imdbVotes":"295,695","imdbID":"tt0327597","Type":"movie","DVD":"N/A","BoxOffice":"$116,896,576","Production":"N/A","Website":"N/A","Response":"True"}