{"Title":"Pirates of the Caribbean: At World's End","Year":"2007","Rated":"PG-13","Released":"25 May 2007","Runtime":"169 min","Genre":"Action, Adventure, Fantasy","Director":"Gore Verbinski","Writer":"Ted Elliott, Terry Rossio, Stuart Beattie","Actors":"Johnny Depp, Orlando Bloom, Keira Knightley","Plot":"Will Turner, Elizabeth Swann, Hector Barbossa, and the crew of the Black Pearl try and rescue Jack from davy jones locker and prepare to fight Lord Cutler Beckett, who controls Davy Jones and the Flying Dutchman.","Language":"English","Country":"United States","Awards":"Nominated for 2 Oscars. 23 wins & 51 nominations total","Poster":"https://m.media-amazon.com/images/M/MV5BMjIyNjkxNzEyMl5BMl5BanBnXkFtZTYwMjc3MDE3._V1_SX300.jpg","Ratings":[{"Source":"Internet Movie Database","Value":"7.1/10"},{"Source":"Rotten Tomatoes","Value":"43%"},{"Source":"Metacritic","Value":"50/100"}],"Metascore":"50","imdbRating":"7.1","imdbVotes":"734,530","imdbID":"tt0449088","Type":"movie","DVD":"N/A","BoxOffice":"$309,420,425","Production":"N/A","Website":"N/A","Response":"True"}