{"Title":"The Witches of Coventry","Year":"2005","Rated":"TV-PG","Released":"14 Oct 2005","Runtime":"86 min","Genre":"Comedy, Drama, Family","Director":"Stuart Gillard","Writer":"Melissa Gould, Dan Berendsen, H.B. Gilmour","Actors":"Tia Mowry, Tamera Mowry-Housley, Kristen Wilson","Plot":"Twin witches who were separated at birth and were adopted by two different families meet on their 21st birthday and must use their powers to save the world in which they were born, where their birth mother still lives.","Language":"English","Country":"United States","Awards":"1 win total","Poster":"https://m.media-amazon.com/images/M/MV5BMWQ5MjUzYzktMjA0OS00NDU3LTg1MzQtMTU2NWIwY2I2MjczXkEyXkFqcGc@._V1_SX300.jpg","Ratings":[{"Source":"Internet Movie Database","Value":"5.8/10"},{"Source":"Rotten Tomatoes","Value":"60%"}],"Metascore":"N/A","imdbRating":"5.8","imdbVotes":"10,219","imdbID":"tt0467421","Type":"movie","DVD":"N/A","BoxOffice":"N/A","Production":"N/A","Website":"N/A","Response":"True"}