{"Title":"Star Wars: Episode II - Attack of the Clones","Year":"2002","Rated":"PG","Released":"16 May 2002","Runtime":"142 min","Genre":"Action, Adventure, Fantasy","Director":"George Lucas","Writer":"George Lucas, Jonathan Hales","Actors":"Hayden Christensen, Natalie Portman, Ewan McGregor","Plot":"Ten years after initially meeting, Anakin Skywalker shares a forbidden romance with Padmé Amidala, while Obi-Wan Kenobi discovers a secret clone army crafted for the Jedi.","Language":"English","Country":"United States, United Kingdom","Awards":"Nominated for 1 Oscar. 21 wins & 71 nominations total","Poster":"https://m.media-amazon.com/images/M/MV5BNTgxMjY2YzUtZmVmNC00YjAwLWJlODMtNDBhNzllNzIzMjgxXkEyXkFqcGc@._V1_SX300.jpg","Ratings":[{"Source":"Internet Movie Database","Value":"6.6/10"},{"Source":"Rotten Tomatoes","Value":"62%"},{"Source":"Metacritic","Value":"54/100"}],"Metascore":"54","imdbRating":"6.6","imdbVotes":"812,394","imdbID":"tt0121765","Type":"movie","DVD":"N/A","BoxOffice":"$310,676,740","Production":"N/A","Website":"N/A","Response":"True"}