{"Title":"Blood Diamond","Year":"2006","Rated":"R","Released":"08 Dec 2006","Runtime":"143 min","Genre":"Adventure, Drama, Thriller","Director":"Edward Zwick","Writer":"Charles Leavitt, C. Gaby Mitchell","Actors":"Leonardo DiCaprio, Djimon Hounsou, Jennifer Connelly","Plot":"A fisherman, a smuggler, and a syndicate of businessmen match wits over the possession of a priceless diamond.","Language":"English, Mende, Afrikaans","Country":"United States, Germany, United Kingdom, South Africa, India","Awards":"Nominated for 5 Oscars. 8 wins & 32 nominations total","Poster":"https://m.media-amazon.com/images/M/MV5BOGYzOGI0YTUtNTAwYy00M2JhLTgyODEtMjlhZTk1Yzc5ZTBhXkEyXkFqcGc@._V1_SX300.jpg","Ratings":[{"Source":"Internet Movie Database","Value":"8.0/10"},{"Source":"Rotten Tomatoes","Value":"64%"},{"Source":"Metacritic","Value":"64/100"}],"Metascore":"64","imdbRating":"8.0","imdbVotes":"617,290","imdbID":"tt0450259","Type":"movie","DVD":"N/A","BoxOffice":"$57,377,916","Production":"N/A","Website":"N/A","Response":"True"}