{"Title":"Superman Returns","Year":"2006","Rated":"PG-13","Released":"30 Jun 2006","Runtime":"154 min","Genre":"Action, Adventure, Sci-Fi","Director":"Bryan Singer","Writer":"Michael Dougherty, Dan Harris, Bryan Singer","Actors":"Brandon Routh, Kate Bosworth, Kevin Spacey","Plot":"Superman returns to Earth after spending five years in space examining his homeworld Krypton. But he finds things have changed while he was gone, and he must once again prove himself important to the world.","Language":"English, German, French","Country":"United States, Australia","Awards":"Nominated for 1 Oscar. 12 wins & 47 nominations total","Poster":"https://m.media-amazon.com/images/M/MV5BMjg1ZGRiMTEtYmU4Zi00NTkwLWJmODQtMjU3MTAyMGQ2OGZlXkEyXkFqcGc@._V1_SX300.jpg","Ratings":[{"Source":"Internet Movie Database","Value":"6.1/10"},{"Source":"Rotten Tomatoes","Value":"72%"},{"Source":"Metacritic","Value":"72/100"}],"Metascore":"72","imdbRating":"6.1","imdbVotes":"301,156","imdbID":"tt0348150","Type":"movie","DVD":"N/A","BoxOffice":"$200,081,192","Production":"N/A","Website":"N/A","Response":"True"}