{"Title":"Shark Tale","Year":"2004","Rated":"PG","Released":"01 Oct 2004","Runtime":"90 min","Genre":"Animation, Adventure, Comedy","Director":"Bibo Bergeron, Vicky Jenson, Rob Letterman","Writer":"Michael J. Wilson, Rob Letterman, Scott Aukerman","Actors":"Will Smith, Robert De Niro, Renée Zellweger","Plot":"When a son of a gangster shark boss is accidentally killed while on the hunt, his would-be prey and his vegetarian brother decide to use the incident to their own advantage.","Language":"English","Country":"United States, France","Awards":"Nominated for 1 Oscar. 3 wins & 16 nominations total","Poster":"https://m.media-amazon.com/images/M/MV5BMTMxMjY0NzE2M15BMl5BanBnXkFtZTcwNTc3ODcyMw@@._V1_SX300.jpg","Ratings":[{"Source":"Internet Movie Database","Value":"6.0/10"},{"Source":"Rotten Tomatoes","Value":"35%"},{"Source":"Metacritic","Value":"48/100"}],"Metascore":"48","imdbRating":"6.0","imdbVotes":"208,430","imdbID":"tt0307453","Type":"movie","DVD":"N/A","BoxOffice":"$160,861,908","Production":"N/A","Website":"N/A","Response":"True"}