{"Title":"Casino Royale","Year":"2006","Rated":"PG-13","Released":"17 Nov 2006","Runtime":"144 min","Genre":"Action, Adventure, Thriller","Director":"Martin Campbell","Writer":"Neal Purvis, Robert Wade, Paul Haggis","Actors":"Daniel Craig, Eva Green, Judi Dench","Plot":"After earning a licence to kill, secret agent James Bond sets out on his first mission as 007. Bond must defeat a private banker funding terrorists in a high-stakes game of poker at Casino Royale, in Montenegro.","Language":"English, Serbian, German, Italian, French","Country":"United States, United Kingdom, Czech Republic, Germany, Bahamas, Italy","Awards":"Won 1 BAFTA Award28 wins & 44 nominations total","Poster":"https://m.media-amazon.com/images/M/MV5BMWQ1ZDM4NDktMWY0NC00MjcxLWJlMDMtNmE2MGVhYzRjMWQ0XkEyXkFqcGc@._V1_SX300.jpg","Ratings":[{"Source":"Internet Movie Database","Value":"8.0/10"},{"Source":"Rotten Tomatoes","Value":"94%"},{"Source":"Metacritic","Value":"80/100"}],"Metascore":"80","imdbRating":"8.0","imdbVotes":"733,930","imdbID":"tt0381061","Type":"movie","DVD":"N/A","BoxOffice":"$167,445,960","Production":"N/A","Website":"N/A","Response":"True"}