{"Title":"WALL·E","Year":"2008","Rated":"G","Released":"27 Jun 2008","Runtime":"98 min","Genre":"Animation, Adventure, Family","Director":"Andrew Stanton","Writer":"Andrew Stanton, Jim Reardon, Pete Docter","Actors":"Ben Burtt, Elissa Knight, Jeff Garlin","Plot":"A robot who is responsible for cleaning a waste-covered Earth meets another robot and falls in love with her. Together, they set out on a journey that will alter the fate of mankind.","Language":"English","Country":"United States, Japan","Awards":"Won 1 Oscar. 96 wins & 95 nominations total","Poster":"https://m.media-amazon.com/images/M/MV5BMjExMTg5OTU0NF5BMl5BanBnXkFtZTcwMjMxMzMzMw@@._V1_SX300.jpg","Ratings":[{"Source":"Internet Movie Database","Value":"8.4/10"},{"Source":"Rotten Tomatoes","Value":"95%"},{"Source":"Metacritic","Value":"95/100"}],"Metascore":"95","imdbRating":"8.4","imdbVotes":"1,306,354","imdbID":"tt0910970","Type":"movie","DVD":"N/A","BoxOffice":"$223,808,164","Production":"N/A","Website":"N/A","Response":"True"}