{"Title":"Without Remorse","Year":"2021","Rated":"R","Released":"30 Apr 2021","Runtime":"109 min","Genre":"Action, Drama, Thriller","Director":"Stefano Sollima","Writer":"Taylor Sheridan, Will Staples, Tom Clancy","Actors":"Michael B. Jordan, Jodie Turner-Smith, Jamie Bell","Plot":"An elite Navy SEAL goes on a path to avenge his wife's murder only to find himself inside of a larger conspiracy.","Language":"English","Country":"Germany, United States","Awards":"1 nomination total","Poster":"https://m.media-amazon.com/images/M/MV5BNzE0NjU1MmUtZWUzMS00ZWRiLWE5ZjYtODk3NmRlMmExYWI1XkEyXkFqcGc@._V1_SX300.jpg","Ratings":[{"Source":"Internet Movie Database","Value":"5.8/10"},{"Source":"Rotten Tomatoes","Value":"45%"},{"Source":"Metacritic","Value":"41/100"}],"Metascore":"41","imdbRating":"5.8","imdbVotes":"69,441","imdbID":"tt0499097","Type":"movie","DVD":"N/A","BoxOffice":"N/A","Production":"N/A","Website":"N/A","Response":"True"}