{"Title":"A Knight's Tale","Year":"2001","Rated":"PG-13","Released":"11 May 2001","Runtime":"132 min","Genre":"Action, Adventure, Drama","Director":"Brian Helgeland","Writer":"Brian Helgeland","Actors":"Heath Ledger, Mark Addy, Rufus Sewell","Plot":"After his master dies, a peasant squire, fueled by his desire for food and glory, creates a new identity for himself as a knight.","Language":"English, French, Latin","Country":"United States","Awards":"4 wins & 13 nominations total","Poster":"https://m.media-amazon.com/images/M/MV5BMTE5OTE4OTE2Nl5BMl5BanBnXkFtZTYwMDkzMTQ3._V1_SX300.jpg","Ratings":[{"Source":"Internet Movie Database","Value":"7.0/10"},{"Source":"Rotten Tomatoes","Value":"59%"},{"Source":"Metacritic","Value":"56/100"}],"Metascore":"56","imdbRating":"7.0","imdbVotes":"216,150","imdbID":"tt0183790","Type":"movie","DVD":"N/A","BoxOffice":"$56,569,702","Production":"N/A","Website":"N/A","Response":"True"}