{"Title":"Valentine","Year":"2001","Rated":"R","Released":"02 Feb 2001","Runtime":"96 min","Genre":"Horror, Mystery, Thriller","Director":"Jamie Blanks","Writer":"Tom Savage, Donna Powers, Wayne Powers","Actors":"Denise Richards, David Boreanaz, Marley Shelton","Plot":"Five women are stalked by an unknown assailant while preparing for Valentine's Day.","Language":"English, Cantonese","Country":"Canada, United States, Australia","Awards":"2 wins & 3 nominations","Poster":"https://m.media-amazon.com/images/M/MV5BZDBmNGNjYjEtMmYzNy00OTNjLTlmMDUtMDQ0NjJkOGE4MDZmXkEyXkFqcGc@._V1_SX300.jpg","Ratings":[{"Source":"Internet Movie Database","Value":"4.9/10"},{"Source":"Rotten Tomatoes","Value":"11%"},{"Source":"Metacritic","Value":"18/100"}],"Metascore":"18","imdbRating":"4.9","imdbVotes":"30,727","imdbID":"tt0242998","Type":"movie","DVD":"N/A","BoxOffice":"$20,384,136","Production":"N/A","Website":"N/A","Response":"True"}