{"Title":"Scream 3","Year":"2000","Rated":"R","Released":"04 Feb 2000","Runtime":"116 min","Genre":"Horror, Mystery","Director":"Wes Craven","Writer":"Kevin Williamson, Ehren Kruger","Actors":"David Arquette, Neve Campbell, Courteney Cox","Plot":"In Hollywood, a new Ghostface starts killing the cast of Stab 3, a movie sequel whose previous movies were based on the Woodsboro and Windsor College killings. Forcing the survivors of those previous attacks to confront terror onc...","Language":"English","Country":"United States","Awards":"6 wins & 5 nominations total","Poster":"https://m.media-amazon.com/images/M/MV5BMzc4MThjNDItNWIzYy00NjA5LWExMTAtNjAzZGQwZTViN2ZiXkEyXkFqcGc@._V1_SX300.jpg","Ratings":[{"Source":"Internet Movie Database","Value":"5.7/10"},{"Source":"Rotten Tomatoes","Value":"45%"},{"Source":"Metacritic","Value":"56/100"}],"Metascore":"56","imdbRating":"5.7","imdbVotes":"178,300","imdbID":"tt0134084","Type":"movie","DVD":"N/A","BoxOffice":"$89,143,175","Production":"N/A","Website":"N/A","Response":"True"}