{"Title":"Dawn of the Dead","Year":"2004","Rated":"R","Released":"19 Mar 2004","Runtime":"101 min","Genre":"Horror","Director":"Zack Snyder","Writer":"George A. Romero, James Gunn","Actors":"Sarah Polley, Ving Rhames, Mekhi Phifer","Plot":"A nurse, a policeman, a young married couple, a salesman and other survivors of a worldwide plague that is producing aggressive, flesh-eating zombies, take refuge in a mega Midwestern shopping mall.","Language":"English","Country":"United States, Canada, Japan, France","Awards":"1 win & 17 nominations total","Poster":"https://m.media-amazon.com/images/M/MV5BM2ZiYjNlMWYtNTc2My00ZTM4LWJhMjQtM2FlOWM0ZmE0Yjg1XkEyXkFqcGc@._V1_SX300.jpg","Ratings":[{"Source":"Internet Movie Database","Value":"7.2/10"},{"Source":"Rotten Tomatoes","Value":"77%"},{"Source":"Metacritic","Value":"59/100"}],"Metascore":"59","imdbRating":"7.2","imdbVotes":"278,487","imdbID":"tt0363547","Type":"movie","DVD":"N/A","BoxOffice":"$59,020,957","Production":"N/A","Website":"N/A","Response":"True"}