{"Title":"Ex Machina","Year":"2014","Rated":"R","Released":"24 Apr 2015","Runtime":"108 min","Genre":"Drama, Sci-Fi, Thriller","Director":"Alex Garland","Writer":"Alex Garland","Actors":"Alicia Vikander, Domhnall Gleeson, Oscar Isaac","Plot":"Caleb, a 26 year old programmer at the world's largest internet company, wins a competition to spend a week at a private mountain retreat belonging to Nathan, the reclusive CEO of the company. But when Caleb arrives at the remote location he finds that he will have to participate in a strange and fascinating experiment in which he must interact with the world's first true artificial intelligence, housed in the body of a beautiful robot girl.","Language":"English","Country":"United Kingdom, United States","Awards":"Won 1 Oscar. 74 wins & 162 nominations total","Poster":"https://m.media-amazon.com/images/M/MV5BMTUxNzc0OTIxMV5BMl5BanBnXkFtZTgwNDI3NzU2NDE@._V1_SX300.jpg","Ratings":[{"Source":"Internet Movie Database","Value":"7.7/10"},{"Source":"Rotten Tomatoes","Value":"92%"},{"Source":"Metacritic","Value":"78/100"}],"Metascore":"78","imdbRating":"7.7","imdbVotes":"629,754","imdbID":"tt0470752","Type":"movie","DVD":"N/A","BoxOffice":"$25,442,958","Production":"N/A","Website":"N/A","Response":"True"}