{"Title":"Wrong Turn","Year":"2003","Rated":"R","Released":"30 May 2003","Runtime":"84 min","Genre":"Horror, Thriller","Director":"Rob Schmidt","Writer":"Alan B. McElroy","Actors":"Eliza Dushku, Jeremy Sisto, Emmanuelle Chriqui","Plot":"Chris and a group of five friends are left stranded deep in the middle of the woods after their cars collide. As they venture deeper into the woods, they face an uncertain and bloodcurdling fate.","Language":"English","Country":"United States, Germany, Canada","Awards":"3 nominations total","Poster":"https://m.media-amazon.com/images/M/MV5BMTU5MDU2NTQ0M15BMl5BanBnXkFtZTgwNjg4MzYyMDI@._V1_SX300.jpg","Ratings":[{"Source":"Internet Movie Database","Value":"6.1/10"},{"Source":"Rotten Tomatoes","Value":"40%"},{"Source":"Metacritic","Value":"32/100"}],"Metascore":"32","imdbRating":"6.1","imdbVotes":"144,481","imdbID":"tt0295700","Type":"movie","DVD":"N/A","BoxOffice":"$15,418,790","Production":"N/A","Website":"N/A","Response":"True"}