{"Title":"White Chicks","Year":"2004","Rated":"PG-13","Released":"23 Jun 2004","Runtime":"109 min","Genre":"Comedy, Crime","Director":"Keenen Ivory Wayans","Writer":"Keenen Ivory Wayans, Shawn Wayans, Marlon Wayans","Actors":"Marlon Wayans, Shawn Wayans, Busy Philipps","Plot":"Two disgraced FBI agents go way undercover in an effort to protect hotel heiresses the Wilson sisters from a kidnapping plot.","Language":"English","Country":"United States","Awards":"3 wins & 13 nominations total","Poster":"https://m.media-amazon.com/images/M/MV5BMTY3OTg2OTM3OV5BMl5BanBnXkFtZTYwNzY5OTA3._V1_SX300.jpg","Ratings":[{"Source":"Internet Movie Database","Value":"5.9/10"},{"Source":"Rotten Tomatoes","Value":"15%"},{"Source":"Metacritic","Value":"41/100"}],"Metascore":"41","imdbRating":"5.9","imdbVotes":"187,867","imdbID":"tt0381707","Type":"movie","DVD":"N/A","BoxOffice":"$70,831,760","Production":"N/A","Website":"N/A","Response":"True"}