{"Title":"Identity","Year":"2003","Rated":"R","Released":"25 Apr 2003","Runtime":"90 min","Genre":"Mystery, Thriller","Director":"James Mangold","Writer":"Michael Cooney","Actors":"John Cusack, Ray Liotta, Amanda Peet","Plot":"Stranded at a desolate Nevada motel during a nasty rain storm, ten strangers become acquainted with each other when they realize that they're being killed off one by one.","Language":"English","Country":"United States","Awards":"1 win & 11 nominations total","Poster":"https://m.media-amazon.com/images/M/MV5BZTg1YWUyODktMWY5MC00ZjliLTg3YmUtZDliMGZhZDZmMzU5XkEyXkFqcGc@._V1_SX300.jpg","Ratings":[{"Source":"Internet Movie Database","Value":"7.3/10"},{"Source":"Rotten Tomatoes","Value":"63%"},{"Source":"Metacritic","Value":"64/100"}],"Metascore":"64","imdbRating":"7.3","imdbVotes":"285,988","imdbID":"tt0309698","Type":"movie","DVD":"N/A","BoxOffice":"$52,159,536","Production":"N/A","Website":"N/A","Response":"True"}