{"Title":"The Day After Tomorrow","Year":"2004","Rated":"PG-13","Released":"28 May 2004","Runtime":"124 min","Genre":"Action, Adventure, Sci-Fi","Director":"Roland Emmerich","Writer":"Roland Emmerich, Jeffrey Nachmanoff","Actors":"Dennis Quaid, Jake Gyllenhaal, Emmy Rossum","Plot":"Jack Hall, paleoclimatologist, must make a daring trek from Washington, D.C. to New York City to reach his son, trapped in the cross-hairs of a sudden international storm which plunges the planet into a new Ice Age.","Language":"English, Japanese, French, Arabic","Country":"United States","Awards":"Won 1 BAFTA Award6 wins & 12 nominations total","Poster":"https://m.media-amazon.com/images/M/MV5BOGZmNDYyNmMtNDQyNy00OTkzLTg1OGUtYWJiNmQ5Y2Q5ZGU3XkEyXkFqcGc@._V1_SX300.jpg","Ratings":[{"Source":"Internet Movie Database","Value":"6.5/10"},{"Source":"Rotten Tomatoes","Value":"45%"},{"Source":"Metacritic","Value":"47/100"}],"Metascore":"47","imdbRating":"6.5","imdbVotes":"506,230","imdbID":"tt0319262","Type":"movie","DVD":"N/A","BoxOffice":"$186,740,799","Production":"N/A","Website":"N/A","Response":"True"}