{"Title":"The Longest Yard","Year":"2005","Rated":"PG-13","Released":"27 May 2005","Runtime":"113 min","Genre":"Comedy, Crime, Sport","Director":"Peter Segal","Writer":"Albert S. Ruddy, Tracy Keenan Wynn, Sheldon Turner","Actors":"Adam Sandler, Burt Reynolds, Chris Rock","Plot":"Prison inmates form a football team to challenge the prison guards.","Language":"English","Country":"United States","Awards":"3 wins & 17 nominations total","Poster":"https://m.media-amazon.com/images/M/MV5BMTc1NTQyNDk2NV5BMl5BanBnXkFtZTcwOTE2OTQzMw@@._V1_SX300.jpg","Ratings":[{"Source":"Internet Movie Database","Value":"6.4/10"},{"Source":"Rotten Tomatoes","Value":"31%"},{"Source":"Metacritic","Value":"48/100"}],"Metascore":"48","imdbRating":"6.4","imdbVotes":"207,070","imdbID":"tt0398165","Type":"movie","DVD":"N/A","BoxOffice":"$158,119,460","Production":"N/A","Website":"N/A","Response":"True"}