{"Title":"The Curious Case of Benjamin Button","Year":"2008","Rated":"PG-13","Released":"25 Dec 2008","Runtime":"166 min","Genre":"Drama, Fantasy, Romance","Director":"David Fincher","Writer":"Eric Roth, Robin Swicord, F. Scott Fitzgerald","Actors":"Brad Pitt, Cate Blanchett, Tilda Swinton","Plot":"Benjamin Button, born in 1918 with the physical state of an elderly man, ages in reverse. He experiences love and break-ups, ecstasy and sorrow, and timelessness by the time he dies in 2003 as a baby.","Language":"English, Russian, French","Country":"United States","Awards":"Won 3 Oscars. 85 wins & 160 nominations total","Poster":"https://m.media-amazon.com/images/M/MV5BYjIyNDExOWItM2Y4ZC00NmY3LWFlN2ItYTJlZDQ1NTJlZTUwXkEyXkFqcGc@._V1_SX300.jpg","Ratings":[{"Source":"Internet Movie Database","Value":"7.8/10"},{"Source":"Rotten Tomatoes","Value":"72%"},{"Source":"Metacritic","Value":"70/100"}],"Metascore":"70","imdbRating":"7.8","imdbVotes":"736,982","imdbID":"tt0421715","Type":"movie","DVD":"N/A","BoxOffice":"$127,509,326","Production":"N/A","Website":"N/A","Response":"True"}