{"Title":"Enemy at the Gates","Year":"2001","Rated":"R","Released":"16 Mar 2001","Runtime":"131 min","Genre":"Action, Drama, War","Director":"Jean-Jacques Annaud","Writer":"Jean-Jacques Annaud, Alain Godard","Actors":"Jude Law, Ed Harris, Joseph Fiennes","Plot":"A Russian and a German sniper play a game of cat-and-mouse during the Battle of Stalingrad.","Language":"English, German, Russian","Country":"Ireland, United Kingdom, France, Germany, United States","Awards":"7 nominations total","Poster":"https://m.media-amazon.com/images/M/MV5BODM5MmQyYjktMzg5Ny00Y2Y1LThlNWQtNjQ5OGMwNmY2YjcyXkEyXkFqcGc@._V1_SX300.jpg","Ratings":[{"Source":"Internet Movie Database","Value":"7.5/10"},{"Source":"Rotten Tomatoes","Value":"53%"},{"Source":"Metacritic","Value":"53/100"}],"Metascore":"53","imdbRating":"7.5","imdbVotes":"290,731","imdbID":"tt0215750","Type":"movie","DVD":"N/A","BoxOffice":"$51,401,758","Production":"N/A","Website":"N/A","Response":"True"}