{"Title":"Charlie and the Chocolate Factory","Year":"2005","Rated":"PG","Released":"15 Jul 2005","Runtime":"115 min","Genre":"Adventure, Comedy, Family","Director":"Tim Burton","Writer":"Roald Dahl, John August","Actors":"Johnny Depp, Freddie Highmore, David Kelly","Plot":"Charlie, a young boy from an impoverished family, and four other kids win a tour of an amazing chocolate factory run by an imaginative chocolatier, Willy Wonka, and his staff of Oompa-Loompas.","Language":"English","Country":"United Kingdom, United States","Awards":"Nominated for 1 Oscar. 15 wins & 52 nominations total","Poster":"https://m.media-amazon.com/images/M/MV5BNjcxMjg1Njg2NF5BMl5BanBnXkFtZTcwMjQ4NzMzMw@@._V1_SX300.jpg","Ratings":[{"Source":"Internet Movie Database","Value":"6.7/10"},{"Source":"Rotten Tomatoes","Value":"83%"},{"Source":"Metacritic","Value":"72/100"}],"Metascore":"72","imdbRating":"6.7","imdbVotes":"566,515","imdbID":"tt0367594","Type":"movie","DVD":"N/A","BoxOffice":"$206,459,076","Production":"N/A","Website":"N/A","Response":"True"}