{"Title":"Hidalgo","Year":"2004","Rated":"PG-13","Released":"05 Mar 2004","Runtime":"136 min","Genre":"Action, Adventure, Biography","Director":"Joe Johnston","Writer":"John Fusco","Actors":"Viggo Mortensen, Omar Sharif, Zuleikha Robinson","Plot":"In 1890, a down-and-out cowboy and his horse travel to Arabia to compete in a deadly cross desert horse race.","Language":"English, Arabic, Sioux","Country":"United States, Morocco","Awards":"1 win & 2 nominations total","Poster":"https://m.media-amazon.com/images/M/MV5BMTgyNjg5MjcxMl5BMl5BanBnXkFtZTcwNDQxMzQyMQ@@._V1_SX300.jpg","Ratings":[{"Source":"Internet Movie Database","Value":"6.7/10"},{"Source":"Rotten Tomatoes","Value":"46%"},{"Source":"Metacritic","Value":"54/100"}],"Metascore":"54","imdbRating":"6.7","imdbVotes":"87,817","imdbID":"tt0317648","Type":"movie","DVD":"N/A","BoxOffice":"$67,303,450","Production":"N/A","Website":"N/A","Response":"True"}