{"Title":"Underworld","Year":"2003","Rated":"R","Released":"19 Sep 2003","Runtime":"121 min","Genre":"Action, Fantasy, Thriller","Director":"Len Wiseman","Writer":"Kevin Grevioux, Len Wiseman, Danny McBride","Actors":"Kate Beckinsale, Scott Speedman, Shane Brolly","Plot":"Selene, a vampire warrior, is entrenched in a conflict between vampires and werewolves, while falling in love with Michael, a human who is sought by werewolves for unknown reasons.","Language":"English","Country":"United States, United Kingdom, Germany, Hungary","Awards":"1 win & 10 nominations total","Poster":"https://m.media-amazon.com/images/M/MV5BOWIwZjFkYjktZTI3My00YzhkLWI5NmUtZDYyMTg5ZWVmODZkXkEyXkFqcGc@._V1_SX300.jpg","Ratings":[{"Source":"Internet Movie Database","Value":"7.0/10"},{"Source":"Rotten Tomatoes","Value":"30%"},{"Source":"Metacritic","Value":"42/100"}],"Metascore":"42","imdbRating":"7.0","imdbVotes":"298,157","imdbID":"tt0320691","Type":"movie","DVD":"N/A","BoxOffice":"$51,970,690","Production":"N/A","Website":"N/A","Response":"True"}