{"Title":"Quantum of Solace","Year":"2008","Rated":"PG-13","Released":"14 Nov 2008","Runtime":"106 min","Genre":"Action, Adventure, Mystery","Director":"Marc Forster","Writer":"Paul Haggis, Neal Purvis, Robert Wade","Actors":"Daniel Craig, Olga Kurylenko, Mathieu Amalric","Plot":"James Bond tries to stop an organisation from eliminating a country's most valuable resource.","Language":"English, Spanish, Italian, French, Swiss German, German","Country":"United Kingdom, United States, Italy","Awards":"Nominated for 2 BAFTA 4 wins & 32 nominations total","Poster":"https://m.media-amazon.com/images/M/MV5BYmMwZTA3MTAtNWU0Yy00NGZmLTg0YmItZTVkZGFjZTI1ZWJiXkEyXkFqcGc@._V1_SX300.jpg","Ratings":[{"Source":"Internet Movie Database","Value":"6.5/10"},{"Source":"Rotten Tomatoes","Value":"63%"},{"Source":"Metacritic","Value":"58/100"}],"Metascore":"58","imdbRating":"6.5","imdbVotes":"491,472","imdbID":"tt0830515","Type":"movie","DVD":"N/A","BoxOffice":"$168,368,427","Production":"N/A","Website":"N/A","Response":"True"}