{"Title":"The Last Samurai","Year":"2003","Rated":"R","Released":"05 Dec 2003","Runtime":"154 min","Genre":"Action, Drama","Director":"Edward Zwick","Writer":"John Logan, Edward Zwick, Marshall Herskovitz","Actors":"Tom Cruise, Ken Watanabe, Billy Connolly","Plot":"In 19th century Japan, Nathan Algren, a US army captain, is hired by the Japanese emperor to train his army in the modern warfare techniques. Captain Algren finds himself trapped in a struggle between two eras and two worlds.","Language":"English, Japanese, Spanish, Danish","Country":"United States, New Zealand, Japan","Awards":"Nominated for 4 Oscars. 20 wins & 67 nominations total","Poster":"https://m.media-amazon.com/images/M/MV5BMzkyNzQ1Mzc0NV5BMl5BanBnXkFtZTcwODg3MzUzMw@@._V1_SX300.jpg","Ratings":[{"Source":"Internet Movie Database","Value":"7.8/10"},{"Source":"Rotten Tomatoes","Value":"65%"},{"Source":"Metacritic","Value":"55/100"}],"Metascore":"55","imdbRating":"7.8","imdbVotes":"499,167","imdbID":"tt0325710","Type":"movie","DVD":"N/A","BoxOffice":"$111,127,263","Production":"N/A","Website":"N/A","Response":"True"}