{"Title":"Mulholland Drive","Year":"2001","Rated":"R","Released":"19 Oct 2001","Runtime":"147 min","Genre":"Drama, Mystery, Thriller","Director":"David Lynch","Writer":"David Lynch","Actors":"Naomi Watts, Laura Harring, Justin Theroux","Plot":"After a car wreck on Mulholland Drive renders a woman amnesiac, she and a Hollywood-hopeful search for clues and answers across Los Angeles in a twisting venture beyond dreams and reality.","Language":"English, Spanish, French","Country":"France, United States","Awards":"Nominated for 1 Oscar. 50 wins & 61 nominations total","Poster":"https://m.media-amazon.com/images/M/MV5BNjliY2UwMjQtYjVlNi00NzExLTg1MDMtMjE2OTYwYjI0NTcxXkEyXkFqcGc@._V1_SX300.jpg","Ratings":[{"Source":"Internet Movie Database","Value":"7.9/10"},{"Source":"Rotten Tomatoes","Value":"84%"},{"Source":"Metacritic","Value":"87/100"}],"Metascore":"87","imdbRating":"7.9","imdbVotes":"415,244","imdbID":"tt0166924","Type":"movie","DVD":"N/A","BoxOffice":"$7,220,243","Production":"N/A","Website":"N/A","Response":"True"}