{"Title":"Bridge to Terabithia","Year":"2007","Rated":"PG","Released":"16 Feb 2007","Runtime":"96 min","Genre":"Drama, Family, Fantasy","Director":"Gabor Csupo","Writer":"Jeff Stockwell, David Paterson, Katherine Paterson","Actors":"Josh Hutcherson, AnnaSophia Robb, Zooey Deschanel","Plot":"Leslie and Jess create the secret kingdom of Terabithia, a land of monsters, trolls, ogres and giants where they spend their free time ruling as king and queen and fighting evil creatures.","Language":"English","Country":"United States, New Zealand","Awards":"6 wins & 5 nominations total","Poster":"https://m.media-amazon.com/images/M/MV5BMTMzOTk1MzIyN15BMl5BanBnXkFtZTcwNTM3MjczMQ@@._V1_SX300.jpg","Ratings":[{"Source":"Internet Movie Database","Value":"7.2/10"},{"Source":"Rotten Tomatoes","Value":"85%"},{"Source":"Metacritic","Value":"74/100"}],"Metascore":"74","imdbRating":"7.2","imdbVotes":"187,192","imdbID":"tt0398808","Type":"movie","DVD":"N/A","BoxOffice":"$82,272,442","Production":"N/A","Website":"N/A","Response":"True"}