{"Title":"Stardom","Year":"2000","Rated":"R","Released":"13 Oct 2000","Runtime":"100 min","Genre":"Drama, Comedy","Director":"Denys Arcand","Writer":"Denys Arcand, Jacob Potashnik","Actors":"Jessica Paré, Victoria Snow, Jessica Mackenzie","Plot":"A young girl is plucked from small-town obscurity and thrust into the spotlight of the glamorous world of super-models.","Language":"English, French","Country":"France, Canada","Awards":"2 wins & 7 nominations","Poster":"https://m.media-amazon.com/images/M/MV5BMTIwMjQ0MzYxMV5BMl5BanBnXkFtZTcwNzMyNTEzMQ@@._V1_SX300.jpg","Ratings":[{"Source":"Internet Movie Database","Value":"5.7/10"},{"Source":"Rotten Tomatoes","Value":"42%"},{"Source":"Metacritic","Value":"36/100"}],"Metascore":"36","imdbRating":"5.7","imdbVotes":"1,836","imdbID":"tt0192949","Type":"movie","DVD":"N/A","BoxOffice":"$10,886","Production":"N/A","Website":"N/A","Response":"True"}