{"Title":"The Croods","Year":"2013","Rated":"PG","Released":"22 Mar 2013","Runtime":"98 min","Genre":"Animation, Adventure, Comedy","Director":"Kirk DeMicco, Chris Sanders","Writer":"Kirk DeMicco, Chris Sanders, John Cleese","Actors":"Nicolas Cage, Ryan Reynolds, Emma Stone","Plot":"\"The Croods\" are an eccentric family of cavemen, who survive the harsh terrain by living accordingly to a strict set of rules. But when their home is destroyed in the wake of an impending disaster known as \"The End\", they are forced to leave their home of shelter and security, and into the wilderness of the unknown to find a new home.","Language":"English","Country":"United States","Awards":"Nominated for 1 Oscar. 5 wins & 46 nominations total","Poster":"https://m.media-amazon.com/images/M/MV5BMTcyOTc2OTA1Ml5BMl5BanBnXkFtZTcwOTI1MjkzOQ@@._V1_SX300.jpg","Ratings":[{"Source":"Internet Movie Database","Value":"7.1/10"},{"Source":"Rotten Tomatoes","Value":"71%"},{"Source":"Metacritic","Value":"55/100"}],"Metascore":"55","imdbRating":"7.1","imdbVotes":"248,401","imdbID":"tt0481499","Type":"movie","DVD":"N/A","BoxOffice":"$187,168,425","Production":"N/A","Website":"N/A","Response":"True"}