{"Title":"Girl Play","Year":"2004","Rated":"Not Rated","Released":"11 Jul 2004","Runtime":"80 min","Genre":"Comedy, Romance","Director":"Lee Friedlander","Writer":"Lee Friedlander, Robin Greenspan, Lacie Harmon","Actors":"Robin Greenspan, Lacie Harmon, Mink Stole","Plot":"Two real-life lesbian actresses meet by chance when they are cast as lovers in a local stage play, and end up actually falling in love.","Language":"English","Country":"United States","Awards":"10 wins","Poster":"https://m.media-amazon.com/images/M/MV5BMWY3MWQ1YzAtYzM4ZC00NjdjLWIwY2EtYjc0NTU2M2FkMTJmXkEyXkFqcGc@._V1_SX300.jpg","Ratings":[{"Source":"Internet Movie Database","Value":"4.5/10"},{"Source":"Rotten Tomatoes","Value":"45%"},{"Source":"Metacritic","Value":"37/100"}],"Metascore":"37","imdbRating":"4.5","imdbVotes":"878","imdbID":"tt0416773","Type":"movie","DVD":"N/A","BoxOffice":"$11,523","Production":"N/A","Website":"N/A","Response":"True"}