{"Title":"XxxHOLiC the Movie: A Midsummer Night's Dream","Year":"2005","Rated":"TV-14","Released":"20 Aug 2005","Runtime":"60 min","Genre":"Animation, Comedy, Drama","Director":"Tsutomu Mizushima","Writer":"Clamp, Yoshiki Sakurai, Jun'ichi Fujisaku","Actors":"Sayaka Ôhara, Jun Fukuyama, Kazuya Nakai","Plot":"Yuko receives an invitation for the opening of an auction from a mysterious unknown sender. Likewise, fanatical collectors are summoned to an old mansion whose owner doesn't make an appearance. One after another, each collector di...","Language":"Japanese","Country":"Japan","Awards":"1 nomination total","Poster":"https://m.media-amazon.com/images/M/MV5BMGFjM2EyODMtNjYxYi00N2JlLWI0N2UtZDk1NGFlNTdjZWE0XkEyXkFqcGc@._V1_SX300.jpg","Ratings":[{"Source":"Internet Movie Database","Value":"7.1/10"}],"Metascore":"N/A","imdbRating":"7.1","imdbVotes":"770","imdbID":"tt0466405","Type":"movie","DVD":"N/A","BoxOffice":"N/A","Production":"N/A","Website":"N/A","Response":"True"}