{"Title":"Super Troopers","Year":"2001","Rated":"R","Released":"15 Feb 2002","Runtime":"100 min","Genre":"Comedy, Crime, Mystery","Director":"Jay Chandrasekhar","Writer":"Jay Chandrasekhar, Kevin Heffernan, Steve Lemme","Actors":"Jay Chandrasekhar, Kevin Heffernan, André Vippolis","Plot":"Five Vermont state troopers, avid pranksters with a knack for screwing up, try to save their jobs and out-do the local police department by solving a crime.","Language":"English, German, French","Country":"United States","Awards":"1 win total","Poster":"https://m.media-amazon.com/images/M/MV5BM2ViMTkwNzItMzRiYy00MmFmLThkNzQtZTMwYWNiYzk0MzIwXkEyXkFqcGc@._V1_SX300.jpg","Ratings":[{"Source":"Internet Movie Database","Value":"7.0/10"},{"Source":"Rotten Tomatoes","Value":"37%"},{"Source":"Metacritic","Value":"48/100"}],"Metascore":"48","imdbRating":"7.0","imdbVotes":"117,249","imdbID":"tt0247745","Type":"movie","DVD":"N/A","BoxOffice":"$18,492,362","Production":"N/A","Website":"N/A","Response":"True"}