{"Title":"Ghost Rider: Spirit of Vengeance","Year":"2011","Rated":"PG-13","Released":"17 Feb 2012","Runtime":"96 min","Genre":"Action, Fantasy, Thriller","Director":"Mark Neveldine, Brian Taylor","Writer":"Scott M. Gimple, Seth Hoffman, David S. Goyer","Actors":"Nicolas Cage, Ciarán Hinds, Idris Elba","Plot":"Johnny Blaze, a man who made a deal with the Devil who called himself Mephistopheles at the time (now Roarke), is on the run trying to make sure no-one is harmed by his alter ego, The Ghost Rider. He is approached by a Monk named Moreau who tells him that he can help be him free of the Rider, but first, he needs Johnny's help to protect a boy, whom Roarke has plans for, to help him take human form.","Language":"English, Romanian","Country":"United Arab Emirates, United States","Awards":"4 nominations total","Poster":"https://m.media-amazon.com/images/M/MV5BN2FmZGVlNTgtYTllNC00YmUzLTk5YmUtNWNhMzk3ZmE2NmQ0XkEyXkFqcGc@._V1_SX300.jpg","Ratings":[{"Source":"Internet Movie Database","Value":"4.4/10"},{"Source":"Rotten Tomatoes","Value":"18%"},{"Source":"Metacritic","Value":"34/100"}],"Metascore":"34","imdbRating":"4.4","imdbVotes":"131,863","imdbID":"tt1071875","Type":"movie","DVD":"N/A","BoxOffice":"$51,774,002","Production":"N/A","Website":"N/A","Response":"True"}