{"Title":"Percy Jackson & the Olympians: The Lightning Thief","Year":"2010","Rated":"PG","Released":"12 Feb 2010","Runtime":"118 min","Genre":"Adventure, Family, Fantasy","Director":"Chris Columbus","Writer":"Craig Titley, Rick Riordan","Actors":"Logan Lerman, Kevin McKidd, Steve Coogan","Plot":"When his lightning bolt is stolen, Zeus accuses Poseidon's son Percy Jackson and gives Poseidon's son fourteen days to return it, otherwise he will initiate a war amongst the gods. Meanwhile the teenager, Percy, who is dyslexic and has ADHD is visiting The Museum of Metropolitan of Art and is attacked by a Fury disguised in his teacher. His physically handicapped best friend Grover reveals that Percy is a demigod and that he is his protector and his teacher Mr Brunner gives him a pen telling him that it is a powerful weapon. They go to Percy's house and together with his mother Sally they drive to the Camp Half-Blood. However Sally is attacked by a Minotaur and vanishes before Percy can help her. In the camp, Percy befriends the gorgeous Annabeth; when they are attacked by Hades who wants the lighting bolt for himself, Percy discovers that his mother is in the Underworld with Hades. Percy decides to travel on a dangerous quest to retrieve the lightning bolt and save his mother. Grover and Annabeth join him and Luke gives a powerful shield of his own to protect Percy. Will they be able to succeed?","Language":"English, Greek, Ancient (to 1453)","Country":"United Kingdom, Canada, United States","Awards":"11 nominations total","Poster":"https://m.media-amazon.com/images/M/MV5BZDE4M2ZiYzEtODJiZC00NmI1LWFlNTgtOGJlNTY3NmExYWNjXkEyXkFqcGc@._V1_SX300.jpg","Ratings":[{"Source":"Internet Movie Database","Value":"5.9/10"},{"Source":"Rotten Tomatoes","Value":"48%"},{"Source":"Metacritic","Value":"47/100"}],"Metascore":"47","imdbRating":"5.9","imdbVotes":"210,964","imdbID":"tt0814255","Type":"movie","DVD":"N/A","BoxOffice":"$88,768,303","Production":"N/A","Website":"N/A","Response":"True"}