{"Title":"Hellboy","Year":"2004","Rated":"PG-13","Released":"02 Apr 2004","Runtime":"122 min","Genre":"Action, Adventure, Fantasy","Director":"Guillermo del Toro","Writer":"Guillermo del Toro, Peter Briggs, Mike Mignola","Actors":"Ron Perlman, Doug Jones, Selma Blair","Plot":"A demon raised from infancy after being conjured by and rescued from the Nazis, grows up to become a defender against the forces of darkness.","Language":"English, Russian, German, Latin","Country":"United States","Awards":"3 wins & 23 nominations total","Poster":"https://m.media-amazon.com/images/M/MV5BMWZhODhmZjktNmIzNC00NGRmLTkyMDEtODVmMzVmNGQwYWU0XkEyXkFqcGc@._V1_SX300.jpg","Ratings":[{"Source":"Internet Movie Database","Value":"6.9/10"},{"Source":"Rotten Tomatoes","Value":"81%"},{"Source":"Metacritic","Value":"72/100"}],"Metascore":"72","imdbRating":"6.9","imdbVotes":"365,031","imdbID":"tt0167190","Type":"movie","DVD":"N/A","BoxOffice":"$59,623,958","Production":"N/A","Website":"N/A","Response":"True"}