{"Title":"Barnyard","Year":"2006","Rated":"PG","Released":"04 Aug 2006","Runtime":"90 min","Genre":"Animation, Adventure, Comedy","Director":"Steve Oedekerk","Writer":"Steve Oedekerk","Actors":"Kevin James, Courteney Cox, Danny Glover","Plot":"When the farmer's away, all the animals play, and sing, and dance. Eventually, though, someone has to step in and run things, a responsibility that ends up going to Otis, a carefree cow.","Language":"English","Country":"United States, Germany, Turkey","Awards":"3 nominations total","Poster":"https://m.media-amazon.com/images/M/MV5BMTU2NDE0ODYyNF5BMl5BanBnXkFtZTcwNjQ3NzAzMQ@@._V1_SX300.jpg","Ratings":[{"Source":"Internet Movie Database","Value":"5.6/10"},{"Source":"Rotten Tomatoes","Value":"23%"},{"Source":"Metacritic","Value":"42/100"}],"Metascore":"42","imdbRating":"5.6","imdbVotes":"37,859","imdbID":"tt0414853","Type":"movie","DVD":"N/A","BoxOffice":"$72,637,803","Production":"N/A","Website":"N/A","Response":"True"}