{"Title":"Shrek Forever After","Year":"2010","Rated":"PG","Released":"21 May 2010","Runtime":"93 min","Genre":"Animation, Adventure, Comedy","Director":"Mike Mitchell","Writer":"Josh Klausner, Darren Lemke, William Steig","Actors":"Mike Myers, Cameron Diaz, Eddie Murphy","Plot":"The once hideous ogre Shrek (Mike Myers) is now living a good life with wife Fiona (Cameron Diaz) and his three children. But he soon has a meltdown in front of them and his friends during his kids' birthday party. He suddenly wants to be a real ogre like he was before he ever met Fiona. So he turns to devious dealmaker Rumpelstiltskin (Walt Dohrn) for help. At first, Shrek lives the life he once lost and everything is good. But he soon finds out that he has been set up by Rumpelstiltskin, who now rules the land with an iron fist. Teaming with friends Donkey (Eddie Murphy), Fiona, and Puss in Boots (Antonio Banderas), Shrek is in for the fight of his life as he tries to get his life back before time runs out.","Language":"English","Country":"United States, France","Awards":"1 win & 13 nominations total","Poster":"https://m.media-amazon.com/images/M/MV5BMTY0OTU1NzkxMl5BMl5BanBnXkFtZTcwMzI2NDUzMw@@._V1_SX300.jpg","Ratings":[{"Source":"Internet Movie Database","Value":"6.3/10"},{"Source":"Rotten Tomatoes","Value":"58%"},{"Source":"Metacritic","Value":"58/100"}],"Metascore":"58","imdbRating":"6.3","imdbVotes":"241,685","imdbID":"tt0892791","Type":"movie","DVD":"N/A","BoxOffice":"$238,736,787","Production":"N/A","Website":"N/A","Response":"True"}