{"Title":"Final Destination 2","Year":"2003","Rated":"R","Released":"31 Jan 2003","Runtime":"90 min","Genre":"Horror, Thriller","Director":"David R. Ellis","Writer":"J. Mackye Gruber, Eric Bress, Jeffrey Reddick","Actors":"A.J. Cook, Ali Larter, Tony Todd","Plot":"Death is stalking Kimberly Corman and multiple survivors of a deadly highway accident.","Language":"English","Country":"United States, Canada","Awards":"4 nominations total","Poster":"https://m.media-amazon.com/images/M/MV5BMjExMTMyODAzN15BMl5BanBnXkFtZTYwNjc5NDQ3._V1_SX300.jpg","Ratings":[{"Source":"Internet Movie Database","Value":"6.2/10"},{"Source":"Rotten Tomatoes","Value":"52%"},{"Source":"Metacritic","Value":"38/100"}],"Metascore":"38","imdbRating":"6.2","imdbVotes":"214,348","imdbID":"tt0309593","Type":"movie","DVD":"N/A","BoxOffice":"$46,961,214","Production":"N/A","Website":"N/A","Response":"True"}