{"Title":"Eternal Sunshine of the Spotless Mind","Year":"2004","Rated":"R","Released":"19 Mar 2004","Runtime":"108 min","Genre":"Drama, Romance, Sci-Fi","Director":"Michel Gondry","Writer":"Charlie Kaufman, Michel Gondry, Pierre Bismuth","Actors":"Jim Carrey, Kate Winslet, Tom Wilkinson","Plot":"When their relationship turns sour, a couple undergoes a medical procedure to have each other erased from their memories forever.","Language":"English","Country":"United States","Awards":"Won 1 Oscar. 73 wins & 111 nominations total","Poster":"https://m.media-amazon.com/images/M/MV5BMTY4NzcwODg3Nl5BMl5BanBnXkFtZTcwNTEwOTMyMw@@._V1_SX300.jpg","Ratings":[{"Source":"Internet Movie Database","Value":"8.3/10"},{"Source":"Rotten Tomatoes","Value":"93%"},{"Source":"Metacritic","Value":"89/100"}],"Metascore":"89","imdbRating":"8.3","imdbVotes":"1,166,070","imdbID":"tt0338013","Type":"movie","DVD":"N/A","BoxOffice":"$34,400,301","Production":"N/A","Website":"N/A","Response":"True"}