{"Title":"King Kong","Year":"2005","Rated":"PG-13","Released":"14 Dec 2005","Runtime":"187 min","Genre":"Action, Adventure, Romance","Director":"Peter Jackson","Writer":"Fran Walsh, Philippa Boyens, Peter Jackson","Actors":"Naomi Watts, Jack Black, Adrien Brody","Plot":"A greedy film producer assembles a team of moviemakers and sets out for the infamous Skull Island, where they find more than just cannibalistic natives.","Language":"English","Country":"United States, New Zealand, Germany","Awards":"Won 3 Oscars. 47 wins & 104 nominations total","Poster":"https://m.media-amazon.com/images/M/MV5BMWY0NWE0ZjUtNjRlOS00ZDViLTgxNTQtMGMwN2FhNDY1YTg2XkEyXkFqcGc@._V1_SX300.jpg","Ratings":[{"Source":"Internet Movie Database","Value":"7.2/10"},{"Source":"Rotten Tomatoes","Value":"84%"},{"Source":"Metacritic","Value":"81/100"}],"Metascore":"81","imdbRating":"7.2","imdbVotes":"465,049","imdbID":"tt0360717","Type":"movie","DVD":"N/A","BoxOffice":"$218,080,025","Production":"N/A","Website":"N/A","Response":"True"}