{"Title":"The Town","Year":"2010","Rated":"R","Released":"17 Sep 2010","Runtime":"125 min","Genre":"Crime, Drama, Thriller","Director":"Ben Affleck","Writer":"Peter Craig, Ben Affleck, Aaron Stockard","Actors":"Ben Affleck, Rebecca Hall, Jon Hamm","Plot":"The Charlestown neighborhood of Boston is renowned for churning out a high number of armed robbers, generation after generation. These robbers never leave their Charlestown life on their own volition, the neighborhood where there is an unwritten code to protect that lifestyle. Such robbers include friends Doug MacRay, James Coughlin, Albert 'Gloansy' Magloan and Desmond Elden. Doug and James in particular treat each other like family, as the Coughlins have realistically been as such to Doug since Doug's mother ran off and Doug's father, Stephen MacRay, was sent to prison. James' single mother sister, the drugged out Krista Coughlin, and Doug have a casual sexual relationship. The foursome carry out a mostly successful bank robbery, but due to circumstances take the bank manager, Claire Keesey, hostage for a short period before releasing her physically unharmed. They find out that Claire lives in Charlestown, so they want to ensure that she did not see anything that could incriminate them if they were to ever run into her. As such, Doug begins a personal relationship with her to find out what she knows and what she's told the police and the FBI, who have taken charge of the investigation. He learns that she has kept some information from the authorities for her own protection but information that could identify James in particular. But Doug slowly falls for her, as she does for him. Ultimately, Doug dreams about leaving his Charlestown life to be with Claire anywhere but there. But Doug has to try and keep his true identity from her, and keep the fact that he is seeing her from his colleagues. But leaving is not as easy as he would like as he and the gang are tasked with a big job by a local gangster named Fergie whether Doug likes it or not. And Adam Frawley, the FBI's lead investigator, comes into evidence that links the foursome to the bank robbery and a subsequent armored car heist, so is on their tail for evidence that will send them away dead or alive.","Language":"English","Country":"United States, United Kingdom","Awards":"Nominated for 1 Oscar. 9 wins & 46 nominations total","Poster":"https://m.media-amazon.com/images/M/MV5BMTcyNzcxODg3Nl5BMl5BanBnXkFtZTcwMTUyNjQ3Mw@@._V1_SX300.jpg","Ratings":[{"Source":"Internet Movie Database","Value":"7.5/10"},{"Source":"Rotten Tomatoes","Value":"92%"},{"Source":"Metacritic","Value":"74/100"}],"Metascore":"74","imdbRating":"7.5","imdbVotes":"442,359","imdbID":"tt0840361","Type":"movie","DVD":"N/A","BoxOffice":"$92,186,262","Production":"N/A","Website":"N/A","Response":"True"}