{"Title":"Love Don't Cost a Thing","Year":"2003","Rated":"PG-13","Released":"12 Dec 2003","Runtime":"100 min","Genre":"Comedy, Romance, Drama","Director":"Troy Byer","Writer":"Michael Swerdlick, Troy Byer","Actors":"Nick Cannon, Christina Milian, Jordan Burg","Plot":"A high school loser pays a cheerleader to pose as his girlfriend so he can be considered cool.","Language":"English","Country":"United States","Awards":"6 nominations","Poster":"https://m.media-amazon.com/images/M/MV5BYzc3MzlhMTMtMTkzNy00YjI1LTk4OGQtYTI2NzA1OTgwZjM3XkEyXkFqcGc@._V1_SX300.jpg","Ratings":[{"Source":"Internet Movie Database","Value":"5.2/10"},{"Source":"Rotten Tomatoes","Value":"13%"},{"Source":"Metacritic","Value":"37/100"}],"Metascore":"37","imdbRating":"5.2","imdbVotes":"9,596","imdbID":"tt0337592","Type":"movie","DVD":"N/A","BoxOffice":"$21,924,226","Production":"N/A","Website":"N/A","Response":"True"}