{"Title":"Hoodwinked","Year":"2005","Rated":"PG","Released":"13 Jan 2006","Runtime":"80 min","Genre":"Animation, Adventure, Comedy","Director":"Cory Edwards, Todd Edwards, Tony Leech","Writer":"Cory Edwards, Todd Edwards, Tony Leech","Actors":"Anne Hathaway, Glenn Close, Patrick Warburton","Plot":"Little Red Riding Hood, the Wolf, the Woodsman and Granny all tell the police the events that led up to their encounter.","Language":"English, Spanish","Country":"United States, Serbia and Montenegro","Awards":"1 nomination total","Poster":"https://m.media-amazon.com/images/M/MV5BNjQ2ODc0MjI5M15BMl5BanBnXkFtZTYwMzMxMTc3._V1_SX300.jpg","Ratings":[{"Source":"Internet Movie Database","Value":"6.5/10"},{"Source":"Rotten Tomatoes","Value":"46%"},{"Source":"Metacritic","Value":"45/100"}],"Metascore":"45","imdbRating":"6.5","imdbVotes":"70,257","imdbID":"tt0443536","Type":"movie","DVD":"N/A","BoxOffice":"$51,386,611","Production":"N/A","Website":"N/A","Response":"True"}