{"Title":"Best in Show","Year":"2000","Rated":"PG-13","Released":"20 Oct 2000","Runtime":"90 min","Genre":"Comedy","Director":"Christopher Guest","Writer":"Christopher Guest, Eugene Levy","Actors":"Jay Brazeau, Parker Posey, Michael Hitchcock","Plot":"A behind-the-scenes look into the highly competitive and cut-throat world of dog shows through the eyes of a group of ruthless dog owners.","Language":"English","Country":"United States","Awards":"11 wins & 14 nominations total","Poster":"https://m.media-amazon.com/images/M/MV5BMTQ5OTc0NDU1MF5BMl5BanBnXkFtZTYwNzk1OTI3._V1_SX300.jpg","Ratings":[{"Source":"Internet Movie Database","Value":"7.5/10"},{"Source":"Rotten Tomatoes","Value":"93%"},{"Source":"Metacritic","Value":"78/100"}],"Metascore":"78","imdbRating":"7.5","imdbVotes":"71,301","imdbID":"tt0218839","Type":"movie","DVD":"N/A","BoxOffice":"$18,715,392","Production":"N/A","Website":"N/A","Response":"True"}