{"Title":"Eagle Eye","Year":"2008","Rated":"PG-13","Released":"26 Sep 2008","Runtime":"118 min","Genre":"Action, Mystery, Thriller","Director":"D.J. Caruso","Writer":"John Glenn, Travis Wright, Hillary Seitz","Actors":"Shia LaBeouf, Michelle Monaghan, Rosario Dawson","Plot":"Two strangers become pawns of an unknown woman.","Language":"English","Country":"United Kingdom, Germany, United States","Awards":"3 wins & 8 nominations total","Poster":"https://m.media-amazon.com/images/M/MV5BMjA5MTMzMDMzNl5BMl5BanBnXkFtZTcwMzUwNDUzMw@@._V1_SX300.jpg","Ratings":[{"Source":"Internet Movie Database","Value":"6.6/10"},{"Source":"Rotten Tomatoes","Value":"27%"},{"Source":"Metacritic","Value":"43/100"}],"Metascore":"43","imdbRating":"6.6","imdbVotes":"200,536","imdbID":"tt1059786","Type":"movie","DVD":"N/A","BoxOffice":"$101,440,743","Production":"N/A","Website":"N/A","Response":"True"}