{"Title":"The Terminal","Year":"2004","Rated":"PG-13","Released":"18 Jun 2004","Runtime":"128 min","Genre":"Comedy, Drama, Romance","Director":"Steven Spielberg","Writer":"Andrew Niccol, Sacha Gervasi, Jeff Nathanson","Actors":"Tom Hanks, Catherine Zeta-Jones, Stanley Tucci","Plot":"An Eastern European tourist unexpectedly finds himself stranded at JFK airport and must take up temporary residence there.","Language":"English, Bulgarian, Spanish, Russian, Mandarin, German, French","Country":"United States","Awards":"7 wins & 8 nominations total","Poster":"https://m.media-amazon.com/images/M/MV5BMTM1MTIwNTMxOF5BMl5BanBnXkFtZTcwNjIxMjQyMw@@._V1_SX300.jpg","Ratings":[{"Source":"Internet Movie Database","Value":"7.4/10"},{"Source":"Rotten Tomatoes","Value":"61%"},{"Source":"Metacritic","Value":"55/100"}],"Metascore":"55","imdbRating":"7.4","imdbVotes":"525,418","imdbID":"tt0362227","Type":"movie","DVD":"N/A","BoxOffice":"$77,872,883","Production":"N/A","Website":"N/A","Response":"True"}