{"Title":"Initial D","Year":"2005","Rated":"TV-PG","Released":"23 Jun 2005","Runtime":"107 min","Genre":"Action, Comedy, Drama","Director":"Wai Keung Lau, Alan Mak, Ralph Rieckermann","Writer":"Shuichi Shigeno, Felix Chong","Actors":"Jay Chou, Anthony Chau-Sang Wong, Edison Chen","Plot":"After winning his first competition, Takumi focuses his attention on drift racing, a sport he has unknowingly perfected while delivering tofu in his father's Toyota AE86.","Language":"Cantonese, English","Country":"China, Hong Kong","Awards":"12 wins & 18 nominations total","Poster":"https://m.media-amazon.com/images/M/MV5BYTM2ZDRjNzQtM2VhYS00N2I3LWFkYTQtZDk3MjU5ZDEwMDRlXkEyXkFqcGc@._V1_SX300.jpg","Ratings":[{"Source":"Internet Movie Database","Value":"6.4/10"},{"Source":"Metacritic","Value":"48/100"}],"Metascore":"48","imdbRating":"6.4","imdbVotes":"10,271","imdbID":"tt0439630","Type":"movie","DVD":"17 Jan 2006","BoxOffice":"N/A","Production":"N/A","Website":"N/A","Response":"True"}