{"Title":"Loser","Year":"2000","Rated":"PG-13","Released":"21 Jul 2000","Runtime":"98 min","Genre":"Comedy, Romance","Director":"Amy Heckerling","Writer":"Amy Heckerling","Actors":"Jason Biggs, Mena Suvari, Zak Orth","Plot":"A college student, branded a loser by his roommates and booted from the dorm, falls in love with a coed who has eyes for their condescending professor.","Language":"English","Country":"United States","Awards":"1 nomination total","Poster":"https://m.media-amazon.com/images/M/MV5BNjI0Nzk0ZDUtZGFmOC00MzA0LWFiNmQtYWEzMzQ2NjU5ZGU1XkEyXkFqcGc@._V1_SX300.jpg","Ratings":[{"Source":"Internet Movie Database","Value":"5.3/10"},{"Source":"Rotten Tomatoes","Value":"24%"},{"Source":"Metacritic","Value":"35/100"}],"Metascore":"35","imdbRating":"5.3","imdbVotes":"31,651","imdbID":"tt0217630","Type":"movie","DVD":"N/A","BoxOffice":"$15,618,626","Production":"N/A","Website":"N/A","Response":"True"}