{"Title":"Kung Fu Panda","Year":"2008","Rated":"PG","Released":"06 Jun 2008","Runtime":"92 min","Genre":"Animation, Action, Adventure","Director":"Mark Osborne, John Stevenson","Writer":"Jonathan Aibel, Glenn Berger, Ethan Reiff","Actors":"Jack Black, Ian McShane, Angelina Jolie","Plot":"To everyone's surprise, including his own, Po, an overweight, clumsy panda, is chosen as protector of the Valley of Peace. His suitability will soon be tested as the valley's arch-enemy is on his way.","Language":"English, Japanese, Chinese","Country":"United States, Japan, China, Russia","Awards":"Nominated for 1 Oscar. 15 wins & 39 nominations total","Poster":"https://m.media-amazon.com/images/M/MV5BZDU5MDNiMGItYjVmZi00NDUxLTg2OTktNGE0NzNlNzM4NzgyXkEyXkFqcGc@._V1_SX300.jpg","Ratings":[{"Source":"Internet Movie Database","Value":"7.6/10"},{"Source":"Rotten Tomatoes","Value":"87%"},{"Source":"Metacritic","Value":"74/100"}],"Metascore":"74","imdbRating":"7.6","imdbVotes":"571,657","imdbID":"tt0441773","Type":"movie","DVD":"N/A","BoxOffice":"$216,064,546","Production":"N/A","Website":"N/A","Response":"True"}