{"Title":"Ne Zha","Year":"2019","Rated":"Not Rated","Released":"26 Jul 2019","Runtime":"110 min","Genre":"Animation, Action, Adventure","Director":"Yu Yang","Writer":"Yu Yang, Yunyun Wei, Xixing Lu","Actors":"Yanting Lü, Joseph, Mo Han","Plot":"Born with unique powers, a boy is recruited to fight demons and save the community that fears him.","Language":"Mandarin, Chinese, English","Country":"China","Awards":"21 wins & 24 nominations total","Poster":"https://m.media-amazon.com/images/M/MV5BYmRlODVlZDAtNzcxOC00N2U2LWE4MmQtZTYzZjg3Yjg1MzUxXkEyXkFqcGc@._V1_SX300.jpg","Ratings":[{"Source":"Internet Movie Database","Value":"7.3/10"},{"Source":"Rotten Tomatoes","Value":"88%"},{"Source":"Metacritic","Value":"56/100"}],"Metascore":"56","imdbRating":"7.3","imdbVotes":"19,910","imdbID":"tt10627720","Type":"movie","DVD":"N/A","BoxOffice":"$3,695,533","Production":"N/A","Website":"N/A","Response":"True"}