{"Title":"Memento","Year":"2000","Rated":"R","Released":"25 May 2001","Runtime":"113 min","Genre":"Drama, Mystery, Thriller","Director":"Christopher Nolan","Writer":"Christopher Nolan, Jonathan Nolan","Actors":"Guy Pearce, Carrie-Anne Moss, Joe Pantoliano","Plot":"A former insurance investigator who now suffers from anterograde amnesia uses notes and tattoos to hunt down his wife's murderer.","Language":"English","Country":"United States","Awards":"Nominated for 2 Oscars. 57 wins & 59 nominations total","Poster":"https://m.media-amazon.com/images/M/MV5BMGQ3Y2Q4NjktN2E4Ny00Y2Q2LTliZDUtZTNiNjRhY2I0NGIyXkEyXkFqcGc@._V1_SX300.jpg","Ratings":[{"Source":"Internet Movie Database","Value":"8.4/10"},{"Source":"Rotten Tomatoes","Value":"93%"},{"Source":"Metacritic","Value":"83/100"}],"Metascore":"83","imdbRating":"8.4","imdbVotes":"1,408,703","imdbID":"tt0209144","Type":"movie","DVD":"N/A","BoxOffice":"$25,544,867","Production":"N/A","Website":"N/A","Response":"True"}