{"Title":"The Departed","Year":"2006","Rated":"R","Released":"06 Oct 2006","Runtime":"151 min","Genre":"Crime, Drama, Thriller","Director":"Martin Scorsese","Writer":"William Monahan, Alan Mak, Felix Chong","Actors":"Leonardo DiCaprio, Matt Damon, Jack Nicholson","Plot":"An undercover cop and a mole in the police attempt to identify each other while infiltrating an Irish gang in South Boston.","Language":"English, Cantonese","Country":"United States, Hong Kong","Awards":"Won 4 Oscars. 100 wins & 141 nominations total","Poster":"https://m.media-amazon.com/images/M/MV5BMTI1MTY2OTIxNV5BMl5BanBnXkFtZTYwNjQ4NjY3._V1_SX300.jpg","Ratings":[{"Source":"Internet Movie Database","Value":"8.5/10"},{"Source":"Rotten Tomatoes","Value":"91%"},{"Source":"Metacritic","Value":"85/100"}],"Metascore":"85","imdbRating":"8.5","imdbVotes":"1,538,133","imdbID":"tt0407887","Type":"movie","DVD":"N/A","BoxOffice":"$132,399,394","Production":"N/A","Website":"N/A","Response":"True"}