{"Title":"Honey","Year":"2003","Rated":"PG-13","Released":"05 Dec 2003","Runtime":"94 min","Genre":"Drama, Music, Romance","Director":"Bille Woodruff","Writer":"Alonzo Brown, Kim Watson","Actors":"Jessica Alba, Mekhi Phifer, Romeo Miller","Plot":"Honey is a sexy, tough music video choreographer who shakes up her life after her mentor gives her an ultimatum: sleep with him or be blacklisted within their industry.","Language":"English","Country":"United States","Awards":"8 nominations total","Poster":"https://m.media-amazon.com/images/M/MV5BMjlmZjU2NDEtYWJjZi00ODM0LThmZjUtZWY2YmRjYTIyZmZlXkEyXkFqcGc@._V1_SX300.jpg","Ratings":[{"Source":"Internet Movie Database","Value":"5.3/10"},{"Source":"Rotten Tomatoes","Value":"19%"},{"Source":"Metacritic","Value":"37/100"}],"Metascore":"37","imdbRating":"5.3","imdbVotes":"48,804","imdbID":"tt0322589","Type":"movie","DVD":"N/A","BoxOffice":"$30,308,417","Production":"N/A","Website":"N/A","Response":"True"}