{"Title":"Swingers","Year":"2002","Rated":"N/A","Released":"27 Feb 2003","Runtime":"93 min","Genre":"Drama, Romance","Director":"Stephan Brenninkmeijer","Writer":"Stephan Brenninkmeijer","Actors":"Ellen van der Koogh, Danny de Kok, Nienke Brinkhuis","Plot":"Despite Diana's insecure character, she and her husband Julian agree to the idea of experimenting sexually with another couple. They place an advertisement on the net to which the experienced Alex and Timo react.","Language":"Dutch","Country":"Netherlands","Awards":"N/A","Poster":"https://m.media-amazon.com/images/M/MV5BMTY1NDkwMTIyMV5BMl5BanBnXkFtZTYwOTQ2NDg5._V1_SX300.jpg","Ratings":[{"Source":"Internet Movie Database","Value":"5.6/10"}],"Metascore":"N/A","imdbRating":"5.6","imdbVotes":"1,452","imdbID":"tt0284534","Type":"movie","DVD":"N/A","BoxOffice":"N/A","Production":"N/A","Website":"N/A","Response":"True"}