{"Title":"The Flash","Year":"2023","Rated":"PG-13","Released":"16 Jun 2023","Runtime":"144 min","Genre":"Action, Adventure, Fantasy","Director":"Andy Muschietti","Writer":"Christina Hodson, John Francis Daley, Jonathan Goldstein","Actors":"Ezra Miller, Michael Keaton, Sasha Calle","Plot":"Barry Allen uses his super speed to change the past, but his attempt to save his family creates a world without super heroes, forcing him to race for his life in order to save the future.","Language":"English","Country":"United States, Canada, Australia, New Zealand","Awards":"5 wins & 7 nominations total","Poster":"https://m.media-amazon.com/images/M/MV5BYmE2NzBjNGUtNTJiMy00N2UxLWEyYzMtYzFjODFhMGZlOTgzXkEyXkFqcGc@._V1_SX300.jpg","Ratings":[{"Source":"Internet Movie Database","Value":"6.6/10"},{"Source":"Rotten Tomatoes","Value":"63%"},{"Source":"Metacritic","Value":"55/100"}],"Metascore":"55","imdbRating":"6.6","imdbVotes":"244,150","imdbID":"tt0439572","Type":"movie","DVD":"N/A","BoxOffice":"$108,133,313","Production":"N/A","Website":"N/A","Response":"True"}