{"Title":"Pan's Labyrinth","Year":"2006","Rated":"R","Released":"19 Jan 2007","Runtime":"118 min","Genre":"Drama, Fantasy, War","Director":"Guillermo del Toro","Writer":"Guillermo del Toro","Actors":"Ivana Baquero, Ariadna Gil, Sergi López","Plot":"In 1944 Spain, a girl is sent to live with her ruthless stepfather. During the night, she meets a fairy who takes her to an old faun. He tells her she's a princess, but must prove her royalty by surviving three gruesome tasks.","Language":"Spanish","Country":"Mexico, Spain","Awards":"Won 3 Oscars. 109 wins & 115 nominations total","Poster":"https://m.media-amazon.com/images/M/MV5BOTc1NTAxMWItMWFlNy00MmU2LTkwMTMtNzMwOTg5OTQ5YTFiXkEyXkFqcGc@._V1_SX300.jpg","Ratings":[{"Source":"Internet Movie Database","Value":"8.2/10"},{"Source":"Rotten Tomatoes","Value":"95%"},{"Source":"Metacritic","Value":"98/100"}],"Metascore":"98","imdbRating":"8.2","imdbVotes":"742,180","imdbID":"tt0457430","Type":"movie","DVD":"N/A","BoxOffice":"$37,646,380","Production":"N/A","Website":"N/A","Response":"True"}