{"Title":"Valentine's Day","Year":"2010","Rated":"PG-13","Released":"12 Feb 2010","Runtime":"125 min","Genre":"Comedy, Romance","Director":"Garry Marshall","Writer":"Katherine Fugate, Abby Kohn, Marc Silverstein","Actors":"Jessica Alba, Kathy Bates, Jessica Biel","Plot":"More than a dozen Angelenos navigate Valentine's Day from early morning until midnight. Three couples awake together, but each relationship will sputter; are any worth saving? A grade-school boy wants flowers for his first true love; two high school seniors plan first-time sex at noon; a TV sports reporter gets the assignment to find romance in LA; a star quarterback contemplates his future; two strangers meet on a plane; grandparents, together for years, face a crisis; and, an \"I Hate Valentine's Day\" dinner beckons the lonely and the lied to. Can Cupid finish his work by midnight?","Language":"English, Spanish, Russian, Italian","Country":"United States","Awards":"7 wins & 12 nominations total","Poster":"https://m.media-amazon.com/images/M/MV5BMTk3MTIwNDIxNF5BMl5BanBnXkFtZTcwMDMyMzcwMw@@._V1_SX300.jpg","Ratings":[{"Source":"Internet Movie Database","Value":"5.8/10"},{"Source":"Rotten Tomatoes","Value":"17%"},{"Source":"Metacritic","Value":"34/100"}],"Metascore":"34","imdbRating":"5.8","imdbVotes":"128,790","imdbID":"tt0817230","Type":"movie","DVD":"N/A","BoxOffice":"$110,528,528","Production":"N/A","Website":"N/A","Response":"True"}