{"Title":"Big Fish","Year":"2003","Rated":"PG-13","Released":"09 Jan 2004","Runtime":"125 min","Genre":"Adventure, Drama, Fantasy","Director":"Tim Burton","Writer":"Daniel Wallace, John August","Actors":"Ewan McGregor, Albert Finney, Billy Crudup","Plot":"A frustrated son tries to determine the fact from fiction in his dying father's life.","Language":"English, Cantonese","Country":"United States","Awards":"Nominated for 1 Oscar. 69 nominations total","Poster":"https://m.media-amazon.com/images/M/MV5BNTVlNjc4ZmItMDZjYy00YWZjLTg1OWEtOTNlZjJlN2FlMjEwXkEyXkFqcGc@._V1_SX300.jpg","Ratings":[{"Source":"Internet Movie Database","Value":"8.0/10"},{"Source":"Rotten Tomatoes","Value":"76%"},{"Source":"Metacritic","Value":"58/100"}],"Metascore":"58","imdbRating":"8.0","imdbVotes":"476,443","imdbID":"tt0319061","Type":"movie","DVD":"N/A","BoxOffice":"$66,809,693","Production":"N/A","Website":"N/A","Response":"True"}