{"Title":"9 Songs","Year":"2004","Rated":"Not Rated","Released":"11 Mar 2005","Runtime":"71 min","Genre":"Drama, Music, Romance","Director":"Michael Winterbottom","Writer":"Michael Winterbottom","Actors":"Kieran O'Brien, Margo Stilley, Robert Levon Been","Plot":"In London, intense sexual encounters take place between an American college student, named Lisa, and an English scientist, named Matt, between attending rock concerts.","Language":"English","Country":"United Kingdom","Awards":"1 win & 2 nominations total","Poster":"https://m.media-amazon.com/images/M/MV5BZTg0ZGNhZTItMTgwMy00NjA0LTg3NWYtYTA5M2FhNWU0NjZkXkEyXkFqcGc@._V1_SX300.jpg","Ratings":[{"Source":"Internet Movie Database","Value":"4.7/10"},{"Source":"Rotten Tomatoes","Value":"23%"},{"Source":"Metacritic","Value":"43/100"}],"Metascore":"43","imdbRating":"4.7","imdbVotes":"25,250","imdbID":"tt0411705","Type":"movie","DVD":"N/A","BoxOffice":"$66,853","Production":"N/A","Website":"N/A","Response":"True"}