{"Title":"Jurassic World","Year":"2015","Rated":"PG-13","Released":"12 Jun 2015","Runtime":"124 min","Genre":"Action, Adventure, Sci-Fi","Director":"Colin Trevorrow","Writer":"Rick Jaffa, Amanda Silver, Colin Trevorrow","Actors":"Chris Pratt, Bryce Dallas Howard, Ty Simpkins","Plot":"A new theme park, built on the original site of Jurassic Park, creates a genetically modified hybrid dinosaur, the Indominus Rex, which escapes containment and goes on a killing spree.","Language":"English","Country":"United States, Japan","Awards":"15 wins & 58 nominations total","Poster":"https://m.media-amazon.com/images/M/MV5BNzBhNzlkM2UtZTQyOC00NjUyLTkzMmMtNDQ1YTM5N2NmMGE5XkEyXkFqcGc@._V1_SX300.jpg","Ratings":[{"Source":"Internet Movie Database","Value":"6.9/10"},{"Source":"Rotten Tomatoes","Value":"72%"},{"Source":"Metacritic","Value":"59/100"}],"Metascore":"59","imdbRating":"6.9","imdbVotes":"723,175","imdbID":"tt0369610","Type":"movie","DVD":"N/A","BoxOffice":"$653,406,625","Production":"N/A","Website":"N/A","Response":"True"}