{"Title":"The Lord of the Rings: The Return of the King","Year":"2003","Rated":"PG-13","Released":"17 Dec 2003","Runtime":"201 min","Genre":"Adventure, Drama, Fantasy","Director":"Peter Jackson","Writer":"J.R.R. Tolkien, Fran Walsh, Philippa Boyens","Actors":"Elijah Wood, Viggo Mortensen, Ian McKellen","Plot":"Gandalf and Aragorn lead the World of Men against Sauron's army to draw his gaze from Frodo and Sam as they approach Mount Doom with the One Ring.","Language":"English, Quenya, Old English, Sindarin","Country":"New Zealand, United States","Awards":"Won 11 Oscars. 215 wins & 124 nominations total","Poster":"https://m.media-amazon.com/images/M/MV5BMTZkMjBjNWMtZGI5OC00MGU0LTk4ZTItODg2NWM3NTVmNWQ4XkEyXkFqcGc@._V1_SX300.jpg","Ratings":[{"Source":"Internet Movie Database","Value":"9.0/10"},{"Source":"Rotten Tomatoes","Value":"94%"},{"Source":"Metacritic","Value":"94/100"}],"Metascore":"94","imdbRating":"9.0","imdbVotes":"2,142,025","imdbID":"tt0167260","Type":"movie","DVD":"N/A","BoxOffice":"$386,975,644","Production":"N/A","Website":"N/A","Response":"True"}