{"Title":"Saw","Year":"2004","Rated":"R","Released":"29 Oct 2004","Runtime":"103 min","Genre":"Horror, Mystery, Thriller","Director":"James Wan","Writer":"Leigh Whannell, James Wan","Actors":"Cary Elwes, Leigh Whannell, Danny Glover","Plot":"Two men awaken to find themselves on the opposite sides of a dead body, each with specific instructions to kill the other, escape or face the consequences. These two are the latest contestants in Jigsaw's games.","Language":"English","Country":"United States","Awards":"9 wins & 10 nominations total","Poster":"https://m.media-amazon.com/images/M/MV5BZTE5MzFlMTktMzBkOC00ZjMxLThmOTAtOGU3ZGEwZGRlNDdjXkEyXkFqcGc@._V1_SX300.jpg","Ratings":[{"Source":"Internet Movie Database","Value":"7.6/10"},{"Source":"Rotten Tomatoes","Value":"50%"},{"Source":"Metacritic","Value":"46/100"}],"Metascore":"46","imdbRating":"7.6","imdbVotes":"503,321","imdbID":"tt0387564","Type":"movie","DVD":"N/A","BoxOffice":"$56,000,369","Production":"N/A","Website":"N/A","Response":"True"}