{"Title":"Daybreakers","Year":"2009","Rated":"R","Released":"08 Jan 2010","Runtime":"98 min","Genre":"Action, Horror, Sci-Fi","Director":"Michael Spierig, Peter Spierig","Writer":"Michael Spierig, Peter Spierig","Actors":"Ethan Hawke, Willem Dafoe, Sam Neill","Plot":"10 years from now, vampires make up the vast majority of the population with only 5% of the human race remaining. This presents particular challenges as the vampires' food supply - human blood - is dwindling and rationing is now the norm. There is growing evidence that vampires deprived of an adequate blood supply are themselves evolving into wild, vile creatures that attack anyone and anything in order to survive. Dr. Edward Dalton, a vampire and hematologist who works for a pharmaceutical firm, has been working on finding an artificial blood supply that will meet the vampire society's needs. He is sympathetic to humans and sees his work as a way of alleviating their suffering but his views on finding a solution change considerably when he meets someone who found a way to transform himself from being a vampire to again take human form.","Language":"English","Country":"Australia, United States","Awards":"3 wins & 6 nominations total","Poster":"https://m.media-amazon.com/images/M/MV5BNzg3NDYyMDU4Nl5BMl5BanBnXkFtZTcwODA5NzA5Mg@@._V1_SX300.jpg","Ratings":[{"Source":"Internet Movie Database","Value":"6.4/10"},{"Source":"Rotten Tomatoes","Value":"69%"},{"Source":"Metacritic","Value":"57/100"}],"Metascore":"57","imdbRating":"6.4","imdbVotes":"140,052","imdbID":"tt0433362","Type":"movie","DVD":"N/A","BoxOffice":"$30,101,577","Production":"N/A","Website":"N/A","Response":"True"}