{"Title":"Jesus' Son","Year":"1999","Rated":"R","Released":"07 Jul 2000","Runtime":"107 min","Genre":"Drama","Director":"Alison Maclean","Writer":"Denis Johnson, Elizabeth Cuthrell, David Urrutia","Actors":"Billy Crudup, Robert Michael Kelly, Torben Brooks","Plot":"A young man, often high on drugs and alcohol, careens through life and makes his way toward recovery and redemption.","Language":"English","Country":"Canada, United States","Awards":"4 wins & 7 nominations","Poster":"https://m.media-amazon.com/images/M/MV5BODlhMTk2OGMtZTI5OS00MzVlLTg5YjQtNjM1YzI3MTViYjA1XkEyXkFqcGc@._V1_SX300.jpg","Ratings":[{"Source":"Internet Movie Database","Value":"6.9/10"},{"Source":"Rotten Tomatoes","Value":"78%"},{"Source":"Metacritic","Value":"76/100"}],"Metascore":"76","imdbRating":"6.9","imdbVotes":"7,551","imdbID":"tt0186253","Type":"movie","DVD":"N/A","BoxOffice":"$1,302,067","Production":"N/A","Website":"N/A","Response":"True"}