{"Title":"Hawkeye","Year":"2021","Rated":"TV-14","Released":"24 Nov 2021","Runtime":"60 min","Genre":"Action, Adventure, Crime","Director":"N/A","Writer":"N/A","Actors":"Jeremy Renner, Hailee Steinfeld, Florence Pugh","Plot":"Clint Barton aka Hawkeye has the mission to get back to his family for Christmas. But when a threat from his past shows up, Hawkeye reluctantly teams up with Kate Bishop, a skilled archer and his biggest fan, to unravel a conspiracy.","Language":"English, American Sign ","Country":"United States","Awards":"Nominated for 2 Primetime Emmys. 2 wins & 16 nominations total","Poster":"https://m.media-amazon.com/images/M/MV5BOGU5ZDBlOTAtOTZmYS00MWE0LTg0NzktNDcxZGJhN2FhZmM2XkEyXkFqcGc@._V1_SX300.jpg","Ratings":[{"Source":"Internet Movie Database","Value":"7.4/10"}],"Metascore":"N/A","imdbRating":"7.4","imdbVotes":"240,266","imdbID":"tt10160804","Type":"series","totalSeasons":"1","Response":"True"}