{"Title":"The Proposal","Year":"2009","Rated":"PG-13","Released":"19 Jun 2009","Runtime":"108 min","Genre":"Comedy, Drama, Romance","Director":"Anne Fletcher","Writer":"Peter Chiarelli","Actors":"Sandra Bullock, Ryan Reynolds, Mary Steenburgen","Plot":"For three years, Andrew Paxton has slaved as the assistant to Margaret Tate, hard-driving editor at a New York publisher. When Margaret, a Canadian, faces deportation for an expired visa, she hatches a scheme to marry Andrew - he agrees if she'll promise a promotion. A skeptical INS agent vows to test the couple about each other the next Monday. Andrew had plans to fly home that weekend for his grandma's 90th, so Margaret goes with him - to Sitka, Alaska - where mom, dad, and grams await. Family dynamics take over: tensions between dad and Andrew, an ex-girlfriend, Andrew's dislike of Margaret, and her past color the next few days, with the INS ready to charge Andrew with fraud.","Language":"English","Country":"United States","Awards":"7 wins & 20 nominations total","Poster":"https://m.media-amazon.com/images/M/MV5BYWU3ZmFhYTktNzU4NS00ZTEyLTkwNTYtMWE1M2JjMTFmODVkXkEyXkFqcGc@._V1_SX300.jpg","Ratings":[{"Source":"Internet Movie Database","Value":"6.8/10"},{"Source":"Rotten Tomatoes","Value":"45%"},{"Source":"Metacritic","Value":"48/100"}],"Metascore":"48","imdbRating":"6.8","imdbVotes":"390,945","imdbID":"tt1041829","Type":"movie","DVD":"N/A","BoxOffice":"$163,958,031","Production":"N/A","Website":"N/A","Response":"True"}