{"Title":"The Hurt Locker","Year":"2008","Rated":"R","Released":"31 Jul 2009","Runtime":"131 min","Genre":"Drama, Thriller, War","Director":"Kathryn Bigelow","Writer":"Mark Boal","Actors":"Jeremy Renner, Anthony Mackie, Brian Geraghty","Plot":"During the Iraq War, a Sergeant recently assigned to an army bomb squad is put at odds with his squad mates due to his maverick way of handling his work.","Language":"English, Arabic","Country":"United States, Luxembourg, Canada","Awards":"Won 6 Oscars. 125 wins & 130 nominations total","Poster":"https://m.media-amazon.com/images/M/MV5BNzgyMGM2YTItYzY2Yi00NDQ0LWE0M2EtMGUzYjFlMDgyY2M3XkEyXkFqcGc@._V1_SX300.jpg","Ratings":[{"Source":"Internet Movie Database","Value":"7.5/10"},{"Source":"Rotten Tomatoes","Value":"96%"},{"Source":"Metacritic","Value":"95/100"}],"Metascore":"95","imdbRating":"7.5","imdbVotes":"490,844","imdbID":"tt0887912","Type":"movie","DVD":"N/A","BoxOffice":"$17,017,811","Production":"N/A","Website":"N/A","Response":"True"}