{"Title":"Monster House","Year":"2006","Rated":"PG","Released":"21 Jul 2006","Runtime":"91 min","Genre":"Animation, Comedy, Family","Director":"Gil Kenan","Writer":"Dan Harmon, Rob Schrab, Pamela Pettler","Actors":"Mitchel Musso, Sam Lerner, Spencer Locke","Plot":"Three teens discover that their neighbor's house is really a living, breathing, scary monster.","Language":"English","Country":"United States","Awards":"Nominated for 1 Oscar. 4 wins & 23 nominations total","Poster":"https://m.media-amazon.com/images/M/MV5BMTIzNjE1NDg1N15BMl5BanBnXkFtZTcwOTg2NTMzMQ@@._V1_SX300.jpg","Ratings":[{"Source":"Internet Movie Database","Value":"6.7/10"},{"Source":"Rotten Tomatoes","Value":"75%"},{"Source":"Metacritic","Value":"68/100"}],"Metascore":"68","imdbRating":"6.7","imdbVotes":"149,782","imdbID":"tt0385880","Type":"movie","DVD":"N/A","BoxOffice":"$73,661,010","Production":"N/A","Website":"N/A","Response":"True"}