{"Title":"Zoom","Year":"2006","Rated":"PG","Released":"11 Aug 2006","Runtime":"83 min","Genre":"Action, Adventure, Comedy","Director":"Peter Hewitt","Writer":"Adam Rifkin, David Berenbaum, Jason Lethcoe","Actors":"Tim Allen, Courteney Cox, Chevy Chase","Plot":"Former superhero Jack is called back to work to transform an unlikely group of ragtag kids into superheroes at a private academy.","Language":"English","Country":"United States","Awards":"4 wins & 8 nominations total","Poster":"https://m.media-amazon.com/images/M/MV5BMTM0NjczMzUyM15BMl5BanBnXkFtZTcwMDEwMjQzMQ@@._V1_SX300.jpg","Ratings":[{"Source":"Internet Movie Database","Value":"4.4/10"},{"Source":"Rotten Tomatoes","Value":"5%"},{"Source":"Metacritic","Value":"26/100"}],"Metascore":"26","imdbRating":"4.4","imdbVotes":"23,748","imdbID":"tt0383060","Type":"movie","DVD":"N/A","BoxOffice":"$11,989,328","Production":"N/A","Website":"N/A","Response":"True"}