{"Title":"Harry Potter and the Order of the Phoenix","Year":"2007","Rated":"PG-13","Released":"11 Jul 2007","Runtime":"138 min","Genre":"Action, Adventure, Family","Director":"David Yates","Writer":"Michael Goldenberg, J.K. Rowling","Actors":"Daniel Radcliffe, Emma Watson, Rupert Grint","Plot":"With their warning about Lord Voldemort's return scoffed at, Harry and Dumbledore are targeted by the Wizard authorities as an authoritarian bureaucrat slowly seizes power at Hogwarts.","Language":"English, Latin","Country":"United Kingdom, United States","Awards":"Nominated for 2 BAFTA 17 wins & 50 nominations total","Poster":"https://m.media-amazon.com/images/M/MV5BYWJmM2M1YzItMjY1Ni00YzRmLTg5YWYtNDFmNTJjNzQ0ODkyXkEyXkFqcGc@._V1_SX300.jpg","Ratings":[{"Source":"Internet Movie Database","Value":"7.5/10"},{"Source":"Rotten Tomatoes","Value":"78%"},{"Source":"Metacritic","Value":"71/100"}],"Metascore":"71","imdbRating":"7.5","imdbVotes":"686,806","imdbID":"tt0373889","Type":"movie","DVD":"N/A","BoxOffice":"$292,382,727","Production":"N/A","Website":"N/A","Response":"True"}