{"Title":"The Fantastic Four: First Steps","Year":"2025","Rated":"PG-13","Released":"25 Jul 2025","Runtime":"115 min","Genre":"Action, Adventure, Sci-Fi","Director":"Matt Shakman","Writer":"Josh Friedman, Eric Pearson, Jeff Kaplan","Actors":"Pedro Pascal, Vanessa Kirby, Ebon Moss-Bachrach","Plot":"Forced to balance their roles as heroes with the strength of their family bond, the Fantastic Four must defend Earth from a ravenous space god called Galactus and his enigmatic herald, the Silver Surfer.","Language":"English","Country":"United Kingdom, United States, Canada, New Zealand","Awards":"1 win & 36 nominations total","Poster":"https://m.media-amazon.com/images/M/MV5BOGM5MzA3MDAtYmEwMi00ZDNiLTg4MDgtMTZjOTc0ZGMyNTIwXkEyXkFqcGc@._V1_SX300.jpg","Ratings":[{"Source":"Internet Movie Database","Value":"6.8/10"},{"Source":"Metacritic","Value":"65/100"}],"Metascore":"65","imdbRating":"6.8","imdbVotes":"241,424","imdbID":"tt10676052","Type":"movie","DVD":"N/A","BoxOffice":"$274,286,610","Production":"N/A","Website":"N/A","Response":"True"}