{"Title":"Mysterious Skin","Year":"2004","Rated":"Unrated","Released":"24 Jun 2005","Runtime":"105 min","Genre":"Drama","Director":"Gregg Araki","Writer":"Gregg Araki, Scott Heim","Actors":"Brady Corbet, Joseph Gordon-Levitt, Elisabeth Shue","Plot":"Two pre-adolescent boys both experienced a strange event and later it affects their lives in different ways. One becomes a reckless, sexually adventurous prostitute, while the other retreats into a reclusive fantasy of alien abduc...","Language":"English","Country":"United States, Netherlands","Awards":"5 wins & 9 nominations total","Poster":"https://m.media-amazon.com/images/M/MV5BNDhiY2U2NDMtMzQ4Ny00YzRlLTk5NDUtOTVkODIzYTZjNDhhXkEyXkFqcGc@._V1_SX300.jpg","Ratings":[{"Source":"Internet Movie Database","Value":"7.6/10"},{"Source":"Rotten Tomatoes","Value":"86%"},{"Source":"Metacritic","Value":"74/100"}],"Metascore":"74","imdbRating":"7.6","imdbVotes":"81,660","imdbID":"tt0370986","Type":"movie","DVD":"N/A","BoxOffice":"$713,240","Production":"N/A","Website":"N/A","Response":"True"}