{"Title":"Serendipity","Year":"2001","Rated":"PG-13","Released":"05 Oct 2001","Runtime":"90 min","Genre":"Comedy, Romance","Director":"Peter Chelsom","Writer":"Marc Klein","Actors":"John Cusack, Kate Beckinsale, Jeremy Piven","Plot":"A couple search for each other years after the night they first met, fell in love, and separated, convinced that one day they'd end up together.","Language":"English, French","Country":"United States","Awards":"3 nominations total","Poster":"https://m.media-amazon.com/images/M/MV5BYTQzMjE3YTAtYzc2MC00OTk4LTg0NTYtYzg3YzQ2ZTM3ODY1XkEyXkFqcGc@._V1_SX300.jpg","Ratings":[{"Source":"Internet Movie Database","Value":"6.8/10"},{"Source":"Rotten Tomatoes","Value":"58%"},{"Source":"Metacritic","Value":"52/100"}],"Metascore":"52","imdbRating":"6.8","imdbVotes":"125,420","imdbID":"tt0240890","Type":"movie","DVD":"N/A","BoxOffice":"$50,294,317","Production":"N/A","Website":"N/A","Response":"True"}