{"Title":"Lilo & Stitch","Year":"2002","Rated":"PG","Released":"21 Jun 2002","Runtime":"85 min","Genre":"Animation, Adventure, Comedy","Director":"Dean DeBlois, Chris Sanders","Writer":"Chris Sanders, Dean DeBlois","Actors":"Daveigh Chase, Chris Sanders, Tia Carrere","Plot":"A young and parentless girl adopts a 'dog' from the local pound, completely unaware that it's supposedly a dangerous scientific experiment that's taken refuge on Earth and is now hiding from its creator and those who see it as a m...","Language":"English, Hawaiian","Country":"United States, Japan","Awards":"Nominated for 1 Oscar. 12 wins & 28 nominations total","Poster":"https://m.media-amazon.com/images/M/MV5BYzRiYTA1YTEtMjYwMi00NGVhLThkOGYtZDBlYjNjZDk2NDEwXkEyXkFqcGc@._V1_SX300.jpg","Ratings":[{"Source":"Internet Movie Database","Value":"7.4/10"},{"Source":"Rotten Tomatoes","Value":"86%"},{"Source":"Metacritic","Value":"75/100"}],"Metascore":"75","imdbRating":"7.4","imdbVotes":"240,319","imdbID":"tt0275847","Type":"movie","DVD":"N/A","BoxOffice":"$145,794,338","Production":"N/A","Website":"N/A","Response":"True"}