{"Title":"Zathura: A Space Adventure","Year":"2005","Rated":"PG","Released":"11 Nov 2005","Runtime":"101 min","Genre":"Action, Adventure, Comedy","Director":"Jon Favreau","Writer":"Chris Van Allsburg, David Koepp, John Kamps","Actors":"Josh Hutcherson, Jonah Bobo, Dax Shepard","Plot":"Two young brothers are drawn into an intergalactic adventure when their house is hurled through the depths of space by the magical board game they are playing.","Language":"English","Country":"United States","Awards":"3 wins & 3 nominations total","Poster":"https://m.media-amazon.com/images/M/MV5BNDMzZDZhMTQtYzJkNi00OTI2LThjNDUtN2I2N2JjZmYwMWM5XkEyXkFqcGc@._V1_SX300.jpg","Ratings":[{"Source":"Internet Movie Database","Value":"6.3/10"},{"Source":"Rotten Tomatoes","Value":"77%"},{"Source":"Metacritic","Value":"67/100"}],"Metascore":"67","imdbRating":"6.3","imdbVotes":"122,567","imdbID":"tt0406375","Type":"movie","DVD":"N/A","BoxOffice":"$29,258,869","Production":"N/A","Website":"N/A","Response":"True"}