{"Title":"The Hobbit: An Unexpected Journey","Year":"2012","Rated":"PG-13","Released":"14 Dec 2012","Runtime":"169 min","Genre":"Adventure, Fantasy","Director":"Peter Jackson","Writer":"Fran Walsh, Philippa Boyens, Peter Jackson","Actors":"Martin Freeman, Ian McKellen, Richard Armitage","Plot":"Bilbo Baggins is swept into a quest to reclaim the lost Dwarf Kingdom of Erebor from the fearsome dragon Smaug. Approached out of the blue by the wizard Gandalf the Grey, Bilbo finds himself joining a company of thirteen dwarves led by the legendary warrior, Thorin Oakenshield. Their journey will take them into the Wild; through treacherous lands swarming with Goblins and Orcs, deadly Wargs and Giant Spiders, Shapeshifters and Sorcerers. Although their goal lies to the East and the wastelands of the Lonely Mountain first they must escape the goblin tunnels, where Bilbo meets the creature that will change his life forever ... Gollum. Here, alone with Gollum, on the shores of an underground lake, the unassuming Bilbo Baggins not only discovers depths of guile and courage that surprise even him, he also gains possession of Gollum's \"precious\" ring that holds unexpected and useful qualities ... A simple, gold ring that is tied to the fate of all Middle-earth in ways Bilbo cannot begin to know.","Language":"English","Country":"New Zealand, United States","Awards":"Nominated for 3 Oscars. 11 wins & 76 nominations total","Poster":"https://m.media-amazon.com/images/M/MV5BMTcwNTE4MTUxMl5BMl5BanBnXkFtZTcwMDIyODM4OA@@._V1_SX300.jpg","Ratings":[{"Source":"Internet Movie Database","Value":"7.8/10"},{"Source":"Rotten Tomatoes","Value":"64%"},{"Source":"Metacritic","Value":"58/100"}],"Metascore":"58","imdbRating":"7.8","imdbVotes":"920,968","imdbID":"tt0903624","Type":"movie","DVD":"N/A","BoxOffice":"$303,030,651","Production":"N/A","Website":"N/A","Response":"True"}