{"Title":"Night at the Museum","Year":"2006","Rated":"PG","Released":"22 Dec 2006","Runtime":"108 min","Genre":"Adventure, Comedy, Family","Director":"Shawn Levy","Writer":"Robert Ben Garant, Thomas Lennon, Milan Trenc","Actors":"Ben Stiller, Carla Gugino, Ricky Gervais","Plot":"A newly recruited night security guard at the Museum of Natural History discovers that an ancient curse causes the animals and exhibits on display to come to life and wreak havoc.","Language":"English, Italian, Hebrew","Country":"United States, United Kingdom","Awards":"2 wins & 8 nominations total","Poster":"https://m.media-amazon.com/images/M/MV5BNGMyYjYyZDAtNzRiZC00ZjRkLTkwYjktODkxODQzNTFiMTVmXkEyXkFqcGc@._V1_SX300.jpg","Ratings":[{"Source":"Internet Movie Database","Value":"6.5/10"},{"Source":"Rotten Tomatoes","Value":"42%"},{"Source":"Metacritic","Value":"48/100"}],"Metascore":"48","imdbRating":"6.5","imdbVotes":"404,946","imdbID":"tt0477347","Type":"movie","DVD":"N/A","BoxOffice":"$250,863,268","Production":"N/A","Website":"N/A","Response":"True"}