{"Title":"Torque","Year":"2004","Rated":"PG-13","Released":"16 Jan 2004","Runtime":"84 min","Genre":"Action, Comedy, Crime","Director":"Joseph Kahn","Writer":"Matt Johnson","Actors":"Martin Henderson, Ice Cube, Monet Mazur","Plot":"A biker returns from Thailand to set things straight with his girlfriend. One gang leader wants him for delivery of 2 motorbikes filled with crystal meth and another gang leader wants him for murdering his brother.","Language":"English","Country":"United States, Australia","Awards":"4 nominations total","Poster":"https://m.media-amazon.com/images/M/MV5BMjQzNGYzNTYtMDAxOC00ZDU0LWI4YjEtNWU5ZDJkZTliYWRlXkEyXkFqcGc@._V1_SX300.jpg","Ratings":[{"Source":"Internet Movie Database","Value":"4.1/10"},{"Source":"Rotten Tomatoes","Value":"22%"},{"Source":"Metacritic","Value":"41/100"}],"Metascore":"41","imdbRating":"4.1","imdbVotes":"29,895","imdbID":"tt0329691","Type":"movie","DVD":"N/A","BoxOffice":"$21,215,059","Production":"N/A","Website":"N/A","Response":"True"}