{"Title":"The Princess Diaries","Year":"2001","Rated":"G","Released":"03 Aug 2001","Runtime":"115 min","Genre":"Comedy, Family, Romance","Director":"Garry Marshall","Writer":"Meg Cabot, Gina Wendkos","Actors":"Julie Andrews, Anne Hathaway, Hector Elizondo","Plot":"Mia Thermopolis has just found out that she is the heir apparent to the throne of Genovia. With her friends Lilly and Michael Moscovitz in tow, she tries to navigate through the rest of her sixteenth year.","Language":"English, Dutch, Italian","Country":"United States, United Kingdom","Awards":"3 wins & 11 nominations total","Poster":"https://m.media-amazon.com/images/M/MV5BMzNiYWQ4NjUtZjliMS00MTllLWIxNDItNGU1MjBkMTE3ODg1XkEyXkFqcGc@._V1_SX300.jpg","Ratings":[{"Source":"Internet Movie Database","Value":"6.4/10"},{"Source":"Rotten Tomatoes","Value":"49%"},{"Source":"Metacritic","Value":"52/100"}],"Metascore":"52","imdbRating":"6.4","imdbVotes":"177,641","imdbID":"tt0247638","Type":"movie","DVD":"N/A","BoxOffice":"$108,248,956","Production":"N/A","Website":"N/A","Response":"True"}