{"Title":"Shrek 2","Year":"2004","Rated":"PG","Released":"19 May 2004","Runtime":"93 min","Genre":"Animation, Adventure, Comedy","Director":"Andrew Adamson, Kelly Asbury, Conrad Vernon","Writer":"William Steig, Andrew Adamson, Joe Stillman","Actors":"Mike Myers, Eddie Murphy, Cameron Diaz","Plot":"Shrek and Fiona travel to the Kingdom of Far Far Away, where Fiona's parents are King and Queen, to celebrate their marriage. When they arrive, they find they are not as welcome as they thought they would be.","Language":"English","Country":"United States","Awards":"Nominated for 2 Oscars. 18 wins & 52 nominations total","Poster":"https://m.media-amazon.com/images/M/MV5BMzNmNjQ1NmUtNzhiZS00YWE2LTg4N2ItZTA2ODdmOTMwOTQ1XkEyXkFqcGc@._V1_SX300.jpg","Ratings":[{"Source":"Internet Movie Database","Value":"7.4/10"},{"Source":"Rotten Tomatoes","Value":"89%"},{"Source":"Metacritic","Value":"75/100"}],"Metascore":"75","imdbRating":"7.4","imdbVotes":"547,781","imdbID":"tt0298148","Type":"movie","DVD":"N/A","BoxOffice":"$444,978,202","Production":"N/A","Website":"N/A","Response":"True"}