{"Title":"John Wick: Chapter 4","Year":"2023","Rated":"R","Released":"24 Mar 2023","Runtime":"169 min","Genre":"Action, Crime, Thriller","Director":"Chad Stahelski","Writer":"Shay Hatten, Michael Finch, Derek Kolstad","Actors":"Keanu Reeves, Laurence Fishburne, George Georgiou","Plot":"John Wick uncovers a path to defeating The High Table. But before he can earn his freedom, Wick must face off against a new enemy with powerful alliances across the globe and forces that turn old friends into foes.","Language":"English, Japanese, Russian, French, Spanish, German, Latin, Cantonese, Arabic","Country":"United States, Germany","Awards":"38 wins & 51 nominations total","Poster":"https://m.media-amazon.com/images/M/MV5BY2Q2ZmI5ZjUtNWVhMC00YzJkLTlmYjMtY2RmZDhkNzEzYjZhXkEyXkFqcGc@._V1_SX300.jpg","Ratings":[{"Source":"Internet Movie Database","Value":"7.6/10"},{"Source":"Rotten Tomatoes","Value":"94%"},{"Source":"Metacritic","Value":"78/100"}],"Metascore":"78","imdbRating":"7.6","imdbVotes":"400,884","imdbID":"tt10366206","Type":"movie","DVD":"N/A","BoxOffice":"$187,131,806","Production":"N/A","Website":"N/A","Response":"True"}