{"Title":"Collateral","Year":"2004","Rated":"R","Released":"06 Aug 2004","Runtime":"120 min","Genre":"Action, Crime, Drama","Director":"Michael Mann","Writer":"Stuart Beattie","Actors":"Tom Cruise, Jamie Foxx, Jada Pinkett Smith","Plot":"A cab driver finds himself the hostage of an engaging contract killer as he makes his rounds from hit to hit during one night in Los Angeles.","Language":"English, Spanish, French, Korean","Country":"United States","Awards":"Nominated for 2 Oscars. 22 wins & 73 nominations total","Poster":"https://m.media-amazon.com/images/M/MV5BMjE3NjM5OTMxMV5BMl5BanBnXkFtZTcwOTIzMTQyMw@@._V1_SX300.jpg","Ratings":[{"Source":"Internet Movie Database","Value":"7.5/10"},{"Source":"Rotten Tomatoes","Value":"86%"},{"Source":"Metacritic","Value":"71/100"}],"Metascore":"71","imdbRating":"7.5","imdbVotes":"462,291","imdbID":"tt0369339","Type":"movie","DVD":"N/A","BoxOffice":"$101,005,703","Production":"N/A","Website":"N/A","Response":"True"}