{"Title":"Shazam! Fury of the Gods","Year":"2023","Rated":"PG-13","Released":"17 Mar 2023","Runtime":"130 min","Genre":"Action, Adventure, Comedy","Director":"David F. Sandberg","Writer":"Henry Gayden, Chris Morgan, Bill Parker","Actors":"Zachary Levi, Asher Angel, Jack Dylan Grazer","Plot":"The film continues the story of teenage Billy Batson who, upon reciting the magic word \"SHAZAM!\", is transformed into his adult superhero alter ego, Shazam.","Language":"English, Greek, French, Spanish","Country":"United States, Germany, New Zealand, United Kingdom, India, South Korea, Canada","Awards":"8 nominations total","Poster":"https://m.media-amazon.com/images/M/MV5BMjdlYzAwYTMtMWJlOC00OTQ5LWJhMmYtMDhjNGY4M2RhMGU4XkEyXkFqcGc@._V1_SX300.jpg","Ratings":[{"Source":"Internet Movie Database","Value":"5.9/10"},{"Source":"Rotten Tomatoes","Value":"49%"},{"Source":"Metacritic","Value":"47/100"}],"Metascore":"47","imdbRating":"5.9","imdbVotes":"142,870","imdbID":"tt10151854","Type":"movie","DVD":"N/A","BoxOffice":"$57,638,006","Production":"N/A","Website":"N/A","Response":"True"}