{"Title":"Charlie's Angels","Year":"2000","Rated":"PG-13","Released":"03 Nov 2000","Runtime":"98 min","Genre":"Action, Adventure, Comedy","Director":"McG","Writer":"Ryan Rowe, Ed Solomon, John August","Actors":"Cameron Diaz, Drew Barrymore, Lucy Liu","Plot":"Three private investigators are assigned to track down a kidnapped software engineer, but the case isn't as straightforward as it seems.","Language":"English, German","Country":"Germany, United States","Awards":"15 wins & 33 nominations total","Poster":"https://m.media-amazon.com/images/M/MV5BYTkyYjRiZGMtYzA0Mi00N2IyLThhZDAtYWU1OWNhNjIxNzY5XkEyXkFqcGc@._V1_SX300.jpg","Ratings":[{"Source":"Internet Movie Database","Value":"5.6/10"},{"Source":"Rotten Tomatoes","Value":"68%"},{"Source":"Metacritic","Value":"52/100"}],"Metascore":"52","imdbRating":"5.6","imdbVotes":"203,338","imdbID":"tt0160127","Type":"movie","DVD":"N/A","BoxOffice":"$125,305,545","Production":"N/A","Website":"N/A","Response":"True"}