{"Title":"The Descent","Year":"2005","Rated":"R","Released":"04 Aug 2006","Runtime":"99 min","Genre":"Adventure, Horror, Thriller","Director":"Neil Marshall","Writer":"Neil Marshall","Actors":"Shauna Macdonald, Natalie Mendoza, Alex Reid","Plot":"A caving expedition goes horribly wrong when six explorers become trapped and ultimately pursued by a strange breed of predators.","Language":"English, Swedish","Country":"United Kingdom","Awards":"8 wins & 22 nominations total","Poster":"https://m.media-amazon.com/images/M/MV5BMjA5NzQ1NTgwNV5BMl5BanBnXkFtZTcwNjUxMzUzMw@@._V1_SX300.jpg","Ratings":[{"Source":"Internet Movie Database","Value":"7.2/10"},{"Source":"Rotten Tomatoes","Value":"87%"},{"Source":"Metacritic","Value":"71/100"}],"Metascore":"71","imdbRating":"7.2","imdbVotes":"266,403","imdbID":"tt0435625","Type":"movie","DVD":"N/A","BoxOffice":"$26,024,456","Production":"N/A","Website":"N/A","Response":"True"}