{"Title":"The SpongeBob SquarePants Movie","Year":"2004","Rated":"PG","Released":"19 Nov 2004","Runtime":"87 min","Genre":"Animation, Adventure, Comedy","Director":"Stephen Hillenburg, Mark Osborne","Writer":"Derek Drymon, Tim Hill, Stephen Hillenburg","Actors":"Tom Kenny, Jeffrey Tambor, Rodger Bumpass","Plot":"SpongeBob takes leave from Bikini Bottom in order to track down, with Patrick, King Neptune's stolen crown.","Language":"English","Country":"United States","Awards":"1 win & 10 nominations total","Poster":"https://m.media-amazon.com/images/M/MV5BZTRhZDUzMjktOTJhMC00YjNlLTk5YjAtNTdiYTVmMzc1YTQ1XkEyXkFqcGc@._V1_SX300.jpg","Ratings":[{"Source":"Internet Movie Database","Value":"7.2/10"},{"Source":"Rotten Tomatoes","Value":"68%"},{"Source":"Metacritic","Value":"67/100"}],"Metascore":"67","imdbRating":"7.2","imdbVotes":"110,156","imdbID":"tt0345950","Type":"movie","DVD":"N/A","BoxOffice":"$85,417,988","Production":"N/A","Website":"N/A","Response":"True"}