{"Title":"Mr. & Mrs. Smith","Year":"2005","Rated":"PG-13","Released":"10 Jun 2005","Runtime":"120 min","Genre":"Action, Comedy, Crime","Director":"Doug Liman","Writer":"Simon Kinberg","Actors":"Brad Pitt, Angelina Jolie, Adam Brody","Plot":"A husband and wife struggle to keep their marriage alive until they realize they are both secretly working as assassins. Now, their respective assignments require them to kill each other.","Language":"English, Spanish, French","Country":"United States","Awards":"9 wins & 18 nominations total","Poster":"https://m.media-amazon.com/images/M/MV5BMTUxMzcxNzQzOF5BMl5BanBnXkFtZTcwMzQxNjUyMw@@._V1_SX300.jpg","Ratings":[{"Source":"Internet Movie Database","Value":"6.5/10"},{"Source":"Rotten Tomatoes","Value":"60%"},{"Source":"Metacritic","Value":"55/100"}],"Metascore":"55","imdbRating":"6.5","imdbVotes":"584,648","imdbID":"tt0356910","Type":"movie","DVD":"N/A","BoxOffice":"$186,336,279","Production":"N/A","Website":"N/A","Response":"True"}