{"Title":"Night at the Museum: Battle of the Smithsonian","Year":"2009","Rated":"PG","Released":"22 May 2009","Runtime":"105 min","Genre":"Adventure, Comedy, Family","Director":"Shawn Levy","Writer":"Robert Ben Garant, Thomas Lennon","Actors":"Ben Stiller, Owen Wilson, Amy Adams","Plot":"Ben Stiller returns as night watchman Larry Daily, now a successful business man, who gets back to the museum just in time to find that he needs to get his friends out of trouble. This new installment takes us to the Smithsonian, and introduces us to new characters, such as Amelia Earhart, General Custer, and many more!","Language":"English","Country":"United States, Canada","Awards":"2 wins & 9 nominations total","Poster":"https://m.media-amazon.com/images/M/MV5BY2E0NTRjMDEtMWI3NS00YTRmLTg4NmEtNzIxZjQ3YWM2NDQxXkEyXkFqcGc@._V1_SX300.jpg","Ratings":[{"Source":"Internet Movie Database","Value":"6.0/10"},{"Source":"Rotten Tomatoes","Value":"43%"},{"Source":"Metacritic","Value":"42/100"}],"Metascore":"42","imdbRating":"6.0","imdbVotes":"226,638","imdbID":"tt1078912","Type":"movie","DVD":"N/A","BoxOffice":"$177,243,721","Production":"N/A","Website":"N/A","Response":"True"}