{"Title":"What If...?","Year":"2021–2024","Rated":"TV-14","Released":"11 Aug 2021","Runtime":"N/A","Genre":"Animation, Action, Adventure","Director":"N/A","Writer":"N/A","Actors":"Jeffrey Wright, Terri Douglas, Matthew Wood","Plot":"Exploring pivotal moments from the Marvel Cinematic Universe and turning them on their head, leading the audience into uncharted territory.","Language":"English","Country":"United States, Australia","Awards":"Won 1 Primetime Emmy. 4 wins & 19 nominations total","Poster":"https://m.media-amazon.com/images/M/MV5BYWFiOTcwNzItMTg5Mi00ZTU4LThkZWYtYWNmZWQ1ODE5ZTVmXkEyXkFqcGc@._V1_SX300.jpg","Ratings":[{"Source":"Internet Movie Database","Value":"7.3/10"}],"Metascore":"N/A","imdbRating":"7.3","imdbVotes":"158,215","imdbID":"tt10168312","Type":"series","totalSeasons":"3","Response":"True"}