{"Title":"Tehran","Year":"2020–","Rated":"TV-MA","Released":"25 Sep 2020","Runtime":"31S min","Genre":"Action, Crime, Drama","Director":"N/A","Writer":"Dana Eden, Maor Kohn, Omri Shenhar","Actors":"Niv Sultan, Shaun Toub, Shila Ommi","Plot":"A Mossad agent embarks on her first mission as a computer hacker in her home town of Tehran.","Language":"Persian, Hebrew, English","Country":"Israel, United States, United Kingdom, Greece","Awards":"5 wins & 2 nominations total","Poster":"https://m.media-amazon.com/images/M/MV5BMDA5ZTVjM2EtM2EwMy00NzJiLWI5MjktYWUwYzAwYjE5N2FkXkEyXkFqcGc@._V1_SX300.jpg","Ratings":[{"Source":"Internet Movie Database","Value":"7.6/10"}],"Metascore":"N/A","imdbRating":"7.6","imdbVotes":"26,276","imdbID":"tt10577736","Type":"series","totalSeasons":"3","Response":"True"}