{"Title":"27 Dresses","Year":"2008","Rated":"PG-13","Released":"18 Jan 2008","Runtime":"111 min","Genre":"Comedy, Romance","Director":"Anne Fletcher","Writer":"Aline Brosh McKenna","Actors":"Katherine Heigl, James Marsden, Malin Akerman","Plot":"After serving as a bridesmaid 27 times, a young woman wrestles with the idea of standing by her sister's side as her sibling marries the man she's secretly in love with.","Language":"English","Country":"United States","Awards":"5 wins & 3 nominations total","Poster":"https://m.media-amazon.com/images/M/MV5BZWM3ZjRiNGUtNmZkMy00YWNkLWI5MGUtYWI1NTc5NGVkODJkXkEyXkFqcGc@._V1_SX300.jpg","Ratings":[{"Source":"Internet Movie Database","Value":"6.1/10"},{"Source":"Rotten Tomatoes","Value":"40%"},{"Source":"Metacritic","Value":"47/100"}],"Metascore":"47","imdbRating":"6.1","imdbVotes":"185,777","imdbID":"tt0988595","Type":"movie","DVD":"N/A","BoxOffice":"$76,808,654","Production":"N/A","Website":"N/A","Response":"True"}