{"Title":"I, Robot","Year":"2004","Rated":"PG-13","Released":"16 Jul 2004","Runtime":"115 min","Genre":"Action, Mystery, Sci-Fi","Director":"Alex Proyas","Writer":"Jeff Vintar, Akiva Goldsman, Isaac Asimov","Actors":"Will Smith, Bridget Moynahan, Bruce Greenwood","Plot":"In 2035, a technophobic cop investigates a crime that may have been perpetrated by a robot, which leads to a larger threat to humanity.","Language":"English","Country":"United States, Germany","Awards":"Nominated for 1 Oscar. 1 win & 15 nominations total","Poster":"https://m.media-amazon.com/images/M/MV5BZDdhNTY3YTgtYmQwMC00MjM1LTgzYzMtMGM1N2E0NWM1NDlkXkEyXkFqcGc@._V1_SX300.jpg","Ratings":[{"Source":"Internet Movie Database","Value":"7.1/10"},{"Source":"Metacritic","Value":"59/100"}],"Metascore":"59","imdbRating":"7.1","imdbVotes":"604,115","imdbID":"tt0343818","Type":"movie","DVD":"08 Jun 2004","BoxOffice":"$144,801,023","Production":"N/A","Website":"N/A","Response":"True"}