{"Title":"Hulk","Year":"2003","Rated":"PG-13","Released":"20 Jun 2003","Runtime":"138 min","Genre":"Action, Sci-Fi","Director":"Ang Lee","Writer":"Stan Lee, Jack Kirby, James Schamus","Actors":"Eric Bana, Jennifer Connelly, Sam Elliott","Plot":"Bruce Banner, a genetics researcher with a tragic past, suffers a lab accident that makes him transform into a raging, giant green monster when angered, making him a target of forces seeking to abuse his power.","Language":"English, Spanish","Country":"United States","Awards":"3 wins & 15 nominations total","Poster":"https://m.media-amazon.com/images/M/MV5BNTQxMmVlMTItMGFjYi00MTc2LWE5MzMtYjFhZWJmZGY0MTY5XkEyXkFqcGc@._V1_SX300.jpg","Ratings":[{"Source":"Internet Movie Database","Value":"5.7/10"},{"Source":"Rotten Tomatoes","Value":"63%"},{"Source":"Metacritic","Value":"54/100"}],"Metascore":"54","imdbRating":"5.7","imdbVotes":"290,412","imdbID":"tt0286716","Type":"movie","DVD":"N/A","BoxOffice":"$132,177,234","Production":"N/A","Website":"N/A","Response":"True"}