{"Title":"Scary Movie 2","Year":"2001","Rated":"R","Released":"04 Jul 2001","Runtime":"83 min","Genre":"Comedy, Horror","Director":"Keenen Ivory Wayans","Writer":"Shawn Wayans, Marlon Wayans, Buddy Johnson","Actors":"Anna Faris, Marlon Wayans, Antony Acker","Plot":"Four teens are tricked by a professor into visiting a haunted house for a school project.","Language":"English","Country":"United States","Awards":"3 wins & 5 nominations total","Poster":"https://m.media-amazon.com/images/M/MV5BZjZlOTgzNmUtNjZlYS00NWFjLTg4ZDktMWY4NDIxMjVjZjdhXkEyXkFqcGc@._V1_SX300.jpg","Ratings":[{"Source":"Internet Movie Database","Value":"5.4/10"},{"Source":"Rotten Tomatoes","Value":"13%"},{"Source":"Metacritic","Value":"29/100"}],"Metascore":"29","imdbRating":"5.4","imdbVotes":"189,482","imdbID":"tt0257106","Type":"movie","DVD":"N/A","BoxOffice":"$71,308,997","Production":"N/A","Website":"N/A","Response":"True"}