{"Title":"Million Dollar Baby","Year":"2004","Rated":"PG-13","Released":"28 Jan 2005","Runtime":"132 min","Genre":"Drama, Sport","Director":"Clint Eastwood","Writer":"Paul Haggis, F.X. Toole","Actors":"Hilary Swank, Clint Eastwood, Morgan Freeman","Plot":"Frankie, an ill-tempered old coach, reluctantly agrees to train aspiring boxer Maggie. Impressed with her determination and talent, he helps her become the best and the two soon form a close bond.","Language":"English, Irish Gaelic, German","Country":"United States","Awards":"Won 4 Oscars. 68 wins & 86 nominations total","Poster":"https://m.media-amazon.com/images/M/MV5BMTkxNzA1NDQxOV5BMl5BanBnXkFtZTcwNTkyMTIzMw@@._V1_SX300.jpg","Ratings":[{"Source":"Internet Movie Database","Value":"8.1/10"},{"Source":"Rotten Tomatoes","Value":"90%"},{"Source":"Metacritic","Value":"86/100"}],"Metascore":"86","imdbRating":"8.1","imdbVotes":"759,241","imdbID":"tt0405159","Type":"movie","DVD":"N/A","BoxOffice":"$100,492,203","Production":"N/A","Website":"N/A","Response":"True"}