{"Title":"Wolf Creek","Year":"2005","Rated":"R","Released":"25 Dec 2005","Runtime":"99 min","Genre":"Horror, Thriller","Director":"Greg McLean","Writer":"Greg McLean","Actors":"Nathan Phillips, Cassandra Magrath, Kestie Morassi","Plot":"Three backpackers stranded in the Australian outback are plunged inside a hellish nightmare of insufferable torture by a sadistic psychopathic local.","Language":"English, German","Country":"Australia","Awards":"3 wins & 27 nominations total","Poster":"https://m.media-amazon.com/images/M/MV5BMTIzMjYwNTU4N15BMl5BanBnXkFtZTcwMjk0OTgzMQ@@._V1_SX300.jpg","Ratings":[{"Source":"Internet Movie Database","Value":"6.2/10"},{"Source":"Rotten Tomatoes","Value":"55%"},{"Source":"Metacritic","Value":"56/100"}],"Metascore":"56","imdbRating":"6.2","imdbVotes":"82,615","imdbID":"tt0416315","Type":"movie","DVD":"N/A","BoxOffice":"$16,188,180","Production":"N/A","Website":"N/A","Response":"True"}