{"Title":"Cloudy with a Chance of Meatballs","Year":"2009","Rated":"PG","Released":"18 Sep 2009","Runtime":"90 min","Genre":"Animation, Adventure, Comedy","Director":"Phil Lord, Christopher Miller","Writer":"Phil Lord, Christopher Miller, Judi Barrett","Actors":"Anna Faris, Bill Hader, Bruce Campbell","Plot":"Flint Lockwood thinks he's a genius. But none of the things he invented are things that make sense or are useful. However, he has the support of his mother but when she dies, he's left alone with his father who thinks he should give it up. When the community that he lives in is in an economic crisis because their primary source of income, a sardine cannery, was shut down, Flint decides to try his latest invention, a machine that can turn water into food. But something goes wrong and the machine ends up in the atmosphere. Later it starts raining food. The shifty mayor tries to use this as a way to help their community, but when Flint senses something wrong with the machine, the mayor convinces him to ignore it. However, as Flint predicts, chaos ensues.","Language":"English, French, Spanish, German","Country":"United States","Awards":"1 win & 14 nominations total","Poster":"https://m.media-amazon.com/images/M/MV5BMTg0MjAwNDI5MV5BMl5BanBnXkFtZTcwODkyMzg2Mg@@._V1_SX300.jpg","Ratings":[{"Source":"Internet Movie Database","Value":"6.9/10"},{"Source":"Rotten Tomatoes","Value":"85%"},{"Source":"Metacritic","Value":"66/100"}],"Metascore":"66","imdbRating":"6.9","imdbVotes":"281,126","imdbID":"tt0844471","Type":"movie","DVD":"N/A","BoxOffice":"$124,870,275","Production":"N/A","Website":"N/A","Response":"True"}