{"Title":"Inkheart","Year":"2008","Rated":"PG","Released":"23 Jan 2009","Runtime":"106 min","Genre":"Adventure, Family, Fantasy","Director":"Iain Softley","Writer":"David Lindsay-Abaire, Cornelia Funke","Actors":"Brendan Fraser, Andy Serkis, Eliza Bennett","Plot":"A teenage girl discovers her father has an amazing talent to bring characters out of their books and must try to stop a freed villain from destroying them all, with the help of her father, her aunt, and a storybook's hero.","Language":"English","Country":"United States, United Kingdom, Germany, Italy","Awards":"1 win total","Poster":"https://m.media-amazon.com/images/M/MV5BZjMwY2M0MGQtYzBkYS00YWZkLTg0YWUtZThkMzcwNjRjOTJmXkEyXkFqcGc@._V1_SX300.jpg","Ratings":[{"Source":"Internet Movie Database","Value":"6.1/10"},{"Source":"Rotten Tomatoes","Value":"38%"},{"Source":"Metacritic","Value":"49/100"}],"Metascore":"49","imdbRating":"6.1","imdbVotes":"84,959","imdbID":"tt0494238","Type":"movie","DVD":"N/A","BoxOffice":"$17,303,424","Production":"N/A","Website":"N/A","Response":"True"}