{"Title":"Robots","Year":"2005","Rated":"PG","Released":"27 Mar 2005","Runtime":"91 min","Genre":"Animation, Adventure, Comedy","Director":"Chris Wedge, Carlos Saldanha","Writer":"David Lindsay-Abaire, Lowell Ganz, Babaloo Mandel","Actors":"Ewan McGregor, Halle Berry, Mel Brooks","Plot":"In a robot world, a young idealistic inventor travels to the big city to join his inspiration's company, only to find himself opposing its sinister new management.","Language":"English, German, Hungarian","Country":"United States, United Kingdom","Awards":"2 wins & 22 nominations total","Poster":"https://m.media-amazon.com/images/M/MV5BNDYyNjY1NjY1M15BMl5BanBnXkFtZTcwNjk5MDczMw@@._V1_SX300.jpg","Ratings":[{"Source":"Internet Movie Database","Value":"6.4/10"},{"Source":"Rotten Tomatoes","Value":"64%"},{"Source":"Metacritic","Value":"64/100"}],"Metascore":"64","imdbRating":"6.4","imdbVotes":"172,574","imdbID":"tt0358082","Type":"movie","DVD":"N/A","BoxOffice":"$128,200,012","Production":"N/A","Website":"N/A","Response":"True"}