{"Title":"Legally Blonde","Year":"2001","Rated":"PG-13","Released":"13 Jul 2001","Runtime":"96 min","Genre":"Comedy, Romance","Director":"Robert Luketic","Writer":"Amanda Brown, Karen McCullah, Kirsten Smith","Actors":"Reese Witherspoon, Luke Wilson, Selma Blair","Plot":"Fashionable sorority queen Elle Woods follows her ex-boyfriend to law school, where she discovers that there is more to her than just looks.","Language":"English, Vietnamese","Country":"United States","Awards":"6 wins & 14 nominations total","Poster":"https://m.media-amazon.com/images/M/MV5BNTEyNjUwMTkxMV5BMl5BanBnXkFtZTcwNjk0NDk0NA@@._V1_SX300.jpg","Ratings":[{"Source":"Internet Movie Database","Value":"6.5/10"},{"Source":"Rotten Tomatoes","Value":"72%"},{"Source":"Metacritic","Value":"59/100"}],"Metascore":"59","imdbRating":"6.5","imdbVotes":"277,674","imdbID":"tt0250494","Type":"movie","DVD":"N/A","BoxOffice":"$96,520,674","Production":"N/A","Website":"N/A","Response":"True"}