{"Title":"Freddy vs. Jason","Year":"2003","Rated":"R","Released":"15 Aug 2003","Runtime":"97 min","Genre":"Action, Horror","Director":"Ronny Yu","Writer":"Wes Craven, Victor Miller, Damian Shannon","Actors":"Robert Englund, Ken Kirzinger, Kelly Rowland","Plot":"Freddy Krueger and Jason Voorhees return to terrorize the teenagers of Elm Street. Only this time, they're out to get each other, too.","Language":"English","Country":"Canada, United States","Awards":"2 wins & 11 nominations total","Poster":"https://m.media-amazon.com/images/M/MV5BOTc4ODQ3YTAtNDJiZi00NTUzLTllOWUtYjE3NjYyNjdlNDlmXkEyXkFqcGc@._V1_SX300.jpg","Ratings":[{"Source":"Internet Movie Database","Value":"5.8/10"},{"Source":"Rotten Tomatoes","Value":"42%"},{"Source":"Metacritic","Value":"37/100"}],"Metascore":"37","imdbRating":"5.8","imdbVotes":"133,934","imdbID":"tt0329101","Type":"movie","DVD":"N/A","BoxOffice":"$82,633,448","Production":"N/A","Website":"N/A","Response":"True"}