{"Title":"The Butterfly Effect","Year":"2004","Rated":"R","Released":"23 Jan 2004","Runtime":"113 min","Genre":"Drama, Sci-Fi, Thriller","Director":"Eric Bress, J. Mackye Gruber","Writer":"J. Mackye Gruber, Eric Bress","Actors":"Ashton Kutcher, Amy Smart, Melora Walters","Plot":"Evan Treborn suffers blackouts during significant events of his life. As he grows up, he finds a way to remember these lost memories and a supernatural way to alter his life by reading his journal.","Language":"English","Country":"United States, Canada","Awards":"1 win & 8 nominations total","Poster":"https://m.media-amazon.com/images/M/MV5BZDk0ZDJiODEtNWM2ZC00OWYxLWExN2YtNTFlNjI4NTVmZmZmXkEyXkFqcGc@._V1_SX300.jpg","Ratings":[{"Source":"Internet Movie Database","Value":"7.6/10"},{"Source":"Rotten Tomatoes","Value":"34%"},{"Source":"Metacritic","Value":"30/100"}],"Metascore":"30","imdbRating":"7.6","imdbVotes":"551,987","imdbID":"tt0289879","Type":"movie","DVD":"N/A","BoxOffice":"$57,938,693","Production":"N/A","Website":"N/A","Response":"True"}