{"Title":"Mission: Impossible III","Year":"2006","Rated":"PG-13","Released":"05 May 2006","Runtime":"126 min","Genre":"Action, Adventure, Thriller","Director":"J.J. Abrams","Writer":"Alex Kurtzman, Roberto Orci, J.J. Abrams","Actors":"Tom Cruise, Michelle Monaghan, Ving Rhames","Plot":"IMF agent Ethan Hunt comes into conflict with a dangerous and sadistic arms dealer who threatens his life and his fiancée in response.","Language":"English, Italian, Mandarin, Cantonese, German, Czech","Country":"Italy, Germany, China, United States","Awards":"7 wins & 14 nominations total","Poster":"https://m.media-amazon.com/images/M/MV5BNzY1MzdjMjYtNDJiZS00N2U4LWI0MWQtZTRiZWYxMzU3ZmI4XkEyXkFqcGc@._V1_SX300.jpg","Ratings":[{"Source":"Internet Movie Database","Value":"6.9/10"},{"Source":"Rotten Tomatoes","Value":"73%"},{"Source":"Metacritic","Value":"66/100"}],"Metascore":"66","imdbRating":"6.9","imdbVotes":"420,491","imdbID":"tt0317919","Type":"movie","DVD":"N/A","BoxOffice":"$134,029,801","Production":"N/A","Website":"N/A","Response":"True"}