{"Title":"A Beautiful Mind","Year":"2001","Rated":"PG-13","Released":"04 Jan 2002","Runtime":"135 min","Genre":"Biography, Drama, Mystery","Director":"Ron Howard","Writer":"Akiva Goldsman, Sylvia Nasar","Actors":"Russell Crowe, Ed Harris, Jennifer Connelly","Plot":"A mathematical genius, John Nash made an astonishing discovery early in his career and stood on the brink of international acclaim. But the handsome and arrogant Nash soon found himself on a harrowing journey of self-discovery.","Language":"English","Country":"United States","Awards":"Won 4 Oscars. 37 wins & 69 nominations total","Poster":"https://m.media-amazon.com/images/M/MV5BNzljZTk5ZDgtZTQ1Zi00NTM4LThlOGUtZDk2MGM4NDQ4NWQyXkEyXkFqcGc@._V1_SX300.jpg","Ratings":[{"Source":"Internet Movie Database","Value":"8.2/10"},{"Source":"Rotten Tomatoes","Value":"74%"},{"Source":"Metacritic","Value":"72/100"}],"Metascore":"72","imdbRating":"8.2","imdbVotes":"1,044,313","imdbID":"tt0268978","Type":"movie","DVD":"N/A","BoxOffice":"$170,742,341","Production":"N/A","Website":"N/A","Response":"True"}