{"Title":"Shopgirl","Year":"2005","Rated":"R","Released":"04 Nov 2005","Runtime":"106 min","Genre":"Drama, Romance","Director":"Anand Tucker","Writer":"Steve Martin","Actors":"Steve Martin, Claire Danes, Jason Schwartzman","Plot":"A film adaptation of Steve Martin's novel about a complex love triangle between a bored salesgirl, a wealthy businessman and an aimless young man.","Language":"English, Japanese","Country":"United States","Awards":"1 win & 7 nominations total","Poster":"https://m.media-amazon.com/images/M/MV5BMjE2MTM5NjIyOV5BMl5BanBnXkFtZTcwOTg3NDAzMQ@@._V1_SX300.jpg","Ratings":[{"Source":"Internet Movie Database","Value":"6.3/10"},{"Source":"Rotten Tomatoes","Value":"61%"},{"Source":"Metacritic","Value":"62/100"}],"Metascore":"62","imdbRating":"6.3","imdbVotes":"25,018","imdbID":"tt0338427","Type":"movie","DVD":"N/A","BoxOffice":"$10,284,523","Production":"N/A","Website":"N/A","Response":"True"}