{"Title":"Howl's Moving Castle","Year":"2004","Rated":"PG","Released":"17 Jun 2005","Runtime":"119 min","Genre":"Animation, Adventure, Family","Director":"Hayao Miyazaki","Writer":"Diana Wynne Jones, Hayao Miyazaki","Actors":"Chieko Baishô, Takuya Kimura, Tatsuya Gashûin","Plot":"When an unconfident young woman is cursed with an old body by a spiteful witch, her only chance of breaking the spell lies with a self-indulgent yet insecure young wizard and his companions in his legged, walking castle.","Language":"Japanese","Country":"Japan, United States","Awards":"Nominated for 1 Oscar. 14 wins & 20 nominations total","Poster":"https://m.media-amazon.com/images/M/MV5BMTY1OTg0MjE3MV5BMl5BanBnXkFtZTcwNTUxMTkyMQ@@._V1_SX300.jpg","Ratings":[{"Source":"Internet Movie Database","Value":"8.2/10"},{"Source":"Rotten Tomatoes","Value":"88%"},{"Source":"Metacritic","Value":"82/100"}],"Metascore":"82","imdbRating":"8.2","imdbVotes":"504,919","imdbID":"tt0347149","Type":"movie","DVD":"N/A","BoxOffice":"$10,352,604","Production":"N/A","Website":"N/A","Response":"True"}