{"Title":"Equilibrium","Year":"2002","Rated":"R","Released":"06 Dec 2002","Runtime":"107 min","Genre":"Action, Drama, Sci-Fi","Director":"Kurt Wimmer","Writer":"Kurt Wimmer","Actors":"Christian Bale, Sean Bean, Emily Watson","Plot":"In an oppressive future where all forms of feeling are illegal, a man in charge of enforcing the law rises to overthrow the system and state.","Language":"English","Country":"United States","Awards":"2 nominations total","Poster":"https://m.media-amazon.com/images/M/MV5BMTkzMzA1OTI3N15BMl5BanBnXkFtZTYwMzUyMDg5._V1_SX300.jpg","Ratings":[{"Source":"Internet Movie Database","Value":"7.3/10"},{"Source":"Rotten Tomatoes","Value":"39%"},{"Source":"Metacritic","Value":"33/100"}],"Metascore":"33","imdbRating":"7.3","imdbVotes":"358,431","imdbID":"tt0238380","Type":"movie","DVD":"N/A","BoxOffice":"$1,203,794","Production":"N/A","Website":"N/A","Response":"True"}