{"Title":"Trap House","Year":"2025","Rated":"R","Released":"14 Nov 2025","Runtime":"101 min","Genre":"Action, Crime","Director":"Michael Dowse","Writer":"Gary Scott Thompson, Tom O'Connor","Actors":"Dave Bautista, Jack Champion, Bobby Cannavale","Plot":"A DEA agent and his partner pursue thieves: their own rebellious teens, who began robbing the cartel using their parents' tactics and classified intel.","Language":"English","Country":"United States","Awards":"N/A","Poster":"https://m.media-amazon.com/images/M/MV5BYmY0OTk0ZDktMmJkNy00NjQwLWE0NjQtOTY4Y2VhODdhOTJjXkEyXkFqcGc@._V1_SX300.jpg","Ratings":[{"Source":"Internet Movie Database","Value":"5.4/10"},{"Source":"Rotten Tomatoes","Value":"58%"}],"Metascore":"N/A","imdbRating":"5.4","imdbVotes":"4,500","imdbID":"tt10799690","Type":"movie","DVD":"N/A","BoxOffice":"N/A","Production":"N/A","Website":"N/A","Response":"True"}