{"Title":"The Wire","Year":"2002–2008","Rated":"TV-MA","Released":"02 Jun 2002","Runtime":"59 min","Genre":"Crime, Drama, Thriller","Director":"N/A","Writer":"David Simon","Actors":"Dominic West, Lance Reddick, Sonja Sohn","Plot":"The Baltimore drug scene, as seen through the eyes of drug dealers and law enforcement.","Language":"English, Greek, Mandarin, Spanish","Country":"United States","Awards":"Nominated for 2 Primetime Emmys. 18 wins & 59 nominations total","Poster":"https://m.media-amazon.com/images/M/MV5BZWYyNmRhYjktNjBhNC00M2NhLWEzYmMtZDYwNmIyZTRiZWMzXkEyXkFqcGc@._V1_SX300.jpg","Ratings":[{"Source":"Internet Movie Database","Value":"9.3/10"}],"Metascore":"N/A","imdbRating":"9.3","imdbVotes":"421,434","imdbID":"tt0306414","Type":"series","totalSeasons":"5","Response":"True"}