{"Title":"Star Trek","Year":"2009","Rated":"PG-13","Released":"08 May 2009","Runtime":"127 min","Genre":"Action, Adventure, Sci-Fi","Director":"J.J. Abrams","Writer":"Roberto Orci, Alex Kurtzman, Gene Roddenberry","Actors":"Chris Pine, Zachary Quinto, Simon Pegg","Plot":"On the day of James T. Kirk's birth, his father dies on his damaged starship in a last stand against a Romulan mining vessel looking for Ambassador Spock, who in this time, has grown on Vulcan disdained by his neighbors for his half-human heritage. 25 years later, James T. Kirk has grown into a young rebellious troublemaker. Challenged by Captain Christopher Pike to realize his potential in Starfleet, he comes to annoy academy instructors like Commander Spock. Suddenly, there is an emergency on Vulcan and the newly-commissioned USS Enterprise is crewed with promising cadets like Nyota Uhura, Hikaru Sulu, Pavel Chekov and even Kirk himself, thanks to Leonard McCoy's medical trickery. Together, this crew will have an adventure in the final frontier where the old legend is altered forever as a new version of the legend begins.","Language":"English","Country":"Germany, United States","Awards":"Won 1 Oscar. 27 wins & 95 nominations total","Poster":"https://m.media-amazon.com/images/M/MV5BMjE5NDQ5OTE4Ml5BMl5BanBnXkFtZTcwOTE3NDIzMw@@._V1_SX300.jpg","Ratings":[{"Source":"Internet Movie Database","Value":"7.9/10"},{"Source":"Rotten Tomatoes","Value":"94%"},{"Source":"Metacritic","Value":"82/100"}],"Metascore":"82","imdbRating":"7.9","imdbVotes":"636,122","imdbID":"tt0796366","Type":"movie","DVD":"N/A","BoxOffice":"$257,730,019","Production":"N/A","Website":"N/A","Response":"True"}