{"Title":"Meet the Malawas","Year":"2019","Rated":"N/A","Released":"25 Dec 2019","Runtime":"92 min","Genre":"Comedy","Director":"James Huth","Writer":"James Huth, Sonja Shillito, Michaël Youn","Actors":"Christian Clavier, Michaël Youn, Ramzy Bedia","Plot":"A news anchor, a comedian, an actress, and a soccer player with big egos have to travel across the globe to meet the Malawa tribe for a TV show.","Language":"French","Country":"France, Belgium","Awards":"N/A","Poster":"https://m.media-amazon.com/images/M/MV5BM2FiODg1YTYtYWMwYi00ZjhjLTg5M2QtMjM3ZjY0ZjhiMTUwXkEyXkFqcGc@._V1_SX300.jpg","Ratings":[{"Source":"Internet Movie Database","Value":"4.5/10"}],"Metascore":"N/A","imdbRating":"4.5","imdbVotes":"904","imdbID":"tt10537978","Type":"movie","DVD":"N/A","BoxOffice":"N/A","Production":"N/A","Website":"N/A","Response":"True"}