{"Title":"Jack Reacher","Year":"2012","Rated":"PG-13","Released":"21 Dec 2012","Runtime":"130 min","Genre":"Action, Thriller","Director":"Christopher McQuarrie","Writer":"Lee Child, Christopher McQuarrie","Actors":"Tom Cruise, Rosamund Pike, Richard Jenkins","Plot":"In an innocent heartland city, five are shot dead by an expert sniper. The police quickly identify and arrest the culprit, and build a slam-dunk case. But instead of confessing, the accused man writes the words, \"Get Jack Reacher.\" Reacher himself sees the news report and turns up in the city. The defense is immensely relieved, but Reacher has come to bury the guy. Shocked at the accused's request, Reacher sets out to confirm for himself the absolute certainty of the man's guilt, but comes up with more than he bargained for.","Language":"English","Country":"United States","Awards":"1 win & 6 nominations total","Poster":"https://m.media-amazon.com/images/M/MV5BMTM1NjUxMDI3OV5BMl5BanBnXkFtZTcwNjg1ODM3OA@@._V1_SX300.jpg","Ratings":[{"Source":"Internet Movie Database","Value":"7.0/10"},{"Source":"Rotten Tomatoes","Value":"64%"},{"Source":"Metacritic","Value":"50/100"}],"Metascore":"50","imdbRating":"7.0","imdbVotes":"387,677","imdbID":"tt0790724","Type":"movie","DVD":"N/A","BoxOffice":"$80,070,736","Production":"N/A","Website":"N/A","Response":"True"}