{"Title":"Fantastic Four","Year":"2005","Rated":"PG-13","Released":"08 Jul 2005","Runtime":"106 min","Genre":"Action, Adventure, Fantasy","Director":"Tim Story","Writer":"Mark Frost, Michael France, Stan Lee","Actors":"Ioan Gruffudd, Michael Chiklis, Chris Evans","Plot":"A group of astronauts gain superpowers after a cosmic radiation exposure and must use them to oppose the plans of their enemy, Doctor Victor Von Doom.","Language":"English","Country":"Germany, United States, Canada","Awards":"4 wins & 13 nominations total","Poster":"https://m.media-amazon.com/images/M/MV5BNjY2YmZmMzUtZWY5Mi00MzI3LTljOTgtYTMwMWY1ODI5ZWY5XkEyXkFqcGc@._V1_SX300.jpg","Ratings":[{"Source":"Internet Movie Database","Value":"5.7/10"},{"Source":"Rotten Tomatoes","Value":"28%"},{"Source":"Metacritic","Value":"40/100"}],"Metascore":"40","imdbRating":"5.7","imdbVotes":"370,436","imdbID":"tt0120667","Type":"movie","DVD":"N/A","BoxOffice":"$154,696,080","Production":"N/A","Website":"N/A","Response":"True"}