{"Title":"300","Year":"2006","Rated":"R","Released":"09 Mar 2007","Runtime":"117 min","Genre":"Action, Drama","Director":"Zack Snyder","Writer":"Zack Snyder, Kurt Johnstad, Michael B. Gordon","Actors":"Gerard Butler, Lena Headey, David Wenham","Plot":"In the ancient battle of Thermopylae, King Leonidas and 300 Spartans fight against Xerxes and his massive Persian army.","Language":"English","Country":"United States, Canada, Bulgaria","Awards":"19 wins & 57 nominations total","Poster":"https://m.media-amazon.com/images/M/MV5BMjc4OTc0ODgwNV5BMl5BanBnXkFtZTcwNjM1ODE0MQ@@._V1_SX300.jpg","Ratings":[{"Source":"Internet Movie Database","Value":"7.6/10"},{"Source":"Rotten Tomatoes","Value":"61%"},{"Source":"Metacritic","Value":"52/100"}],"Metascore":"52","imdbRating":"7.6","imdbVotes":"904,962","imdbID":"tt0416449","Type":"movie","DVD":"N/A","BoxOffice":"$210,629,101","Production":"N/A","Website":"N/A","Response":"True"}