{"Title":"I Am Greta","Year":"2020","Rated":"TV-14","Released":"13 Nov 2020","Runtime":"97 min","Genre":"Documentary, Biography","Director":"Nathan Grossman","Writer":"Hanna Lejonqvist, Per K. Kirkegaard, Olof Berglind","Actors":"Greta Thunberg, Svante Thunberg, Niclas Svenningsen","Plot":"In August of 2018, Greta Thunberg, a 15-year-old student in Sweden starts a school strike for the climate. Her question for adults: if you don't care about her future on earth, why should she care about her future in school? Within months, her strike evolves into a global movement. Greta, a quiet Northern-European girl on the autism spectrum is now a world famous activist. The team behind Greta has been following the young activist from her very first day of school striking.","Language":"English, Swedish","Country":"Sweden, United States, Germany, United Kingdom","Awards":"9 wins & 13 nominations","Poster":"https://m.media-amazon.com/images/M/MV5BMzA5ZGNkMjQtMzY4OS00MzZhLWFlMjEtY2I2NDMxYTY3ZjgzXkEyXkFqcGc@._V1_SX300.jpg","Ratings":[{"Source":"Internet Movie Database","Value":"7.5/10"},{"Source":"Rotten Tomatoes","Value":"77%"},{"Source":"Metacritic","Value":"69/100"}],"Metascore":"69","imdbRating":"7.5","imdbVotes":"8,430","imdbID":"tt10394738","Type":"movie","DVD":"N/A","BoxOffice":"N/A","Production":"N/A","Website":"N/A","Response":"True"}