{"Title":"RV","Year":"2006","Rated":"PG","Released":"28 Apr 2006","Runtime":"99 min","Genre":"Adventure, Comedy, Family","Director":"Barry Sonnenfeld","Writer":"Geoff Rodkey","Actors":"Robin Williams, Cheryl Hines, Kristin Chenoweth","Plot":"Bob Munro and his dysfunctional family rent an RV for a road trip to the Colorado Rockies, where they must ultimately contend with a bizarre community of campers.","Language":"English","Country":"United Kingdom, Germany, United States","Awards":"1 win & 2 nominations total","Poster":"https://m.media-amazon.com/images/M/MV5BNDgxNDE2NDU3MV5BMl5BanBnXkFtZTcwMzA2ODQzMQ@@._V1_SX300.jpg","Ratings":[{"Source":"Internet Movie Database","Value":"5.6/10"},{"Source":"Rotten Tomatoes","Value":"23%"},{"Source":"Metacritic","Value":"33/100"}],"Metascore":"33","imdbRating":"5.6","imdbVotes":"65,283","imdbID":"tt0449089","Type":"movie","DVD":"N/A","BoxOffice":"$71,726,025","Production":"N/A","Website":"N/A","Response":"True"}