{"Title":"Snatch","Year":"2000","Rated":"R","Released":"19 Jan 2001","Runtime":"102 min","Genre":"Comedy, Crime","Director":"Guy Ritchie","Writer":"Guy Ritchie","Actors":"Jason Statham, Brad Pitt, Stephen Graham","Plot":"Unscrupulous boxing promoters, violent bookmakers, a Russian gangster, incompetent amateur robbers and supposedly Jewish jewelers fight to track down a priceless stolen diamond.","Language":"English, Russian","Country":"United Kingdom, United States","Awards":"4 wins & 7 nominations total","Poster":"https://m.media-amazon.com/images/M/MV5BYzk5NjJkMTQtN2IyNC00YWM5LTlhZmMtNGI3MWNhMTU1YTc4XkEyXkFqcGc@._V1_SX300.jpg","Ratings":[{"Source":"Internet Movie Database","Value":"8.2/10"},{"Source":"Rotten Tomatoes","Value":"74%"},{"Source":"Metacritic","Value":"55/100"}],"Metascore":"55","imdbRating":"8.2","imdbVotes":"966,480","imdbID":"tt0208092","Type":"movie","DVD":"N/A","BoxOffice":"$30,328,156","Production":"N/A","Website":"N/A","Response":"True"}