{"Title":"9-1-1: Lone Star","Year":"2020–2025","Rated":"TV-14","Released":"19 Jan 2020","Runtime":"43 min","Genre":"Action, Drama, Thriller","Director":"N/A","Writer":"Brad Falchuk, Tim Minear, Ryan Murphy","Actors":"Rob Lowe, Ronen Rubinstein, Jim Parrack","Plot":"A New York firefighter relocates to Austin, Texas with his son, where he works to save people's lives while trying to solve his own personal problems.","Language":"English","Country":"United States","Awards":"Nominated for 1 Primetime Emmy. 4 wins & 15 nominations total","Poster":"https://m.media-amazon.com/images/M/MV5BN2YwZjg1NjUtODVmZS00YzUwLWE1OTctNThhZmFjY2NmYjlhXkEyXkFqcGc@._V1_SX300.jpg","Ratings":[{"Source":"Internet Movie Database","Value":"7.3/10"}],"Metascore":"N/A","imdbRating":"7.3","imdbVotes":"26,522","imdbID":"tt10323338","Type":"series","totalSeasons":"5","Response":"True"}