{"Title":"Never Have I Ever","Year":"2020–2023","Rated":"TV-14","Released":"27 Apr 2020","Runtime":"30 min","Genre":"Comedy, Drama","Director":"N/A","Writer":"Lang Fisher, Mindy Kaling","Actors":"Maitreyi Ramakrishnan, Poorna Jagannathan, Darren Barnet","Plot":"The complicated life of a first-generation Indian-American teenage girl, inspired by Mindy Kaling's own childhood.","Language":"English","Country":"United States","Awards":"8 wins & 17 nominations total","Poster":"https://m.media-amazon.com/images/M/MV5BNzdhOGVjMTQtOTQ0Yi00ZWNjLTk2MjMtMWMzODczNWNiNmM3XkEyXkFqcGc@._V1_SX300.jpg","Ratings":[{"Source":"Internet Movie Database","Value":"7.8/10"}],"Metascore":"N/A","imdbRating":"7.8","imdbVotes":"90,610","imdbID":"tt10062292","Type":"series","totalSeasons":"4","Response":"True"}