{"Title":"Norbit","Year":"2007","Rated":"PG-13","Released":"09 Feb 2007","Runtime":"102 min","Genre":"Comedy, Romance","Director":"Brian Robbins","Writer":"Eddie Murphy, Charlie Murphy, Jay Scherick","Actors":"Eddie Murphy, Thandiwe Newton, Terry Crews","Plot":"A mild-mannered guy, who is married to a monstrous woman, meets the woman of his dreams, and schemes to find a way to be with her.","Language":"English","Country":"United States","Awards":"Nominated for 1 Oscar. 8 wins & 9 nominations total","Poster":"https://m.media-amazon.com/images/M/MV5BMTI4NDE4MjgyNV5BMl5BanBnXkFtZTcwMTQwODc0MQ@@._V1_SX300.jpg","Ratings":[{"Source":"Internet Movie Database","Value":"4.2/10"},{"Source":"Rotten Tomatoes","Value":"9%"},{"Source":"Metacritic","Value":"27/100"}],"Metascore":"27","imdbRating":"4.2","imdbVotes":"82,924","imdbID":"tt0477051","Type":"movie","DVD":"N/A","BoxOffice":"$95,673,607","Production":"N/A","Website":"N/A","Response":"True"}