{"Title":"Memories of Murder","Year":"2003","Rated":"Not Rated","Released":"02 May 2003","Runtime":"132 min","Genre":"Crime, Drama, Mystery","Director":"Bong Joon Ho","Writer":"Bong Joon Ho, Kwang-rim Kim, Sung-bo Shim","Actors":"Song Kang-ho, Kim Sang-kyung, Kim Roe-ha","Plot":"In a small Korean province in 1986, two detectives struggle with the case of multiple young women being found raped and murdered by an unknown culprit.","Language":"Korean, English","Country":"South Korea","Awards":"34 wins & 13 nominations total","Poster":"https://m.media-amazon.com/images/M/MV5BYmRjOWE5NmMtYTdkYS00ODFlLWJiMTMtYzE2NDZlZjlkZDQ0XkEyXkFqcGc@._V1_SX300.jpg","Ratings":[{"Source":"Internet Movie Database","Value":"8.1/10"},{"Source":"Metacritic","Value":"82/100"}],"Metascore":"82","imdbRating":"8.1","imdbVotes":"259,124","imdbID":"tt0353969","Type":"movie","DVD":"N/A","BoxOffice":"$15,357","Production":"N/A","Website":"N/A","Response":"True"}