{"Title":"Scott Pilgrim vs. the World","Year":"2010","Rated":"PG-13","Released":"13 Aug 2010","Runtime":"112 min","Genre":"Action, Comedy, Fantasy","Director":"Edgar Wright","Writer":"Michael Bacall, Edgar Wright, Bryan Lee O'Malley","Actors":"Michael Cera, Mary Elizabeth Winstead, Kieran Culkin","Plot":"Scott Pilgrim plays in a band which aspires to success. He dates Knives Chau, a high-school girl five years younger, and he hasn't recovered from being dumped by his former girlfriend, now a success with her own band. When Scott falls for Ramona Flowers, he has trouble breaking up with Knives and tries to romance Ramona. As if juggling two women wasn't enough, Ramona comes with baggage: seven ex-lovers, with each of whom Scott must do battle to the death in order to win Ramona.","Language":"English","Country":"United States, United Kingdom, Canada, Japan","Awards":"18 wins & 66 nominations total","Poster":"https://m.media-amazon.com/images/M/MV5BNTA5ZWMwNmYtNWI1ZS00NDRlLTkxNzktMzdhZDU2ZDhjNDJmXkEyXkFqcGc@._V1_SX300.jpg","Ratings":[{"Source":"Internet Movie Database","Value":"7.5/10"},{"Source":"Rotten Tomatoes","Value":"83%"},{"Source":"Metacritic","Value":"69/100"}],"Metascore":"69","imdbRating":"7.5","imdbVotes":"491,518","imdbID":"tt0446029","Type":"movie","DVD":"N/A","BoxOffice":"$33,525,605","Production":"N/A","Website":"N/A","Response":"True"}