{"Title":"9","Year":"2009","Rated":"PG-13","Released":"09 Sep 2009","Runtime":"79 min","Genre":"Animation, Action, Adventure","Director":"Shane Acker","Writer":"Pamela Pettler, Shane Acker, Ben Gluck","Actors":"Elijah Wood, Jennifer Connelly, Crispin Glover","Plot":"In a world destroyed in a war between man and machine, a hand-stitched doll with the number 9 written on its back comes to life. The world he has awakened in is frightening, but he quickly learns that he is not alone and that there are others like him, also with a single digit written on their back. The first one he encounters is 2 who tells him something of what happened to the world. 2 is also thrilled with the disk 9 is carrying, one with three unique symbols on the front. 9 soon learns that the disk and some of the other dolls who are prepared to die for the good of humankind may be the last hope for man's salvation.","Language":"English","Country":"United States, Canada, Luxembourg, United Kingdom, Russia","Awards":"9 nominations total","Poster":"https://m.media-amazon.com/images/M/MV5BMTY2ODE1MTgxMV5BMl5BanBnXkFtZTcwNTM1NTM2Mg@@._V1_SX300.jpg","Ratings":[{"Source":"Internet Movie Database","Value":"7.0/10"},{"Source":"Rotten Tomatoes","Value":"57%"},{"Source":"Metacritic","Value":"60/100"}],"Metascore":"60","imdbRating":"7.0","imdbVotes":"156,153","imdbID":"tt0472033","Type":"movie","DVD":"N/A","BoxOffice":"$31,749,894","Production":"N/A","Website":"N/A","Response":"True"}