{"Title":"50 First Dates","Year":"2004","Rated":"PG-13","Released":"13 Feb 2004","Runtime":"99 min","Genre":"Comedy, Drama, Romance","Director":"Peter Segal","Writer":"George Wing","Actors":"Adam Sandler, Drew Barrymore, Rob Schneider","Plot":"Henry Roth is a man afraid of commitment until he meets the beautiful Lucy. They hit it off and Henry think he's finally found the girl of his dreams until discovering she has short-term memory loss and forgets him the next day.","Language":"English, Hawaiian, Mandarin","Country":"United States","Awards":"6 wins & 10 nominations total","Poster":"https://m.media-amazon.com/images/M/MV5BMjAwMzc4MDgxNF5BMl5BanBnXkFtZTYwNjUwMzE3._V1_SX300.jpg","Ratings":[{"Source":"Internet Movie Database","Value":"6.8/10"},{"Source":"Rotten Tomatoes","Value":"45%"},{"Source":"Metacritic","Value":"48/100"}],"Metascore":"48","imdbRating":"6.8","imdbVotes":"408,364","imdbID":"tt0343660","Type":"movie","DVD":"N/A","BoxOffice":"$120,908,074","Production":"N/A","Website":"N/A","Response":"True"}