{"Title":"Over the Hedge","Year":"2006","Rated":"PG","Released":"19 May 2006","Runtime":"83 min","Genre":"Animation, Adventure, Comedy","Director":"Tim Johnson, Karey Kirkpatrick","Writer":"Len Blum, Lorne Cameron, David Hoselton","Actors":"Bruce Willis, Garry Shandling, Steve Carell","Plot":"A scheming raccoon fools a mismatched family of forest creatures into helping him repay a debt of food, by invading the new suburban sprawl that popped up while they were hibernating...and learns a lesson about family himself.","Language":"English","Country":"United States","Awards":"7 wins & 26 nominations total","Poster":"https://m.media-amazon.com/images/M/MV5BN2ZiYjQ2ZDctMDI3Yy00YmViLWEyMGYtZTYxMmE2MGM5Y2M5XkEyXkFqcGc@._V1_SX300.jpg","Ratings":[{"Source":"Internet Movie Database","Value":"6.7/10"},{"Source":"Rotten Tomatoes","Value":"75%"},{"Source":"Metacritic","Value":"67/100"}],"Metascore":"67","imdbRating":"6.7","imdbVotes":"200,382","imdbID":"tt0327084","Type":"movie","DVD":"N/A","BoxOffice":"$155,019,340","Production":"N/A","Website":"N/A","Response":"True"}