{"Title":"The Animal","Year":"2001","Rated":"PG-13","Released":"01 Jun 2001","Runtime":"84 min","Genre":"Comedy, Sci-Fi","Director":"Luke Greenfield","Writer":"Tom Brady, Rob Schneider","Actors":"Rob Schneider, Colleen Haskell, John C. McGinley","Plot":"After receiving organ transplants from various animal donors, a man finds himself taking on the traits of those animals.","Language":"English","Country":"United States","Awards":"6 nominations total","Poster":"https://m.media-amazon.com/images/M/MV5BZDc4MjZhNDMtMmZhOS00ZmQ4LTk4YzAtN2Q1Njc5ZGM5MzMyXkEyXkFqcGc@._V1_SX300.jpg","Ratings":[{"Source":"Internet Movie Database","Value":"4.8/10"},{"Source":"Rotten Tomatoes","Value":"30%"},{"Source":"Metacritic","Value":"43/100"}],"Metascore":"43","imdbRating":"4.8","imdbVotes":"66,817","imdbID":"tt0255798","Type":"movie","DVD":"N/A","BoxOffice":"$57,743,062","Production":"N/A","Website":"N/A","Response":"True"}