{"Title":"Fantastic Mr. Fox","Year":"2009","Rated":"PG","Released":"25 Nov 2009","Runtime":"87 min","Genre":"Animation, Adventure, Comedy","Director":"Wes Anderson","Writer":"Roald Dahl, Wes Anderson, Noah Baumbach","Actors":"George Clooney, Meryl Streep, Bill Murray","Plot":"This is the story of Mr. Fox (George Clooney) and his wild ways of hen heckling, turkey taking, and cider sipping, nocturnal, instinctive adventures. He has to put his wild days behind him and do what fathers do best: be responsible. He is too rebellious. He is too wild. He is going to try \"just one more raid\" on the three nastiest, meanest farmers that are Walter Boggis (Robin Hurlstone), Nathan Bunce (Hugo Guinness), and Franklin Bean (Sir Michael Gambon). It is a tale of crossing the line of family responsibilities and midnight adventure and the friendships and awakenings of this country life that is inhabited by Fantastic Mr. Fox and his friends.","Language":"English, French","Country":"United States, United Kingdom","Awards":"Nominated for 2 Oscars. 32 wins & 63 nominations total","Poster":"https://m.media-amazon.com/images/M/MV5BYTA1ZTIxZDUtNGFjYS00YTc5LTgzNDMtZWNjYjBlMzI2OTk3XkEyXkFqcGc@._V1_SX300.jpg","Ratings":[{"Source":"Internet Movie Database","Value":"7.9/10"},{"Source":"Rotten Tomatoes","Value":"93%"},{"Source":"Metacritic","Value":"83/100"}],"Metascore":"83","imdbRating":"7.9","imdbVotes":"296,911","imdbID":"tt0432283","Type":"movie","DVD":"N/A","BoxOffice":"$21,002,919","Production":"N/A","Website":"N/A","Response":"True"}