{"Title":"Little Man","Year":"2006","Rated":"PG-13","Released":"14 Jul 2006","Runtime":"98 min","Genre":"Comedy, Crime","Director":"Keenen Ivory Wayans","Writer":"Keenen Ivory Wayans, Shawn Wayans, Marlon Wayans","Actors":"Shawn Wayans, Marlon Wayans, Kerry Washington","Plot":"A wannabe-dad mistakes a vertically-challenged criminal on the lam for his newly-adopted son.","Language":"English","Country":"United States","Awards":"6 wins & 15 nominations total","Poster":"https://m.media-amazon.com/images/M/MV5BMTI0NTA3MjI3NV5BMl5BanBnXkFtZTcwNTI1ODYzMQ@@._V1_SX300.jpg","Ratings":[{"Source":"Internet Movie Database","Value":"4.6/10"},{"Source":"Rotten Tomatoes","Value":"12%"},{"Source":"Metacritic","Value":"26/100"}],"Metascore":"26","imdbRating":"4.6","imdbVotes":"64,856","imdbID":"tt0430304","Type":"movie","DVD":"N/A","BoxOffice":"$58,645,052","Production":"N/A","Website":"N/A","Response":"True"}