{"Title":"Shooter","Year":"2007","Rated":"R","Released":"23 Mar 2007","Runtime":"124 min","Genre":"Action, Drama, Thriller","Director":"Antoine Fuqua","Writer":"Stephen Hunter, Jonathan Lemkin","Actors":"Mark Wahlberg, Michael Peña, Rhona Mitra","Plot":"An expert marksman living in exile, is coaxed back into action after learning of a plot to kill the president. Now on the run after being double crossed for the assassination attempt he was trying to prevent, he sets out for the r...","Language":"English","Country":"United States","Awards":"2 nominations total","Poster":"https://m.media-amazon.com/images/M/MV5BYmE0NWZiMjktY2U4MC00MDVmLTljMGMtMWZiMThiNjczNzViXkEyXkFqcGc@._V1_SX300.jpg","Ratings":[{"Source":"Internet Movie Database","Value":"7.2/10"},{"Source":"Rotten Tomatoes","Value":"47%"},{"Source":"Metacritic","Value":"53/100"}],"Metascore":"53","imdbRating":"7.2","imdbVotes":"373,788","imdbID":"tt0822854","Type":"movie","DVD":"N/A","BoxOffice":"$47,003,582","Production":"N/A","Website":"N/A","Response":"True"}