{"Title":"The Pacifier","Year":"2005","Rated":"PG","Released":"04 Mar 2005","Runtime":"95 min","Genre":"Action, Comedy, Drama","Director":"Adam Shankman","Writer":"Thomas Lennon, Robert Ben Garant","Actors":"Vin Diesel, Brittany Snow, Max Thieriot","Plot":"Having recovered from wounds received in a failed rescue operation, Navy SEAL Shane Wolfe is handed a new assignment: Protect the five Plummer kids from enemies of their recently deceased father -- a government scientist whose top...","Language":"English, Korean","Country":"United States","Awards":"1 win & 10 nominations total","Poster":"https://m.media-amazon.com/images/M/MV5BMTE5MTcxOTQxNl5BMl5BanBnXkFtZTYwMzk3Nzg2._V1_SX300.jpg","Ratings":[{"Source":"Internet Movie Database","Value":"5.6/10"},{"Source":"Rotten Tomatoes","Value":"21%"},{"Source":"Metacritic","Value":"30/100"}],"Metascore":"30","imdbRating":"5.6","imdbVotes":"102,778","imdbID":"tt0395699","Type":"movie","DVD":"N/A","BoxOffice":"$113,086,868","Production":"N/A","Website":"N/A","Response":"True"}