{"Title":"House of Wax","Year":"2005","Rated":"R","Released":"06 May 2005","Runtime":"113 min","Genre":"Horror, Thriller","Director":"Jaume Collet-Serra","Writer":"Charles Belden, Chad Hayes, Carey W. Hayes","Actors":"Chad Michael Murray, Paris Hilton, Elisha Cuthbert","Plot":"A group of teens are unwittingly stranded near a strange wax museum and soon must fight to survive and keep from becoming the next exhibit.","Language":"English","Country":"Australia, United States","Awards":"5 wins & 11 nominations total","Poster":"https://m.media-amazon.com/images/M/MV5BNDA4Nzg1NjQ2NV5BMl5BanBnXkFtZTcwMDYwNTgyMQ@@._V1_SX300.jpg","Ratings":[{"Source":"Internet Movie Database","Value":"5.5/10"},{"Source":"Rotten Tomatoes","Value":"27%"},{"Source":"Metacritic","Value":"41/100"}],"Metascore":"41","imdbRating":"5.5","imdbVotes":"141,139","imdbID":"tt0397065","Type":"movie","DVD":"N/A","BoxOffice":"$32,064,800","Production":"N/A","Website":"N/A","Response":"True"}