{"Title":"Donnie Darko","Year":"2001","Rated":"R","Released":"19 Jan 2001","Runtime":"113 min","Genre":"Drama, Mystery, Sci-Fi","Director":"Richard Kelly","Writer":"Richard Kelly","Actors":"Jake Gyllenhaal, Jena Malone, Mary McDonnell","Plot":"After narrowly escaping a bizarre accident, a troubled teenager is plagued by visions of a man in a large rabbit suit who manipulates him to commit a series of crimes.","Language":"English","Country":"United States","Awards":"12 wins & 17 nominations total","Poster":"https://m.media-amazon.com/images/M/MV5BMWE3NTYzZmEtM2U5MS00MDZhLTk2ZTQtZTgzNjg0ZGQ5ZjM0XkEyXkFqcGc@._V1_SX300.jpg","Ratings":[{"Source":"Internet Movie Database","Value":"8.0/10"},{"Source":"Rotten Tomatoes","Value":"88%"},{"Source":"Metacritic","Value":"88/100"}],"Metascore":"88","imdbRating":"8.0","imdbVotes":"894,255","imdbID":"tt0246578","Type":"movie","DVD":"N/A","BoxOffice":"$1,478,493","Production":"N/A","Website":"N/A","Response":"True"}