{"Title":"Primal","Year":"2019–","Rated":"TV-MA","Released":"07 Oct 2019","Runtime":"22 min","Genre":"Animation, Action, Adventure","Director":"N/A","Writer":"Genndy Tartakovsky","Actors":"Aaron LaPlante, Laëtitia Eïdo, Fred Tatasciore","Plot":"A caveman and a dinosaur bond over unfortunate tragedies and become each other's only hope of survival in a treacherous world.","Language":"English, Norse, Old, Arabic, Irish Gaelic","Country":"United States, France","Awards":"Won 5 Primetime Emmys. 7 wins & 4 nominations total","Poster":"https://m.media-amazon.com/images/M/MV5BOTc0NTUyYmItOTY4Yi00ZjY5LWI1NjMtNDgyODJhYWRiY2UxXkEyXkFqcGc@._V1_SX300.jpg","Ratings":[{"Source":"Internet Movie Database","Value":"8.6/10"}],"Metascore":"N/A","imdbRating":"8.6","imdbVotes":"26,842","imdbID":"tt10332508","Type":"series","totalSeasons":"3","Response":"True"}