{"Title":"Chaos","Year":"2005","Rated":"R","Released":"15 Dec 2005","Runtime":"106 min","Genre":"Action, Crime, Drama","Director":"Tony Giglio","Writer":"Tony Giglio","Actors":"Jason Statham, Ryan Phillippe, Wesley Snipes","Plot":"Two cops, a rookie and a grizzled vet, pursue an accomplished bank robber.","Language":"English","Country":"United Kingdom, Canada, United States","Awards":"N/A","Poster":"https://m.media-amazon.com/images/M/MV5BMTc3NDU0MTgyN15BMl5BanBnXkFtZTcwNjgwMzY4NA@@._V1_SX300.jpg","Ratings":[{"Source":"Internet Movie Database","Value":"6.4/10"}],"Metascore":"N/A","imdbRating":"6.4","imdbVotes":"60,153","imdbID":"tt0402910","Type":"movie","DVD":"N/A","BoxOffice":"N/A","Production":"N/A","Website":"N/A","Response":"True"}