{"Title":"Edison","Year":"2005","Rated":"R","Released":"29 Jul 2005","Runtime":"99 min","Genre":"Action, Crime, Drama","Director":"David J. Burke","Writer":"David J. Burke","Actors":"Morgan Freeman, Kevin Spacey, Justin Timberlake","Plot":"Upon discovering a den of corrupt policemen, a fresh-faced journalist makes shaky allies in a jaded reporter and investigator for a powerful district attorney.","Language":"English","Country":"Germany, United States","Awards":"1 win total","Poster":"https://m.media-amazon.com/images/M/MV5BMzRjMGNiYTMtYmI3My00M2UwLTkyYmYtMzQ3YzQyOWIxMGY5XkEyXkFqcGc@._V1_SX300.jpg","Ratings":[{"Source":"Internet Movie Database","Value":"5.3/10"},{"Source":"Rotten Tomatoes","Value":"11%"}],"Metascore":"N/A","imdbRating":"5.3","imdbVotes":"16,731","imdbID":"tt0389957","Type":"movie","DVD":"N/A","BoxOffice":"N/A","Production":"N/A","Website":"N/A","Response":"True"}