{"Title":"Ant-Man","Year":"2015","Rated":"PG-13","Released":"17 Jul 2015","Runtime":"117 min","Genre":"Action, Comedy, Sci-Fi","Director":"Peyton Reed","Writer":"Edgar Wright, Joe Cornish, Adam McKay","Actors":"Paul Rudd, Michael Douglas, Corey Stoll","Plot":"Armed with a super-suit with the astonishing ability to shrink in scale but increase in strength, cat burglar Scott Lang must embrace his inner hero and help his mentor, Dr. Hank Pym, pull off a plan that will save the world.","Language":"English","Country":"United States","Awards":"Nominated for 1 BAFTA Award4 wins & 34 nominations total","Poster":"https://m.media-amazon.com/images/M/MV5BMjM2NTQ5Mzc2M15BMl5BanBnXkFtZTgwNTcxMDI2NTE@._V1_SX300.jpg","Ratings":[{"Source":"Internet Movie Database","Value":"7.2/10"},{"Source":"Rotten Tomatoes","Value":"83%"},{"Source":"Metacritic","Value":"64/100"}],"Metascore":"64","imdbRating":"7.2","imdbVotes":"769,979","imdbID":"tt0478970","Type":"movie","DVD":"N/A","BoxOffice":"$180,202,163","Production":"N/A","Website":"N/A","Response":"True"}