{"Title":"Deja Vu","Year":"2006","Rated":"PG-13","Released":"22 Nov 2006","Runtime":"126 min","Genre":"Action, Crime, Sci-Fi","Director":"Tony Scott","Writer":"Bill Marsilii, Terry Rossio","Actors":"Denzel Washington, Paula Patton, Jim Caviezel","Plot":"After a ferry is bombed in New Orleans, an A.T.F. agent joins a unique investigation using experimental surveillance technology to find the bomber, but soon finds himself becoming obsessed with one of the victims.","Language":"English","Country":"United States, United Kingdom","Awards":"1 win & 6 nominations total","Poster":"https://m.media-amazon.com/images/M/MV5BMzEwNTAwNjEwMV5BMl5BanBnXkFtZTYwMzgzMjA3._V1_SX300.jpg","Ratings":[{"Source":"Internet Movie Database","Value":"7.1/10"},{"Source":"Rotten Tomatoes","Value":"55%"},{"Source":"Metacritic","Value":"59/100"}],"Metascore":"59","imdbRating":"7.1","imdbVotes":"342,553","imdbID":"tt0453467","Type":"movie","DVD":"N/A","BoxOffice":"$64,038,616","Production":"N/A","Website":"N/A","Response":"True"}