{"Title":"The Chronicles of Narnia: Prince Caspian","Year":"2008","Rated":"PG","Released":"16 May 2008","Runtime":"150 min","Genre":"Action, Adventure, Family","Director":"Andrew Adamson","Writer":"Andrew Adamson, Christopher Markus, Stephen McFeely","Actors":"Ben Barnes, Skandar Keynes, Georgie Henley","Plot":"The Pevensie siblings return to Narnia, where they are enlisted to once again help ward off an evil king and restore the rightful heir to the land's throne, Prince Caspian.","Language":"English","Country":"United States, Poland, Slovenia, Czech Republic, United Kingdom, Australia, Germany, New Zealand","Awards":"4 wins & 21 nominations total","Poster":"https://m.media-amazon.com/images/M/MV5BOTBiYzYyYWYtYTZlMC00OGYyLTg1ZTYtYWU4OGY4NTRhMzg4XkEyXkFqcGc@._V1_SX300.jpg","Ratings":[{"Source":"Internet Movie Database","Value":"6.5/10"},{"Source":"Rotten Tomatoes","Value":"66%"},{"Source":"Metacritic","Value":"62/100"}],"Metascore":"62","imdbRating":"6.5","imdbVotes":"235,196","imdbID":"tt0499448","Type":"movie","DVD":"N/A","BoxOffice":"$141,621,490","Production":"N/A","Website":"N/A","Response":"True"}