{"Title":"How the Grinch Stole Christmas","Year":"2000","Rated":"PG","Released":"17 Nov 2000","Runtime":"104 min","Genre":"Comedy, Family, Fantasy","Director":"Ron Howard","Writer":"Dr. Seuss, Jeffrey Price, Peter S. Seaman","Actors":"Jim Carrey, Taylor Momsen, Kelley","Plot":"On the outskirts of Whoville lives a green, revenge-seeking Grinch who plans to ruin Christmas for all of the citizens of the town.","Language":"English","Country":"Germany, United States","Awards":"Won 1 Oscar. 18 wins & 37 nominations total","Poster":"https://m.media-amazon.com/images/M/MV5BNDAwMjFhYTEtNzYyMS00YmY2LTg3MGEtZTRkNWNiMDI4MDRkXkEyXkFqcGc@._V1_SX300.jpg","Ratings":[{"Source":"Internet Movie Database","Value":"6.4/10"},{"Source":"Rotten Tomatoes","Value":"50%"},{"Source":"Metacritic","Value":"46/100"}],"Metascore":"46","imdbRating":"6.4","imdbVotes":"328,318","imdbID":"tt0170016","Type":"movie","DVD":"N/A","BoxOffice":"$264,965,545","Production":"N/A","Website":"N/A","Response":"True"}