{"Title":"Irreversible","Year":"2002","Rated":"Not Rated","Released":"22 May 2002","Runtime":"97 min","Genre":"Crime, Drama, Mystery","Director":"Gaspar Noé","Writer":"Gaspar Noé","Actors":"Monica Bellucci, Vincent Cassel, Albert Dupontel","Plot":"Events over the course of one traumatic night in Paris unfold in reverse-chronological order.","Language":"French, Spanish, Italian, English","Country":"France","Awards":"3 wins & 13 nominations total","Poster":"https://m.media-amazon.com/images/M/MV5BZTE2MWM1NTgtMGVjMy00ZGU2LWE4YTUtNTRlNWRhZWE2NmM0XkEyXkFqcGc@._V1_SX300.jpg","Ratings":[{"Source":"Internet Movie Database","Value":"7.3/10"},{"Source":"Rotten Tomatoes","Value":"59%"},{"Source":"Metacritic","Value":"51/100"}],"Metascore":"51","imdbRating":"7.3","imdbVotes":"159,748","imdbID":"tt0290673","Type":"movie","DVD":"N/A","BoxOffice":"$803,491","Production":"N/A","Website":"N/A","Response":"True"}