{"Title":"Pirates of the Caribbean: Dead Man's Chest","Year":"2006","Rated":"PG-13","Released":"07 Jul 2006","Runtime":"151 min","Genre":"Action, Adventure, Fantasy","Director":"Gore Verbinski","Writer":"Ted Elliott, Terry Rossio, Stuart Beattie","Actors":"Johnny Depp, Orlando Bloom, Keira Knightley","Plot":"Jack Sparrow races to recover the heart of Davy Jones to avoid enslaving his soul to Jones' service, as other friends and foes seek the heart for their own agenda as well.","Language":"English, Turkish, Greek, Mandarin, French","Country":"United States","Awards":"Won 1 Oscar. 45 wins & 54 nominations total","Poster":"https://m.media-amazon.com/images/M/MV5BMTcwODc1MTMxM15BMl5BanBnXkFtZTYwMDg1NzY3._V1_SX300.jpg","Ratings":[{"Source":"Internet Movie Database","Value":"7.4/10"},{"Source":"Rotten Tomatoes","Value":"53%"},{"Source":"Metacritic","Value":"53/100"}],"Metascore":"53","imdbRating":"7.4","imdbVotes":"816,739","imdbID":"tt0383574","Type":"movie","DVD":"N/A","BoxOffice":"$423,315,812","Production":"N/A","Website":"N/A","Response":"True"}