{"Title":"Mission: Impossible II","Year":"2000","Rated":"PG-13","Released":"24 May 2000","Runtime":"123 min","Genre":"Action, Adventure, Thriller","Director":"John Woo","Writer":"Bruce Geller, Ronald D. Moore, Brannon Braga","Actors":"Tom Cruise, Dougray Scott, Thandiwe Newton","Plot":"IMF agent Ethan Hunt is sent to Sydney to find and destroy a genetically modified disease called \"Chimera\".","Language":"English","Country":"Germany, United States","Awards":"12 wins & 20 nominations total","Poster":"https://m.media-amazon.com/images/M/MV5BYWFjM2NhMTAtNDU1My00ODUxLTkwMzYtODQzNzM0ODM0ZWQ0XkEyXkFqcGc@._V1_SX300.jpg","Ratings":[{"Source":"Internet Movie Database","Value":"6.1/10"},{"Source":"Metacritic","Value":"59/100"}],"Metascore":"59","imdbRating":"6.1","imdbVotes":"411,072","imdbID":"tt0120755","Type":"movie","DVD":"N/A","BoxOffice":"$215,409,889","Production":"N/A","Website":"N/A","Response":"True"}