{"Title":"Amélie","Year":"2001","Rated":"R","Released":"08 Feb 2002","Runtime":"122 min","Genre":"Comedy, Romance","Director":"Jean-Pierre Jeunet","Writer":"Guillaume Laurant, Jean-Pierre Jeunet","Actors":"Audrey Tautou, Mathieu Kassovitz, Rufus","Plot":"Despite being caught in her imaginative world, young waitress Amelie decides to help people find happiness. Her quest to spread joy leads her on a journey during which she finds true love.","Language":"French, Russian, English","Country":"France, Germany","Awards":"Nominated for 5 Oscars. 60 wins & 74 nominations total","Poster":"https://m.media-amazon.com/images/M/MV5BOTNmYzY0MWQtZGZmNy00Y2Y4LWFmMDQtMTZjYTdiYzEwZGQ2XkEyXkFqcGc@._V1_SX300.jpg","Ratings":[{"Source":"Internet Movie Database","Value":"8.3/10"},{"Source":"Rotten Tomatoes","Value":"90%"},{"Source":"Metacritic","Value":"70/100"}],"Metascore":"70","imdbRating":"8.3","imdbVotes":"834,716","imdbID":"tt0211915","Type":"movie","DVD":"N/A","BoxOffice":"$33,712,444","Production":"N/A","Website":"N/A","Response":"True"}