{"Title":"School of Rock","Year":"2003","Rated":"PG-13","Released":"03 Oct 2003","Runtime":"109 min","Genre":"Comedy, Music","Director":"Richard Linklater","Writer":"Mike White","Actors":"Jack Black, Mike White, Joan Cusack","Plot":"After being kicked out of his rock band, Dewey Finn becomes a substitute teacher of an uptight elementary private school, only to try and turn his class into a rock band.","Language":"English","Country":"Germany, United States","Awards":"8 wins & 24 nominations total","Poster":"https://m.media-amazon.com/images/M/MV5BOTg2NDU4Mjg2NV5BMl5BanBnXkFtZTgwNjQ0MDIyMDI@._V1_SX300.jpg","Ratings":[{"Source":"Internet Movie Database","Value":"7.2/10"},{"Source":"Rotten Tomatoes","Value":"92%"},{"Source":"Metacritic","Value":"82/100"}],"Metascore":"82","imdbRating":"7.2","imdbVotes":"353,463","imdbID":"tt0332379","Type":"movie","DVD":"N/A","BoxOffice":"$81,261,177","Production":"N/A","Website":"N/A","Response":"True"}