{"Title":"A Walk Among the Tombstones","Year":"2014","Rated":"R","Released":"19 Sep 2014","Runtime":"114 min","Genre":"Action, Crime, Drama","Director":"Scott Frank","Writer":"Lawrence Block, Scott Frank","Actors":"Liam Neeson, Dan Stevens, David Harbour","Plot":"Private investigator Matthew Scudder is hired by a drug kingpin to find out who kidnapped and murdered his wife.","Language":"English, Spanish, Urdu, Russian","Country":"United States","Awards":"1 nomination total","Poster":"https://m.media-amazon.com/images/M/MV5BMTQ3NzY2MTg1M15BMl5BanBnXkFtZTgwODY2Njk4MTE@._V1_SX300.jpg","Ratings":[{"Source":"Internet Movie Database","Value":"6.5/10"},{"Source":"Rotten Tomatoes","Value":"68%"},{"Source":"Metacritic","Value":"57/100"}],"Metascore":"57","imdbRating":"6.5","imdbVotes":"129,214","imdbID":"tt0365907","Type":"movie","DVD":"N/A","BoxOffice":"$26,307,600","Production":"N/A","Website":"N/A","Response":"True"}