{"Title":"Garfield: The Movie","Year":"2004","Rated":"PG","Released":"11 Jun 2004","Runtime":"80 min","Genre":"Adventure, Comedy, Family","Director":"Peter Hewitt","Writer":"Jim Davis, Joel Cohen, Alec Sokolow","Actors":"Breckin Meyer, Jennifer Love Hewitt, Stephen Tobolowsky","Plot":"Jon Arbuckle buys a second pet, a dog named Odie. However, Odie is then abducted and it is up to Jon's cat, Garfield, to find and rescue the canine.","Language":"English","Country":"United States","Awards":"1 win & 1 nomination total","Poster":"https://m.media-amazon.com/images/M/MV5BMTIzMTc1OTUxOV5BMl5BanBnXkFtZTYwNTMxODc3._V1_SX300.jpg","Ratings":[{"Source":"Internet Movie Database","Value":"5.1/10"},{"Source":"Rotten Tomatoes","Value":"14%"},{"Source":"Metacritic","Value":"27/100"}],"Metascore":"27","imdbRating":"5.1","imdbVotes":"99,385","imdbID":"tt0356634","Type":"movie","DVD":"N/A","BoxOffice":"$75,369,589","Production":"N/A","Website":"N/A","Response":"True"}