{"Title":"Dinosaur","Year":"2000","Rated":"PG","Released":"19 May 2000","Runtime":"82 min","Genre":"Animation, Adventure, Drama","Director":"Eric Leighton, Ralph Zondag","Writer":"John Harrison, Robert Nelson Jacobs, Walon Green","Actors":"D.B. Sweeney, Julianna Margulies, Samuel E. Wright","Plot":"An orphaned dinosaur raised by lemurs joins an arduous trek to a sanctuary after a meteorite shower destroys his family home.","Language":"English","Country":"United States","Awards":"4 wins & 23 nominations total","Poster":"https://m.media-amazon.com/images/M/MV5BYjFlNjFkNmUtNDRmNi00ZWIwLTg3ZjQtNTIxNmJkMjc1OTlhXkEyXkFqcGc@._V1_SX300.jpg","Ratings":[{"Source":"Internet Movie Database","Value":"6.4/10"},{"Source":"Rotten Tomatoes","Value":"65%"},{"Source":"Metacritic","Value":"56/100"}],"Metascore":"56","imdbRating":"6.4","imdbVotes":"72,205","imdbID":"tt0130623","Type":"movie","DVD":"N/A","BoxOffice":"$137,748,063","Production":"N/A","Website":"N/A","Response":"True"}