{"Title":"Shaolin Soccer","Year":"2001","Rated":"PG-13","Released":"05 Jul 2001","Runtime":"87 min","Genre":"Action, Comedy, Fantasy","Director":"Stephen Chow","Writer":"Stephen Chow, Kan-Cheung Tsang, Min-Hun Fung","Actors":"Stephen Chow, Wei Zhao, Yat-Fei Wong","Plot":"A young Shaolin follower reunites with his discouraged brothers to form a soccer team using their martial art skills to their advantage.","Language":"Cantonese, Mandarin","Country":"Hong Kong, China","Awards":"12 wins & 19 nominations total","Poster":"https://m.media-amazon.com/images/M/MV5BM2JhYTkzYmUtYjY1Mi00OWNjLTk4N2ItNDRkZTIyMzgyMjMyXkEyXkFqcGc@._V1_SX300.jpg","Ratings":[{"Source":"Internet Movie Database","Value":"7.3/10"},{"Source":"Rotten Tomatoes","Value":"89%"},{"Source":"Metacritic","Value":"68/100"}],"Metascore":"68","imdbRating":"7.3","imdbVotes":"95,575","imdbID":"tt0286112","Type":"movie","DVD":"N/A","BoxOffice":"$489,600","Production":"N/A","Website":"N/A","Response":"True"}