{"Title":"Saimir","Year":"2004","Rated":"Not Rated","Released":"29 Apr 2005","Runtime":"88 min","Genre":"Drama","Director":"Francesco Munzi","Writer":"Serena Brugnolo, Dino Gentili, Francesco Munzi","Actors":"Xhevdet Ferri, Anna Ferruzzo, Lavinia Guglielman","Plot":"Albanian teenager, Saimir, emigrates to Italy to start a new life with his father. His father tries to make a living transporting illegal immigrants. When this fails to make his father any money, he is drawn into an insidious pros...","Language":"Italian, Albanian","Country":"Italy","Awards":"9 wins & 9 nominations","Poster":"https://m.media-amazon.com/images/M/MV5BMTg4NzQ5Mjk5OV5BMl5BanBnXkFtZTcwMTY0MTIzMQ@@._V1_SX300.jpg","Ratings":[{"Source":"Internet Movie Database","Value":"6.5/10"}],"Metascore":"N/A","imdbRating":"6.5","imdbVotes":"255","imdbID":"tt0415006","Type":"movie","DVD":"N/A","BoxOffice":"N/A","Production":"N/A","Website":"N/A","Response":"True"}