{"Title":"The 40-Year-Old Virgin","Year":"2005","Rated":"R","Released":"19 Aug 2005","Runtime":"116 min","Genre":"Comedy, Romance","Director":"Judd Apatow","Writer":"Judd Apatow, Steve Carell","Actors":"Steve Carell, Catherine Keener, Paul Rudd","Plot":"Goaded by his buddies, a nerdy guy who's never \"done the deed\" only finds the pressure mounting when he meets a single mother.","Language":"English, Spanish, Japanese","Country":"United States","Awards":"10 wins & 19 nominations total","Poster":"https://m.media-amazon.com/images/M/MV5BMzFiNzU2NjQtZTcwZC00Nzc3LTk3NjEtMDZmMDhmYjQ4NTAwXkEyXkFqcGc@._V1_SX300.jpg","Ratings":[{"Source":"Internet Movie Database","Value":"7.1/10"},{"Source":"Rotten Tomatoes","Value":"85%"},{"Source":"Metacritic","Value":"73/100"}],"Metascore":"73","imdbRating":"7.1","imdbVotes":"495,904","imdbID":"tt0405422","Type":"movie","DVD":"N/A","BoxOffice":"$109,484,237","Production":"N/A","Website":"N/A","Response":"True"}