{"Title":"What Women Want","Year":"2000","Rated":"PG-13","Released":"15 Dec 2000","Runtime":"127 min","Genre":"Comedy, Fantasy, Romance","Director":"Nancy Meyers","Writer":"Josh Goldsmith, Cathy Yuspa, Diane Drake","Actors":"Mel Gibson, Helen Hunt, Marisa Tomei","Plot":"A cocky, chauvinistic advertising executive magically acquires the ability to hear what women are thinking.","Language":"English","Country":"United States","Awards":"5 wins & 9 nominations total","Poster":"https://m.media-amazon.com/images/M/MV5BZjA3ZDkzNGEtZmU1OS00YzNiLWJiMzItNTk0ZTZhOWM5ZTUxXkEyXkFqcGc@._V1_SX300.jpg","Ratings":[{"Source":"Internet Movie Database","Value":"6.5/10"},{"Source":"Rotten Tomatoes","Value":"53%"},{"Source":"Metacritic","Value":"47/100"}],"Metascore":"47","imdbRating":"6.5","imdbVotes":"236,520","imdbID":"tt0207201","Type":"movie","DVD":"N/A","BoxOffice":"$182,811,707","Production":"N/A","Website":"N/A","Response":"True"}