{"Title":"No Country for Old Men","Year":"2007","Rated":"R","Released":"21 Nov 2007","Runtime":"122 min","Genre":"Crime, Drama, Thriller","Director":"Ethan Coen, Joel Coen","Writer":"Joel Coen, Ethan Coen, Cormac McCarthy","Actors":"Tommy Lee Jones, Javier Bardem, Josh Brolin","Plot":"Violence and mayhem ensue after a hunter stumbles upon the aftermath of a drug deal gone wrong and over two million dollars in cash near the Rio Grande.","Language":"English, Spanish","Country":"United States","Awards":"Won 4 Oscars. 165 wins & 139 nominations total","Poster":"https://m.media-amazon.com/images/M/MV5BMjA5Njk3MjM4OV5BMl5BanBnXkFtZTcwMTc5MTE1MQ@@._V1_SX300.jpg","Ratings":[{"Source":"Internet Movie Database","Value":"8.2/10"},{"Source":"Rotten Tomatoes","Value":"93%"},{"Source":"Metacritic","Value":"92/100"}],"Metascore":"92","imdbRating":"8.2","imdbVotes":"1,166,788","imdbID":"tt0477348","Type":"movie","DVD":"N/A","BoxOffice":"$74,283,625","Production":"N/A","Website":"N/A","Response":"True"}