{"Title":"The Secret Life of Walter Mitty","Year":"2013","Rated":"PG","Released":"25 Dec 2013","Runtime":"114 min","Genre":"Adventure, Comedy, Drama","Director":"Ben Stiller","Writer":"Steve Conrad, James Thurber","Actors":"Ben Stiller, Kristen Wiig, Jon Daly","Plot":"When both he and a colleague are about to lose their job, Walter takes action by embarking on an adventure more extraordinary than anything he ever imagined.","Language":"English, Spanish, Icelandic","Country":"United States, United Kingdom","Awards":"5 wins & 18 nominations total","Poster":"https://m.media-amazon.com/images/M/MV5BODYwNDYxNDk1Nl5BMl5BanBnXkFtZTgwOTAwMTk2MDE@._V1_SX300.jpg","Ratings":[{"Source":"Internet Movie Database","Value":"7.3/10"},{"Source":"Rotten Tomatoes","Value":"52%"},{"Source":"Metacritic","Value":"54/100"}],"Metascore":"54","imdbRating":"7.3","imdbVotes":"365,611","imdbID":"tt0359950","Type":"movie","DVD":"N/A","BoxOffice":"$58,236,838","Production":"N/A","Website":"N/A","Response":"True"}