{"Title":"Bureau 749","Year":"2024","Rated":"N/A","Released":"01 Oct 2024","Runtime":"123 min","Genre":"Action, Adventure, Drama","Director":"Chuan Lu","Writer":"Chuan Lu","Actors":"Karry Wang, Miao Miao, Ryan Zheng","Plot":"A traumatized young man with physical abnormalities is forced to join a mysterious bureau to confront a disaster spreading across the earth caused by an unknown creature. He embarks on an adventure uncovering mysteries about his l...","Language":"Chinese","Country":"China","Awards":"N/A","Poster":"https://m.media-amazon.com/images/M/MV5BZDNkY2FiY2QtOGRmMi00NDNlLTg2ZGQtNjljNTQyMmZkNDEwXkEyXkFqcGc@._V1_SX300.jpg","Ratings":[{"Source":"Internet Movie Database","Value":"3.8/10"}],"Metascore":"N/A","imdbRating":"3.8","imdbVotes":"663","imdbID":"tt10210064","Type":"movie","DVD":"N/A","BoxOffice":"N/A","Production":"N/A","Website":"N/A","Response":"True"}