{"Title":"The Italian Job","Year":"2003","Rated":"PG-13","Released":"30 May 2003","Runtime":"111 min","Genre":"Action, Crime, Thriller","Director":"F. Gary Gray","Writer":"Troy Kennedy Martin, Donna Powers, Wayne Powers","Actors":"Donald Sutherland, Mark Wahlberg, Edward Norton","Plot":"After being betrayed and left for dead in Italy, Charlie Croker and his team plan an elaborate gold heist against their former ally.","Language":"English, Russian, Italian","Country":"United Kingdom, Italy, Germany, United States","Awards":"7 wins & 9 nominations total","Poster":"https://m.media-amazon.com/images/M/MV5BMjJjNzc5YjAtZjU2Ni00ZjVkLTkzYmItM2E2NDM0NWE1YmJhXkEyXkFqcGc@._V1_SX300.jpg","Ratings":[{"Source":"Internet Movie Database","Value":"7.0/10"},{"Source":"Rotten Tomatoes","Value":"72%"},{"Source":"Metacritic","Value":"68/100"}],"Metascore":"68","imdbRating":"7.0","imdbVotes":"403,929","imdbID":"tt0317740","Type":"movie","DVD":"N/A","BoxOffice":"$106,128,601","Production":"N/A","Website":"N/A","Response":"True"}