{"Title":"Planet Earth","Year":"2006","Rated":"TV-PG","Released":"25 Mar 2007","Runtime":"538 min","Genre":"Documentary, Family","Director":"N/A","Writer":"N/A","Actors":"Sigourney Weaver, David Attenborough, Nikolay Drozdov","Plot":"A documentary series on the wildlife found on Earth. Each episode covers a different habitat: deserts, mountains, deep oceans, shallow seas, forests, caves, polar regions, fresh water, plains and jungles. Narrated by David Attenbo...","Language":"English","Country":"United Kingdom, Canada, United States, Japan","Awards":"Won 4 Primetime Emmys. 15 wins & 15 nominations total","Poster":"https://m.media-amazon.com/images/M/MV5BY2NjNDUzOTgtMDFmNC00ZGQ4LWE5MDctMzczNGVlOGU1N2MyXkEyXkFqcGc@._V1_SX300.jpg","Ratings":[{"Source":"Internet Movie Database","Value":"9.4/10"}],"Metascore":"N/A","imdbRating":"9.4","imdbVotes":"230,033","imdbID":"tt0795176","Type":"series","totalSeasons":"1","Response":"True"}