{"Title":"The Book of Eli","Year":"2010","Rated":"R","Released":"15 Jan 2010","Runtime":"118 min","Genre":"Action, Adventure, Drama","Director":"Albert Hughes, Allen Hughes","Writer":"Gary Whitta","Actors":"Denzel Washington, Mila Kunis, Ray Stevenson","Plot":"In a violent post-apocalyptic society, a drifter, Eli (Denzel Washington), has been wandering westward across North America for the last thirty years. He finds solace in a unique book which he carries on his person and guards closely, while surviving by hunting small animals and seeking goods in destroyed houses and vehicles to trade in villages for water and supplies. When he reaches a village ruled by the powerful mobster, Carnegie (Gary Oldman), the man views Eli's impressive fighting skills and offers Eli a place within his gang. Carnegie presses his blind lover Claudia (Jennifer Beals) to send her daughter, Solara (Mila Kunis), to at least convince Eli to spend the night by sleeping with him. However, Eli proves to be the better man when he gently declines her advances. The girl sees Eli's book, and when Carnegie finds out he beats her mother until she reveals what she saw. Carnegie sends his gang into the wasteland to take the book from Eli, but the man proves to be a formidable foe as he makes it more than clear that if they want the book, they must first take his life.","Language":"English","Country":"United States","Awards":"3 wins & 16 nominations total","Poster":"https://m.media-amazon.com/images/M/MV5BZjk4N2U2YTAtNWEzZC00N2VmLTlkNDctMjg5YjI4OTExZTFhXkEyXkFqcGc@._V1_SX300.jpg","Ratings":[{"Source":"Internet Movie Database","Value":"6.8/10"},{"Source":"Rotten Tomatoes","Value":"46%"},{"Source":"Metacritic","Value":"53/100"}],"Metascore":"53","imdbRating":"6.8","imdbVotes":"358,926","imdbID":"tt1037705","Type":"movie","DVD":"N/A","BoxOffice":"$94,835,059","Production":"N/A","Website":"N/A","Response":"True"}