{"Title":"Waiting...","Year":"2005","Rated":"R","Released":"07 Oct 2005","Runtime":"94 min","Genre":"Comedy","Director":"Rob McKittrick","Writer":"Rob McKittrick","Actors":"Ryan Reynolds, Anna Faris, John Francis Daley","Plot":"Young employees at ShenaniganZ restaurant collectively stave off boredom and adulthood with their antics.","Language":"English, German","Country":"United States","Awards":"N/A","Poster":"https://m.media-amazon.com/images/M/MV5BMTIxNzY1MTQ5N15BMl5BanBnXkFtZTYwMTkxMzE3._V1_SX300.jpg","Ratings":[{"Source":"Internet Movie Database","Value":"6.7/10"},{"Source":"Rotten Tomatoes","Value":"29%"},{"Source":"Metacritic","Value":"30/100"}],"Metascore":"30","imdbRating":"6.7","imdbVotes":"111,612","imdbID":"tt0348333","Type":"movie","DVD":"N/A","BoxOffice":"$16,124,543","Production":"N/A","Website":"N/A","Response":"True"}