{"Title":"Chicken Run","Year":"2000","Rated":"G","Released":"23 Jun 2000","Runtime":"84 min","Genre":"Animation, Adventure, Comedy","Director":"Peter Lord, Nick Park","Writer":"Peter Lord, Nick Park, Karey Kirkpatrick","Actors":"Mel Gibson, Julia Sawalha, Phil Daniels","Plot":"When a cockerel apparently flies into a chicken farm, the chickens see him as an opportunity to escape their evil owners.","Language":"English","Country":"United Kingdom, France, United States","Awards":"Nominated for 2 BAFTA 24 wins & 27 nominations total","Poster":"https://m.media-amazon.com/images/M/MV5BZGViZmJjMTQtNDk3NC00NjQ4LTg0ODItYWI3MjY3YmUwMjczXkEyXkFqcGc@._V1_SX300.jpg","Ratings":[{"Source":"Internet Movie Database","Value":"7.1/10"},{"Source":"Rotten Tomatoes","Value":"97%"},{"Source":"Metacritic","Value":"88/100"}],"Metascore":"88","imdbRating":"7.1","imdbVotes":"223,786","imdbID":"tt0120630","Type":"movie","DVD":"N/A","BoxOffice":"$107,071,709","Production":"N/A","Website":"N/A","Response":"True"}