{"Title":"Pearl Harbor","Year":"2001","Rated":"PG-13","Released":"25 May 2001","Runtime":"183 min","Genre":"Action, Drama, Romance","Director":"Michael Bay","Writer":"Randall Wallace","Actors":"Ben Affleck, Kate Beckinsale, Josh Hartnett","Plot":"A tale of war and romance mixed in with history. The story follows two lifelong friends and a beautiful nurse who are caught up in the horror of an infamous Sunday morning in 1941.","Language":"English, Japanese, French, Latin, Chinese","Country":"United States","Awards":"Won 1 Oscar. 14 wins & 51 nominations total","Poster":"https://m.media-amazon.com/images/M/MV5BMTQ3MDc0MDc1NF5BMl5BanBnXkFtZTYwODI1ODY2._V1_SX300.jpg","Ratings":[{"Source":"Internet Movie Database","Value":"6.3/10"},{"Source":"Rotten Tomatoes","Value":"24%"},{"Source":"Metacritic","Value":"44/100"}],"Metascore":"44","imdbRating":"6.3","imdbVotes":"366,626","imdbID":"tt0213149","Type":"movie","DVD":"N/A","BoxOffice":"$198,542,554","Production":"N/A","Website":"N/A","Response":"True"}