{"Title":"Bones and All","Year":"2022","Rated":"R","Released":"23 Nov 2022","Runtime":"131 min","Genre":"Drama, Horror, Romance","Director":"Luca Guadagnino","Writer":"David Kajganich, Camille DeAngelis","Actors":"Timothée Chalamet, Taylor Russell, Mark Rylance","Plot":"A young woman embarks on a 1000 mile odyssey through America where she meets a disenfranchised drifter. But all roads lead back to their terrifying pasts and to a final stand that will determine whether love can survive their othe...","Language":"English","Country":"Italy, United States, United Kingdom","Awards":"4 wins & 75 nominations total","Poster":"https://m.media-amazon.com/images/M/MV5BYjUzMWU0ZTEtMjlhYy00YWEwLTlhOTktNzNkMTlhNGNiYmRlXkEyXkFqcGc@._V1_SX300.jpg","Ratings":[{"Source":"Internet Movie Database","Value":"6.8/10"},{"Source":"Rotten Tomatoes","Value":"82%"},{"Source":"Metacritic","Value":"74/100"}],"Metascore":"74","imdbRating":"6.8","imdbVotes":"69,236","imdbID":"tt10168670","Type":"movie","DVD":"N/A","BoxOffice":"$7,834,907","Production":"N/A","Website":"N/A","Response":"True"}