{"Title":"American Psycho","Year":"2000","Rated":"R","Released":"14 Apr 2000","Runtime":"102 min","Genre":"Comedy, Crime, Drama","Director":"Mary Harron","Writer":"Bret Easton Ellis, Mary Harron, Guinevere Turner","Actors":"Christian Bale, Justin Theroux, Josh Lucas","Plot":"A wealthy New York City investment banking executive, Patrick Bateman, hides his alternate psychopathic ego from his co-workers and friends as he delves deeper into his violent, hedonistic fantasies.","Language":"English, Spanish, Cantonese","Country":"United States","Awards":"7 wins & 11 nominations total","Poster":"https://m.media-amazon.com/images/M/MV5BNzBjM2I5ZjUtNmIzNy00OGNkLWIwZDMtOTAwYWUwMzA2YjdlXkEyXkFqcGc@._V1_SX300.jpg","Ratings":[{"Source":"Internet Movie Database","Value":"7.6/10"},{"Source":"Rotten Tomatoes","Value":"68%"},{"Source":"Metacritic","Value":"64/100"}],"Metascore":"64","imdbRating":"7.6","imdbVotes":"820,181","imdbID":"tt0144084","Type":"movie","DVD":"N/A","BoxOffice":"$15,070,285","Production":"N/A","Website":"N/A","Response":"True"}