{"Title":"Foundation","Year":"2021–","Rated":"TV-MA","Released":"24 Sep 2021","Runtime":"N/A","Genre":"Drama, Sci-Fi","Director":"N/A","Writer":"David S. Goyer, Josh Friedman","Actors":"Jared Harris, Lou Llobell, Lee Pace","Plot":"A complex saga of humans scattered on planets throughout the galaxy all living under the rule of the Galactic Empire.","Language":"English","Country":"Ireland, United States","Awards":"Nominated for 2 Primetime Emmys. 3 wins & 29 nominations total","Poster":"https://m.media-amazon.com/images/M/MV5BMzY5OGJhYzItNGQyOS00NmU3LWFhOWMtNGY1OGVlNTlmYjc0XkEyXkFqcGc@._V1_SX300.jpg","Ratings":[{"Source":"Internet Movie Database","Value":"7.6/10"}],"Metascore":"N/A","imdbRating":"7.6","imdbVotes":"123,214","imdbID":"tt0804484","Type":"series","totalSeasons":"3","Response":"True"}