{"Title":"The Lord of the Rings: The Fellowship of the Ring","Year":"2001","Rated":"PG-13","Released":"19 Dec 2001","Runtime":"178 min","Genre":"Adventure, Drama, Fantasy","Director":"Peter Jackson","Writer":"J.R.R. Tolkien, Fran Walsh, Philippa Boyens","Actors":"Elijah Wood, Ian McKellen, Orlando Bloom","Plot":"A meek Hobbit from the Shire and eight companions set out on a journey to destroy the powerful One Ring and save Middle-earth from the Dark Lord Sauron.","Language":"English, Sindarin","Country":"New Zealand, United States, United Kingdom","Awards":"Won 4 Oscars. 126 wins & 127 nominations total","Poster":"https://m.media-amazon.com/images/M/MV5BNzIxMDQ2YTctNDY4MC00ZTRhLTk4ODQtMTVlOWY4NTdiYmMwXkEyXkFqcGc@._V1_SX300.jpg","Ratings":[{"Source":"Internet Movie Database","Value":"8.9/10"},{"Source":"Rotten Tomatoes","Value":"91%"},{"Source":"Metacritic","Value":"92/100"}],"Metascore":"92","imdbRating":"8.9","imdbVotes":"2,181,462","imdbID":"tt0120737","Type":"movie","DVD":"N/A","BoxOffice":"$325,873,309","Production":"N/A","Website":"N/A","Response":"True"}