{"Title":"Cloverfield","Year":"2008","Rated":"PG-13","Released":"18 Jan 2008","Runtime":"85 min","Genre":"Action, Horror, Sci-Fi","Director":"Matt Reeves","Writer":"Drew Goddard","Actors":"Mike Vogel, Jessica Lucas, Lizzy Caplan","Plot":"A group of friends venture deep into the streets of New York on a rescue mission during a rampaging monster attack.","Language":"English, Russian, French, Japanese","Country":"United States","Awards":"5 wins & 34 nominations total","Poster":"https://m.media-amazon.com/images/M/MV5BOWM3NmYyMjAtMjU3YS00MDJjLThmNDItNWUzZmFmMzk5NTEyXkEyXkFqcGc@._V1_SX300.jpg","Ratings":[{"Source":"Internet Movie Database","Value":"7.0/10"},{"Source":"Rotten Tomatoes","Value":"78%"},{"Source":"Metacritic","Value":"64/100"}],"Metascore":"64","imdbRating":"7.0","imdbVotes":"438,276","imdbID":"tt1060277","Type":"movie","DVD":"N/A","BoxOffice":"$80,048,433","Production":"N/A","Website":"N/A","Response":"True"}