{"Title":"The Mummy: Tomb of the Dragon Emperor","Year":"2008","Rated":"PG-13","Released":"01 Aug 2008","Runtime":"112 min","Genre":"Action, Adventure, Fantasy","Director":"Rob Cohen","Writer":"Alfred Gough, Miles Millar, John L. Balderston","Actors":"Brendan Fraser, Jet Li, Maria Bello","Plot":"In the Far East, Alex O'Connell, the son of famed mummy fighters Rick and Evy O'Connell, unearths the mummy of the first Emperor of Qin -- a shape-shifting entity cursed by a witch centuries ago.","Language":"English, Mandarin, Sanskrit","Country":"United States, Germany, China, Canada, United Kingdom, Hong Kong","Awards":"2 wins & 6 nominations total","Poster":"https://m.media-amazon.com/images/M/MV5BMTU4NDIzMDY1OV5BMl5BanBnXkFtZTcwNjQxMzk3MQ@@._V1_SX300.jpg","Ratings":[{"Source":"Internet Movie Database","Value":"5.2/10"},{"Source":"Rotten Tomatoes","Value":"13%"},{"Source":"Metacritic","Value":"31/100"}],"Metascore":"31","imdbRating":"5.2","imdbVotes":"178,359","imdbID":"tt0859163","Type":"movie","DVD":"N/A","BoxOffice":"$102,491,776","Production":"N/A","Website":"N/A","Response":"True"}