{"Title":"Ponyo","Year":"2008","Rated":"G","Released":"14 Aug 2009","Runtime":"101 min","Genre":"Animation, Adventure, Comedy","Director":"Hayao Miyazaki","Writer":"Hayao Miyazaki","Actors":"Tomoko Yamaguchi, Kazushige Nagashima, Yûki Amami","Plot":"A five-year-old boy develops a relationship with Ponyo, a young goldfish princess who longs to become a human after falling in love with him.","Language":"Japanese, English","Country":"Japan","Awards":"12 wins & 20 nominations total","Poster":"https://m.media-amazon.com/images/M/MV5BZDkzMzQ5ZmQtOTA3MC00MjhiLTk5M2UtNzk0MjEzZmVjN2UxXkEyXkFqcGc@._V1_SX300.jpg","Ratings":[{"Source":"Internet Movie Database","Value":"7.6/10"},{"Source":"Rotten Tomatoes","Value":"91%"},{"Source":"Metacritic","Value":"86/100"}],"Metascore":"86","imdbRating":"7.6","imdbVotes":"182,127","imdbID":"tt0876563","Type":"movie","DVD":"N/A","BoxOffice":"$16,543,471","Production":"N/A","Website":"N/A","Response":"True"}