{"Title":"One Piece: Baron Omatsuri and the Secret Island","Year":"2005","Rated":"N/A","Released":"05 Mar 2005","Runtime":"88 min","Genre":"Animation, Action, Adventure","Director":"Mamoru Hosoda","Writer":"Masahiro Ito, Eiichirô Oda","Actors":"Takeshi Aono, Shô Ayanokôji, Kôhei Fukuhara","Plot":"The Straw Hat Pirates received an advertisement on a recreational island. The offers all looked promising, so they sailed to the island for an opportunity to kick back and relax from their journey across the Grand Line. The site o...","Language":"Japanese","Country":"Japan","Awards":"N/A","Poster":"https://m.media-amazon.com/images/M/MV5BMTU4ZDkwMDMtYmFkMS00ODIyLTgxYTQtNzA3M2QyOTQ5ODMzXkEyXkFqcGc@._V1_SX300.jpg","Ratings":[{"Source":"Internet Movie Database","Value":"7.2/10"}],"Metascore":"N/A","imdbRating":"7.2","imdbVotes":"3,722","imdbID":"tt1018764","Type":"movie","DVD":"N/A","BoxOffice":"N/A","Production":"N/A","Website":"N/A","Response":"True"}