{"Title":"Inglourious Basterds","Year":"2009","Rated":"R","Released":"21 Aug 2009","Runtime":"153 min","Genre":"Adventure, Drama, War","Director":"Quentin Tarantino","Writer":"Quentin Tarantino","Actors":"Brad Pitt, Diane Kruger, Eli Roth","Plot":"In German-occupied France, young Jewish refugee Shosanna Dreyfus witnesses the slaughter of her family by Colonel Hans Landa. Narrowly escaping with her life, she plots her revenge several years later when German war hero Fredrick Zoller takes a rapid interest in her and arranges an illustrious movie premiere at the theater she now runs. With the promise of every major Nazi officer in attendance, the event catches the attention of the \"Basterds\", a group of Jewish-American guerrilla soldiers led by the ruthless Lt. Aldo Raine. As the relentless executioners advance and the conspiring young girl's plans are set in motion, their paths will cross for a fateful evening that will shake the very annals of history.","Language":"English, German, French, Italian","Country":"United States, Germany","Awards":"Won 1 Oscar. 134 wins & 173 nominations total","Poster":"https://m.media-amazon.com/images/M/MV5BODZhMWJlNjYtNDExNC00MTIzLTllM2ItOGQ2NGVjNDQ3MzkzXkEyXkFqcGc@._V1_SX300.jpg","Ratings":[{"Source":"Internet Movie Database","Value":"8.4/10"},{"Source":"Rotten Tomatoes","Value":"89%"},{"Source":"Metacritic","Value":"69/100"}],"Metascore":"69","imdbRating":"8.4","imdbVotes":"1,746,929","imdbID":"tt0361748","Type":"movie","DVD":"N/A","BoxOffice":"$120,540,719","Production":"N/A","Website":"N/A","Response":"True"}