{"Title":"Cheeky","Year":"2000","Rated":"Not Rated","Released":"28 Jan 2000","Runtime":"91 min","Genre":"Comedy, Drama","Director":"Tinto Brass","Writer":"Tinto Brass, Carla Cipriani, Nicolaj Pennestri","Actors":"Yuliya Mayarchuk, Jarno Berardi, Francesca Nunzi","Plot":"While scouting out apartments in London for her Venetian boyfriend, Carla rents an apartment that overlooks the Thames. There she meet the lesbian hyper-horny real estate agent Moira.","Language":"Italian, English","Country":"Italy","Awards":"N/A","Poster":"https://m.media-amazon.com/images/M/MV5BYmQ5MTAyOGItNTM2Ny00MzJjLWE2ZDMtZWFjN2Y0MmMwYzVlXkEyXkFqcGc@._V1_SX300.jpg","Ratings":[{"Source":"Internet Movie Database","Value":"5.4/10"}],"Metascore":"N/A","imdbRating":"5.4","imdbVotes":"7,324","imdbID":"tt0200192","Type":"movie","DVD":"N/A","BoxOffice":"N/A","Production":"N/A","Website":"N/A","Response":"True"}