{"Title":"Ice Age: The Meltdown","Year":"2006","Rated":"PG","Released":"31 Mar 2006","Runtime":"91 min","Genre":"Animation, Adventure, Comedy","Director":"Carlos Saldanha","Writer":"Peter Gaulke, Gerry Swallow, Jim Hecht","Actors":"Ray Romano, John Leguizamo, Denis Leary","Plot":"Manny, Sid and Diego discover that the ice age is coming to an end, and join everybody for a journey to higher ground. On the trip, they discover that Manny is not in fact the last of the woolly mammoths.","Language":"English","Country":"United States, United Kingdom","Awards":"8 wins & 16 nominations total","Poster":"https://m.media-amazon.com/images/M/MV5BMjAwODg3OTAxMl5BMl5BanBnXkFtZTcwMjg2NjYyMw@@._V1_SX300.jpg","Ratings":[{"Source":"Internet Movie Database","Value":"6.8/10"},{"Source":"Rotten Tomatoes","Value":"56%"},{"Source":"Metacritic","Value":"59/100"}],"Metascore":"59","imdbRating":"6.8","imdbVotes":"314,385","imdbID":"tt0438097","Type":"movie","DVD":"N/A","BoxOffice":"$195,330,621","Production":"N/A","Website":"N/A","Response":"True"}