{"Title":"Syriana","Year":"2005","Rated":"R","Released":"09 Dec 2005","Runtime":"128 min","Genre":"Drama, Thriller","Director":"Stephen Gaghan","Writer":"Stephen Gaghan, Robert Baer","Actors":"Kayvan Novak, George Clooney, Amr Waked","Plot":"A politically charged epic about the state of the oil industry in the hands of those personally involved in and affected by it.","Language":"English, Urdu, Arabic, Persian, French, Mandarin","Country":"United States, United Arab Emirates","Awards":"Won 1 Oscar. 13 wins & 30 nominations total","Poster":"https://m.media-amazon.com/images/M/MV5BYWQ0YmNiYjUtODg0NS00YjNkLWJhOTktOGMxNTdmYTM0ZmMzXkEyXkFqcGc@._V1_SX300.jpg","Ratings":[{"Source":"Internet Movie Database","Value":"6.9/10"},{"Source":"Rotten Tomatoes","Value":"73%"},{"Source":"Metacritic","Value":"76/100"}],"Metascore":"76","imdbRating":"6.9","imdbVotes":"137,505","imdbID":"tt0365737","Type":"movie","DVD":"N/A","BoxOffice":"$50,824,620","Production":"N/A","Website":"N/A","Response":"True"}