{"Title":"Bad Boys II","Year":"2003","Rated":"R","Released":"18 Jul 2003","Runtime":"147 min","Genre":"Action, Comedy, Crime","Director":"Michael Bay","Writer":"George Gallo, Marianne Wibberley, Cormac Wibberley","Actors":"Will Smith, Martin Lawrence, Gabrielle Union","Plot":"Miami narcotics cops Mike Lowrey and Marcus Burnett investigate the flow of Ecstasy into Florida from a Cuban drug cartel.","Language":"English, Spanish, Russian","Country":"United States","Awards":"5 wins & 13 nominations total","Poster":"https://m.media-amazon.com/images/M/MV5BMTVkM2YxODItOGNlMy00NWExLWI2NTgtODEzMmM5NThiM2E2XkEyXkFqcGc@._V1_SX300.jpg","Ratings":[{"Source":"Internet Movie Database","Value":"6.6/10"},{"Source":"Rotten Tomatoes","Value":"23%"},{"Source":"Metacritic","Value":"38/100"}],"Metascore":"38","imdbRating":"6.6","imdbVotes":"285,419","imdbID":"tt0172156","Type":"movie","DVD":"N/A","BoxOffice":"$138,608,444","Production":"N/A","Website":"N/A","Response":"True"}