{"Title":"Babel","Year":"2006","Rated":"R","Released":"10 Nov 2006","Runtime":"143 min","Genre":"Drama","Director":"Alejandro G. Iñárritu","Writer":"Guillermo Arriaga, Alejandro G. Iñárritu","Actors":"Brad Pitt, Cate Blanchett, Gael García Bernal","Plot":"Tragedy strikes a married couple on vacation in the Moroccan desert, which jump starts an interlocking story involving four different families.","Language":"English, Arabic, Spanish, Japanese, Berber languages, French, Russian, Japanese Sign ","Country":"United States, Mexico, France, Japan","Awards":"Won 1 Oscar. 45 wins & 137 nominations total","Poster":"https://m.media-amazon.com/images/M/MV5BNDY3YjliMzgtMTkxYi00MmRkLWI1YTktNGQ3NGJhNzVhNzg5XkEyXkFqcGc@._V1_SX300.jpg","Ratings":[{"Source":"Internet Movie Database","Value":"7.5/10"},{"Source":"Rotten Tomatoes","Value":"68%"},{"Source":"Metacritic","Value":"69/100"}],"Metascore":"69","imdbRating":"7.5","imdbVotes":"325,084","imdbID":"tt0449467","Type":"movie","DVD":"N/A","BoxOffice":"$34,302,837","Production":"N/A","Website":"N/A","Response":"True"}