{"Title":"The Emperor's New Groove","Year":"2000","Rated":"G","Released":"15 Dec 2000","Runtime":"78 min","Genre":"Animation, Adventure, Comedy","Director":"Mark Dindal","Writer":"David Reynolds, Chris Williams, Mark Dindal","Actors":"David Spade, John Goodman, Eartha Kitt","Plot":"Emperor Kuzco is turned into a llama by his ex-administrator Yzma, and must now regain his throne and his human form with the help of Pacha, a gentle llama herder.","Language":"English","Country":"United States, Japan, France","Awards":"Nominated for 1 Oscar. 7 wins & 27 nominations total","Poster":"https://m.media-amazon.com/images/M/MV5BMjM2MWU5ZDEtNDZlZC00ZmQ2LThiOTEtMmZkMzAxMmI5MGIyXkEyXkFqcGc@._V1_SX300.jpg","Ratings":[{"Source":"Internet Movie Database","Value":"7.4/10"},{"Source":"Rotten Tomatoes","Value":"86%"},{"Source":"Metacritic","Value":"70/100"}],"Metascore":"70","imdbRating":"7.4","imdbVotes":"244,776","imdbID":"tt0120917","Type":"movie","DVD":"N/A","BoxOffice":"$89,636,687","Production":"N/A","Website":"N/A","Response":"True"}