{"Title":"Love Actually","Year":"2003","Rated":"R","Released":"14 Nov 2003","Runtime":"135 min","Genre":"Comedy, Drama, Romance","Director":"Richard Curtis","Writer":"Richard Curtis","Actors":"Hugh Grant, Martine McCutcheon, Liam Neeson","Plot":"Follows the lives of eight very different couples in dealing with their love lives in various loosely interrelated tales all set during a frantic month before Christmas in London, England.","Language":"English, Portuguese, French","Country":"United Kingdom, France, United States","Awards":"Won 1 BAFTA Award11 wins & 30 nominations total","Poster":"https://m.media-amazon.com/images/M/MV5BYWRlZjcwYTgtYWJkOS00MGYwLTk3Y2ItNmU4NTg5Nzg2YTQ2XkEyXkFqcGc@._V1_SX300.jpg","Ratings":[{"Source":"Internet Movie Database","Value":"7.5/10"},{"Source":"Rotten Tomatoes","Value":"65%"},{"Source":"Metacritic","Value":"55/100"}],"Metascore":"55","imdbRating":"7.5","imdbVotes":"577,665","imdbID":"tt0314331","Type":"movie","DVD":"N/A","BoxOffice":"$60,352,285","Production":"N/A","Website":"N/A","Response":"True"}