{"Title":"Zodiac","Year":"2007","Rated":"R","Released":"02 Mar 2007","Runtime":"157 min","Genre":"Crime, Drama, Mystery","Director":"David Fincher","Writer":"James Vanderbilt, Robert Graysmith","Actors":"Jake Gyllenhaal, Robert Downey Jr., Mark Ruffalo","Plot":"Between 1968 and 1983, a San Francisco cartoonist becomes an amateur detective obsessed with tracking down the Zodiac Killer, an unidentified individual who terrorizes Northern California with a killing spree.","Language":"English","Country":"United States","Awards":"3 wins & 71 nominations total","Poster":"https://m.media-amazon.com/images/M/MV5BNDFkMTRkZmQtM2I0NC00NjJjLWJlMDctNTNiZWYxYzhjZDZiXkEyXkFqcGc@._V1_SX300.jpg","Ratings":[{"Source":"Internet Movie Database","Value":"7.7/10"},{"Source":"Rotten Tomatoes","Value":"90%"},{"Source":"Metacritic","Value":"79/100"}],"Metascore":"79","imdbRating":"7.7","imdbVotes":"664,282","imdbID":"tt0443706","Type":"movie","DVD":"N/A","BoxOffice":"$33,080,084","Production":"N/A","Website":"N/A","Response":"True"}