{"Title":"Pride & Prejudice","Year":"2005","Rated":"PG","Released":"23 Nov 2005","Runtime":"129 min","Genre":"Drama, Romance","Director":"Joe Wright","Writer":"Deborah Moggach, Jane Austen, Emma Thompson","Actors":"Keira Knightley, Matthew Macfadyen, Brenda Blethyn","Plot":"When Elizabeth Bennet meets the handsome Mr. Darcy, she believes he is the last man she could ever marry, but as their lives become intertwined, she finds herself captivated by the man she has sworn to hate forever.","Language":"English","Country":"United Kingdom, France, United States","Awards":"Nominated for 4 Oscars. 13 wins & 59 nominations total","Poster":"https://m.media-amazon.com/images/M/MV5BMTA1NDQ3NTcyOTNeQTJeQWpwZ15BbWU3MDA0MzA4MzE@._V1_SX300.jpg","Ratings":[{"Source":"Internet Movie Database","Value":"7.8/10"},{"Source":"Rotten Tomatoes","Value":"87%"},{"Source":"Metacritic","Value":"82/100"}],"Metascore":"82","imdbRating":"7.8","imdbVotes":"368,401","imdbID":"tt0414387","Type":"movie","DVD":"N/A","BoxOffice":"$44,785,261","Production":"N/A","Website":"N/A","Response":"True"}