{"Title":"Gladiator","Year":"2000","Rated":"R","Released":"05 May 2000","Runtime":"155 min","Genre":"Action, Adventure, Drama","Director":"Ridley Scott","Writer":"David Franzoni, John Logan, William Nicholson","Actors":"Russell Crowe, Joaquin Phoenix, Connie Nielsen","Plot":"A former Roman General sets out to exact vengeance against the corrupt emperor who murdered his family and sent him into slavery.","Language":"English","Country":"United States, United Kingdom, Malta, Morocco","Awards":"Won 5 Oscars. 61 wins & 104 nominations total","Poster":"https://m.media-amazon.com/images/M/MV5BYWQ4YmNjYjEtOWE1Zi00Y2U4LWI4NTAtMTU0MjkxNWQ1ZmJiXkEyXkFqcGc@._V1_SX300.jpg","Ratings":[{"Source":"Internet Movie Database","Value":"8.5/10"},{"Source":"Rotten Tomatoes","Value":"80%"},{"Source":"Metacritic","Value":"67/100"}],"Metascore":"67","imdbRating":"8.5","imdbVotes":"1,817,617","imdbID":"tt0172495","Type":"movie","DVD":"N/A","BoxOffice":"$187,705,427","Production":"N/A","Website":"N/A","Response":"True"}