{"Title":"We Can Be Heroes","Year":"2020","Rated":"PG","Released":"25 Dec 2020","Runtime":"100 min","Genre":"Animation, Action, Comedy","Director":"Robert Rodriguez","Writer":"Robert Rodriguez, Racer Rodriguez","Actors":"YaYa Gosselin, Pedro Pascal, Priyanka Chopra Jonas","Plot":"When alien invaders kidnap Earth's superheroes, their kids are whisked away to a government safe house. But whip-smart tween Missy Moreno will stop at nothing to rescue her superhero dad, Marcus Moreno. Missy teams up with the rest of the superkids to escape their mysterious government babysitter, Ms. Granada. If they're going to save their parents, they'll have to work together by using their individual powers - from elasticity to time control to predicting the future - and form an out-of-this-world team.","Language":"English","Country":"United States","Awards":"1 nomination total","Poster":"https://m.media-amazon.com/images/M/MV5BODdkYTdhMGItNTg3Zi00NzczLWI2YjgtZThlNTFjZjBlYzFiXkEyXkFqcGc@._V1_SX300.jpg","Ratings":[{"Source":"Internet Movie Database","Value":"4.7/10"},{"Source":"Rotten Tomatoes","Value":"76%"},{"Source":"Metacritic","Value":"51/100"}],"Metascore":"51","imdbRating":"4.7","imdbVotes":"18,677","imdbID":"tt10600398","Type":"movie","DVD":"N/A","BoxOffice":"N/A","Production":"N/A","Website":"N/A","Response":"True"}