{"Title":"Rahul","Year":"2001","Rated":"Not Rated","Released":"23 Mar 2001","Runtime":"151 min","Genre":"Drama","Director":"Prakash Jha","Writer":"Farhan, Farhaan Salaruddin, Anuradha Tiwari","Actors":"Shabana Raza, Yash Gawli, Rajeshwari Sachdev","Plot":"Mira and Akash gets married despite against family wishes, but their happiness does not last long after the birth of their child Rahul.","Language":"Hindi","Country":"India","Awards":"N/A","Poster":"https://m.media-amazon.com/images/M/MV5BMzY4NDE2MDM1OF5BMl5BanBnXkFtZTgwMjU1OTk1MDE@._V1_SX300.jpg","Ratings":[{"Source":"Internet Movie Database","Value":"5.3/10"}],"Metascore":"N/A","imdbRating":"5.3","imdbVotes":"295","imdbID":"tt0277981","Type":"movie","DVD":"N/A","BoxOffice":"N/A","Production":"N/A","Website":"N/A","Response":"True"}