{"Title":"Godzilla vs. Megaguirus","Year":"2000","Rated":"Not Rated","Released":"16 Dec 2000","Runtime":"105 min","Genre":"Action, Sci-Fi, Thriller","Director":"Masaaki Tezuka, Ishirô Honda","Writer":"Hiroshi Kashiwabara, Wataru Mimura","Actors":"Misato Tanaka, Shôsuke Tanihara, Masatô Ibu","Plot":"Japan creates an artificial black hole device to trap Godzilla forever, but a test of the device creates new foes for Godzilla, car-sized dragonflies called meganula and their queen, Megaguirus.","Language":"Japanese","Country":"Japan","Awards":"1 win & 1 nomination total","Poster":"https://m.media-amazon.com/images/M/MV5BNDM1YmQ5NGQtZGU3YS00NTVjLWEyMmQtNmY3MGQ3NWU0NmQ4XkEyXkFqcGc@._V1_SX300.jpg","Ratings":[{"Source":"Internet Movie Database","Value":"6.0/10"},{"Source":"Rotten Tomatoes","Value":"60%"}],"Metascore":"N/A","imdbRating":"6.0","imdbVotes":"5,226","imdbID":"tt0255198","Type":"movie","DVD":"N/A","BoxOffice":"N/A","Production":"N/A","Website":"N/A","Response":"True"}