{"Title":"Moulin Rouge!","Year":"2001","Rated":"PG-13","Released":"01 Jun 2001","Runtime":"127 min","Genre":"Drama, Musical, Romance","Director":"Baz Luhrmann","Writer":"Baz Luhrmann, Craig Pearce","Actors":"Nicole Kidman, Ewan McGregor, John Leguizamo","Plot":"A poor Bohemian poet in 1890s Paris falls for a beautiful courtesan and nightclub star coveted by a jealous duke.","Language":"English, French, Spanish","Country":"Australia, United States","Awards":"Won 2 Oscars. 89 wins & 133 nominations total","Poster":"https://m.media-amazon.com/images/M/MV5BYTgyOGY4OTktZmZhMC00ZmIwLWI4YjUtNjYzNDg1Nzc3ZDg1XkEyXkFqcGc@._V1_SX300.jpg","Ratings":[{"Source":"Internet Movie Database","Value":"7.6/10"},{"Source":"Rotten Tomatoes","Value":"75%"},{"Source":"Metacritic","Value":"66/100"}],"Metascore":"66","imdbRating":"7.6","imdbVotes":"311,787","imdbID":"tt0203009","Type":"movie","DVD":"N/A","BoxOffice":"$57,386,607","Production":"N/A","Website":"N/A","Response":"True"}