{"Title":"Lost in Love","Year":"2005","Rated":"PG-13","Released":"27 Dec 2010","Runtime":"100 min","Genre":"Comedy, Romance","Director":"Udayan Prasad","Writer":"Raman Singh, Christina Concetta","Actors":"Matthew Modine, Richard Griffiths, Alki David","Plot":"A modern day treasure hunt for a mystical relic that turns into a love story for all time.","Language":"English, Greek","Country":"United Kingdom, Greece","Awards":"1 nomination","Poster":"https://m.media-amazon.com/images/M/MV5BMTM2NzMwMDg3Nl5BMl5BanBnXkFtZTcwNjU0Njk4Mg@@._V1_SX300.jpg","Ratings":[{"Source":"Internet Movie Database","Value":"6.1/10"},{"Source":"Rotten Tomatoes","Value":"9%"}],"Metascore":"N/A","imdbRating":"6.1","imdbVotes":"407","imdbID":"tt0460892","Type":"movie","DVD":"N/A","BoxOffice":"$52,453","Production":"N/A","Website":"N/A","Response":"True"}