{"Title":"American Gangster","Year":"2007","Rated":"R","Released":"02 Nov 2007","Runtime":"157 min","Genre":"Biography, Crime, Drama","Director":"Ridley Scott","Writer":"Steven Zaillian, Mark Jacobson","Actors":"Denzel Washington, Russell Crowe, Chiwetel Ejiofor","Plot":"An outcast New York City cop is charged with bringing down Harlem drug lord Frank Lucas.","Language":"English, Thai, Spanish","Country":"United Kingdom, United States","Awards":"Nominated for 2 Oscars. 12 wins & 38 nominations total","Poster":"https://m.media-amazon.com/images/M/MV5BZGExM2MwNjUtNThkNi00ZjBmLWJhZDgtN2ZmOWJiZWEwNGMxXkEyXkFqcGc@._V1_SX300.jpg","Ratings":[{"Source":"Internet Movie Database","Value":"7.8/10"},{"Source":"Rotten Tomatoes","Value":"81%"},{"Source":"Metacritic","Value":"76/100"}],"Metascore":"76","imdbRating":"7.8","imdbVotes":"481,120","imdbID":"tt0765429","Type":"movie","DVD":"N/A","BoxOffice":"$130,164,645","Production":"N/A","Website":"N/A","Response":"True"}