{"Title":"Fail Safe","Year":"2000","Rated":"Not Rated","Released":"09 Apr 2000","Runtime":"86 min","Genre":"Drama, Thriller","Director":"Stephen Frears, Martin Pasetta","Writer":"Eugene Burdick, Harvey Wheeler, Walter Bernstein","Actors":"Walter Cronkite, Richard Dreyfuss, Noah Wyle","Plot":"Cold War tensions climb to a fever pitch when a U.S. bomber is accidentally ordered to drop a nuclear warhead on Moscow.","Language":"English","Country":"United States","Awards":"Won 2 Primetime Emmys. 3 wins & 11 nominations total","Poster":"https://m.media-amazon.com/images/M/MV5BOTAyNzliNDgtMGI0YS00ZjVkLTg4YzQtOGRkOGMwZjk2ODg5XkEyXkFqcGc@._V1_SX300.jpg","Ratings":[{"Source":"Internet Movie Database","Value":"7.3/10"},{"Source":"Rotten Tomatoes","Value":"100%"}],"Metascore":"N/A","imdbRating":"7.3","imdbVotes":"6,733","imdbID":"tt0235376","Type":"movie","DVD":"N/A","BoxOffice":"N/A","Production":"N/A","Website":"N/A","Response":"True"}