{"Title":"Crank","Year":"2006","Rated":"R","Released":"01 Sep 2006","Runtime":"88 min","Genre":"Action, Crime, Thriller","Director":"Mark Neveldine, Brian Taylor","Writer":"Mark Neveldine, Brian Taylor","Actors":"Jason Statham, Amy Smart, Carlos Sanz","Plot":"Professional assassin Chev Chelios learns his rival has injected him with a poison that will kill him if his heart rate drops.","Language":"English, Spanish, Korean","Country":"United States","Awards":"2 wins & 2 nominations total","Poster":"https://m.media-amazon.com/images/M/MV5BMjg0NjAxNDY4MV5BMl5BanBnXkFtZTcwODA5MjMzMw@@._V1_SX300.jpg","Ratings":[{"Source":"Internet Movie Database","Value":"6.9/10"},{"Source":"Rotten Tomatoes","Value":"62%"},{"Source":"Metacritic","Value":"57/100"}],"Metascore":"57","imdbRating":"6.9","imdbVotes":"275,229","imdbID":"tt0479884","Type":"movie","DVD":"N/A","BoxOffice":"$27,838,408","Production":"N/A","Website":"N/A","Response":"True"}