{"Title":"The Hunger Games: The Ballad of Songbirds & Snakes","Year":"2023","Rated":"PG-13","Released":"17 Nov 2023","Runtime":"157 min","Genre":"Action, Adventure, Drama","Director":"Francis Lawrence","Writer":"Michael Lesslie, Michael Arndt, Suzanne Collins","Actors":"Rachel Zegler, Tom Blyth, Viola Davis","Plot":"Coriolanus Snow mentors and develops feelings for the female District 12 tribute during the 10th Hunger Games.","Language":"English","Country":"United States, Canada","Awards":"7 wins & 29 nominations total","Poster":"https://m.media-amazon.com/images/M/MV5BZDk2YjNhYzEtYzg2ZC00OWEwLWJhYzgtMGUzMWVjNDFmYzI5XkEyXkFqcGc@._V1_SX300.jpg","Ratings":[{"Source":"Internet Movie Database","Value":"6.6/10"},{"Source":"Rotten Tomatoes","Value":"64%"},{"Source":"Metacritic","Value":"54/100"}],"Metascore":"54","imdbRating":"6.6","imdbVotes":"175,335","imdbID":"tt10545296","Type":"movie","DVD":"N/A","BoxOffice":"$166,350,594","Production":"N/A","Website":"N/A","Response":"True"}