{"Title":"Ocean's Eleven","Year":"2001","Rated":"PG-13","Released":"07 Dec 2001","Runtime":"116 min","Genre":"Crime, Thriller","Director":"Steven Soderbergh","Writer":"George Clayton Johnson, Jack Golden Russell, Harry Brown","Actors":"George Clooney, Brad Pitt, Julia Roberts","Plot":"Danny Ocean, a gangster, rounds up a gang of associates to stage a sophisticated and elaborate casino heist which involves robbing three Las Vegas casinos simultaneously during a popular boxing event.","Language":"English, Italian, Mandarin","Country":"United States","Awards":"4 wins & 20 nominations total","Poster":"https://m.media-amazon.com/images/M/MV5BMmNhZDkxYTgtMDM3ZC00NTQ3LWFjZTUtNzc1Y2QyNWZjNDRmXkEyXkFqcGc@._V1_SX300.jpg","Ratings":[{"Source":"Internet Movie Database","Value":"7.7/10"},{"Source":"Rotten Tomatoes","Value":"83%"},{"Source":"Metacritic","Value":"74/100"}],"Metascore":"74","imdbRating":"7.7","imdbVotes":"664,238","imdbID":"tt0240772","Type":"movie","DVD":"N/A","BoxOffice":"$183,417,150","Production":"N/A","Website":"N/A","Response":"True"}