{"Title":"Luther","Year":"2003","Rated":"PG-13","Released":"26 Sep 2003","Runtime":"123 min","Genre":"Biography, Drama, History","Director":"Eric Till","Writer":"Camille Thomasson, Bart Gavigan","Actors":"Joseph Fiennes, Bruno Ganz, Peter Ustinov","Plot":"During the early sixteenth century, idealistic German monk Martin Luther, disgusted by the materialism in the Catholic Church, begins the dialogue that will lead to the Protestant Reformation.","Language":"English, Latin","Country":"Germany, United States, Czech Republic, Italy","Awards":"4 wins & 1 nomination total","Poster":"https://m.media-amazon.com/images/M/MV5BMTU5NjQ1MTQ0M15BMl5BanBnXkFtZTgwNDUwNzgwMzE@._V1_SX300.jpg","Ratings":[{"Source":"Internet Movie Database","Value":"6.6/10"},{"Source":"Rotten Tomatoes","Value":"46%"},{"Source":"Metacritic","Value":"47/100"}],"Metascore":"47","imdbRating":"6.6","imdbVotes":"16,380","imdbID":"tt0309820","Type":"movie","DVD":"N/A","BoxOffice":"$5,791,328","Production":"N/A","Website":"N/A","Response":"True"}