{"Title":"Planet of the Apes","Year":"2001","Rated":"PG-13","Released":"27 Jul 2001","Runtime":"120 min","Genre":"Action, Adventure, Sci-Fi","Director":"Tim Burton","Writer":"Pierre Boulle, William Broyles Jr., Lawrence Konner","Actors":"Mark Wahlberg, Tim Roth, Helena Bonham Carter","Plot":"In 2029, an Air Force astronaut crash-lands on a mysterious planet where evolved, talking apes dominate a race of primitive humans.","Language":"English","Country":"United States","Awards":"Nominated for 2 BAFTA 11 wins & 32 nominations total","Poster":"https://m.media-amazon.com/images/M/MV5BYjczODRhOTQtZjdkYi00MmM2LTg1ZmEtZDQ3YjA5MDJhODNhXkEyXkFqcGc@._V1_SX300.jpg","Ratings":[{"Source":"Internet Movie Database","Value":"5.7/10"},{"Source":"Rotten Tomatoes","Value":"42%"},{"Source":"Metacritic","Value":"50/100"}],"Metascore":"50","imdbRating":"5.7","imdbVotes":"240,005","imdbID":"tt0133152","Type":"movie","DVD":"N/A","BoxOffice":"$180,011,740","Production":"N/A","Website":"N/A","Response":"True"}