{"Title":"Harry Potter and the Chamber of Secrets","Year":"2002","Rated":"PG","Released":"15 Nov 2002","Runtime":"161 min","Genre":"Adventure, Family, Fantasy","Director":"Chris Columbus","Writer":"J.K. Rowling, Steve Kloves","Actors":"Daniel Radcliffe, Rupert Grint, Emma Watson","Plot":"Harry Potter lives his second year at Hogwarts with Ron and Hermione when a message on the wall announces that the legendary Chamber of Secrets has been opened. The trio soon realize that, to save the school, it will take a lot of...","Language":"English, Latin","Country":"United Kingdom, United States","Awards":"Won 1 BAFTA Award14 wins & 50 nominations total","Poster":"https://m.media-amazon.com/images/M/MV5BNGJhM2M2MWYtZjIzMC00MDZmLThkY2EtOWViMDhhYjRhMzk4XkEyXkFqcGc@._V1_SX300.jpg","Ratings":[{"Source":"Internet Movie Database","Value":"7.5/10"},{"Source":"Rotten Tomatoes","Value":"82%"},{"Source":"Metacritic","Value":"63/100"}],"Metascore":"63","imdbRating":"7.5","imdbVotes":"753,952","imdbID":"tt0295297","Type":"movie","DVD":"N/A","BoxOffice":"$262,641,637","Production":"N/A","Website":"N/A","Response":"True"}