{"Title":"Iron Man","Year":"2008","Rated":"PG-13","Released":"02 May 2008","Runtime":"126 min","Genre":"Action, Adventure, Sci-Fi","Director":"Jon Favreau","Writer":"Mark Fergus, Hawk Ostby, Art Marcum","Actors":"Robert Downey Jr., Gwyneth Paltrow, Terrence Howard","Plot":"After being held captive in an Afghan cave, billionaire engineer Tony Stark creates a unique weaponized suit of armor to fight evil.","Language":"English, Persian, Urdu, Arabic, Kurdish, Hindi, Hungarian","Country":"United States, Canada","Awards":"Nominated for 2 Oscars. 24 wins & 73 nominations total","Poster":"https://m.media-amazon.com/images/M/MV5BMTczNTI2ODUwOF5BMl5BanBnXkFtZTcwMTU0NTIzMw@@._V1_SX300.jpg","Ratings":[{"Source":"Internet Movie Database","Value":"7.9/10"},{"Source":"Rotten Tomatoes","Value":"94%"},{"Source":"Metacritic","Value":"79/100"}],"Metascore":"79","imdbRating":"7.9","imdbVotes":"1,205,351","imdbID":"tt0371746","Type":"movie","DVD":"N/A","BoxOffice":"$319,034,126","Production":"N/A","Website":"N/A","Response":"True"}