{"Title":"Ratatouille","Year":"2007","Rated":"G","Released":"29 Jun 2007","Runtime":"111 min","Genre":"Animation, Adventure, Comedy","Director":"Brad Bird, Jan Pinkava","Writer":"Brad Bird, Jan Pinkava, Jim Capobianco","Actors":"Brad Garrett, Lou Romano, Patton Oswalt","Plot":"A rat who can cook makes an unusual alliance with a young kitchen worker at a famous Paris restaurant.","Language":"English, French","Country":"United States","Awards":"Won 1 Oscar. 69 wins & 42 nominations total","Poster":"https://m.media-amazon.com/images/M/MV5BMTMzODU0NTkxMF5BMl5BanBnXkFtZTcwMjQ4MzMzMw@@._V1_SX300.jpg","Ratings":[{"Source":"Internet Movie Database","Value":"8.1/10"},{"Source":"Rotten Tomatoes","Value":"96%"},{"Source":"Metacritic","Value":"96/100"}],"Metascore":"96","imdbRating":"8.1","imdbVotes":"922,086","imdbID":"tt0382932","Type":"movie","DVD":"N/A","BoxOffice":"$206,445,654","Production":"N/A","Website":"N/A","Response":"True"}