{"Title":"Back to Field","Year":"2017–","Rated":"N/A","Released":"08 Jan 2017","Runtime":"N/A","Genre":"Comedy, Reality-TV","Director":"N/A","Writer":"N/A","Actors":"Lei Huang, Jiong He, Yuchang Peng","Plot":"Back to field and live a life we are looking forward to.","Language":"Mandarin","Country":"China","Awards":"N/A","Poster":"https://m.media-amazon.com/images/M/MV5BYzE5OWZiYTItZTdiOC00MjE4LWE1ZjUtYmM5ZGUyNGQ5M2M3XkEyXkFqcGc@._V1_SX300.jpg","Ratings":[{"Source":"Internet Movie Database","Value":"7.5/10"}],"Metascore":"N/A","imdbRating":"7.5","imdbVotes":"55","imdbID":"tt10525584","Type":"series","totalSeasons":"5","Response":"True"}