{"Title":"Mia","Year":"2017","Rated":"N/A","Released":"22 Dec 2017","Runtime":"11 min","Genre":"Short, Drama","Director":"Oriol Colomar","Writer":"Oriol Colomar, Aya Wolf","Actors":"Aya Wolf, Oriol Colomar","Plot":"Mia recounts her most intimate confessions, uncensored, in her first approach to a totally new world of domination and submission.","Language":"N/A","Country":"Spain","Awards":"N/A","Poster":"https://m.media-amazon.com/images/M/MV5BZDA3ZGE4MjAtYzNjNC00ZWQxLWEwNWQtYmUwM2MwNjZlYTA1XkEyXkFqcGc@._V1_SX300.jpg","Ratings":[{"Source":"Internet Movie Database","Value":"6.4/10"}],"Metascore":"N/A","imdbRating":"6.4","imdbVotes":"529","imdbID":"tt10540298","Type":"movie","DVD":"N/A","BoxOffice":"N/A","Production":"N/A","Website":"N/A","Response":"True"}