{"Title":"The Bourne Supremacy","Year":"2004","Rated":"PG-13","Released":"23 Jul 2004","Runtime":"108 min","Genre":"Action, Mystery, Thriller","Director":"Paul Greengrass","Writer":"Robert Ludlum, Tony Gilroy","Actors":"Matt Damon, Franka Potente, Joan Allen","Plot":"When Jason Bourne is framed for a CIA operation gone awry, he is forced to resume his former life as a trained assassin to survive.","Language":"English, Russian, German, Italian","Country":"United States, Germany, India, Russia","Awards":"5 wins & 22 nominations total","Poster":"https://m.media-amazon.com/images/M/MV5BZTU4ZDgyYjgtODA0Mi00MmE3LTgzYWQtZjc1YTFiMTczZTQ3XkEyXkFqcGc@._V1_SX300.jpg","Ratings":[{"Source":"Internet Movie Database","Value":"7.7/10"},{"Source":"Rotten Tomatoes","Value":"81%"},{"Source":"Metacritic","Value":"73/100"}],"Metascore":"73","imdbRating":"7.7","imdbVotes":"508,921","imdbID":"tt0372183","Type":"movie","DVD":"N/A","BoxOffice":"$176,241,941","Production":"N/A","Website":"N/A","Response":"True"}