{"Title":"Devour","Year":"2005","Rated":"R","Released":"31 May 2005","Runtime":"90 min","Genre":"Horror","Director":"David Winkler","Writer":"Adam Gross, Seth Gross","Actors":"Jensen Ackles, Shannyn Sossamon, Dominique Swain, William Sadler","Plot":"Revolves around a character named Jake Gray and his friends that have been playing a deadly game called \"The Pathway\", which eventually spirals out of control and threatens a worldwide epidemic of violence.","Language":"English","Country":"USA, Canada","Awards":"N/A","Poster":"https://m.media-amazon.com/images/M/MV5BMTAzMTcxMjA1OTReQTJeQWpwZ15BbWU4MDc0MDYwMDcx._V1_SX300.jpg","Ratings":[{"Source":"Internet Movie Database","Value":"4.8/10"},{"Source":"Rotten Tomatoes","Value":"20%"}],"Metascore":"N/A","imdbRating":"4.8","imdbVotes":"4,609","imdbID":"tt0406706","Type":"movie","DVD":"N/A","BoxOffice":"N/A","Production":"N/A","Website":"N/A","Response":"True"}