{"Title":"Apocalypto","Year":"2006","Rated":"R","Released":"08 Dec 2006","Runtime":"139 min","Genre":"Action, Adventure, Drama","Director":"Mel Gibson","Writer":"Mel Gibson, Farhad Safinia","Actors":"Gerardo Taracena, Raoul Max Trujillo, Dalia Hernández","Plot":"As the Mayan kingdom faces its decline, a young man is taken on a perilous journey to a world ruled by fear and oppression.","Language":"Maya, English","Country":"United States, Mexico","Awards":"Nominated for 3 Oscars. 9 wins & 23 nominations total","Poster":"https://m.media-amazon.com/images/M/MV5BMzJkNzI3ZmEtZmRhOS00YTM1LWI3OTAtZmVjZmNkODIxNmFmXkEyXkFqcGc@._V1_SX300.jpg","Ratings":[{"Source":"Internet Movie Database","Value":"7.8/10"},{"Source":"Rotten Tomatoes","Value":"65%"},{"Source":"Metacritic","Value":"68/100"}],"Metascore":"68","imdbRating":"7.8","imdbVotes":"352,735","imdbID":"tt0472043","Type":"movie","DVD":"N/A","BoxOffice":"$50,866,635","Production":"N/A","Website":"N/A","Response":"True"}