{"Title":"Munich","Year":"2005","Rated":"R","Released":"06 Jan 2006","Runtime":"164 min","Genre":"Drama, History, Thriller","Director":"Steven Spielberg","Writer":"Tony Kushner, Eric Roth, George Jonas","Actors":"Eric Bana, Daniel Craig, Marie-Josée Croze","Plot":"After the Black September capture and massacre of Israeli athletes at the 1972 Olympics, five men are chosen to eliminate the people responsible for that fateful day.","Language":"English, German, French, Hebrew, Arabic, Italian, Greek, Russian, Dutch","Country":"France, Canada, United States","Awards":"Nominated for 5 Oscars. 14 wins & 75 nominations total","Poster":"https://m.media-amazon.com/images/M/MV5BMTcwNzYzMzMwMF5BMl5BanBnXkFtZTcwMzMzODczMQ@@._V1_SX300.jpg","Ratings":[{"Source":"Internet Movie Database","Value":"7.5/10"},{"Source":"Rotten Tomatoes","Value":"79%"},{"Source":"Metacritic","Value":"74/100"}],"Metascore":"74","imdbRating":"7.5","imdbVotes":"251,412","imdbID":"tt0408306","Type":"movie","DVD":"N/A","BoxOffice":"$47,403,685","Production":"N/A","Website":"N/A","Response":"True"}