{"Title":"The Long Walk","Year":"2025","Rated":"R","Released":"12 Sep 2025","Runtime":"108 min","Genre":"Horror, Thriller","Director":"Francis Lawrence","Writer":"JT Mollner, Stephen King","Actors":"Cooper Hoffman, David Jonsson, Garrett Wareing","Plot":"A group of teenage boys compete in an annual contest known as \"The Long Walk,\" in which they must maintain a certain walking speed or get shot.","Language":"English","Country":"United States, Canada","Awards":"4 wins & 16 nominations total","Poster":"https://m.media-amazon.com/images/M/MV5BNmE4YmIxNWQtMzJhMy00NDI5LWFmYjEtMGYyMmFhNzdjODVmXkEyXkFqcGc@._V1_SX300.jpg","Ratings":[{"Source":"Internet Movie Database","Value":"6.7/10"},{"Source":"Rotten Tomatoes","Value":"88%"},{"Source":"Metacritic","Value":"71/100"}],"Metascore":"71","imdbRating":"6.7","imdbVotes":"95,775","imdbID":"tt10374610","Type":"movie","DVD":"N/A","BoxOffice":"$35,163,573","Production":"N/A","Website":"N/A","Response":"True"}