{"Title":"Angels & Demons","Year":"2009","Rated":"PG-13","Released":"15 May 2009","Runtime":"138 min","Genre":"Mystery, Thriller","Director":"Ron Howard","Writer":"David Koepp, Akiva Goldsman, Dan Brown","Actors":"Tom Hanks, Ewan McGregor, Ayelet Zurer","Plot":"Following the murder of a physicist, Father Silvano Bentivoglio, a symbolist, Robert Langdon, and a scientist, Vittoria Vetra, are on an adventure involving a secret brotherhood, the Illuminati. Clues lead them all around the Vatican, including the four altars of science, Earth, Air, Fire and Water. An assassin, working for the Illuminati, has captured four cardinals, and murders each, painfully. Robert and Vittoria also are searching for a new very destructive weapon that could kill millions.","Language":"English, Italian, Latin, French, Swiss German, German, Chinese, Spanish, Polish","Country":"United States, Italy","Awards":"1 win & 5 nominations total","Poster":"https://m.media-amazon.com/images/M/MV5BMjEzNzM2MjgxMF5BMl5BanBnXkFtZTcwNTQ1MTM0Mg@@._V1_SX300.jpg","Ratings":[{"Source":"Internet Movie Database","Value":"6.7/10"},{"Source":"Rotten Tomatoes","Value":"36%"},{"Source":"Metacritic","Value":"48/100"}],"Metascore":"48","imdbRating":"6.7","imdbVotes":"324,063","imdbID":"tt0808151","Type":"movie","DVD":"N/A","BoxOffice":"$133,375,846","Production":"N/A","Website":"N/A","Response":"True"}