{"Title":"Constantine","Year":"2005","Rated":"R","Released":"18 Feb 2005","Runtime":"121 min","Genre":"Action, Fantasy, Horror","Director":"Francis Lawrence","Writer":"Jamie Delano, Garth Ennis, Kevin Brodbin","Actors":"Keanu Reeves, Rachel Weisz, Djimon Hounsou","Plot":"Detective Angela approaches Constantine, a demon hunter, to help her investigate her twin sister's mysterious death. As he digs deeper, he realizes that demons are trying to enter the human world.","Language":"English, Filipino, Tagalog","Country":"United States, Germany","Awards":"2 wins & 11 nominations total","Poster":"https://m.media-amazon.com/images/M/MV5BMjNhNTlmYmYtYjcxZi00ZDU1LTkxMWYtYzFlMWMzY2RiODM1XkEyXkFqcGc@._V1_SX300.jpg","Ratings":[{"Source":"Internet Movie Database","Value":"7.0/10"},{"Source":"Rotten Tomatoes","Value":"46%"},{"Source":"Metacritic","Value":"50/100"}],"Metascore":"50","imdbRating":"7.0","imdbVotes":"402,450","imdbID":"tt0360486","Type":"movie","DVD":"N/A","BoxOffice":"$75,976,178","Production":"N/A","Website":"N/A","Response":"True"}