{"Title":"The Spiderwick Chronicles","Year":"2008","Rated":"PG","Released":"14 Feb 2008","Runtime":"96 min","Genre":"Action, Adventure, Drama","Director":"Mark Waters","Writer":"Karey Kirkpatrick, David Berenbaum, John Sayles","Actors":"Freddie Highmore, Sarah Bolger, David Strathairn","Plot":"Upon moving into the run-down Spiderwick Estate with their mother, twin brothers Jared and Simon Grace, along with their sister Mallory, find themselves pulled into an alternate world full of faeries and other creatures.","Language":"English","Country":"United States","Awards":"2 wins & 8 nominations total","Poster":"https://m.media-amazon.com/images/M/MV5BOWRiMmUzZTctYWUxNy00ZjkyLWE4NTctMzFlMTFkYmI5NmFkXkEyXkFqcGc@._V1_SX300.jpg","Ratings":[{"Source":"Internet Movie Database","Value":"6.5/10"},{"Source":"Rotten Tomatoes","Value":"81%"},{"Source":"Metacritic","Value":"62/100"}],"Metascore":"62","imdbRating":"6.5","imdbVotes":"108,118","imdbID":"tt0416236","Type":"movie","DVD":"N/A","BoxOffice":"$71,195,053","Production":"N/A","Website":"N/A","Response":"True"}