{"Title":"Perfume: The Story of a Murderer","Year":"2006","Rated":"R","Released":"05 Jan 2007","Runtime":"147 min","Genre":"Crime, Drama, Fantasy","Director":"Tom Tykwer","Writer":"Andrew Birkin, Bernd Eichinger, Tom Tykwer","Actors":"Ben Whishaw, Dustin Hoffman, Alan Rickman","Plot":"Jean-Baptiste Grenouille, born with a superior olfactory sense, creates the world's finest perfume. His work, however, takes a dark turn as he searches for the ultimate scent.","Language":"English, Italian, Latin","Country":"Germany, France, Spain, Belgium, United States","Awards":"15 wins & 20 nominations total","Poster":"https://m.media-amazon.com/images/M/MV5BMTg2Mzk2NjkzNl5BMl5BanBnXkFtZTYwMzIzOTc2._V1_SX300.jpg","Ratings":[{"Source":"Internet Movie Database","Value":"7.5/10"},{"Source":"Rotten Tomatoes","Value":"59%"},{"Source":"Metacritic","Value":"56/100"}],"Metascore":"56","imdbRating":"7.5","imdbVotes":"277,726","imdbID":"tt0396171","Type":"movie","DVD":"N/A","BoxOffice":"$2,223,293","Production":"N/A","Website":"N/A","Response":"True"}