{"Title":"The Score","Year":"2001","Rated":"R","Released":"13 Jul 2001","Runtime":"124 min","Genre":"Crime, Drama, Thriller","Director":"Frank Oz","Writer":"Daniel E. Taylor, Kario Salem, Lem Dobbs","Actors":"Robert De Niro, Edward Norton, Marlon Brando","Plot":"An aging thief hopes to retire and live off his ill-gotten wealth with his lover when a young kid convinces him into doing one last heist that comes with a large payout.","Language":"English, French","Country":"Germany, Canada, United States","Awards":"1 win & 1 nomination total","Poster":"https://m.media-amazon.com/images/M/MV5BZmI3Mjk4NGMtYjhmOC00NjYzLThhNWQtYWUwZDc3Y2ZkZTA1XkEyXkFqcGc@._V1_SX300.jpg","Ratings":[{"Source":"Internet Movie Database","Value":"6.8/10"},{"Source":"Rotten Tomatoes","Value":"74%"},{"Source":"Metacritic","Value":"71/100"}],"Metascore":"71","imdbRating":"6.8","imdbVotes":"141,193","imdbID":"tt0227445","Type":"movie","DVD":"N/A","BoxOffice":"$71,107,711","Production":"N/A","Website":"N/A","Response":"True"}