{"Title":"Argo","Year":"2012","Rated":"R","Released":"12 Oct 2012","Runtime":"120 min","Genre":"Biography, Drama, History","Director":"Ben Affleck","Writer":"Chris Terrio, Tony Mendez, Joshuah Bearman","Actors":"Ben Affleck, Bryan Cranston, John Goodman","Plot":"In 1979, the American embassy in Iran was invaded by Iranian revolutionaries and several Americans were taken hostage. However, six managed to escape to the official residence of the Canadian Ambassador and the CIA was ordered to get them out of the country. With few options, exfiltration expert Tony Mendez devised a daring plan: create a phony Canadian film project looking to shoot in Iran and smuggle the Americans out as its production crew. With the help of some trusted Hollywood contacts, Mendez created the ruse and proceeded to Iran as its associate producer. However, time was running out with the Iranian security forces closing in on the truth while both his charges and the White House had grave doubts about the operation themselves.","Language":"English, Persian, German, Arabic","Country":"United Kingdom, United States","Awards":"Won 3 Oscars. 96 wins & 156 nominations total","Poster":"https://m.media-amazon.com/images/M/MV5BM2QyMGUyZTEtMjE4Yi00M2RiLTgwN2QtZDMxZDNiMTFkMTFjXkEyXkFqcGc@._V1_SX300.jpg","Ratings":[{"Source":"Internet Movie Database","Value":"7.7/10"},{"Source":"Rotten Tomatoes","Value":"96%"},{"Source":"Metacritic","Value":"86/100"}],"Metascore":"86","imdbRating":"7.7","imdbVotes":"661,115","imdbID":"tt1024648","Type":"movie","DVD":"N/A","BoxOffice":"$136,025,503","Production":"N/A","Website":"N/A","Response":"True"}