{"Title":"The Da Vinci Code","Year":"2006","Rated":"PG-13","Released":"19 May 2006","Runtime":"149 min","Genre":"Mystery, Thriller","Director":"Ron Howard","Writer":"Akiva Goldsman, Dan Brown","Actors":"Tom Hanks, Audrey Tautou, Jean Reno","Plot":"A murder and clues in paintings lead to the discovery of a closely guarded religious mystery.","Language":"English, French, Latin, Spanish","Country":"United States, Malta, France, United Kingdom","Awards":"8 wins & 21 nominations total","Poster":"https://m.media-amazon.com/images/M/MV5BMjIxMjQyMTc3Nl5BMl5BanBnXkFtZTcwMTA1MDUzMw@@._V1_SX300.jpg","Ratings":[{"Source":"Internet Movie Database","Value":"6.6/10"},{"Source":"Rotten Tomatoes","Value":"25%"},{"Source":"Metacritic","Value":"46/100"}],"Metascore":"46","imdbRating":"6.6","imdbVotes":"480,857","imdbID":"tt0382625","Type":"movie","DVD":"N/A","BoxOffice":"$217,536,138","Production":"N/A","Website":"N/A","Response":"True"}