{"Title":"The Royal Tenenbaums","Year":"2001","Rated":"R","Released":"04 Jan 2002","Runtime":"110 min","Genre":"Comedy, Drama","Director":"Wes Anderson","Writer":"Wes Anderson, Owen Wilson","Actors":"Gene Hackman, Gwyneth Paltrow, Anjelica Huston","Plot":"The eccentric members of a dysfunctional family reluctantly gather under the same roof for various reasons.","Language":"English, Italian","Country":"United States","Awards":"Nominated for 1 Oscar. 11 wins & 46 nominations total","Poster":"https://m.media-amazon.com/images/M/MV5BZTc1MzFlMjEtMzkyNC00NDgyLThjMjMtMzQzZGI5YjUyNzU5XkEyXkFqcGc@._V1_SX300.jpg","Ratings":[{"Source":"Internet Movie Database","Value":"7.6/10"},{"Source":"Rotten Tomatoes","Value":"81%"},{"Source":"Metacritic","Value":"76/100"}],"Metascore":"76","imdbRating":"7.6","imdbVotes":"329,705","imdbID":"tt0265666","Type":"movie","DVD":"N/A","BoxOffice":"$52,364,010","Production":"N/A","Website":"N/A","Response":"True"}