{"Title":"In the Mood for Love","Year":"2000","Rated":"PG","Released":"09 Mar 2001","Runtime":"98 min","Genre":"Drama, Romance","Director":"Wong Kar-Wai","Writer":"Wong Kar-Wai","Actors":"Maggie Cheung, Tony Leung Chiu-wai, Ping-Lam Siu","Plot":"Two neighbors form a strong bond after both suspect extramarital activities of their spouses. However, they agree to keep their bond platonic so as not to commit similar wrongs.","Language":"Cantonese, Shanghainese, French, Spanish","Country":"Hong Kong, France","Awards":"Nominated for 1 BAFTA Award45 wins & 50 nominations total","Poster":"https://m.media-amazon.com/images/M/MV5BN2Q4NjllMDgtOTk2Zi00YzM1LWJmOTMtNmRiZDgyZGJmMjQzXkEyXkFqcGc@._V1_SX300.jpg","Ratings":[{"Source":"Internet Movie Database","Value":"8.0/10"},{"Source":"Rotten Tomatoes","Value":"92%"},{"Source":"Metacritic","Value":"87/100"}],"Metascore":"87","imdbRating":"8.0","imdbVotes":"184,505","imdbID":"tt0118694","Type":"movie","DVD":"N/A","BoxOffice":"$3,596,859","Production":"N/A","Website":"N/A","Response":"True"}