{"Title":"Thir13en Ghosts","Year":"2001","Rated":"R","Released":"26 Oct 2001","Runtime":"91 min","Genre":"Fantasy, Horror","Director":"Steve Beck","Writer":"Robb White, Neal Marshall Stevens, Richard D'Ovidio","Actors":"Tony Shalhoub, Shannon Elizabeth, Embeth Davidtz","Plot":"When Cyrus Kriticos, a very rich collector of unique things, dies, he leaves his house, fortune, and his prized collection of ghosts.","Language":"English","Country":"Canada, United States","Awards":"1 win & 4 nominations total","Poster":"https://m.media-amazon.com/images/M/MV5BNmFjMzZkODQtYmEwNS00MzIwLThhNmMtNjRiMmRjNjQ3MzQwXkEyXkFqcGc@._V1_SX300.jpg","Ratings":[{"Source":"Internet Movie Database","Value":"5.6/10"},{"Source":"Rotten Tomatoes","Value":"19%"},{"Source":"Metacritic","Value":"30/100"}],"Metascore":"30","imdbRating":"5.6","imdbVotes":"97,477","imdbID":"tt0245674","Type":"movie","DVD":"N/A","BoxOffice":"$41,867,960","Production":"N/A","Website":"N/A","Response":"True"}