{"Title":"21","Year":"2008","Rated":"PG-13","Released":"28 Mar 2008","Runtime":"123 min","Genre":"Crime, Drama, Thriller","Director":"Robert Luketic","Writer":"Peter Steinfeld, Allan Loeb, Ben Mezrich","Actors":"Jim Sturgess, Kate Bosworth, Kevin Spacey","Plot":"Inspired by real events and people, 21 is about six MIT students who become trained to be experts in card counting in blackjack and subsequently took Vegas casinos for millions in winnings.","Language":"English","Country":"United States","Awards":"1 win & 5 nominations total","Poster":"https://m.media-amazon.com/images/M/MV5BMjAyNTU5OTcxOV5BMl5BanBnXkFtZTcwMDEyNjM2MQ@@._V1_SX300.jpg","Ratings":[{"Source":"Internet Movie Database","Value":"6.8/10"},{"Source":"Rotten Tomatoes","Value":"36%"},{"Source":"Metacritic","Value":"48/100"}],"Metascore":"48","imdbRating":"6.8","imdbVotes":"278,742","imdbID":"tt0478087","Type":"movie","DVD":"N/A","BoxOffice":"$81,159,365","Production":"N/A","Website":"N/A","Response":"True"}