{"Title":"Alice in Borderland","Year":"2020–","Rated":"TV-MA","Released":"10 Dec 2020","Runtime":"50 min","Genre":"Action, Drama, Horror","Director":"N/A","Writer":"Haro Aso","Actors":"Kento Yamazaki, Tao Tsuchiya, Nijirô Murakami","Plot":"Arisu - a listless, jobless and video-game-obsessed young man - suddenly finds himself in a strange, emptied-out version of Tokyo in which he and his friends must compete in dangerous games in order to survive.","Language":"Japanese","Country":"Japan","Awards":"N/A","Poster":"https://m.media-amazon.com/images/M/MV5BYmMzODA4M2MtMjBmNC00YjFhLTg4NzgtODgyNzE4NWQxMThmXkEyXkFqcGc@._V1_SX300.jpg","Ratings":[{"Source":"Internet Movie Database","Value":"7.8/10"}],"Metascore":"N/A","imdbRating":"7.8","imdbVotes":"141,164","imdbID":"tt10795658","Type":"series","totalSeasons":"3","Response":"True"}