{"Title":"The Girl Next Door","Year":"2004","Rated":"R","Released":"09 Apr 2004","Runtime":"109 min","Genre":"Comedy, Drama, Romance","Director":"Luke Greenfield","Writer":"David Wagner, Brent Goldberg, Stuart Blumberg","Actors":"Emile Hirsch, Elisha Cuthbert, Timothy Olyphant","Plot":"A teenager's dreams come true when a former porn star moves in next door and they fall in love.","Language":"English","Country":"United States","Awards":"2 wins & 4 nominations total","Poster":"https://m.media-amazon.com/images/M/MV5BMTQ0ODIyMzE1N15BMl5BanBnXkFtZTcwODEwODczMw@@._V1_SX300.jpg","Ratings":[{"Source":"Internet Movie Database","Value":"6.7/10"},{"Source":"Rotten Tomatoes","Value":"56%"},{"Source":"Metacritic","Value":"47/100"}],"Metascore":"47","imdbRating":"6.7","imdbVotes":"257,258","imdbID":"tt0265208","Type":"movie","DVD":"N/A","BoxOffice":"$14,589,444","Production":"N/A","Website":"N/A","Response":"True"}