{"Title":"Mixed Doubles","Year":"2006","Rated":"N/A","Released":"10 Feb 2006","Runtime":"91 min","Genre":"Comedy, Drama","Director":"Rajat Kapoor","Writer":"Rajat Kapoor, Anurag Kashyap","Actors":"Konkona Sen Sharma, Ranvir Shorey, Koel Purie","Plot":"To spice up his life, a husband asks his wife to swap him for another male, while he swaps her for the other male's wife.","Language":"Hindi, English","Country":"India","Awards":"4 nominations","Poster":"https://m.media-amazon.com/images/M/MV5BNDQ1YjEwNTAtMWUwNi00MGI4LThhMGUtYjFhZTU1NDM0MWUzXkEyXkFqcGdeQXVyNDUzOTQ5MjY@._V1_SX300.jpg","Ratings":[{"Source":"Internet Movie Database","Value":"6.5/10"}],"Metascore":"N/A","imdbRating":"6.5","imdbVotes":"700","imdbID":"tt0458017","Type":"movie","DVD":"N/A","BoxOffice":"N/A","Production":"N/A","Website":"N/A","Response":"True"}