{"Title":"Crouching Tiger, Hidden Dragon","Year":"2000","Rated":"PG-13","Released":"12 Jan 2001","Runtime":"120 min","Genre":"Action, Adventure, Drama","Director":"Ang Lee","Writer":"Hui-Ling Wang, James Schamus, Kuo Jung Tsai","Actors":"Chow Yun-Fat, Michelle Yeoh, Ziyi Zhang","Plot":"A young Chinese warrior steals a sword from a famed swordsman and then escapes into a world of romantic adventure with a mysterious man in the frontier of the nation.","Language":"Mandarin","Country":"Taiwan, China, Hong Kong, United States","Awards":"Won 4 Oscars. 102 wins & 132 nominations total","Poster":"https://m.media-amazon.com/images/M/MV5BMzRmMTU2OWEtZjI0Ni00MGRhLThjOTItZTJiNmM4MDk0ZWU2XkEyXkFqcGc@._V1_SX300.jpg","Ratings":[{"Source":"Internet Movie Database","Value":"7.9/10"},{"Source":"Rotten Tomatoes","Value":"98%"},{"Source":"Metacritic","Value":"94/100"}],"Metascore":"94","imdbRating":"7.9","imdbVotes":"292,081","imdbID":"tt0190332","Type":"movie","DVD":"N/A","BoxOffice":"$128,530,421","Production":"N/A","Website":"N/A","Response":"True"}