{"Title":"Mystic River","Year":"2003","Rated":"R","Released":"15 Oct 2003","Runtime":"138 min","Genre":"Crime, Drama, Mystery","Director":"Clint Eastwood","Writer":"Brian Helgeland, Dennis Lehane","Actors":"Sean Penn, Tim Robbins, Kevin Bacon","Plot":"The tragic murder of a 19-year-old girl reunites three childhood friends still living in Boston--the victim's gangster father, a detective, and the disturbed man they both suspect of killing her.","Language":"English","Country":"United States, Australia","Awards":"Won 2 Oscars. 57 wins & 144 nominations total","Poster":"https://m.media-amazon.com/images/M/MV5BMTIzNDUyMjA4MV5BMl5BanBnXkFtZTYwNDc4ODM3._V1_SX300.jpg","Ratings":[{"Source":"Internet Movie Database","Value":"7.9/10"},{"Source":"Rotten Tomatoes","Value":"89%"},{"Source":"Metacritic","Value":"84/100"}],"Metascore":"84","imdbRating":"7.9","imdbVotes":"515,917","imdbID":"tt0327056","Type":"movie","DVD":"N/A","BoxOffice":"$90,135,191","Production":"N/A","Website":"N/A","Response":"True"}