{"Title":"D","Year":"2005","Rated":"N/A","Released":"03 Jun 2005","Runtime":"107 min","Genre":"Crime, Drama, Thriller","Director":"Vishram Sawant","Writer":"Manish Gupta, Sarim Momin, Nitin Raikwar","Actors":"Randeep Hooda, Chunky Pandey, Rukhsar Rehman","Plot":"Deshu, a mechanic from Dubai, comes home to Mumbai, and gets embroiled in a crime by accident. The film shows his meteoric rise from common, law-abiding man to underworld kingpin.","Language":"Hindi","Country":"India","Awards":"N/A","Poster":"https://m.media-amazon.com/images/M/MV5BOGFlNzRhOTItZmE3Ni00ZDEwLTkwMWMtNjRjYzgzZTQ3MjM1XkEyXkFqcGc@._V1_SX300.jpg","Ratings":[{"Source":"Internet Movie Database","Value":"6.8/10"}],"Metascore":"N/A","imdbRating":"6.8","imdbVotes":"1,323","imdbID":"tt0454435","Type":"movie","DVD":"N/A","BoxOffice":"N/A","Production":"N/A","Website":"N/A","Response":"True"}