{"Title":"Go Figure","Year":"2005","Rated":"TV-G","Released":"10 Jun 2005","Runtime":"88 min","Genre":"Action, Comedy, Drama","Director":"Francine McDougall","Writer":"Patrick J. Clifton, Beth Rigazio","Actors":"Jordan Danger, Whitney Sloan, Cristine Rose","Plot":"A teenager who dreams of becoming a champion ice-skater discovers that a top Russian instructor is working at a nearby private school.","Language":"English","Country":"United States","Awards":"1 nomination","Poster":"https://m.media-amazon.com/images/M/MV5BNGE0MmRjY2MtYTliMy00NGZmLTkxYTYtZWE0MTVjZmVjMDE5XkEyXkFqcGc@._V1_SX300.jpg","Ratings":[{"Source":"Internet Movie Database","Value":"5.6/10"}],"Metascore":"N/A","imdbRating":"5.6","imdbVotes":"4,107","imdbID":"tt0447987","Type":"movie","DVD":"N/A","BoxOffice":"N/A","Production":"N/A","Website":"N/A","Response":"True"}