{"Title":"Prime","Year":"2005","Rated":"PG-13","Released":"28 Oct 2005","Runtime":"105 min","Genre":"Comedy, Drama, Romance","Director":"Ben Younger","Writer":"Ben Younger","Actors":"Uma Thurman, Meryl Streep, Bryan Greenberg","Plot":"A career driven professional from Manhattan is wooed by a young painter, who also happens to be the son of her psychoanalyst.","Language":"English","Country":"United States","Awards":"1 nomination total","Poster":"https://m.media-amazon.com/images/M/MV5BMTgxMDg4MjUyNV5BMl5BanBnXkFtZTYwMTgwNDU3._V1_SX300.jpg","Ratings":[{"Source":"Internet Movie Database","Value":"6.2/10"},{"Source":"Rotten Tomatoes","Value":"50%"},{"Source":"Metacritic","Value":"58/100"}],"Metascore":"58","imdbRating":"6.2","imdbVotes":"42,669","imdbID":"tt0387514","Type":"movie","DVD":"N/A","BoxOffice":"$22,827,153","Production":"N/A","Website":"N/A","Response":"True"}