{"Title":"Wanted","Year":"2008","Rated":"R","Released":"27 Jun 2008","Runtime":"110 min","Genre":"Action, Crime, Thriller","Director":"Timur Bekmambetov","Writer":"Michael Brandt, Derek Haas, Chris Morgan","Actors":"Angelina Jolie, James McAvoy, Morgan Freeman","Plot":"A frustrated office worker discovers that he is the son of a professional assassin, and that he shares his father's superhuman killing abilities.","Language":"English","Country":"United States, Germany, Russia","Awards":"Nominated for 2 Oscars. 4 wins & 28 nominations total","Poster":"https://m.media-amazon.com/images/M/MV5BMTQwNDM2MTMwMl5BMl5BanBnXkFtZTgwMjE4NjQxMTE@._V1_SX300.jpg","Ratings":[{"Source":"Internet Movie Database","Value":"6.7/10"},{"Source":"Rotten Tomatoes","Value":"71%"},{"Source":"Metacritic","Value":"64/100"}],"Metascore":"64","imdbRating":"6.7","imdbVotes":"425,023","imdbID":"tt0493464","Type":"movie","DVD":"N/A","BoxOffice":"$134,508,551","Production":"N/A","Website":"N/A","Response":"True"}