{"Title":"Kill Bill: Vol. 2","Year":"2004","Rated":"R","Released":"16 Apr 2004","Runtime":"137 min","Genre":"Action, Crime, Thriller","Director":"Quentin Tarantino","Writer":"Quentin Tarantino, Uma Thurman","Actors":"Vivica A. Fox, Ambrosia Kelley, Michael Parks","Plot":"The Bride continues her quest of vengeance against her former boss and lover Bill, the reclusive bouncer Budd, and the treacherous, one-eyed Elle.","Language":"English, Cantonese, Mandarin, Spanish","Country":"United States","Awards":"23 wins & 84 nominations total","Poster":"https://m.media-amazon.com/images/M/MV5BY2FiNzhiZTctNzU1Mi00NDkwLWExNDMtZTg0MjYyNzhkNWNkXkEyXkFqcGc@._V1_SX300.jpg","Ratings":[{"Source":"Internet Movie Database","Value":"8.0/10"},{"Source":"Rotten Tomatoes","Value":"84%"},{"Source":"Metacritic","Value":"83/100"}],"Metascore":"83","imdbRating":"8.0","imdbVotes":"852,073","imdbID":"tt0378194","Type":"movie","DVD":"N/A","BoxOffice":"$66,208,183","Production":"N/A","Website":"N/A","Response":"True"}