{"Title":"Star Wars: Episode III - Revenge of the Sith","Year":"2005","Rated":"PG-13","Released":"19 May 2005","Runtime":"140 min","Genre":"Action, Adventure, Fantasy","Director":"George Lucas","Writer":"George Lucas","Actors":"Hayden Christensen, Natalie Portman, Ewan McGregor","Plot":"As the Clone Wars nears its end, Obi-Wan Kenobi pursues a new threat, while Anakin Skywalker is lured by Chancellor Palpatine into a sinister plot for galactic domination.","Language":"English","Country":"United States, Italy, Switzerland, Thailand, United Kingdom","Awards":"Nominated for 1 Oscar. 29 wins & 64 nominations total","Poster":"https://m.media-amazon.com/images/M/MV5BNTc4MTc3NTQ5OF5BMl5BanBnXkFtZTcwOTg0NjI4NA@@._V1_SX300.jpg","Ratings":[{"Source":"Internet Movie Database","Value":"7.7/10"},{"Source":"Rotten Tomatoes","Value":"79%"},{"Source":"Metacritic","Value":"68/100"}],"Metascore":"68","imdbRating":"7.7","imdbVotes":"912,634","imdbID":"tt0121766","Type":"movie","DVD":"N/A","BoxOffice":"$414,378,291","Production":"N/A","Website":"N/A","Response":"True"}