{"Title":"The Lord of the Rings: The Two Towers","Year":"2002","Rated":"PG-13","Released":"18 Dec 2002","Runtime":"179 min","Genre":"Adventure, Drama, Fantasy","Director":"Peter Jackson","Writer":"J.R.R. Tolkien, Fran Walsh, Philippa Boyens","Actors":"Elijah Wood, Ian McKellen, Viggo Mortensen","Plot":"While Frodo and Sam edge closer to Mordor with the help of the shifty Gollum, the divided fellowship makes a stand against Sauron's new ally, Saruman, and his hordes of Isengard.","Language":"English, Sindarin, Old English","Country":"New Zealand, United States","Awards":"Won 2 Oscars. 132 wins & 139 nominations total","Poster":"https://m.media-amazon.com/images/M/MV5BMGQxMDdiOWUtYjc1Ni00YzM1LWE2NjMtZTg3Y2JkMjEzMTJjXkEyXkFqcGc@._V1_SX300.jpg","Ratings":[{"Source":"Internet Movie Database","Value":"8.8/10"},{"Source":"Rotten Tomatoes","Value":"95%"},{"Source":"Metacritic","Value":"87/100"}],"Metascore":"87","imdbRating":"8.8","imdbVotes":"1,924,755","imdbID":"tt0167261","Type":"movie","DVD":"N/A","BoxOffice":"$345,518,923","Production":"N/A","Website":"N/A","Response":"True"}