{"Title":"V for Vendetta","Year":"2005","Rated":"R","Released":"17 Mar 2006","Runtime":"132 min","Genre":"Action, Drama, Sci-Fi","Director":"James McTeigue","Writer":"Lilly Wachowski, Lana Wachowski, David Lloyd","Actors":"Hugo Weaving, Natalie Portman, Rupert Graves","Plot":"In a future British dystopian society, a shadowy freedom fighter, known only by the alias of \"V\", plots to overthrow the tyrannical government - with the help of a young woman.","Language":"English, French, Latin, Spanish","Country":"United States, United Kingdom, Germany","Awards":"7 wins & 29 nominations total","Poster":"https://m.media-amazon.com/images/M/MV5BOTI5ODc3NzExNV5BMl5BanBnXkFtZTcwNzYxNzQzMw@@._V1_SX300.jpg","Ratings":[{"Source":"Internet Movie Database","Value":"8.1/10"},{"Source":"Rotten Tomatoes","Value":"73%"},{"Source":"Metacritic","Value":"62/100"}],"Metascore":"62","imdbRating":"8.1","imdbVotes":"1,238,329","imdbID":"tt0434409","Type":"movie","DVD":"N/A","BoxOffice":"$70,511,035","Production":"N/A","Website":"N/A","Response":"True"}