{"Title":"Madagascar: Escape 2 Africa","Year":"2008","Rated":"PG","Released":"07 Nov 2008","Runtime":"89 min","Genre":"Animation, Adventure, Comedy","Director":"Eric Darnell, Tom McGrath","Writer":"Etan Cohen, Eric Darnell, Tom McGrath","Actors":"Ben Stiller, Chris Rock, David Schwimmer","Plot":"The Madagascar animals fly back to New York City, but crash-land on an African nature reserve in Kenya, where they meet others of their own kind, and Alex especially discovers his royal heritage as prince of a lion pride.","Language":"English","Country":"United States","Awards":"4 wins & 11 nominations total","Poster":"https://m.media-amazon.com/images/M/MV5BMjExMDA4NDcwMl5BMl5BanBnXkFtZTcwODAxNTQ3MQ@@._V1_SX300.jpg","Ratings":[{"Source":"Internet Movie Database","Value":"6.7/10"},{"Source":"Rotten Tomatoes","Value":"64%"},{"Source":"Metacritic","Value":"61/100"}],"Metascore":"61","imdbRating":"6.7","imdbVotes":"266,868","imdbID":"tt0479952","Type":"movie","DVD":"N/A","BoxOffice":"$180,010,950","Production":"N/A","Website":"N/A","Response":"True"}