{"Title":"Saw III","Year":"2006","Rated":"R","Released":"27 Oct 2006","Runtime":"108 min","Genre":"Horror, Mystery, Thriller","Director":"Darren Lynn Bousman","Writer":"Leigh Whannell, James Wan","Actors":"Tobin Bell, Shawnee Smith, Angus Macfadyen","Plot":"Jigsaw abducts a doctor in order to keep himself alive while he watches his new apprentice put an unlucky citizen named Jeff through a brutal test.","Language":"English","Country":"Canada, United States","Awards":"1 win & 9 nominations total","Poster":"https://m.media-amazon.com/images/M/MV5BODQ4YTAwZTItZGFjZi00YjNiLTllYzUtYWY3OWM2OTQzODVkXkEyXkFqcGc@._V1_SX300.jpg","Ratings":[{"Source":"Internet Movie Database","Value":"6.2/10"},{"Source":"Rotten Tomatoes","Value":"28%"},{"Source":"Metacritic","Value":"48/100"}],"Metascore":"48","imdbRating":"6.2","imdbVotes":"225,770","imdbID":"tt0489270","Type":"movie","DVD":"N/A","BoxOffice":"$80,238,724","Production":"N/A","Website":"N/A","Response":"True"}